Date,Volume,regime_gap_3d_7d,days_to_holiday_x_dow,vol_diff_1,dow_weekly_share,Volume_lag7,week_vol_cumsum,last_week_avg,lag7_x_dow_share,nearest_holiday_aligned_lag,log_Volume_lag7,month,doy_cos,dow_sin,dow_x_month,days_to_holiday,nearest_holiday_expected_vol,holiday_decay_shape,holiday_expected_x_dow,anchor_accel_adjusted,pre_holiday_regime,holiday_expected_vs_normal,same_dow_acceleration,dayofweek,prior_7d_total,holiday_asymmetry,week_accel_ratio,week_progress_vs_4w_avg,vol_same_dow_trimmed_8w,holiday_regime_strength,lag365_residual_anchor,Volume_lag3,lag365_error_7d,first_half_week_strength,vol_same_dow_median_8w
2022-01-08,1450135,,45,-25887.0,,1616850.0,8158718.0,,,,14.295990988364256,1,0.9905453876091833,-0.9749279121818236,5,9,,,,,,,,5,11801744.0,-7.0,,,,,,1501170.0,,,
2022-01-09,1706857,,48,-67963.0,,2026176.0,9608853.0,,,,14.521661324239291,1,0.988039023376751,-0.7818314824680299,6,8,,,,,,,,6,11635029.0,-7.0,5.942946469987939,5.942946469987939,,,,1543985.0,,,
2022-01-10,1453110,,0,256722.0,,1921966.0,0.0,1616530.0,,,14.468859698749991,1,0.985240282501282,0.0,0,7,,,,,,,,0,11315710.0,-7.0,5.942946469987939,5.942946469987939,,,,1518098.0,,,
2022-01-11,1129725,,6,-253747.0,,1673499.0,1453110.0,1616530.0,,,14.330427799633519,1,0.9821499931752291,0.7818314824680298,1,6,,,,,,,,1,10846854.0,-7.0,0.7560539572500242,0.7560539572500242,,,,1450135.0,,,
2022-01-12,1234827,,10,-323385.0,,1501170.0,2582835.0,1616530.0,,,14.22175602817738,1,0.9787690698649216,0.9749279121818236,2,5,,,,,,,,2,10303080.0,-7.0,0.7183590995879532,0.7183590995879532,,,,1706857.0,,,
2022-01-13,1543648,,12,105102.0,,1543985.0,3817662.0,1616530.0,,,14.249877942168236,1,0.975098513039961,0.43388373911755823,3,4,,,,,,,,3,10036737.0,-7.0,0.7490554061650481,0.7490554061650481,,,,1453110.0,,,
2022-01-14,1741376,,12,308821.0,,1518098.0,5361310.0,1616530.0,,,14.232969452202456,1,0.9711394088771653,-0.433883739117558,4,3,,,,,,,,4,10036400.0,-7.0,0.8073508196523819,0.8073508196523819,,,,1129725.0,,,
2022-01-15,1421612,,10,197728.0,,1450135.0,7102686.0,1616530.0,,,14.187167903101907,1,0.9668929289391521,-0.9749279121818236,5,2,,,,,,,,5,10259678.0,-7.0,0.8705639783112984,0.8705639783112984,,,,1234827.0,,,
2022-01-16,1438492,,6,-319764.0,,1706857.0,8524298.0,1616530.0,,,14.350164811438795,1,0.9623603298276545,-0.7818314824680299,6,1,,,,,,,,6,10231155.0,-7.0,0.887129608497497,1.5187107658201897,,,,1543648.0,,,
2022-01-17,1704328,,0,16880.0,,1453110.0,0.0,1423255.7142857143,,,14.189217333302844,1,0.9575429528116719,0.0,0,0,,,,,,,,0,9962790.0,-7.0,0.887129608497497,1.5187107658201897,,,,1741376.0,,,
2022-01-18,1301256,,1,265836.0,,1129725.0,1704328.0,1423255.7142857143,,,13.937485683409903,1,0.9524422234305676,0.7818314824680298,1,1,,,,,,,,1,10214008.0,-5.0,1.1728829888996704,1.0099494055837557,,,,1421612.0,,,
2022-01-19,1201589,,4,-403072.0,,1234827.0,3005584.0,1423255.7142857143,,,14.026442247090012,1,0.9470596510722283,0.9749279121818236,2,2,,,,,,,,2,10385539.0,-3.0,1.1636763478890444,0.9729485457164592,,,,1438492.0,,,
2022-01-20,1470973,,9,-99667.0,,1543648.0,4207173.0,1423255.7142857143,,,14.249659652116895,1,0.9413968285264122,0.43388373911755823,3,3,,,,,,,,3,10352301.0,-1.0,1.1020286761897726,0.9439158242091328,,,,1704328.0,,,
2022-01-21,1514895,,16,269384.0,,1741376.0,5678146.0,1423255.7142857143,,,14.370186737525561,1,0.9354554315134164,-0.433883739117558,4,4,,,,,,,,4,10279626.0,1.0,1.0590967506075941,0.94620548528445,,,,1301256.0,,,
2022-01-22,1246901,,25,43922.0,,1421612.0,7193041.0,1423255.7142857143,,,14.167302700406541,1,0.9292372181882051,-0.9749279121818236,5,5,,,,,,,138192.0,5,10053145.0,3.0,1.0127212437660909,0.9426447265271268,,,,1201589.0,,,
2022-01-23,1649090,,36,-267994.0,,1438492.0,8439942.0,1423255.7142857143,,,14.179106595781851,1,0.9227440286201427,-0.7818314824680299,6,6,,,,,,,50954.0,6,9878434.0,5.0,0.9901040531431444,1.282016441416889,,,,1470973.0,,,
2022-01-24,1399342,,0,402189.0,,1704328.0,0.0,1441290.2857142857,,,14.348682042852168,1,0.9159777842484877,0.0,0,7,,,,,,,720074.0,0,10089032.0,7.0,0.9901040531431444,1.282016441416889,,,,1514895.0,,,
2022-01-25,1063856,,8,-249748.0,,1301256.0,1399342.0,1441290.2857142857,,,14.07884127833969,1,0.908940487313808,0.7818314824680298,1,8,,,,,,,715305.0,1,9784046.0,7.0,0.8210520510136546,0.8264800358467252,,,,1246901.0,,,
2022-01-26,1200998,,18,-335486.0,,1201589.0,2463198.0,1441290.2857142857,,,13.99915623772036,1,0.901634220265486,0.9749279121818236,2,9,,,,,,,233105.0,2,9546646.0,7.0,0.8195405618342392,0.8046262343905912,,,,1649090.0,,,
2022-01-27,1560893,,30,137142.0,,1470973.0,3664196.0,1441290.2857142857,,,14.201435324376384,1,0.8940611451454876,0.43388373911755823,3,10,,,,,,,-72338.0,3,9546055.0,7.0,0.870940177644228,0.8377558307110409,,,,1399342.0,,,
2022-01-28,1634225,,44,359895.0,,1514895.0,5225089.0,1441290.2857142857,,,14.230857347704616,1,0.88622350294858,-0.433883739117558,4,11,,,,,,,-449759.0,4,9635975.0,7.0,0.9202103996621432,0.8866063132307802,,,,1063856.0,,,
2022-01-29,1070815,,60,73332.0,0.13147809278947126,1246901.0,6859314.0,1441290.2857142857,163940.1653772845,,14.036172632961256,1,0.8781236129591848,-0.9749279121818236,5,12,,,,,,,-146188.0,5,9755305.0,7.0,0.9536041849337435,0.9164306666230227,,,,1200998.0,,,
2022-01-30,1716055,,78,-563410.0,0.1528932618884741,1649090.0,7930129.0,1441290.2857142857,252134.74924766377,,14.315734784979684,1,0.8697638720650646,-0.7818314824680299,6,13,,,,,,,478963.0,6,9579219.0,7.0,0.9395952010096752,1.1252422894221532,,,,1560893.0,,,
2022-01-31,1539356,,0,645240.0,0.15742469122387587,1399342.0,0.0,1378026.2857142857,220290.9822666009,,14.151513398722198,1,0.8611467540480452,0.0,0,14,,,,,,,-556204.0,0,9646184.0,7.0,0.9395952010096752,1.1252422894221532,,,,1634225.0,,,
2022-02-01,1203689,,15,-176699.0,0.12513778385208163,1063856.0,1539356.0,1378026.2857142857,133128.58217774014,,13.8774115413552,2,0.8522748088519838,0.7818314824680298,2,15,,,,,,,-408931.0,1,9786198.0,7.0,1.1000570268025973,0.9504036737973676,,,,1070815.0,,,
2022-02-02,1196728,,32,-335667.0,0.12505247232521766,1200998.0,2743045.0,1378026.2857142857,150187.76915764174,,13.998664268422306,2,0.8431506618282,0.9749279121818236,4,16,,,,,,,32647.0,2,9926031.0,7.0,1.1136112484664245,0.9420539839935874,,,,1716055.0,,,
2022-02-03,1342502,,51,-6961.0,0.1497503148504412,1560893.0,3939773.0,1378026.2857142857,233744.21819784972,,14.260769292002927,2,0.8337770129585915,0.43388373911755823,6,17,,,,,,,162595.0,3,9921761.0,7.0,1.0752080401812567,0.938842224073802,,,,1539356.0,,,
2022-02-04,1583678,,68,145774.0,0.15712895549661018,1634225.0,5282275.0,1378026.2857142857,256784.06729644779,,14.30667985573153,2,0.8241566360566663,-0.433883739117558,8,17,,,,,,,345811.0,4,9703370.0,6.0,1.0109445025721093,0.9224600652298292,,,,1203689.0,,,
2022-02-05,1399603,,80,241176.0,0.12636086521491138,1070815.0,6865953.0,1378026.2857142857,135309.10988510534,,13.883931532616067,2,0.8142923779467267,-0.9749279121818236,10,16,,,,,,,-1375.0,5,9652823.0,4.0,1.0009678810446643,0.9368915122758565,,,,1196728.0,,,
2022-02-06,1786681,,90,-184075.0,0.15914491703686207,1716055.0,8265556.0,1378026.2857142857,273101.4306056923,,14.3555391925302,2,0.804187157621448,-0.7818314824680299,12,15,,,,,,,-143633.0,6,9981611.0,2.0,1.0422977986865032,0.9582358424381352,,,,1342502.0,,,
2022-02-07,1592651,0.0,0,387078.0,0.15324626977152192,1539356.0,0.0,1436033.857142857,235900.56485041088,,14.246875354731328,2,0.7938439653781019,0.0,0,14,,,,,0.0,,445000.0,0,10052237.0,0.0,1.0422977986865032,0.9582358424381352,,,,1583678.0,,,
2022-02-08,1239137,-0.025544332087607646,13,-194030.0,0.11810072096131115,1203689.0,1592651.0,1436033.857142857,142156.53871319967,,14.000902396615446,2,0.7832658619336791,0.7818314824680298,2,13,,,,,0.0,,377233.0,1,10105532.0,-2.0,1.0346216209895567,1.0450232737589844,,,,1399603.0,,,
2022-02-09,1390835,0.04894849914050248,24,-353514.0,0.12164958410914908,1196728.0,2831788.0,1436033.857142857,145581.46349177376,,13.99510255957625,2,0.7724559775191742,0.9749279121818236,4,12,,,,,0.0,,-3679.0,2,10140980.0,-4.0,1.0323520029747963,1.0493290109500417,,,,1786681.0,,,
2022-02-10,1786323,0.010387310012716533,33,151698.0,0.14902691913591243,1342502.0,4222623.0,1436033.857142857,200068.93699380071,,14.110046339999531,2,0.7614175109532997,0.43388373911755823,6,11,,,,,0.0,,-308311.0,3,10335087.0,-6.0,1.0717934764261798,1.080728378191959,,,,1592651.0,,1.0187053215133344,
2022-02-11,1918436,-0.04434879294913929,40,395488.0,0.16297555378463668,1583678.0,6008946.0,1436033.857142857,258100.79906654585,,14.275261179304763,2,0.7501537286959042,-0.433883739117558,8,10,,,,,0.0,,-169877.0,4,10778908.0,-7.0,1.1375678093245807,1.1155142150906723,,,,1239137.0,,1.0187053215133344,
2022-02-12,1538874,0.06304787885403473,45,132113.0,0.12913102108344457,1399603.0,7927382.0,1436033.857142857,180732.16450145227,,14.151699897431003,2,0.7386679638813748,-0.9749279121818236,10,9,,,,,0.0,,504874.0,5,11113666.0,-7.0,1.154593106011649,1.1316346593557673,,,,1390835.0,,1.0187053215133344,
2022-02-13,1821279,0.03987062376546402,48,-379562.0,0.16586993115402418,1786681.0,9466256.0,1436033.857142857,296356.65446420305,,14.3958708264316,2,0.726963615332308,-0.7818314824680299,12,8,,,,,0.0,,3661.0,6,11252937.0,-7.0,1.1452654848627244,1.1418911230951216,,,,1786323.0,,1.0187053215133344,
2022-02-14,1737532,0.043101432981754284,0,282405.0,0.1520573922054413,1592651.0,0.0,1612505.0,242174.35775338826,,14.280911109283375,2,0.7150441465537444,0.0,0,7,,,,,1.101615633248112,,-86719.0,0,11287535.0,-7.0,1.1452654848627244,1.1418911230951216,,,,1918436.0,,1.0187053215133344,
2022-02-15,1541222,0.014958985045925077,6,-83747.0,0.1171969204777793,1239137.0,1737532.0,1612505.0,145223.040450074,,14.02992653455425,2,0.7029130847082615,0.7818314824680298,2,6,,,,,1.1187588982276842,,-104385.0,1,11432416.0,-7.0,1.090968454482495,1.1145747286140704,,,,1538874.0,,1.0187053215133344,
2022-02-16,1670550,0.08451169320407637,10,-196310.0,0.12146827668702403,1390835.0,3278754.0,1612505.0,168942.33060599706,,14.145415563163937,2,0.6905740195722294,0.9749279121818236,4,5,,,,,1.1500342412579647,,198377.0,2,11734501.0,-7.0,1.1578387930169913,1.1875654846714594,,,,1821279.0,,1.0187053215133344,
2022-02-17,1986581,0.045075510689607245,12,129328.0,0.14985564832467965,1786323.0,4949304.0,1612505.0,267690.59128228674,,14.395670434939845,2,0.6780306024735382,0.43388373911755823,6,4,,,,,1.171727285275203,,662212.0,3,12014216.0,-7.0,1.1720923227103153,1.234720354202522,,,,1737532.0,,1.1903058441974368,
2022-02-18,2244042,-0.022768484375233156,12,316031.0,0.16176870236311072,1918436.0,6935885.0,1612505.0,310342.9022866767,,14.467021349975152,2,0.6652865452111116,-0.433883739117558,8,3,,,,,0.0,,385305.0,4,12214474.0,-7.0,1.1542598319239348,1.2500211764595628,,,,1541222.0,,1.1903058441974368,
2022-02-19,1826833,0.08569929166068957,10,257461.0,0.12754146405856384,1538874.0,9179927.0,1612505.0,196270.24296165837,,14.246562187949916,2,0.6523456189565257,-0.9749279121818236,10,2,,,,,0.0,,-189517.0,5,12540080.0,-7.0,1.1580023518483151,1.272970346696508,,,,1670550.0,,1.1903058441974368,
2022-02-20,2068827,0.0527699457546138,6,-417209.0,0.17011159588340113,1821279.0,11006760.0,1612505.0,309820.67723892495,,14.415050108559043,2,0.6392116531380588,-0.7818314824680299,12,1,,,,,0.0,,-36028.0,6,12828039.0,-7.0,1.162736355323583,1.2910442511341675,,,,1986581.0,,1.1903058441974368,
2022-02-21,2222002,0.057377058770204714,0,241994.0,0.1430461116433941,1737532.0,0.0,1867941.0,248547.19645596982,,14.367976849046478,2,0.6258885343075018,0.0,0,0,,,,,0.0,,91586.0,0,13075587.0,-7.0,1.162736355323583,1.2910442511341675,,,,2244042.0,,1.1903058441974368,
2022-02-22,1785417,0.03943377231909162,1,153175.0,0.11442014708062363,1541222.0,2222002.0,1867941.0,176346.84792389293,,14.24808681505907,2,0.612380204990065,0.7818314824680298,2,1,,,,,0.0,,266637.0,1,13560057.0,-5.0,1.2788265194540303,1.4177981684450542,,,,1826833.0,,1.1903058441974368,
2022-02-23,1755527,0.0775688220045947,4,-436585.0,0.12363388986961107,1670550.0,4007419.0,1867941.0,206536.5947216788,,14.328664070094426,2,0.5986906625177214,0.9749279121818236,4,2,,,,,0.0,,85608.0,2,13804252.0,-3.0,1.2222383868994136,1.4164514038218452,,,,2068827.0,,1.1903058441974368,
2022-02-24,1988432,0.05056643544641615,9,-29890.0,0.15138847834934158,1986581.0,5762946.0,1867941.0,300745.47470771335,,14.501926132015608,2,0.5848239578463322,0.43388373911755823,6,3,,,,,0.0,,-243563.0,3,13889229.0,-1.0,1.1643952361786627,1.3741015084976682,,,,2222002.0,,1.3493035473425987,
2022-02-25,2104233,-0.1259801982501325,16,232905.0,0.167135723744915,2244042.0,7751378.0,1867941.0,375059.58378398657,,14.62378970765147,2,0.5707841943569036,-0.433883739117558,8,4,,,,,0.0,,-9152.0,4,13891080.0,1.0,1.1175759113653125,1.322072923238102,,,,1785417.0,,1.3493035473425987,
2022-02-26,1842536,-0.06194740619340444,25,115801.0,0.13157234231289605,1826833.0,9855611.0,1867941.0,240360.69682449484,,14.418094971899945,2,0.5565755266413303,-0.9749279121818236,10,5,,,,,0.0,,148688.0,5,13751271.0,3.0,1.0736045068767976,1.2785971564620484,1445662.5,,,1755527.0,,1.3493035473425987,1435873.5
2022-02-27,2150118,-0.07858649728167277,36,-261697.0,0.16880330699921858,2068827.0,11698147.0,1867941.0,349224.8392092724,,14.542492821324227,2,0.5422021592729844,-0.7818314824680299,12,6,,,,,0.0,,212950.0,6,13766974.0,5.0,1.0628147611104448,1.276090691077385,1784356.3333333333,,,1988432.0,,1.3493035473425987,1751368.0
2022-02-28,1984773,-0.03656337466185278,0,307582.0,0.14689275127678508,2222002.0,0.0,1978323.5714285714,326395.987122519,,14.613919599315814,2,0.527668345562516,0.0,0,7,,,,,0.0,,339589.0,0,13848265.0,7.0,1.0628147611104448,1.276090691077385,1658157.1666666667,,,2104233.0,,1.3493035473425987,1648489.5
2022-03-01,1638699,-0.002192432020787116,8,-165345.0,0.11907998913407655,1785417.0,1984773.0,1978323.5714285714,212607.43695979557,,14.39516311945097,3,0.512978386299228,0.7818314824680298,3,8,,,,,0.0,,-57890.0,1,13611036.0,7.0,0.8932363697242397,1.1195157723828997,1348088.0,,,1842536.0,,1.3493035473425987,1270196.5
2022-03-02,1740923,0.066031131425621,18,-346074.0,0.12419982657019196,1755527.0,3623472.0,1978323.5714285714,218036.1489392894,,14.378280224335258,3,0.4981366284784055,0.9749279121818236,6,9,,,,,0.0,,-194738.0,2,13464318.0,7.0,0.9041909518320894,1.1269637849480827,1366661.5,,,2150118.0,,1.3493035473425987,1312831.0
2022-03-03,2053525,0.0003904400622765092,30,102224.0,0.1468316100422977,1988432.0,5364395.0,1978323.5714285714,291964.6720196261,,14.502857449323237,3,0.4831474640149687,0.43388373911755823,9,10,,,,,0.0,,-198407.0,3,13449714.0,7.0,0.930842489240746,1.1368467519867658,1648733.8333333333,,,1984773.0,,1.2034432003847864,1552439.0
2022-03-04,2139036,-0.10045649907635013,44,312602.0,0.1627688437804636,2104233.0,7417920.0,1978323.5714285714,342503.5724546963,,14.559462063385654,3,0.4680153284438345,-0.433883739117558,12,11,,,,,0.0,,-465415.0,4,13514807.0,7.0,0.9569808103797802,1.1421636458848021,1750007.6666666667,,,1638699.0,,1.2034432003847864,1687800.5
2022-03-05,1831741,-0.011110591141633375,60,85511.0,0.13708298612690564,1842536.0,9556956.0,1978323.5714285714,252580.3369263242,,14.426653984255125,3,0.45274469960737107,-0.9749279121818236,15,12,,,,,0.0,,-272256.0,5,13549610.0,7.0,0.9696969573981765,1.1300353990509824,1480659.6666666667,,,1740923.0,,1.2034432003847864,1435873.5
2022-03-06,2184096,-0.022141880898719934,78,-307295.0,0.16314399306927946,2150118.0,11388697.0,1978323.5714285714,350778.836090133,,14.581033747409364,3,0.4373400963303323,-0.7818314824680299,18,13,,,,,0.0,,-166257.0,6,13538815.0,7.0,0.973547092543802,1.126569838665694,1791464.8333333333,,,2053525.0,,1.2034432003847864,1751368.0
2022-03-07,2019553,0.015596596422069231,0,352355.0,0.14516676744604662,1984773.0,0.0,1938970.4285714286,288123.0805241923,,14.501015611717298,3,0.4218060770826634,0.0,0,14,,,,,0.0,,-721699.0,0,13572793.0,7.0,0.973547092543802,1.126569838665694,1668625.0,,,2139036.0,,1.2034432003847864,1648489.5
2022-03-08,1657723,0.019878777331900688,15,-164543.0,0.11932766599897766,1638699.0,2019553.0,1938970.4285714286,195542.1269448587,,14.309413802534316,3,0.40614723863057883,0.7818314824680298,3,15,,,,,0.0,,-390913.0,1,13607573.0,7.0,1.0175234145164207,1.0718133230940121,1342288.0,,,1831741.0,,1.2034432003847864,1270196.5
2022-03-09,1850986,0.07240136928589602,32,-361830.0,0.12650350848961192,1740923.0,3677276.0,1938970.4285714286,220232.86751026066,,14.369926564724556,3,0.3903682146763026,0.9749279121818236,6,16,,,,,0.0,,-99581.0,2,13626597.0,7.0,1.014848741759285,1.070419948196087,1406620.3333333333,,,2184096.0,,1.2034432003847864,1312831.0
2022-03-10,2185904,0.009340190466381681,51,193263.0,0.1512677590418094,2053525.0,5528262.0,1938970.4285714286,310632.1248863316,,14.535068873608555,3,0.374473674486883,0.43388373911755823,9,17,,,,,0.0,,63242.0,3,13736660.0,7.0,1.0305471539661042,1.0893519904264528,1722808.3333333333,,,2019553.0,,1.2127900876903277,1673608.0
2022-03-11,2299583,-0.07929496363556376,72,334918.0,0.16278196916882734,2139036.0,7714166.0,1938970.4285714286,348196.49220301176,,14.575866285717648,3,0.35846832151248087,-0.433883739117558,12,18,,,,,0.0,,174612.0,4,13869039.0,7.0,1.039936532073681,1.0975500610387041,1853497.3333333333,,,1657723.0,,1.2127900876903277,1829906.0
2022-03-12,1998129,0.027305233362736825,95,113679.0,0.13601394430285327,1831741.0,10013749.0,1938970.4285714286,249142.31835125276,,14.420777984604458,3,0.342356891994542,-0.9749279121818236,15,19,,,,,0.0,,-26498.0,5,14029586.0,7.0,1.0477969135779217,1.0967998905582264,1544260.6666666667,,,1850986.0,,1.2127900876903277,1480243.0
2022-03-13,2293374,0.012938959317461807,120,-301454.0,0.15893838555187378,2184096.0,12011878.0,1938970.4285714286,347136.69213030534,,14.596713028780078,3,0.3261441535642696,-0.7818314824680299,18,20,,,,,0.0,,-47313.0,6,14195974.0,7.0,1.0547192536600105,1.1030226451600167,1865341.6666666667,,,2185904.0,,1.2127900876903277,1803980.0
2022-03-14,2203639,0.04211731881777259,0,295245.0,0.1451861227269894,2019553.0,0.0,2043607.4285714286,293211.06971165957,,14.51838725292002,3,0.3098349038318025,0.0,0,21,,,,,0.0,,272009.0,0,14305252.0,7.0,1.0547192536600105,1.1030226451600167,1763032.1666666667,,,2299583.0,,1.2127900876903277,1720930.0
2022-03-15,1870647,0.040684358764806694,22,-89735.0,0.1208533875466867,1657723.0,2203639.0,2043607.4285714286,200341.4401640561,,14.320956135199207,3,0.2934339689665273,0.7818314824680298,3,22,,,,,0.0,,165742.0,1,14489338.0,7.0,1.0911518539003433,1.10681955735033,1430287.6666666667,,,1998129.0,,1.2127900876903277,1421239.0
2022-03-16,2000210,0.08856056846068827,46,-332992.0,0.1280468566645607,1850986.0,4074286.0,2043607.4285714286,237012.93903010854,,14.431229568300285,3,0.27694620226893646,0.9749279121818236,6,23,,,,,0.0,,124667.0,2,14702262.0,7.0,1.1079630683146982,1.1172435910223961,1493403.6666666667,,,2293374.0,,1.2127900876903277,1530692.5
2022-03-17,2231375,0.027536759074278105,72,129563.0,0.14990477035678562,2185904.0,6074496.0,2043607.4285714286,327677.4371419791,,14.597540488402824,3,0.2603764827344581,0.43388373911755823,9,24,,,,,0.0,,67286.0,3,14851486.0,7.0,1.0988075456626332,1.1246511729950979,1807787.8333333333,,,2203639.0,,1.304856839528323,1886452.0
2022-03-18,2319876,-0.08980160003363946,100,231165.0,0.16047956420536344,2299583.0,8305871.0,2043607.4285714286,369036.07769406226,,14.648238794975288,3,0.24372971360968387,-0.433883739117558,12,25,,,,,0.0,,125744.0,4,14896957.0,7.0,1.0767036903276388,1.114158595481075,1937275.0,,,1870647.0,,1.304856839528323,2011334.5
2022-03-19,2108715,-0.01536251180656345,130,88501.0,0.13684996214295642,1998129.0,10625747.0,2043607.4285714286,273443.8780067434,,14.507722301139061,3,0.22701082094141847,-0.9749279121818236,15,26,,,,,0.0,,177183.0,5,14917250.0,7.0,1.06111577192518,1.1009356181071543,1614414.6666666667,,,2000210.0,,1.304856839528323,1682853.5
2022-03-20,2379182,-0.031270128709687706,162,-211161.0,0.1586793363566577,2293374.0,12734462.0,2043607.4285714286,363911.0643376135,,14.64553508968102,3,0.2102247521189836,-0.7818314824680299,18,27,,,,,0.0,,75300.0,6,15027836.0,7.0,1.0601557891280613,1.1048110938304474,1954509.3333333333,,,2231375.0,,1.304856839528323,1945053.0
2022-03-21,2177240,0.00939082124379409,0,270467.0,0.14841635800801817,2203639.0,0.0,2159092.0,327056.0747444311,,14.605621096530673,3,0.19337647441020586,0.0,0,27,,,,,0.0,,149306.0,0,15113644.0,6.0,1.0601557891280613,1.1048110938304474,1846250.6666666667,,,2319876.0,,1.304856839528323,1861152.5
2022-03-22,1859077,0.02052556643078507,26,-201942.0,0.12232885604292236,1870647.0,2177240.0,2159092.0,228834.1075701246,,14.441795452869343,3,0.17647097349152166,0.7818314824680298,3,26,,,,,0.0,,193900.0,1,15087245.0,4.0,0.9880202701077626,1.0330953845964046,1510981.1666666667,,,2108715.0,,1.304856839528323,1589960.5
2022-03-23,1971979,0.06340596739731641,50,-318163.0,0.12919277175035854,2000210.0,4036317.0,2159092.0,258412.67398278465,,14.508763232959486,3,0.15951325197263655,0.9749279121818236,6,25,,,,,0.0,,39161.0,2,15075675.0,2.0,0.9906808211303773,1.0495899451147357,1601636.5,,,2379182.0,,1.304856839528323,1705736.5
2022-03-24,2255090,-0.004240474897720503,72,112902.0,0.14883207899362827,2231375.0,6008296.0,2159092.0,332100.1802644073,,14.618128993503918,3,0.14250832791617088,0.43388373911755823,9,24,,,,,0.0,,-86908.0,3,15047444.0,0.0,0.9891019765261184,1.05732861084327,1926943.0,,,2177240.0,,1.2558320261103209,1987506.5
2022-03-25,2304825,-0.1046458004572639,92,283111.0,0.1559482469489369,2319876.0,8263386.0,2159092.0,361780.595338912,,14.65702472499565,3,0.12546123335273648,-0.433883739117558,12,23,,,,,0.0,,-140254.0,4,15071159.0,-2.0,0.9948849434333858,1.0597707197027446,2056592.5,,,1859077.0,,1.2558320261103209,2121634.5
2022-03-26,2022231,-0.028119464379201986,110,49735.0,0.1368026273427574,2108715.0,10568211.0,2159092.0,288477.75231708266,,14.561589789416542,3,0.10837701279187609,-0.9749279121818236,15,22,,,,,0.0,,-55802.0,5,15056108.0,-4.0,0.9945852277491644,1.0554473561074744,1739619.3333333333,,,1971979.0,,1.2558320261103209,1829287.0
2022-03-27,2313481,-0.03720413127559863,126,-282594.0,0.15847906091337832,2379182.0,12590442.0,2159092.0,377050.5291020133,,14.68226770940359,3,0.09126072172931188,-0.7818314824680299,18,21,,,,,0.0,,-23470.0,6,14969624.0,-6.0,0.9886905312529104,1.0528625483095584,2050729.1666666667,,,2255090.0,,1.2558320261103209,2109472.5
2022-03-28,2141002,-0.0007420486400289139,0,291250.0,0.1448242504792483,2177240.0,0.0,2129131.8571428573,315317.15111343854,,14.593569036891603,3,0.07411742515094437,0.0,0,20,,,,,0.0,,-210485.0,0,14903923.0,-7.0,0.9886905312529104,1.0528625483095584,1952564.6666666667,,,2304825.0,,1.2558320261103209,2002163.0
2022-03-29,1747597,0.007738440071782371,19,-172479.0,0.12128143128971079,1859077.0,2141002.0,2129131.8571428573,225471.51943778168,,14.435591223865325,3,0.056952196034039754,0.7818314824680298,3,19,,,,,0.0,,-224494.0,1,14867685.0,-7.0,0.9833559919898587,1.0213236289393044,1620212.5,,,2022231.0,,1.2558320261103209,1648211.0
2022-03-30,1887509,0.04727664384918828,36,-393405.0,0.13057877551412034,1971979.0,3888599.0,2129131.8571428573,257498.6031595595,,14.494548672105457,3,0.03977011384605572,0.9749279121818236,6,18,,,,,0.0,,-177455.0,2,14756205.0,-7.0,0.9634027753518863,1.009281794957496,1730133.3333333333,,,2313481.0,,1.2558320261103209,1748225.0
2022-03-31,2219675,-0.020303028660169975,51,139912.0,0.1507624288971719,2255090.0,5776108.0,2129131.8571428573,339982.8457817234,,14.628700884871868,3,0.022576263041545485,0.43388373911755823,9,17,,,,,0.0,,-21756.0,3,14671735.0,-7.0,0.9613554325552536,1.0056139490462188,2038690.0,,,2141002.0,,1.1820993676538112,2020978.5
2022-04-01,2287653,-0.11088783085829723,64,332166.0,0.15662232442632468,2304825.0,7995783.0,2129131.8571428573,360987.04889590375,,14.650515743494104,4,0.005375731557583884,-0.433883739117558,16,16,,,,,0.0,,-35344.0,4,14636320.0,-7.0,0.96761581753533,1.0088888663171147,2168359.1666666665,,,1747597.0,,1.1820993676538112,2191539.0
2022-04-02,1922516,-0.015201778786017028,75,67978.0,0.13746080719782025,2022231.0,10283436.0,2129131.8571428573,277977.5056004552,,14.519712409863951,4,-0.011826390691832589,-0.9749279121818236,20,15,,,,,0.0,,-197070.0,5,14619148.0,-7.0,0.9730536227938674,1.0090539445892144,1843390.6666666667,,,1887509.0,,1.1820993676538112,1837138.5
2022-04-03,2206569,-0.023442809276867704,84,-365137.0,0.15846998219560376,2313481.0,12205952.0,2129131.8571428573,366617.2928798676,,14.654264306879645,4,-0.029025013321975237,-0.7818314824680299,24,14,,,,,0.0,,-151509.0,6,14519433.0,-7.0,0.9694617551949328,1.002018020182008,2138529.1666666665,,,2219675.0,,1.1820993676538112,2167107.0
2022-04-04,2141153,0.003248414739385419,0,284053.0,0.14540419971075927,2141002.0,0.0,2058931.5714285714,311310.682389135,,14.576784968785224,4,-0.046215046983708354,0.0,0,13,,,,,0.0,,-9839.0,0,14412521.0,-7.0,0.9694617551949328,1.002018020182008,2043956.5,,,2287653.0,,1.1820993676538112,2080277.5
2022-04-05,1850647,0.012762845782078092,12,-65416.0,0.12141177268552363,1747597.0,2141153.0,2058931.5714285714,212178.84970990304,,14.373752831632121,4,-0.06339140486951038,0.7818314824680298,4,12,,,,,0.0,,-99910.0,1,14412672.0,-7.0,1.000070527724869,1.0027135958669235,1704955.8333333333,,,1922516.0,,1.1820993676538112,1702660.0
2022-04-06,1982006,0.06897261502601237,22,-290506.0,0.13125315006424296,1887509.0,3991800.0,2058931.5714285714,247741.50202460916,,14.450769058104527,4,-0.08054900421874167,0.9749279121818236,8,11,,,,,0.0,,-56239.0,2,14515722.0,-7.0,1.0265393783210868,1.01854510943083,1812912.3333333333,,,2206569.0,,1.1820993676538112,1803256.5
2022-04-07,2227151,0.022642133572518652,30,131359.0,0.15144068533373553,2219675.0,5973806.0,2058931.5714285714,336149.1032181594,,14.61287179725137,4,-0.09768276782171598,0.43388373911755823,12,10,,,,,0.0,,-59130.0,3,14610219.0,-7.0,1.034226853099007,1.021723969757425,2110915.3333333335,,,2141153.0,,1.205670308992276,2119714.5
2022-04-08,2327849,-0.06956786303784912,36,245145.0,0.15690468490655285,2287653.0,8200957.0,2058931.5714285714,358943.47314053035,,14.643037396270133,4,-0.11478762552212701,-0.433883739117558,16,9,,,,,0.0,,-2121.0,4,14617695.0,-7.0,1.0256602761730778,1.0162526302536685,2229895.3333333335,,,1850647.0,,1.205670308992276,2265847.5
2022-04-09,1959523,0.006419415762920488,40,100698.0,0.13706961918721694,1922516.0,10528806.0,2058931.5714285714,263518.5360013316,,14.469145822975635,4,-0.13185851571739118,-0.9749279121818236,20,8,,,,,0.0,,-13231.0,5,14657891.0,-7.0,1.023860701812118,1.015041306526552,1907331.0,,,1982006.0,,1.205670308992276,1882526.0
2022-04-10,2300909,-0.020742992654273262,42,-368326.0,0.15651588811196882,2206569.0,12488329.0,2058931.5714285714,345363.10671533894,,14.606949831639016,4,-0.1488903868564548,-0.7818314824680299,24,7,,,,,1.1935190968065907,,-41211.0,6,14694898.0,-7.0,1.0231343691995511,1.008287431210397,2202744.1666666665,,,2227151.0,,1.205670308992276,2195332.5
2022-04-11,2188196,0.006327704259314393,0,341386.0,0.1463047358016119,2141153.0,0.0,2112748.285714286,313260.82397582877,,14.576855493990191,4,-0.16587819893463143,0.0,0,6,,,,,1.1988463263796194,,36389.0,0,14789238.0,-7.0,1.0231343691995511,1.008287431210397,2111226.6666666665,,,2327849.0,,1.205670308992276,2141077.5
2022-04-12,1883285,0.01239387073987075,5,-112713.0,0.12372491880339623,1850647.0,2188196.0,2112748.285714286,228971.14980874883,,14.431046405994469,4,-0.1828169249850199,0.7818314824680298,4,5,,,,,1.2000814681669973,,214530.0,1,14836281.0,-7.0,1.021970872702698,1.0103601117114396,1756526.6666666667,,,1959523.0,,1.205670308992276,1766507.0
2022-04-13,2053892,0.07191439623675366,8,-304911.0,0.13240932956615528,1982006.0,4071481.0,2112748.285714286,262436.08565609716,,14.499620525651908,4,-0.1997015525660636,0.9749279121818236,8,4,,,,,1.2000388133930147,,178967.0,2,14868919.0,-7.0,1.0199611703993186,1.0184429968803705,1864821.6666666667,,,2300909.0,,1.205670308992276,1869247.5
2022-04-14,2354474,0.022463829363496002,9,170607.0,0.15088778089530877,2227151.0,6125373.0,2112748.285714286,336049.8721087678,,14.616234197165857,4,-0.21652708524481437,0.43388373911755823,12,3,,,,,0.0,,42891.0,3,14940805.0,-7.0,1.0253719320647507,1.02806168967972,2151010.3333333335,,,2188196.0,,1.2183618612736185,2202789.5
2022-04-15,2315430,-0.06488366612190011,8,300582.0,0.15606733252917204,2327849.0,8479847.0,2112748.285714286,363301.1839607006,,14.660455652767881,4,-0.23328854407545518,-0.433883739117558,16,2,,,,,0.0,,57368.0,4,15068128.0,-7.0,1.0340070067432374,1.0352008516633875,2265835.8333333335,,,1883285.0,,1.2183618612736185,2293618.0
2022-04-16,1903886,0.007758259935392253,5,-39044.0,0.1352742562874341,1959523.0,10795277.0,2112748.285714286,265073.01650312176,,14.488212144569271,4,-0.2499809690726521,-0.9749279121818236,20,1,,,,,0.0,,136722.0,5,15055709.0,-7.0,1.025308757707189,1.0279698711142642,1929446.0,,,2053892.0,,1.2183618612736185,1941019.5
2022-04-17,2214376,-0.03300742184304761,0,-411544.0,0.15533164611692163,2300909.0,12699163.0,2112748.285714286,357403.98253524,,14.648815254823608,4,-0.26659942067929354,-0.7818314824680299,24,0,,,,,0.0,,201252.0,6,15000072.0,-7.0,1.0168824828365748,1.0155433760066264,2241424.5,,,2354474.0,,1.2183618612736185,2249971.5
2022-04-18,2292729,-0.028331739282056123,0,310490.0,0.14653494996964378,2188196.0,0.0,2130505.5714285714,320647.1913837746,,14.598588475034033,4,-0.28313898122818354,0.0,0,1,,,,,0.0,,46892.0,0,14913539.0,-5.0,1.0168824828365748,1.0155433760066264,2145130.5,,,2315430.0,,1.2183618612736185,2159196.5
2022-04-19,1988681,-0.00433988490978976,2,78353.0,0.1243519565914424,1883285.0,2292729.0,2130505.5714285714,234190.17456931458,,14.448528681395318,4,-0.2995947563972602,0.7818314824680298,4,2,,,,,0.0,,-70412.0,1,15018072.0,-3.0,1.047771314818234,1.0605168537688705,1795184.6666666667,,,1903886.0,,1.2183618612736185,1818032.0
2022-04-20,2034403,0.07614869631572385,6,-304048.0,0.13375315592380077,2053892.0,4281410.0,2130505.5714285714,274714.536926647,,14.535247574637584,4,-0.31596187665790293,0.9749279121818236,8,3,,,,,0.0,,-22611.0,2,15123468.0,-1.0,1.0515608448129807,1.0711426685573113,1908036.1666666667,,,2214376.0,,1.2183618612736185,1929744.0
2022-04-21,2288508,0.044442281827530516,12,45722.0,0.15344657088442204,2354474.0,6315813.0,2130505.5714285714,361285.9615365287,,14.671828330643777,4,-0.33223549871590435,0.43388373911755823,12,4,,,,,0.0,,119847.0,3,15103979.0,1.0,1.0310903515589989,1.057766416370609,2195453.3333333335,,,2292729.0,,1.2382158848484208,2223413.0
2022-04-22,2309474,-0.059826971846752786,20,254105.0,0.1565076909929049,2315430.0,8604321.0,2130505.5714285714,362382.6029557018,,14.655106405279497,4,-0.3484108069446808,-0.433883739117558,16,5,,,,,0.0,,-52615.0,4,15038013.0,3.0,1.0146788025774522,1.044848579566231,2277733.8333333335,,,1988681.0,,1.2382158848484208,2302204.0
2022-04-23,1915707,-0.007795732510401443,30,20966.0,0.13230866971394104,1903886.0,10913795.0,2130505.5714285714,251900.62394699635,,14.459408143832746,4,-0.3644830148102912,-0.9749279121818236,20,6,,,,,0.0,,-92644.0,5,15032057.0,5.0,1.0109786900326874,1.0350782310110578,1941470.1666666667,,,2034403.0,,1.2382158848484208,1941019.5
2022-04-24,2298561,-0.044790259644496455,42,-393767.0,0.1530970059238451,2214376.0,12829502.0,2130505.5714285714,339014.3355896204,,14.610481657790853,4,-0.38044736628785164,-0.7818314824680299,24,7,,,,,0.0,,-180873.0,6,15043878.0,7.0,1.0102635898129664,1.0266910419890123,2252134.1666666665,,,2288508.0,,1.2382158848484208,2253875.0
2022-04-25,2189296,-0.028044366101321216,0,382854.0,0.1479023672978882,2292729.0,0.0,2161151.8571428573,339100.0466725199,,14.645253805234088,4,-0.39629913726891813,0.0,0,8,,,,,0.0,,57490.0,0,15128063.0,7.0,1.0102635898129664,1.0266910419890123,2145130.5,,,2309474.0,,1.2382158848484208,2159196.5
2022-04-26,1870392,-0.009654758744024106,9,-109265.0,0.12603170490457563,1988681.0,2189296.0,2161151.8571428573,250636.85694133636,,14.502982665717695,4,-0.41203363695942635,0.7818314824680298,4,9,,,,,0.0,,72758.0,1,15024630.0,7.0,0.9548865129720957,0.999327177202536,1811496.0,,,1915707.0,,1.2382158848484208,1854862.0
2022-04-27,1999806,0.06024044148343344,20,-318904.0,0.13429465652412964,2034403.0,4059688.0,2161151.8571428573,273209.4521166589,,14.52571345926979,4,-0.42764620926777464,0.9749279121818236,8,10,,,,,0.0,,-91375.0,2,14906341.0,7.0,0.9482128551108163,1.0003364690706567,1954515.5,,,2298561.0,,1.2382158848484208,1976992.5
2022-04-28,2267171,0.009150120997166722,33,129414.0,0.1534383695092324,2288508.0,6059494.0,2161151.8571428573,351144.93612883444,,14.643411071775114,4,-0.44313223418263453,0.43388373911755823,12,11,,,,,0.0,,-193289.0,3,14871744.0,7.0,0.9594163095075804,1.0019377374323615,2234617.1666666665,,,2189296.0,,1.170536983165401,2229263.0
2022-04-29,2286852,-0.07564089005513686,48,267365.0,0.15601170469214382,2309474.0,8326665.0,2161151.8571428573,360304.97568218416,,14.652530783940344,4,-0.45848712914008766,-0.433883739117558,16,12,,,,,0.0,,6463.0,4,14850407.0,7.0,0.9677306320859019,1.00077377696546,2306140.1666666665,,,1870392.0,,1.170536983165401,2307149.5
2022-04-30,1885701,-0.0005881551027127063,65,19681.0,0.13004571776311416,1915707.0,10613517.0,2161151.8571428573,249129.49183882214,,14.465597825063682,4,-0.47370635037968,-0.9749279121818236,20,13,,,,,0.0,,67458.0,5,14827785.0,7.0,0.9724863807685594,0.9984185342908265,1953665.3333333333,,,1999806.0,,1.170536983165401,1941019.5
2022-05-01,2279287,-0.0317454269741666,84,-401151.0,0.15227547930891613,2298561.0,12499218.0,2161151.8571428573,350014.4779957816,,14.647794267978178,5,-0.48878539428899265,-0.7818314824680299,30,14,,,,,0.0,,170718.0,6,14797779.0,7.0,0.9742558986311394,0.9954985914207423,2271211.6666666665,,,2267171.0,,1.170536983165401,2295967.5
2022-05-02,2146993,-0.007766537561373799,0,393586.0,0.1477996254780144,2189296.0,0.0,2111215.0,323577.128860515,,14.599091045693479,5,-0.503719798736334,0.0,0,15,,,,,0.0,,-207966.0,0,14778505.0,7.0,0.9742558986311394,0.9954985914207423,2173421.0,,,2286852.0,,1.170536983165401,2182718.0
2022-05-03,1827782,-0.002082191524996002,16,-132294.0,0.12735825042227283,1870392.0,2146993.0,2111215.0,238209.85272381574,,14.441659127177967,5,-0.518505144391157,0.7818314824680298,5,16,,,,,0.0,,-223685.0,1,14736202.0,7.0,0.9806773501618785,0.9746461789046748,1846940.8333333333,,,1885701.0,,1.170536983165401,1864734.5
2022-05-04,1962832,0.05535679273831273,34,-319211.0,0.13538351135601712,1999806.0,3974775.0,2111215.0,270740.75831083115,,14.508561233867795,5,-0.533137056031809,0.9749279121818236,10,17,,,,,0.0,,-15108.0,2,14693592.0,7.0,0.9790838606316544,0.9691985292463677,1979318.8333333333,,,2279287.0,,1.170536983165401,1990906.0
2022-05-05,2240816,0.0009643611596081847,54,135050.0,0.15328833297138847,2267171.0,5937607.0,2111215.0,347530.8631510758,,14.634043797807005,5,-0.5476112038402312,0.43388373911755823,15,18,,,,,0.0,,44629.0,3,14656618.0,7.0,0.979884954090226,0.9704158036250485,2248161.6666666665,,,2146993.0,,1.1355997104392457,2243232.5
2022-05-06,2292080,-0.07726232933945743,76,277984.0,0.15501545269335348,2286852.0,8178423.0,2111215.0,354497.3980227008,,14.642687194594549,5,-0.5619233046832195,-0.433883739117558,20,19,,,,,0.0,,-16666.0,4,14630263.0,7.0,0.9821967138103911,0.9732802686200288,2306140.1666666665,,,1827782.0,,1.1355997104392457,2307149.5
2022-05-07,1884883,0.006339295287054014,100,51264.0,0.12859708741975076,1885701.0,10470503.0,2111215.0,242495.65634451143,,14.449810723328547,5,-0.5760691233798758,-0.9749279121818236,25,20,,,,,0.0,,-41827.0,5,14635491.0,7.0,0.9865252959975472,0.9773780293500364,1953665.3333333333,,,1962832.0,,1.1355997104392457,1941019.5
2022-05-08,2255547,-0.019630011719241613,126,-407197.0,0.15255773965920294,2279287.0,12355386.0,2111215.0,347722.8727546057,,14.639373671459097,5,-0.5900444739548627,-0.7818314824680299,30,21,,,,,0.0,,-103459.0,6,14634673.0,7.0,0.9884927201045698,0.978330362537872,2283331.3333333335,,,2240816.0,,1.1355997104392457,2295967.5
2022-05-09,2244645,0.004820182087675873,0,370664.0,0.14834125073757093,2146993.0,0.0,2087276.142857143,318487.6269448096,,14.579579282259902,5,-0.6038452208771035,0.0,0,21,,,,,0.0,,61130.0,0,14610933.0,6.0,0.9884927201045698,0.978330362537872,2174419.5,,,2292080.0,,1.1355997104392457,2182718.0
2022-05-10,1908906,0.015784843345560295,20,-10902.0,0.12734879079993167,1827782.0,2244645.0,2087276.142857143,232765.8275458807,,14.41861431497821,5,-0.6174672802835514,0.7818314824680298,5,20,,,,,0.0,,75679.0,1,14708585.0,4.0,1.0454831478258197,1.0183012457222882,1860305.0,,,1884883.0,,1.1355997104392457,1864734.5
2022-05-11,2030630,0.07717809448536261,38,-335739.0,0.13546430464433434,1962832.0,4153551.0,2087276.142857143,265893.6720136481,,14.489899395773081,5,-0.6309066211876704,0.9749279121818236,10,19,,,,,0.0,,-2377.0,2,14789709.0,2.0,1.0449776402437874,1.0138429913700528,1991872.6666666667,,,2255547.0,,1.1355997104392457,1990906.0
2022-05-12,2337876,0.030098552585246408,54,121724.0,0.1539815882888497,2240816.0,6184181.0,2087276.142857143,345044.406743067,,14.622351089475481,5,-0.6441592666722685,0.43388373911755823,15,18,,,,,0.0,,-5018.0,3,14857507.0,0.0,1.041527504262239,1.0122118624762857,2251685.1666666665,,,2244645.0,,1.1739148591998296,2247953.0
2022-05-13,2358444,-0.06023382335457561,68,307246.0,0.1548836418699002,2292080.0,8522057.0,2087276.142857143,355005.6978571608,,14.64497069650645,5,-0.6572212950663319,-0.433883739117558,20,17,,,,,0.0,,27850.0,4,14954567.0,-2.0,1.0420171468264725,1.0148551072402436,2304889.6666666665,,,1908906.0,,1.1739148591998296,2307149.5
2022-05-14,1984654,0.016127358255125124,80,20568.0,0.12772419308099633,1884883.0,10880501.0,2087276.142857143,240745.16022708762,,14.44937683850914,5,-0.6700888411055113,-0.9749279121818236,25,16,,,,,0.0,,29188.0,5,15020931.0,-4.0,1.0391574311186387,1.017033403428759,1934927.3333333333,,,2030630.0,,1.1739148591998296,1919111.5
2022-05-15,2399801,-0.01128646670935085,90,-373790.0,0.1522562305784168,2255547.0,12865155.0,2087276.142857143,343421.0841124563,,14.628903516916491,5,-0.6827580970759147,-0.7818314824680299,30,15,,,,,0.0,,-4466.0,6,15120702.0,-6.0,1.0412588485701701,1.02138311033371,2277026.8333333335,,,2337876.0,,1.1739148591998296,2288924.0
2022-05-16,2282944,0.009343338355580988,0,415147.0,0.14842128988016623,2244645.0,0.0,2180708.0,333153.1062230657,,14.624058382983455,5,-0.6952253139408722,0.0,0,14,,,,,0.0,,139955.0,0,15264956.0,-7.0,1.0412588485701701,1.02138311033371,2181253.8333333335,,,2358444.0,,1.1739148591998296,2182718.0
2022-05-17,2042144,0.01890020332575859,13,-116857.0,0.1270416163736834,1908906.0,2282944.0,2180708.0,242510.50374542252,,14.46204138491564,5,-0.7074868024503348,0.7818314824680298,5,13,,,,,0.0,,123734.0,1,15303255.0,-7.0,1.0170623862570696,1.0290875369055597,1866681.5,,,1984654.0,,1.1739148591998296,1864734.5
2022-05-18,2117010,0.08379745084909462,24,-240800.0,0.13429071568489,2030630.0,4325088.0,2180708.0,272694.7559912082,,14.523857140156446,5,-0.719538934232584,0.9749279121818236,10,12,,,,,0.0,,104772.0,2,15436493.0,-7.0,1.0412988789592328,1.0504527662898229,1996942.6666666667,,,2399801.0,,1.1739148591998296,1990906.0
2022-05-19,2366865,0.02544498326819511,33,74866.0,0.15280114047054086,2337876.0,6442098.0,2180708.0,357230.1190787062,,14.664753810562667,5,-0.7313781428679254,0.43388373911755823,15,11,,,,,0.0,,123415.0,3,15522873.0,-7.0,1.041705926783191,1.051895826831712,2269435.3333333335,,,2282944.0,,1.2117821233482138,2261130.5
2022-05-20,2356404,-0.061629916401177764,40,249855.0,0.15469454997277254,2358444.0,8808963.0,2180708.0,364838.43321598554,,14.673513061527819,5,-0.7430009249440493,-0.433883739117558,20,10,,,,,0.0,,61136.0,4,15551862.0,-7.0,1.0336662850295415,1.0477049082546683,2306218.5,,,2042144.0,,1.2117821233482138,2307149.5
2022-05-21,1999651,-0.004942363110075121,45,-10461.0,0.1283122319429031,1984654.0,11165367.0,2180708.0,254655.38437441038,,14.500955653471395,5,-0.7544038410927472,-0.9749279121818236,25,9,,,,,0.0,,100589.0,5,15549822.0,-7.0,1.0261813311721584,1.0415863346872112,1928664.5,,,2117010.0,,1.2117821233482138,1919111.5
2022-05-22,2364240,-0.03742833863333006,48,-356753.0,0.15443845567504388,2399801.0,13165018.0,2180708.0,370621.56036742596,,14.690896791914861,5,-0.765583517007675,-0.7818314824680299,30,8,,,,,0.0,,167994.0,6,15564819.0,-7.0,1.0233081529138204,1.041757504625043,2277026.8333333335,,,2366865.0,,1.2117821233482138,2288924.0
2022-05-23,2339945,-0.014750344907000779,0,364589.0,0.14728491899637156,2282944.0,0.0,2218465.4285714286,336243.22211325244,,14.640976834113546,5,-0.7765366444428655,0.0,0,7,,,,,1.1852688203116117,,-59353.0,0,15529258.0,-7.0,1.0233081529138204,1.041757504625043,2198871.1666666665,,,2356404.0,,1.2117821233482138,2188746.0
2022-05-24,2034843,0.0033102557619026918,6,-24295.0,0.12705326119392052,2042144.0,2339945.0,2218465.4285714286,259461.0550275976,,14.529511284000629,5,-0.7872599821916922,0.7818314824680298,5,6,,,,,1.1877272993470085,,52114.0,1,15586259.0,-7.0,1.024968198957136,1.0559463927639798,1888282.1666666667,,,1999651.0,,1.2117821233482138,1876838.5
2022-05-25,2165771,0.07452506365042955,10,-305102.0,0.13475201908314421,2117010.0,4374788.0,2218465.4285714286,285271.37191920716,,14.565515746135624,5,-0.7977503570459932,0.9749279121818236,10,5,,,,,1.185187751648249,,18582.0,2,15578958.0,-7.0,1.0114910956725043,1.059713190168631,2010594.8333333333,,,2364240.0,,1.2117821233482138,2015218.0
2022-05-26,2399579,0.03297655793378418,12,130928.0,0.15308553837970132,2366865.0,6540559.0,2218465.4285714286,362332.80279707175,,14.677077275148791,5,-0.8080046647350754,0.43388373911755823,15,4,,,,,1.187243668854341,,-68071.0,3,15627719.0,-7.0,1.0152839959901263,1.0624957256071261,2285999.3333333335,,,2339945.0,,1.217411694776934,2277839.5
2022-05-27,2397928,-0.05751170613538181,12,233808.0,0.1544640646754352,2356404.0,8940138.0,2218465.4285714286,363979.7398574542,,14.672647710508253,5,-0.8180198708443175,-0.433883739117558,20,3,,,,,0.0,,-68404.0,4,15660433.0,-7.0,1.0148910830934357,1.0568754538790337,2314815.0,,,2034843.0,,1.217411694776934,2312452.0
2022-05-28,2000335,0.006206525877741287,10,-1651.0,0.12884573467391613,1999651.0,11338066.0,2218465.4285714286,257646.50218643108,,14.508483723384463,5,-0.8277930117131022,-0.9749279121818236,25,2,,,,,0.0,,-84774.0,5,15701957.0,-7.0,1.0154673823081677,1.0515275161391562,1928664.5,,,2165771.0,,1.217411694776934,1919111.5
2022-05-29,2103022,-0.03233243240143335,6,-397593.0,0.15451446299751104,2364240.0,13338401.0,2218465.4285714286,365309.2739972355,,14.675967598166483,5,-0.8373211953118121,-0.7818314824680299,30,1,,,,,0.0,,-179815.0,6,15702641.0,-7.0,1.0131699781952443,1.0485179880025808,2285486.6666666665,,,2399579.0,,1.217411694776934,2288924.0
2022-05-30,2319237,-0.043209616826238806,0,102687.0,0.14813399806999047,2339945.0,0.0,2205917.5714285714,346625.40811388387,,14.665638410144531,5,-0.8466016020976267,0.0,0,0,,,,,0.0,,18702.0,0,15441423.0,-7.0,1.0131699781952443,1.0485179880025808,2224133.8333333335,,,2397928.0,,1.217411694776934,2216970.5
2022-05-31,2114935,-0.03270177440166866,1,216215.0,0.12835739947004543,2034843.0,2319237.0,2205917.5714285714,261187.15580982566,,14.525929715443763,5,-0.8556314858488706,0.7818314824680298,5,1,,,,,0.0,,-140539.0,1,15420715.0,-5.0,0.9911502193427624,1.029110900660678,1922792.3333333333,,,2000335.0,,1.217411694776934,1896095.5
2022-06-01,2023231,0.044085394381214726,4,-204302.0,0.13598668332910735,2165771.0,4434172.0,2205917.5714285714,294516.0151403642,,14.588287437844624,6,-0.8644081744776648,0.9749279121818236,12,2,,,,,0.0,,-37619.0,2,15500807.0,-3.0,1.0135741434784955,1.0539859219659948,2036291.1666666667,,,2103022.0,,1.217411694776934,2032516.5
2022-06-02,2228271,0.03640925277249285,9,-91704.0,0.1535827355136808,2399579.0,6457403.0,2205917.5714285714,368533.90690118267,,14.690804280003887,6,-0.8729290708206411,0.43388373911755823,18,3,,,,,0.0,,3725.0,3,15358267.0,-1.0,0.9872861019983155,1.0288860000689122,2309285.0,,,2319237.0,,1.1896176094912922,2313192.0
2022-06-03,2347283,-0.06067475471857442,16,205040.0,0.1546015988956697,2397928.0,8685674.0,2205917.5714285714,370723.50283669546,,14.6901160061246,6,-0.881191653407483,-0.433883739117558,24,4,,,,,0.0,,43564.0,4,15186959.0,1.0,0.971536904687601,1.008508521482453,2326613.5,,,2114935.0,,1.1896176094912922,2321639.5
2022-06-04,1992251,-0.012717605743854499,25,119012.0,0.1293322068197238,2000335.0,11032957.0,2205917.5714285714,258707.7399287322,,14.5088257244138,6,-0.8891934772070711,-0.9749279121818236,30,5,,,,,0.0,,-14313.0,5,15136314.0,3.0,0.973089855007018,1.0063252664718965,1941520.3333333333,,,2023231.0,,1.1896176094912922,1937615.0
2022-06-05,2396442,-0.02626712085863092,36,-355032.0,0.15000537790178248,2103022.0,13025208.0,2205917.5714285714,315464.6098457624,,14.558886391382044,6,-0.8969321743510065,-0.7818314824680299,36,6,,,,,0.0,,-225657.0,6,15128230.0,5.0,0.9765194493702806,1.0072862170645867,2285486.6666666665,,,2228271.0,,1.1896176094912922,2288924.0
2022-06-06,2286429,-0.0012468089588739684,0,404191.0,0.14899502422162614,2319237.0,0.0,2203092.8571428573,345554.77299069153,,14.656749241415682,6,-0.9044054548343001,0.0,0,7,,,,,0.0,,-77709.0,0,15421650.0,7.0,0.9765194493702806,1.0072862170645867,2252841.1666666665,,,2347283.0,,1.1896176094912922,2263794.5
2022-06-07,2067274,0.01092528791162306,8,-110013.0,0.13136834252853485,2114935.0,2286429.0,2203092.8571428573,277835.50550558686,,14.56453510995739,6,-0.9116111071930239,0.7818314824680298,6,8,,,,,0.0,,87393.0,1,15388842.0,7.0,0.9858539683525228,0.995531073975829,1954708.5,,,1992251.0,,1.1896176094912922,1948793.5
2022-06-08,2175579,0.08700474149590809,18,-219155.0,0.1352002454193686,2023231.0,4353703.0,2203092.8571428573,273541.32774007454,,14.520206790741085,6,-0.9185469991587165,0.9749279121818236,12,9,,,,,0.0,,-191301.0,2,15341181.0,7.0,0.9818525307543325,1.0073586274184172,2043162.0,,,2396442.0,,1.1896176094912922,2032516.5
2022-06-09,2396538,0.03522571753304615,30,108305.0,0.1513637579395078,2228271.0,6529282.0,2203092.8571428573,337279.472267625,,14.616736955163118,6,-0.925211078289358,0.43388373911755823,18,10,,,,,0.0,,-204022.0,3,15493529.0,7.0,1.0111312550881524,1.0192351843709244,2309285.0,,,2286429.0,,1.1925807145499714,2313192.0
2022-06-10,2443671,-0.048549125349711675,40,220959.0,0.15343477063542255,2347283.0,8925820.0,2203092.8571428573,360154.82872142654,,14.668769473051567,6,-0.9316013725767187,-0.433883739117558,24,10,,,,,0.0,,-92169.0,4,15661796.0,6.0,1.0276485163960793,1.021353422415395,2329852.5,,,2067274.0,,1.1925807145499714,2331356.5
2022-06-11,2153865,0.014682551158694546,45,47133.0,0.1293772972649268,1992251.0,11369491.0,2203092.8571428573,257752.04985334768,,14.504776215149565,6,-0.9377159910299093,-0.9749279121818236,30,9,,,,,0.0,,-8768.0,5,15758184.0,4.0,1.0305026114032712,1.0238889525158346,1946975.0,,,2175579.0,,1.1925807145499714,1950180.5
2022-06-12,2456971,-0.009410516722158091,48,-289806.0,0.1502605619906133,2396442.0,13523356.0,2203092.8571428573,360090.7216979093,,14.689496112612963,6,-0.9435531242349544,-0.7818314824680299,36,8,,,,,0.0,,554638.0,6,15919798.0,2.0,1.0382449170869286,1.0324397654668258,2301408.8333333335,,,2396538.0,,1.1925807145499714,2288924.0
2022-06-13,2389152,0.015046712250898375,0,303106.0,0.14800305177939677,2286429.0,0.0,2282903.8571428573,338398.4696769144,,14.64250220713534,6,-0.9491110448902284,0.0,0,7,,,,,1.1902290345279762,,-12100.0,0,15980327.0,0.0,1.0382449170869286,1.0324397654668258,2269213.3333333335,,,2443671.0,,1.1925807145499714,2284686.5
2022-06-14,2139865,0.015455758702564992,6,-67819.0,0.13244638315260784,2067274.0,2389152.0,2282903.8571428573,273802.9642854242,,14.541741872872034,6,-0.9543881083175908,0.7818314824680298,6,6,,,,,1.1969763317176392,,-127753.0,1,16083050.0,-2.0,1.0449272643060423,1.0355476019810252,1985373.3333333333,,,2153865.0,,1.1925807145499714,2011762.0
2022-06-15,2238873,0.0684725566145894,10,-249287.0,0.13597911465437995,2175579.0,4529017.0,2282903.8571428573,295833.30628066126,,14.592805853622352,6,-0.9593827529490743,0.9749279121818236,12,5,,,,,1.2011356936057105,,294888.0,2,16155641.0,-4.0,1.0402677904303532,1.0359289768021056,2061808.5,,,2456971.0,,1.1925807145499714,2032516.5
2022-06-16,2387496,0.02344790128141705,12,99008.0,0.15056747702533738,2396538.0,6767890.0,2282903.8571428573,360840.680255348,,14.689536171181935,6,-0.9640935007889755,0.43388373911755823,18,4,,,,,1.204385615167654,,339575.0,3,16218935.0,-6.0,1.0365442938442542,1.0424430468819734,2316295.6666666665,,,2389152.0,,1.225898197621413,2313192.0
2022-06-17,2454485,-0.06773776685427535,12,148623.0,0.15303899950423314,2443671.0,9155386.0,2282903.8571428573,373976.9649575089,,14.709012384047849,6,-0.9685189578512204,-0.433883739117558,24,3,,,,,0.0,,147033.0,4,16209893.0,-7.0,1.0257193176649315,1.035659722354785,2343602.1666666665,,,2139865.0,,1.225898197621413,2351843.5
2022-06-18,2186387,-0.008672352289327279,10,66989.0,0.13056943403664228,2153865.0,11609871.0,2282903.8571428573,281228.9340413325,,14.582774924921205,6,-0.9726578145718654,-0.9749279121818236,30,2,,,,,0.0,,169698.0,5,16220707.0,-7.0,1.021142547190547,1.034151495658219,1963049.8333333333,,,2238873.0,,1.225898197621413,1988452.5
2022-06-19,2398687,-0.02866913825819184,6,-268098.0,0.1493955398474026,2456971.0,13796258.0,2282903.8571428573,367060.50893441256,,14.714440255426986,6,-0.976508846196619,-0.7818314824680299,36,1,,,,,0.0,,-232891.0,6,16253229.0,-7.0,1.0201800499816762,1.040206772289737,2332313.0,,,2387496.0,,1.225898197621413,2331400.5
2022-06-20,2431925,-0.004208276505905495,0,212300.0,0.14813188639259522,2389152.0,0.0,2313563.5714285714,353909.59263864165,,14.686449467790107,6,-0.9800709131432666,0.0,0,0,,,,,0.0,,135531.0,0,16194945.0,-7.0,1.0201800499816762,1.040206772289737,2277082.6666666665,,,2454485.0,,1.225898197621413,2284686.5
2022-06-21,2158912,0.006928592001357314,1,33238.0,0.13260354890822346,2139865.0,2431925.0,2313563.5714285714,283753.6931844956,,14.57625376821509,6,-0.9833429613388902,0.7818314824680298,6,1,,,,,0.0,,120252.0,1,16237718.0,-5.0,1.0179030049155515,1.042093944966787,2006415.6666666667,,,2186387.0,,1.225898197621413,2038493.5
2022-06-22,2197876,0.06101323367777023,4,-273013.0,0.13645941745477166,2238873.0,4590837.0,2313563.5714285714,305515.305335217,,14.621483618874565,6,-0.9863240225317866,0.9749279121818236,12,2,,,,,0.0,,-89054.0,2,16256765.0,-3.0,1.0136497610850213,1.0379651904171905,2085337.8333333333,,,2398687.0,,1.225898197621413,2073820.0
2022-06-23,2453936,0.026640376337677685,9,38964.0,0.1493197337821529,2387496.0,6788713.0,2313563.5714285714,356500.26712595497,,14.68575609479173,6,-0.9890132145779883,0.43388373911755823,18,3,,,,,0.0,,-177309.0,3,16215768.0,-1.0,1.0030767344031892,1.0326949465250872,2332793.6666666665,,,2431925.0,,1.2182037098479106,2352370.5
2022-06-24,2471808,-0.06506773626475293,16,256060.0,0.15299376772134524,2454485.0,9242649.0,2313563.5714285714,375520.90796552604,,14.713427928654648,6,-0.9914097417023038,-0.433883739117558,24,4,,,,,0.0,,-85574.0,4,16282208.0,1.0,1.00953132942729,1.0353873851913369,2365968.3333333335,,,2158912.0,,1.2182037098479106,2357424.0
2022-06-25,2198435,-0.006713058668597061,25,17872.0,0.1321288356724451,2186387.0,11714457.0,2313563.5714285714,288884.7686393702,,14.597761425106729,6,-0.9935128947338007,-0.9749279121818236,30,5,,,,,0.0,,-129092.0,5,16299531.0,3.0,1.0090083688268372,1.0332399162653194,2002742.8333333333,,,2197876.0,,1.2182037098479106,1995951.0
2022-06-26,2469720,-0.016468808348374386,36,-273373.0,0.1483628100684664,2398687.0,13912892.0,2313563.5714285714,355875.9437946995,,14.690432479174806,6,-0.9953220513156602,-0.7818314824680299,36,6,,,,,0.0,,-118813.0,6,16311579.0,5.0,1.008454031520721,1.0366659244732754,2349000.6666666665,,,2453936.0,,1.2182037098479106,2380341.0
2022-06-27,2374892,-0.0005100850388979339,0,271285.0,0.1473590419792869,2431925.0,0.0,2340373.1428571427,358366.1381654773,,14.704194093973687,6,-0.9968366760893436,0.0,0,7,,,,,0.0,,-59950.0,0,16382612.0,7.0,1.008454031520721,1.0366659244732754,2310392.0,,,2471808.0,,1.2182037098479106,2302833.0
2022-06-28,2147125,0.004004682539129556,6,-94828.0,0.1326041715707561,2158912.0,2374892.0,2340373.1428571427,286280.7372541642,,14.585115412251488,6,-0.998056320853012,0.7818314824680298,6,6,,,,,1.195039210744913,,-53544.0,1,16325579.0,5.0,0.9765482076955498,1.0077253617712927,2051327.8333333333,,,2198435.0,,1.2182037098479106,2054709.0
2022-06-29,2237932,0.054580725259666174,10,-227767.0,0.13493488112312146,2197876.0,4522017.0,2340373.1428571427,296570.1367833617,,14.603002452416284,6,-0.9989806246941579,0.9749279121818236,12,5,,,,,1.1926560355742206,,-104291.0,2,16313792.0,3.0,0.9850092695515,1.0100704561700704,2118349.5,,,2469720.0,,1.2182037098479106,2141390.5
2022-06-30,2455588,0.009984199178087572,12,90807.0,0.1479172915879493,2453936.0,6759949.0,2340373.1428571427,362979.56685016595,,14.713204231551815,6,-0.999609314096404,0.43388373911755823,18,4,,,,,1.1942811746849127,,75482.0,3,16353848.0,1.0,0.9957629671485597,1.0187055951772064,2354861.6666666665,,,2374892.0,,1.2025461395529888,2377180.5
2022-07-01,2501366,-0.06391556347600114,12,217656.0,0.15189078375935083,2471808.0,9215537.0,2340373.1428571427,375444.8544226335,,14.720460829202427,7,-0.9999422030204416,-0.433883739117558,28,3,,,,,0.0,,6509.0,4,16355500.0,-1.0,0.9970666418253036,1.0236775937835787,2393035.8333333335,,,2147125.0,,1.2025461395529888,2378186.0
2022-07-02,2169068,0.0005888618438540938,10,45778.0,0.1332912745823101,2198435.0,11716903.0,2340373.1428571427,293032.2032363609,,14.60325675642194,7,-0.9999791929590823,-0.9749279121818236,35,2,,,,,0.0,,-20474.0,5,16385058.0,-3.0,1.0002088018249586,1.0249489708174484,2052857.1666666667,,,2237932.0,,1.2025461395529888,1999993.0
2022-07-03,2102878,-0.01674959898628625,6,-332298.0,0.1520025553972253,2469720.0,13885971.0,2340373.1428571427,375403.75111563527,,14.719615746758624,7,-0.9997202729664083,-0.7818314824680299,42,1,,,,,0.0,,129317.0,6,16355691.0,-5.0,0.9980650320580365,1.023704832090788,2378614.6666666665,,,2455588.0,,1.2025461395529888,2397564.5
2022-07-04,2086854,-0.030276471210749722,0,-66190.0,0.14689551361331304,2374892.0,0.0,2284121.285714286,348860.98011614825,,14.6804629418044,7,-0.9991655196610109,0.0,0,0,,,,,0.0,,-99806.0,0,15988849.0,-7.0,0.9980650320580365,1.023704832090788,2332099.8333333335,,,2501366.0,,1.2025461395529888,2329591.0
2022-07-05,2209031,-0.06753171732221319,1,-16024.0,0.13189123664224986,2147125.0,2086854.0,2284121.285714286,283186.9714754907,,14.579640761678288,7,-0.9983150972033183,0.7818314824680298,7,1,,,,,0.0,,-30834.0,1,15700811.0,-5.0,0.8787153268443365,0.8803064372535302,2091031.0,,,2169068.0,,1.2025461395529888,2091104.5
2022-07-06,2136035,-0.008189768402510733,4,122177.0,0.1371284064703887,2237932.0,4295885.0,2284121.285714286,306884.04894908995,,14.621063229961727,7,-0.9971692572470178,0.9749279121818236,14,2,,,,,0.0,,81053.0,2,15762717.0,-3.0,0.9499931114810051,0.954875904486292,2154133.0,,,2102878.0,,1.2025461395529888,2170675.0
2022-07-07,2245980,-0.00022513322654726942,9,-72996.0,0.15019016524034134,2455588.0,6431920.0,2284121.285714286,368805.1674821993,,14.713877208968514,7,-0.9957283388645872,0.43388373911755823,21,3,,,,,0.0,,-64788.0,3,15660820.0,-1.0,0.9514746339062617,0.9583490682390422,2390381.6666666665,,,2086854.0,,1.13534752258844,2392017.0
2022-07-08,2288984,-0.03612845125586994,16,109945.0,0.15295013682482728,2501366.0,8677900.0,2284121.285714286,382584.2719489709,,14.732347940397784,7,-0.993992768446958,-0.433883739117558,28,4,,,,,0.0,,12235.0,4,15451212.0,1.0,0.9416597209690548,0.9499774927836785,2413790.0,,,2209031.0,,1.13534752258844,2420799.5
2022-07-09,2145996,-0.002625933725006968,25,43004.0,0.13491026554226276,2169068.0,10966884.0,2284121.285714286,292629.5398592248,,14.589808601197907,7,-0.9919630595773397,-0.9749279121818236,35,5,,,,,0.0,,-41415.0,5,15238830.0,3.0,0.9359882897383378,0.9452026193430044,2083592.8333333333,,,2136035.0,,1.13534752258844,2077100.0
2022-07-10,2443836,-0.006139071996850154,36,-142988.0,0.146034275666617,2102878.0,13112880.0,2284121.285714286,307092.26554526424,,14.558817916177412,7,-0.9896398128792412,-0.7818314824680299,42,6,,,,,0.0,,-437875.0,6,15215758.0,5.0,0.944325751508483,0.951614102109534,2353193.8333333335,,,2245980.0,,1.13534752258844,2397564.5
2022-07-11,2318551,0.019760108470906035,0,297840.0,0.14466230293151797,2086854.0,0.0,2222388.0,301889.10552185,,14.551168705926434,7,-0.9870237158387383,0.0,0,7,,,,,0.0,,-231005.0,0,15556716.0,7.0,0.944325751508483,0.951614102109534,2332099.8333333335,,,2288984.0,,1.13534752258844,2329591.0
2022-07-12,2072335,0.021934189552234695,8,-125285.0,0.1350499508637904,2209031.0,2318551.0,2222388.0,298329.5280065898,,14.608064968490178,7,-0.984115542601034,0.7818314824680298,7,8,,,,,0.0,,73693.0,1,15788413.0,7.0,1.1110269333647682,0.9990715108970623,2111709.1666666665,,,2145996.0,,1.13534752258844,2127400.0
2022-07-13,2188234,0.07256459650023861,18,-246216.0,0.13741970926948116,2136035.0,4390886.0,2222388.0,293533.3086894362,,14.57446233285278,7,-0.9809161537413774,0.9749279121818236,14,9,,,,,0.0,,-141953.0,2,15651717.0,7.0,1.0221144187984548,0.9791383047021043,2171700.5,,,2443836.0,,1.13534752258844,2170675.0
2022-07-14,2402480,0.021917342183569666,30,115899.0,0.14879157480105693,2245980.0,6579120.0,2222388.0,334182.9011716778,,14.624652954761217,7,-0.9774264960104055,0.43388373911755823,21,10,,,,,0.0,,-211260.0,3,15703916.0,7.0,1.0228858567892636,0.9838498438340703,2375065.6666666665,,,2318551.0,,1.1555383584309058,2392017.0
2022-07-15,2449536,-0.055230034472847134,44,214246.0,0.15150527079004666,2288984.0,8981600.0,2222388.0,346793.14075408416,,14.643619045833285,7,-0.9736476020539838,-0.433883739117558,28,11,,,,,0.0,,-241940.0,4,15860416.0,7.0,1.0349969462658017,0.989940556833848,2411929.8333333335,,,2072335.0,,1.1555383584309058,2420799.5
2022-07-16,2196011,0.002497259745365854,60,47056.0,0.1357013428307855,2145996.0,11431136.0,2222388.0,291214.53890949435,,14.57911480422213,7,-0.9695805901076308,-0.9749279121818236,35,12,,,,,0.0,,6295.0,5,16020968.0,7.0,1.0423321701952897,0.9938365003652073,2109217.0,,,2188234.0,,1.1555383584309058,2149930.5
2022-07-17,2453236,-0.006384290338733001,78,-253525.0,0.14686984851332133,2443836.0,13627147.0,2222388.0,358925.8231114011,,14.70907990310513,7,-0.965226663665613,-0.7818314824680299,42,13,,,,,0.0,,707800.0,6,16070983.0,7.0,1.0392184630683725,0.9963549572940894,2360533.0,,,2402480.0,,1.1555383584309058,2397564.5
2022-07-18,2363728,0.019629895270494524,0,257225.0,0.14382743021246128,2318551.0,0.0,2297197.5714285714,333471.23214653233,,14.656453410856297,7,-0.9605871111248129,0.0,0,14,,,,,0.0,,519735.0,0,16080383.0,7.0,1.0392184630683725,0.9963549572940894,2338034.3333333335,,,2449536.0,,1.1555383584309058,2329591.0
2022-07-19,2142454,0.015705602931161078,15,-89508.0,0.134235406637297,2072335.0,2363728.0,2297197.5714285714,278180.7314137029,,14.544187031376811,7,-0.9556633054034704,0.7818314824680298,7,15,,,,,0.0,,-198602.0,1,16125560.0,7.0,1.0194850145629748,1.0263443499299083,2116741.0,,,2196011.0,,1.1555383584309058,2127400.0
2022-07-20,2226450,0.05448785236573972,32,-221274.0,0.13687865629360446,2188234.0,4506182.0,2297197.5714285714,299522.5295759793,,14.598605840778548,7,-0.9504567035349151,0.9749279121818236,14,16,,,,,0.0,,154096.0,2,16195679.0,7.0,1.0262580262844447,1.0126465023841795,2183571.1666666665,,,2453236.0,,1.1555383584309058,2181906.5
2022-07-21,2440027,0.009648361335022004,51,83996.0,0.1492871008287596,2402480.0,6732632.0,2297197.5714285714,358659.2739990784,,14.692012511366594,7,-0.9449688462364056,0.43388373911755823,21,17,,,,,0.0,,366108.0,3,16233895.0,7.0,1.0233332117365241,1.0139619789408783,2381001.5,,,2363728.0,,1.175968344408705,2398058.5
2022-07-22,2464194,-0.06103919379307721,72,213577.0,0.15169826788980467,2449536.0,9172659.0,2297197.5714285714,371590.3683337206,,14.71140958507018,7,-0.939201357453208,-0.433883739117558,28,18,,,,,0.0,,372934.0,4,16271442.0,7.0,1.0212722677473947,1.0158634193785283,2427451.8333333335,,,2142454.0,,1.175968344408705,2446603.5
2022-07-23,2190483,-0.002231274780349679,95,24167.0,0.1360914199997806,2196011.0,11636853.0,2297197.5714285714,298858.2553251382,,14.602153546077503,7,-0.9331559438780432,-0.9749279121818236,35,19,,,,,0.0,,73087.0,5,16286100.0,7.0,1.01799619915291,1.015667504120719,2141943.6666666665,,,2226450.0,,1.175968344408705,2161466.5
2022-07-24,2494885,-0.014217248331684251,120,-273711.0,0.14798171813829245,2453236.0,13827336.0,2297197.5714285714,363034.078278712,,14.71291893496166,7,-0.9268343944460494,-0.7818314824680299,42,20,,,,,0.0,,-331558.0,6,16280572.0,7.0,1.0146904557498353,1.0141266901471593,2375365.6666666665,,,2440027.0,,1.175968344408705,2421261.5
2022-07-25,2386005,0.010362845446525881,0,304402.0,0.14292019724583893,2363728.0,0.0,2331745.8571428573,337824.4719955124,,14.67575101472708,7,-0.9202385798054075,0.0,0,21,,,,,0.0,,-186520.0,0,16322221.0,7.0,1.0146904557498353,1.0141266901471593,2341998.1666666665,,,2464194.0,,1.175968344408705,2341482.5
2022-07-26,2146087,0.009834002915619866,22,-108880.0,0.13410522165770938,2142454.0,2386005.0,2331745.8571428573,287314.2685614461,,14.577462925732911,7,-0.9133704517637858,0.7818314824680298,7,22,,,,,0.0,,206815.0,1,16344498.0,7.0,1.0094245192340234,1.0437438655296765,2129271.0,,,2190483.0,,1.175968344408705,2141159.5
2022-07-27,2238047,0.05435455626087915,46,-239918.0,0.13744040583174788,2226450.0,4532092.0,2331745.8571428573,306004.1915640951,,14.61591939586642,7,-0.9062320427107697,0.9749279121818236,14,23,,,,,0.0,,-13983.0,2,16348131.0,7.0,1.0057498787221644,1.0233360824206872,2193684.3333333335,,,2494885.0,,1.175968344408705,2193055.0
2022-07-28,2414062,0.0065485718384346026,72,91960.0,0.14921261511586884,2440027.0,6770139.0,2331745.8571428573,364082.8096233281,,14.707520072613379,7,-0.898825465016444,0.43388373911755823,21,24,,,,,0.0,,-118953.0,3,16359728.0,7.0,1.005570926793563,1.021768157641554,2387742.8333333335,,,2386005.0,,1.1753874749323818,2399509.0
2022-07-29,2464079,-0.06669062427325145,100,176015.0,0.151721208889105,2464194.0,9184201.0,2331745.8571428573,373870.49261727923,,14.717375740114564,7,-0.8911529104063088,-0.433883739117558,28,25,,,,,0.0,,-145894.0,4,16333763.0,7.0,1.0012583047075008,1.0191165615688724,2438496.1666666665,,,2146087.0,,1.1753874749323818,2452010.5
2022-07-30,2211091,-0.007578713332338616,130,50017.0,0.1360937490496538,2190483.0,11648280.0,2331745.8571428573,298111.0436995328,,14.599633081940983,7,-0.8832166493127127,-0.9749279121818236,35,26,,,,,0.0,,-55543.0,5,16333648.0,7.0,1.000981966516205,1.018389318919554,2173635.0,,,2238047.0,,1.1753874749323818,2177727.5
2022-07-31,2486969,-0.019783698095518165,162,-252988.0,0.1485066022100762,2494885.0,13859371.0,2331745.8571428573,370506.89425488596,,14.729753594741107,7,-0.8750190302029955,-0.7818314824680299,42,27,,,,,0.0,,32249.0,6,16354256.0,7.0,1.0023167875576322,1.0180732735299551,2436482.0,,,2414062.0,,1.1753874749323818,2448536.0
2022-08-01,2373400,0.010605969738965326,0,275878.0,0.14227805557382542,2386005.0,0.0,2335191.4285714286,339476.1519894253,,14.685131396305739,8,-0.8665624788845385,0.0,0,28,,,,,0.0,,-22900.0,0,16346340.0,7.0,1.0023167875576322,1.0180732735299551,2353126.1666666665,,,2464079.0,,1.1753874749323818,2369310.0
2022-08-02,2053497,0.010261696328438763,29,-113569.0,0.13335512906219035,2146087.0,2373400.0,2335191.4285714286,286191.7088636889,,14.579157207855802,8,-0.8578494977869301,0.7818314824680298,8,29,,,,,0.0,,-66486.0,1,16333735.0,7.0,0.9947171108191307,1.0369696229592607,2134463.0,,,2211091.0,,1.1753874749323818,2144270.5
2022-08-03,2117390,0.04178203046409168,60,-319903.0,0.13667689535732738,2238047.0,4426897.0,2335191.4285714286,305889.3156237805,,14.621114615345189,8,-0.8488826652214553,0.9749279121818236,16,30,,,,,0.0,,-26619.0,2,16241145.0,7.0,0.9767888648332823,0.9990151223875595,2210686.3333333335,,,2486969.0,,1.1753874749323818,2212163.0
2022-08-04,2360671,-0.01453679739895164,93,63893.0,0.14773782125203033,2414062.0,6544287.0,2335191.4285714286,356648.26024731883,,14.696821778062121,8,-0.8396646346181327,0.43388373911755823,24,31,,,,,0.0,,-63512.0,3,16120488.0,7.0,0.9666399759295932,0.9873023534790981,2415756.5,,,2373400.0,,1.1295727566916312,2408271.0
2022-08-05,2406372,-0.0904781537383228,124,243281.0,0.150295592092111,2464079.0,8904958.0,2335191.4285714286,370340.2122667368,,14.717329070640956,8,-0.8301981337405212,-0.433883739117558,32,31,,,,,0.0,,-14773.0,4,16067097.0,6.0,0.9695952865143086,0.9889903366136944,2457962.1666666665,,,2053497.0,,1.1295727566916312,2459282.0
2022-08-06,2178405,-0.02102013894396504,150,45701.0,0.13599472546264466,2211091.0,11311330.0,2335191.4285714286,300696.7135179244,,14.608997069105069,8,-0.8204859638785327,-0.9749279121818236,40,30,,,,,0.0,,26136.0,5,16009390.0,4.0,0.9710729824489109,0.9904158760670482,2182374.8333333335,,,2117390.0,,1.1295727566916312,2188435.0
2022-08-07,2438788,-0.01595860384430159,174,-227967.0,0.15366178119987084,2486969.0,13489735.0,2335191.4285714286,382152.0863288616,,14.72657565998661,8,-0.8105309990194823,-0.7818314824680299,48,29,,,,,0.0,,-49565.0,6,15976704.0,2.0,0.9733295255607199,0.9914050694278294,2451569.8333333335,,,2360671.0,,1.1295727566916312,2455103.5
2022-08-08,2340305,0.017314850955139738,0,260383.0,0.14599261827756854,2373400.0,0.0,2275503.285714286,346498.8802199812,,14.679834505549566,8,-0.8003361849976323,0.0,0,28,,,,,0.0,,-34882.0,0,15928523.0,0.0,0.9733295255607199,0.9914050694278294,2367621.3333333335,,,2406372.0,,1.1295727566916312,2374146.0
2022-08-09,2049473,0.023036241890006304,27,-98483.0,0.1300853649394115,2053497.0,2340305.0,2275503.285714286,267129.9066469867,,14.535055238431356,8,-0.7899045386224707,0.7818314824680298,8,27,,,,,0.0,,-96223.0,1,15895428.0,-2.0,0.9860558692171568,0.9914777914617774,2134463.0,,,2178405.0,,1.1295727566916312,2144270.5
2022-08-10,2112967,0.051850427409546374,52,-290832.0,0.13558300170571821,2117390.0,4389778.0,2275503.285714286,287082.0919816707,,14.565695228386492,8,-0.7792391467859886,0.9749279121818236,16,26,,,,,0.0,,-132254.0,2,15891404.0,-4.0,0.9916151200265106,0.9833700687671416,2204095.6666666665,,,2438788.0,,1.1295727566916312,2212163.0
2022-08-11,2340082,-0.004934558301633585,75,63494.0,0.1486954094607699,2360671.0,6502745.0,2275503.285714286,351020.94094716513,,14.674456882232125,8,-0.7683431655492202,0.43388373911755823,24,25,,,,,0.0,,-27426.0,3,15886981.0,-6.0,0.9936521732619612,0.9768949940919046,2409778.6666666665,,,2340305.0,,1.117730571916989,2408271.0
2022-08-12,2361142,-0.07939652308223732,96,227115.0,0.15127937859129736,2406372.0,8842827.0,2275503.285714286,364034.4608194974,,14.693631192594925,8,-0.7572198192083127,-0.433883739117558,32,24,,,,,0.0,,-57592.0,4,15866392.0,-7.0,0.9930228755711145,0.9759374240034425,2451745.6666666665,,,2049473.0,,1.117730571916989,2459282.0
2022-08-13,2058033,-0.019064211593225355,115,21060.0,0.1356983936933815,2178405.0,11203969.0,2275503.285714286,295606.0593136307,,14.594103974652988,8,-0.7458723993404063,-0.9749279121818236,40,23,,,,,0.0,,-53294.0,5,15821162.0,-7.0,0.9905085432040264,0.9736739906854581,2186464.8333333335,,,2112967.0,,1.117730571916989,2188435.0
2022-08-14,2360307,-0.02617344063673288,132,-303109.0,0.152665833331853,2438788.0,13262002.0,2275503.285714286,372319.6023397231,,14.707012162590669,8,-0.734304263829602,-0.7818314824680299,48,22,,,,,0.0,,-40265.0,6,15700790.0,-7.0,0.9831180523561063,0.9679659483615206,2448539.3333333335,,,2340082.0,,1.117730571916989,2448536.0
2022-08-15,2276507,-0.0005821124584579618,0,302274.0,0.1473976831038604,2340305.0,0.0,2231758.4285714286,344955.53475638,,14.665792248015103,8,-0.722518835873311,0.0,0,21,,,,,0.0,,-20490.0,0,15622309.0,-7.0,0.9831180523561063,0.9679659483615206,2359480.1666666665,,,2361142.0,,1.117730571916989,2368564.0
2022-08-16,2016730,0.004193681183505271,20,-83800.0,0.13066421011593965,2049473.0,2276507.0,2231758.4285714286,267792.77069894515,,14.53309373282508,8,-0.7105196029692745,0.7818314824680298,8,20,,,,,0.0,,88566.0,1,15558511.0,-7.0,0.9727394506271618,0.9622325417041883,2120068.3333333335,,,2058033.0,,1.117730571916989,2144270.5
2022-08-17,2051652,0.047607468381625884,38,-259777.0,0.13537605647966242,2112967.0,4293237.0,2231758.4285714286,286045.1399316629,,14.563604152138984,8,-0.6983101158835584,0.9749279121818236,16,19,,,,,0.0,,116234.0,2,15525768.0,-7.0,0.9780077716914158,0.9618032513002417,2183986.1666666665,,,2360307.0,,1.117730571916989,2193055.0
2022-08-18,2335005,-0.0021935961754424582,54,34922.0,0.14879207045802578,2340082.0,6344889.0,2231758.4285714286,348185.6458215579,,14.665696956790306,8,-0.6858939875998223,0.43388373911755823,24,18,,,,,0.0,,32802.0,3,15464453.0,-7.0,0.9757247131788191,0.9559225731354768,2401876.3333333335,,,2276507.0,,1.0865996542343448,2408271.0
2022-08-19,2358565,-0.06595282964785354,68,283353.0,0.15098148301629027,2361142.0,8679894.0,2231758.4285714286,356488.7207720496,,14.67465638178963,8,-0.673274892250183,-0.433883739117558,32,17,,,,,0.0,,12477.0,4,15459376.0,-7.0,0.9815745575481687,0.9616373738060574,2436188.5,,,2016730.0,,1.0865996542343448,2456807.5
2022-08-20,2014843,-0.0038109246095783256,80,23560.0,0.13449144487618817,2058033.0,11038459.0,2231758.4285714286,276787.83177287615,,14.537261716133736,8,-0.6604565640279754,-0.9749279121818236,40,16,,,,,0.0,,-87686.0,5,15456799.0,-7.0,0.9852275564132674,0.9640484613769582,2179733.0,,,2051652.0,,1.0865996542343448,2184444.0
2022-08-21,2348153,-0.013006501008411497,90,-343722.0,0.15229705195003335,2360307.0,13053302.0,2231758.4285714286,359467.79779702734,,14.67430267696088,8,-0.6474427960827475,-0.7818314824680299,48,15,,,,,0.0,,-30300.0,6,15413609.0,-7.0,0.9842633110747533,0.9591238133110491,2442142.6666666665,,,2335005.0,,1.0865996542343448,2448536.0
2022-08-22,2260555,0.006616783157571415,0,333310.0,0.14814633267151162,2276507.0,0.0,2200207.8571428573,337256.1633510249,,14.638153247917282,8,-0.6342374393978054,0.0,0,14,,,,,0.0,,-30703.0,0,15401455.0,-7.0,0.9842633110747533,0.9591238133110491,2341230.5,,,2358565.0,,1.0865996542343448,2352016.5
2022-08-23,1960482,0.004841421153333858,13,-87598.0,0.1305852517328884,2016730.0,2260555.0,2200207.8571428573,263355.194727268,,14.51698844165654,8,-0.620844401650647,0.7818314824680298,8,13,,,,,0.0,,-28719.0,1,15385503.0,-7.0,0.9929927735781177,0.9643782775078691,2101828.5,,,2014843.0,,1.0865996542343448,2107394.5
2022-08-24,1997252,0.04642612471195062,24,-300073.0,0.13457743177676107,2051652.0,4221037.0,2200207.8571428573,276106.0570596554,,14.53415636765938,8,-0.6072676460566135,0.9749279121818236,16,12,,,,,0.0,,-56892.0,2,15329255.0,-7.0,0.9831828524723886,0.9570425219266473,2169834.6666666665,,,2348153.0,,1.0865996542343448,2162134.5
2022-08-25,2263665,-0.010348272407747494,33,36770.0,0.14932163625326314,2335005.0,6218289.0,2200207.8571428573,348666.7672595507,,14.663525018674981,8,-0.593511190196115,0.43388373911755823,24,11,,,,,0.0,,15512.0,3,15274855.0,-7.0,0.9800469322631176,0.95073384894003,2382054.5,,,2260555.0,,1.0621313786353441,2381575.5
2022-08-26,2284831,-0.07704806529121122,40,266413.0,0.15152332531670365,2358565.0,8481954.0,2200207.8571428573,357377.61177559115,,14.673564365202976,8,-0.5795791048257612,-0.433883739117558,32,10,,,,,0.0,,42653.0,4,15203515.0,-7.0,0.9771955740473328,0.9527106123012882,2417314.6666666665,,,1960482.0,,1.0621313786353441,2427954.0
2022-08-27,1888903,-0.012743534677986945,45,21166.0,0.13364621802588356,2014843.0,10766785.0,2200207.8571428573,269276.1468659253,,14.516052331011048,8,-0.5654755126737576,-0.9749279121818236,40,9,,,,,0.0,,77182.0,5,15129781.0,-7.0,0.9753884124586593,0.9527698728982087,2156332.6666666665,,,1997252.0,,1.0621313786353441,2173736.5
2022-08-28,2319869,-0.027076497245505537,48,-395928.0,0.1521998042229886,2348153.0,12655688.0,2200207.8571428573,357388.4268856233,,14.669140045513585,8,-0.5512045872199277,-0.7818314824680299,48,8,,,,,0.0,,66327.0,6,15003841.0,-7.0,0.969539201651812,0.9433207595126826,2421881.5,,,2263665.0,,1.0621313786353441,2441312.0
2022-08-29,2100205,-0.00021262257901888404,0,430966.0,0.14939231810384535,2260555.0,0.0,2139365.285714286,337709.5516512381,,14.631121358690192,8,-0.5367705514607103,0.0,0,7,,,,,1.0521933343865402,,47846.0,0,14975557.0,-7.0,0.969539201651812,0.9433207595126826,2322174.3333333335,,,2284831.0,,1.0621313786353441,2329428.0
2022-08-30,1768473,-0.0071991881347601705,6,-219664.0,0.13049114987837168,1960482.0,2100205.0,2139365.285714286,255825.55049584986,,14.488701429419596,8,-0.522177676659508,0.7818314824680298,8,6,,,,,1.0393463519797232,,-23505.0,1,14815207.0,-7.0,0.9290660921764787,0.9081214563073526,2080096.0,,,1888903.0,,1.0621313786353441,2062916.0
2022-08-31,2009736,0.03007227048449601,10,-331732.0,0.13369073247582697,1997252.0,3868678.0,2139365.285714286,267014.08281881036,,14.5072832944085,8,-0.5074302810827518,0.9749279121818236,16,5,,,,,1.024767594394953,,6915.0,2,14623198.0,-7.0,0.9165231197926007,0.8928946706842193,2138788.0,,,2319869.0,,1.0621313786353441,2126712.5
2022-09-01,2324033,-0.02464603034452817,12,241263.0,0.15019043744882937,2263665.0,5878414.0,2139365.285714286,339980.83658760437,,14.63249618092034,9,-0.49253272872205434,0.43388373911755823,27,4,,,,,1.0253977057424561,,-66263.0,3,14635682.0,-7.0,0.9453426818856441,0.9181360090370208,2352660.8333333335,,,2100205.0,,1.0022466270331447,2350376.5
2022-09-02,2479578,-0.06124458261649168,12,314297.0,0.15198051179139616,2284831.0,8202447.0,2139365.285714286,347249.78473684745,,14.641803056631566,9,-0.4774894280028391,-0.433883739117558,36,3,,,,,0.0,,-71157.0,4,14696050.0,-7.0,0.967046862079186,0.939849124165814,2388113.0,,,1768473.0,,1.0022466270331447,2383757.0
2022-09-03,1903950,0.05077374769117671,10,155545.0,0.13136301815721646,1888903.0,10682025.0,2139365.285714286,248131.99908622063,,14.45150732465227,9,-0.46230483047981086,-0.9749279121818236,45,2,,,,,0.0,,-82750.0,5,14890797.0,-7.0,0.992127640702401,0.9640698671042907,2130628.5,,,2009736.0,,1.0022466270331447,2162200.5
2022-09-04,1979923,0.027573146784109825,6,-575628.0,0.15289183214451402,2319869.0,12585975.0,2139365.285714286,354689.02174526156,,14.657021707589744,9,-0.4469834295196741,-0.7818314824680299,54,1,,,,,0.0,,-16130.0,6,14905844.0,-7.0,0.9944915677440848,0.9596493010857436,2421881.5,,,2324033.0,,1.0022466270331447,2441312.0
2022-09-05,2409938,0.012981552199649915,0,75973.0,0.14818814257955026,2100205.0,0.0,2080842.5714285714,311225.47798628436,,14.557545993120723,9,-0.43152975897147144,0.0,0,0,,,,,0.0,,-144398.0,0,14565898.0,-7.0,0.9944915677440848,0.9596493010857436,2322174.3333333335,,,2479578.0,,1.0022466270331447,2329428.0
2022-09-06,2088456,-0.00870798922767424,1,430015.0,0.12861424731442514,1768473.0,2409938.0,2080842.5714285714,227450.82379088338,,14.385627585794975,9,-0.4159483918249421,0.7818314824680298,9,1,,,,,0.0,,-135761.0,1,14875631.0,-5.0,1.1474775081480142,1.0737593638903704,2049161.8333333333,,,1903950.0,,1.0022466270331447,2051485.0
2022-09-07,1835889,0.04377177001969468,4,-321482.0,0.134951909776642,2009736.0,4498394.0,2080842.5714285714,271217.7113468694,,14.51351442570306,9,-0.4002439388573056,0.9749279121818236,18,2,,,,,0.0,,66884.0,2,15195614.0,-3.0,1.162772916226163,1.0727875545602892,2117738.1666666665,,,1979923.0,,1.0022466270331447,2115178.5
2022-09-08,2120200,0.027308914112085247,9,-252567.0,0.15302768941002035,2324033.0,6334283.0,2080842.5714285714,355641.4001026378,,14.658815026795287,9,-0.38442104726885545,0.43388373911755823,27,3,,,,,0.0,,131708.0,3,15021767.0,-1.0,1.0775496588025273,1.0157468607002864,2362722.1666666665,,,2409938.0,,1.079901192846607,2350376.5
2022-09-09,2224222,-0.08031877554122868,16,284311.0,0.1567701587918928,2479578.0,8454483.0,2080842.5714285714,388723.83679688396,,14.723599345666118,9,-0.3684843993077793,-0.433883739117558,36,4,,,,,0.0,,268481.0,4,14817934.0,1.0,1.0307269281959395,0.9886225447437524,2417314.6666666665,,,2088456.0,,1.079901192846607,2427954.0
2022-09-10,1828963,-0.03460248375231323,25,104022.0,0.12985091300868623,1903950.0,10678705.0,2080842.5714285714,247229.64582288815,,14.459441758708172,9,-0.35243871088460327,-0.9749279121818236,45,5,,,,,0.0,,140987.0,5,14562578.0,3.0,0.999689197507027,0.9776518577935466,2090287.5,,,1835889.0,,1.079901192846607,2118219.0
2022-09-11,2340559,-0.035578999617835616,36,-395259.0,0.14859693911878316,1979923.0,12507668.0,2080842.5714285714,294210.4974908785,,14.498569018095656,9,-0.33628873017668287,-0.7818314824680299,54,6,,,,,0.0,,-311662.0,6,14487591.0,5.0,0.993778233311285,0.9703959505608621,2401220.3333333335,,,2120200.0,,1.079901192846607,2399547.5
2022-09-12,2230866,-0.00980137456936081,0,511596.0,0.15131300391436728,2409938.0,0.0,2121175.285714286,364654.95802738244,,14.695111993943184,9,-0.32003923622313857,0.0,0,7,,,,,0.0,,470083.0,0,14848227.0,7.0,0.993778233311285,0.9703959505608621,2333416.6666666665,,,2224222.0,,1.079901192846607,2352016.5
2022-09-13,1816435,0.018209272881630545,8,-109693.0,0.1309804210614883,2088456.0,2230866.0,2121175.285714286,273546.8462483916,,14.551936073767981,9,-0.30369503751065885,0.7818314824680298,9,8,,,,,0.0,,511992.0,1,14669155.0,7.0,0.9256943539626331,0.9863227372431597,2051848.6666666667,,,1828963.0,,1.079901192846607,2051485.0
2022-09-14,1976151,0.07805642844699956,18,-414431.0,0.13204952711351597,1835889.0,4047301.0,2121175.285714286,242428.27428290574,,14.423039935513696,9,-0.28726097055059635,0.9749279121818236,18,9,,,,,0.0,,-186331.0,2,14397134.0,7.0,0.8997213227654136,0.9589995963592003,2085907.8333333333,,,2340559.0,,1.079901192846607,2082309.5
2022-09-15,2357970,0.0069738969536004,30,159716.0,0.1512777928090698,2120200.0,6023452.0,2121175.285714286,320739.1763137898,,14.567021453474641,9,-0.2707418984477642,0.43388373911755823,27,10,,,,,0.0,,-264201.0,3,14537396.0,7.0,0.9509287791530627,0.9724705181956238,2339586.3333333335,,,2230866.0,,1.024634968580063,2337543.5
2022-09-16,2375510,-0.05975887730894758,44,381819.0,0.15643466537863926,2224222.0,8381422.0,2121175.285714286,347945.4242978078,,14.614918199110104,9,-0.2541427094613622,-0.433883739117558,36,11,,,,,0.0,,-450103.0,4,14775166.0,7.0,0.9913583125071043,0.9913335129968327,2389863.8333333335,,,1816435.0,,1.024634968580063,2383757.0
2022-09-17,1888228,0.02922448252123644,60,17540.0,0.12771101249737202,1828963.0,10756932.0,2121175.285714286,233578.716550231,,14.419260244292468,9,-0.23746831555846842,-0.9749279121818236,45,12,,,,,0.0,,-90034.0,5,14926454.0,7.0,1.0073255137209989,0.9967973385704212,2039102.8333333333,,,1976151.0,,1.024634968580063,2036438.0
2022-09-18,2349493,0.0067876530821198156,78,-487282.0,0.15023357722554734,2340559.0,12645160.0,2121175.285714286,351630.5512774499,,14.665900774941637,9,-0.2207236509605022,-0.7818314824680299,54,13,,,,,0.0,,700582.0,6,14985719.0,7.0,1.0109926166892182,0.9956302855405152,2382440.8333333335,,,2357970.0,,1.024634968580063,2354230.0
2022-09-19,2227301,0.02121693610657638,0,461265.0,0.15155457131474956,2230866.0,0.0,2142093.285714286,338097.94029065006,,14.617900857115018,9,-0.20391367068311472,0.0,0,14,,,,,0.0,,-488805.0,0,14994653.0,7.0,1.0109926166892182,0.9956302855405152,2311273.0,,,2375510.0,,1.024634968580063,2308406.0
2022-09-20,1898568,0.0073338411376220325,15,-122192.0,0.12852910275908874,1816435.0,2227301.0,2142093.285714286,233464.76077020535,,14.412386897432565,9,-0.18704334906991657,0.7818314824680298,9,15,,,,,0.0,,-592004.0,1,14991088.0,7.0,0.9984019658733425,0.9897395608140985,1997512.1666666667,,,1888228.0,,1.024634968580063,2033101.5
2022-09-21,1960592,0.04652819003229025,32,-328733.0,0.1316942293463236,1976151.0,4125869.0,2142093.285714286,260247.68301696674,,14.496662077408445,9,-0.17011767832049052,0.9749279121818236,18,16,,,,,0.0,,314109.0,2,15073221.0,7.0,1.019412443008316,0.9920690863645681,2044191.3333333333,,,2349493.0,,1.024634968580063,2030694.0
2022-09-22,2335489,-0.017935626524243187,51,62024.0,0.15268896247484798,2357970.0,6086461.0,2142093.285714286,360035.9928468173,,14.673312061445726,9,-0.15314166701312007,0.43388373911755823,27,17,,,,,0.0,,441603.0,3,15057662.0,7.0,1.0104606129508462,0.9955593336473323,2330237.6666666665,,,2227301.0,,1.034664388545451,2337543.5
2022-09-23,2405872,-0.07119293217564537,68,374897.0,0.15775584122184905,2375510.0,8421950.0,2142093.285714286,374750.57838091464,,14.680723130202475,9,-0.13612033862266704,-0.433883739117558,36,17,,,,,0.0,,406644.0,4,15035181.0,6.0,1.004835456322328,1.0049967920937237,2375083.1666666665,,,1898568.0,,1.034664388545451,2368326.0
2022-09-24,1914884,0.018404821914448144,80,70383.0,0.1264873011001842,1888228.0,10827822.0,2142093.285714286,238836.8635817986,,14.451149910705139,9,-0.11905873003404988,-0.9749279121818236,45,16,,,,,0.0,,134252.0,5,15065543.0,4.0,1.0065901690184524,1.0099532821304655,1988727.0,,,1960592.0,,1.034664388545451,1959396.5
2022-09-25,2362292,0.00475814448810441,90,-490988.0,0.15128999178295688,2349493.0,12742706.0,2142093.285714286,355454.77666411473,,14.669710543786909,9,-0.10196189005174576,-0.7818314824680299,54,15,,,,,0.0,,-351702.0,6,15092199.0,2.0,1.0077140977259282,1.0114364286366142,2359528.1666666665,,,2335489.0,,1.034664388545451,2348823.0
2022-09-26,2229901,0.024457191478240103,0,447408.0,0.15068080302812725,2227301.0,0.0,2157856.8571428573,335611.5032653509,,14.616301545487362,9,-0.08483487790576538,0.0,0,14,,,,,0.0,,175507.0,0,15104998.0,0.0,1.0077140977259282,1.0114364286366142,2284822.3333333335,,,2405872.0,,1.034664388545451,2268531.0
2022-09-27,1842212,0.005049934070055162,13,-132391.0,0.1272239156207128,1898568.0,2229901.0,2157856.8571428573,241543.25503218547,,14.456611002476036,9,-0.06768276175455162,0.7818314824680298,9,13,,,,,0.0,,354154.0,1,15107598.0,-2.0,1.0011673321208046,0.994569099417839,1965864.1666666667,,,1914884.0,,1.034664388545451,1988606.0
2022-09-28,1724121,0.04099013986563804,24,-387689.0,0.1308017562490582,1960592.0,4072113.0,2157856.8571428573,256448.87688785352,,14.488757536467778,9,-0.050510617185222886,0.9749279121818236,18,12,,,,,0.0,,-155821.0,2,15051242.0,-4.0,0.9869709872029383,0.9847771272028547,2018058.3333333333,,,2362292.0,,1.034664388545451,2003494.0
2022-09-29,2000766,-0.04748034706621085,33,-118091.0,0.15355387562933093,2335489.0,5796234.0,2157856.8571428573,358623.38743967045,,14.663732277176747,9,-0.033323525711631344,0.43388373911755823,27,11,,,,,0.0,,-260251.0,3,14814771.0,-6.0,0.9523159681792096,0.953225661226324,2326040.6666666665,,,2229901.0,,0.9844294019896284,2335247.0
2022-09-30,2143343,-0.1314697693572402,40,276645.0,0.15943230781049558,2405872.0,7797000.0,2157856.8571428573,383573.72525665263,,14.693423389418696,9,-0.016126573270657762,-0.433883739117558,36,10,,,,,0.0,,-120926.0,4,14480048.0,-7.0,0.9257950949601933,0.9320896147321085,2365382.0,,,1842212.0,,0.9844294019896284,2368326.0
2022-10-01,1868495,-0.05595141757989952,45,142577.0,0.12664708754210666,1914884.0,9940343.0,2157856.8571428573,242514.48158097937,,14.465168126574355,10,0.001075151282798226,-0.9749279121818236,50,9,,,,,0.0,,-32609.0,5,14217519.0,-7.0,0.9180371638913163,0.925856884043966,1944806.8333333333,,,1724121.0,,0.9844294019896284,1909417.0
2022-10-02,2279898,-0.035472229922758336,48,-274848.0,0.15166025412016856,2362292.0,11808838.0,2157856.8571428573,358265.8050260412,,14.675143315463643,10,0.018276557681691223,-0.7818314824680299,60,8,,,,,0.0,,3865.0,6,14171130.0,-7.0,0.9267135253689444,0.935696117958756,2346778.8333333335,,,2000766.0,,0.9844294019896284,2348823.0
2022-10-03,2099505,0.0278772044416985,0,411403.0,0.15420305461271258,2229901.0,0.0,2012676.5714285714,343857.5456839424,,14.6174681962823,10,0.03547255575312556,0.0,0,7,,,,,0.9865141430371797,,6165.0,0,14088736.0,-7.0,0.9267135253689444,0.935696117958756,2260905.8333333335,,,2143343.0,,0.9844294019896284,2245710.5
2022-10-04,1802567,0.041294000334147984,6,-180393.0,0.12956039444884887,1842212.0,2099505.0,2012676.5714285714,238677.71337840278,,14.426478124291311,10,0.052658056924614005,0.7818314824680298,10,6,,,,,0.9763950956889949,,-138489.0,1,13958340.0,-7.0,0.9415238613732179,0.9230616027292134,1930650.0,,,1868495.0,,0.9844294019896284,1929525.0
2022-10-05,1996446,0.07696123821691458,10,-296938.0,0.12690186116306604,1724121.0,3902072.0,2012676.5714285714,218794.1637703266,,14.360228493363257,10,0.06982797572987089,0.9749279121818236,20,5,,,,,0.973774600595498,,-220912.0,2,13918695.0,-7.0,0.9582425635045,0.9321899843146759,1971878.6666666667,,,2279898.0,,0.9844294019896284,1986701.5
2022-10-06,2376101,0.010189493776967096,12,193879.0,0.14916855741555968,2000766.0,5898518.0,2012676.5714285714,298451.3779460997,,14.50904116500689,10,0.0869772313136861,0.43388373911755823,30,4,,,,,0.9919562104523179,,-312242.0,3,14191020.0,-7.0,1.017646630553563,0.9733355390147782,2286412.3333333335,,,2099505.0,,1.0022013889513939,2329519.0
2022-10-07,2473989,-0.03969343762985167,12,379655.0,0.15490729421525667,2143343.0,8274619.0,2012676.5714285714,332019.4647052109,,14.57787778420516,10,0.1041007489354256,-0.433883739117558,40,3,,,,,0.0,,-292891.0,4,14566355.0,-7.0,1.0612567654225984,1.0013196548585677,2335023.6666666665,,,1802567.0,,1.0022013889513939,2359853.5
2022-10-08,2018002,0.05541852237308009,10,97888.0,0.12712470674812687,1868495.0,10748608.0,2012676.5714285714,237531.87893534132,,14.440644387150769,10,0.121193461470736,-0.9749279121818236,50,2,,,,,0.0,,-73045.0,5,14897001.0,-7.0,1.0813115804957636,1.0187336202553505,1913217.1666666667,,,1996446.0,,1.0022013889513939,1896426.5
2022-10-09,2425613,0.04299933344041795,6,-455987.0,0.15813413139642932,2279898.0,12766610.0,2012676.5714285714,360529.6899024564,,14.639641701703813,10,0.1382503109109819,-0.7818314824680299,60,1,,,,,0.0,,-95193.0,6,15046508.0,-7.0,1.0811063713466134,1.0274033841530077,2333046.5,,,2376101.0,,1.0022013889513939,2344356.0
2022-10-10,2330624,0.05745024598656734,0,407611.0,0.14817587231552304,2099505.0,0.0,2170317.5714285714,311095.9848058022,,14.557212636925593,10,0.15526624985999563,0.0,0,0,,,,,0.0,,-132996.0,0,15192223.0,-7.0,1.0811063713466134,1.0274033841530077,2220889.1666666665,,,2473989.0,,1.0022013889513939,2230383.5
2022-10-11,2046661,0.026500009880663145,1,-94989.0,0.12405966453062986,1802567.0,2330624.0,2170317.5714285714,223625.85731398387,,14.404722872811071,10,0.172236243027682,0.7818314824680298,10,1,,,,,0.0,,16711.0,1,15423342.0,-5.0,1.110082614711563,1.0608726664347483,1889499.0,,,2018002.0,,1.0022013889513939,1870390.0
2022-10-12,2119772,0.06136691173104558,4,-283963.0,0.1288440403715455,1996446.0,4377285.0,2170317.5714285714,257230.16902361054,,14.506879658676752,10,0.18915526872004093,0.9749279121818236,20,2,,,,,0.0,,508796.0,2,15667436.0,-3.0,1.1217847851090395,1.084334864750295,1962677.6666666667,,,2425613.0,,1.0022013889513939,1986298.5
2022-10-13,2413700,0.00027116189243669986,9,73111.0,0.15257130678933234,2376101.0,6497057.0,2170317.5714285714,362524.8346334394,,14.680971887836167,10,0.20601832032517084,0.43388373911755823,30,3,,,,,0.0,,710058.0,3,15790762.0,-1.0,1.1014727767212036,1.091728365007447,2289393.6666666665,,,2330624.0,,1.103836797368892,2329519.0
2022-10-14,2412403,-0.06489207208158554,16,293928.0,0.1581694465284454,2473989.0,8910757.0,2170317.5714285714,391309.4708474621,,14.721342789889215,10,0.22282040779479959,-0.433883739117558,40,4,,,,,0.0,,593175.0,4,15828361.0,1.0,1.0768782224293347,1.0841988671571043,2353831.5,,,2046661.0,,1.103836797368892,2367037.5
2022-10-15,2036937,0.006392097448932876,25,-1297.0,0.1295382201709198,2018002.0,11323160.0,2170317.5714285714,261408.38738135647,,14.517618966515002,10,0.23955655912092708,-0.9749279121818236,50,5,,,,,0.0,,195896.0,5,15766775.0,3.0,1.0534536192965638,1.0714140149296116,1913217.1666666667,,,2119772.0,,1.103836797368892,1896426.5
2022-10-16,2475395,-0.013432426965259259,36,-375466.0,0.1586414492936041,2425613.0,13360097.0,2170317.5714285714,384802.76174540696,,14.701595246181343,10,0.2562218218071163,-0.7818314824680299,60,6,,,,,0.0,,228109.0,6,15785710.0,5.0,1.0464874387170908,1.0695925414395049,2333377.3333333335,,,2413700.0,,1.103836797368892,2344356.0
2022-10-17,2294755,0.01013246154650349,0,438458.0,0.14777582366228312,2330624.0,0.0,2262213.1428571427,344409.88124708494,,14.661647029915223,10,0.27281126433401914,0.0,0,7,,,,,0.0,,361515.0,0,15835492.0,7.0,1.0464874387170908,1.0695925414395049,2229908.6666666665,,,2412403.0,,1.103836797368892,2230383.5
2022-10-18,2003403,0.004346382843054997,8,-180640.0,0.12608624715367495,2046661.0,2294755.0,2262213.1428571427,258055.80468578753,,14.531720731322324,10,0.28931997761869527,0.7818314824680298,10,8,,,,,0.0,,283739.0,1,15799623.0,7.0,0.9846097010929262,1.032820764749282,1894487.5,,,2036937.0,,1.103836797368892,1870390.0
2022-10-19,2110090,0.05033680757027148,18,-291352.0,0.12936196727926952,2119772.0,4298158.0,2262213.1428571427,274217.8761035117,,14.56681956544351,10,0.3057430764672831,0.9749279121818236,20,9,,,,,0.0,,-148999.0,2,15756365.0,7.0,0.9819232697893786,1.0434107109163682,1962677.6666666667,,,2475395.0,,1.103836797368892,1986298.5
2022-10-20,2429402,-0.011226048933997035,30,106687.0,0.15136365023137244,2413700.0,6408248.0,2262213.1428571427,365346.44256346364,,14.6966718121563,10,0.3220757010206104,0.43388373911755823,30,10,,,,,0.0,,-337736.0,3,15746683.0,7.0,0.9863308879697377,1.0557997748603998,2296243.0,,,2294755.0,,1.0859979249499438,2329761.0
2022-10-21,2375559,-0.06581585352851937,40,319312.0,0.15664887623718965,2412403.0,8837650.0,2262213.1428571427,377900.21898122504,,14.696134318657412,10,0.3383130181923076,-0.433883739117558,40,10,,,,,0.0,,-392232.0,4,15762385.0,6.0,0.9917956465427124,1.0582641302207385,2362804.5,,,2003403.0,,1.0859979249499438,2390691.0
2022-10-22,2005659,0.004915711537119449,45,-53843.0,0.1302143101994463,2036937.0,11213209.0,2262213.1428571427,265238.34637472953,,14.526958257828696,10,0.3544502230989869,-0.9749279121818236,50,9,,,,,0.0,,-130572.0,5,15725541.0,4.0,0.9902897247764758,1.0469866047642977,1913743.6666666667,,,2110090.0,,1.0859979249499438,1896426.5
2022-10-23,2416107,-0.014801985937910711,48,-369900.0,0.158549125236764,2475395.0,13218868.0,2262213.1428571427,392471.71186545945,,14.721910941186293,10,0.3704825404820963,-0.7818314824680299,60,8,,,,,0.0,,-95933.0,6,15694263.0,2.0,0.9894290438160741,1.0433562910448508,2346287.3333333335,,,2429402.0,,1.0859979249499438,2345026.0
2022-10-24,2322585,0.00441677655670536,0,410448.0,0.14760483632182914,2294755.0,0.0,2233567.8571428573,338716.93617369904,,14.646137077741827,10,0.3864052261209853,0.0,0,7,,,,,1.0884014334192234,,-266988.0,0,15634975.0,0.0,0.9894290438160741,1.0433562910448508,2235608.6666666665,,,2375559.0,,1.0859979249499438,2230383.5
2022-10-25,1981651,0.004937222117328277,6,-93522.0,0.12669740036991922,2003403.0,2322585.0,2233567.8571428573,253825.9519932973,,14.510358291763579,10,0.40221356823680365,0.7818314824680298,10,6,,,,,1.0901899812935965,,-287352.0,1,15662805.0,-2.0,1.0121276563293249,1.0374721447806954,1901641.0,,,2005659.0,,1.0859979249499438,1870390.0
2022-10-26,2057463,0.05019286427660208,10,-340934.0,0.1306524758103204,2110090.0,4304236.0,2233567.8571428573,275688.482682599,,14.562241632484351,10,0.41790288888678667,0.9749279121818236,20,5,,,,,1.0882095538924292,,-133008.0,2,15641053.0,-4.0,1.0014140941305554,1.0340737943214107,1981484.0,,,2416107.0,,1.0859979249499438,1986298.5
2022-10-27,2310460,-0.007599258319027413,12,75812.0,0.15155504105361267,2429402.0,6361699.0,2233567.8571428573,368188.11984572874,,14.703156106120353,10,0.4334685453485363,0.43388373911755823,30,4,,,,,1.084388277630782,,-21897.0,3,15588426.0,-6.0,0.9927360801267366,1.0344202047987126,2321248.8333333335,,,2322585.0,,1.0759063299021938,2346729.5
2022-10-28,2312356,-0.0760084765676825,12,252997.0,0.1548144327983592,2375559.0,8672159.0,2233567.8571428573,367770.81916403736,,14.680743757130594,10,0.4489059314938798,-0.433883739117558,40,3,,,,,0.0,,24742.0,4,15469484.0,-7.0,0.981274320662167,1.0256833037325281,2377925.8333333335,,,1981651.0,,1.0759063299021938,2390715.5
2022-10-29,1830454,-0.010362160524068242,10,1896.0,0.13059149331884182,2005659.0,10984515.0,2233567.8571428573,261922.00389837497,,14.511483741613283,10,0.4642104791518923,-0.9749279121818236,50,2,,,,,0.0,,-50213.0,5,15406281.0,-7.0,0.9796049462736314,1.0164889467562068,1933203.0,,,2057463.0,,1.0759063299021938,1909417.0
2022-10-30,2241429,-0.03887264034440818,6,-481902.0,0.15808432032711756,2416107.0,12814969.0,2233567.8571428573,381948.632932591,,14.697668539024493,10,0.4793776594606945,-0.7818314824680299,60,1,,,,,0.0,,-109070.0,6,15231076.0,-7.0,0.9694452656611746,1.0020616598610954,2362327.0,,,2310460.0,,1.0759063299021938,2355892.5
2022-10-31,1925032,-0.021661028604655685,0,410975.0,0.14660072603571273,2322585.0,0.0,2150914.0,340492.64727965585,,14.658191778048081,10,0.49440298420761813,0.0,0,0,,,,,0.0,,63699.0,0,15056398.0,-7.0,0.9694452656611746,1.0020616598610954,2272672.0,,,2312356.0,,1.0759063299021938,2262810.5
2022-11-01,1978549,-0.04904151476264229,1,-316397.0,0.12691175532823679,1981651.0,1925032.0,2150914.0,251494.80685795576,,14.49944139823406,11,0.5092820071573356,0.7818314824680298,11,1,,,,,0.0,,21506.0,1,14658845.0,-5.0,0.8288316681628444,0.8510808934520804,1931488.3333333333,,,1830454.0,,1.0759063299021938,1940109.5
2022-11-02,1897396,0.02043297141077627,4,53517.0,0.1342211172479989,2057463.0,3903581.0,2150914.0,276154.98255641956,,14.536984714417956,11,0.5240103253675756,0.9749279121818236,22,2,,,,,0.0,,-42945.0,2,14655743.0,-3.0,0.9069161170530612,0.9249232499638219,1989438.5,,,2241429.0,,1.0759063299021938,1986298.5
2022-11-03,2253501,-0.027532803957728946,9,-81153.0,0.1544155298259756,2310460.0,5800977.0,2150914.0,356770.90504172357,,14.652957629686679,11,0.5385835804920232,0.43388373911755823,33,3,,,,,0.0,,-134644.0,3,14495676.0,-1.0,0.9118597091751748,0.9220515274827202,2318986.6666666665,,,1925032.0,,0.9793468278888464,2346729.5
2022-11-04,2272855,-0.036419610188489604,16,356105.0,0.15517642109628632,2312356.0,8054478.0,2150914.0,358823.1283805242,,14.653777908618842,11,0.5529974600700271,-0.433883739117558,44,4,,,,,0.0,,-26359.0,4,14438717.0,1.0,0.9287742533318404,0.9285989395934912,2350987.0,,,1978549.0,,0.9793468278888464,2375534.5
2022-11-05,1924975,0.02161912495788143,25,19354.0,0.1278289542474443,1830454.0,10327333.0,2150914.0,233985.02061805144,,14.420075127793105,11,0.5672476988027229,-0.9749279121818236,55,5,,,,,0.0,,-143927.0,5,14399216.0,3.0,0.9401719602549589,0.9331331834573571,1920953.6666666667,,,1897396.0,,0.9793468278888464,1901556.0
2022-11-06,2396744,0.014486622571407759,30,-347880.0,0.1548454962183454,2241429.0,12252308.0,2150914.0,347075.1857431897,,14.622624613002328,11,0.5813300798152042,-0.7818314824680299,66,5,,,,,1.005668939909008,,-115390.0,6,14493737.0,4.0,0.9560934560200652,0.9395843724329256,2362327.0,,,2253501.0,,0.9793468278888464,2355892.5
2022-11-07,2168053,0.04270918522711842,0,471769.0,0.14490421828884137,1925032.0,0.0,2092721.7142857143,278945.2571410049,,14.470453668414228,11,0.5952404359043674,0.0,0,4,,,,,1.016374484922587,,-425383.0,0,14649052.0,4.0,0.9560934560200652,0.9395843724329256,2234152.1666666665,,,2272855.0,,0.9793468278888464,2230383.5
2022-11-08,1896916,0.015578355596210347,3,-228691.0,0.13101491482661204,1978549.0,2168053.0,2092721.7142857143,259219.42871527842,,14.49787481115875,11,0.6089746507720486,0.7818314824680298,11,3,,,,,0.0,,18650.0,1,14892073.0,2.0,1.126242576746776,0.9773713410893006,1920136.3333333333,,,1924975.0,,0.9793468278888464,1938558.5
2022-11-09,1945183,0.06244079290685445,4,-271137.0,0.13374889193527434,1897396.0,4064969.0,2092721.7142857143,253774.6125624218,,14.455993504828669,11,0.6225286602431057,0.9749279121818236,22,2,,,,,0.0,,-107440.0,2,14810440.0,0.0,1.0413435765775068,0.9630767991489795,1999689.6666666667,,,2396744.0,,0.9793468278888464,1986298.5
2022-11-10,2203214,-0.017095881088945886,3,48267.0,0.1537730527361705,2253501.0,6010152.0,2092721.7142857143,346527.728114013,,14.627996008620766,11,0.6358984534680745,0.43388373911755823,33,1,,,,,0.0,,61983.0,3,14858227.0,-2.0,1.0360585811665863,0.9590165239075297,2341203.5,,,2168053.0,,1.0151371804930869,2346729.5
2022-11-11,2309163,-0.07712703372225793,0,258031.0,0.153253414247633,2272855.0,8213366.0,2092721.7142857143,348322.7888398039,,14.63654774843012,11,0.6490800741100398,-0.433883739117558,44,0,,,,,0.0,,23702.0,4,14807940.0,-4.0,1.0197266663339326,0.9529636568411631,2359092.5,,,1896916.0,,1.0151371804930869,2375534.5
2022-11-12,1945373,-0.004274478181403474,5,105949.0,0.12747266982571875,1924975.0,10522529.0,2092721.7142857143,245381.70259776295,,14.470424058093833,11,0.6620696215153815,-0.9749279121818236,55,1,,,,,0.0,,269726.0,5,14844248.0,-4.0,1.018900910815987,0.9599048463019603,1936707.1666666667,,,1945183.0,,1.0151371804930869,1919929.5
2022-11-13,2411406,-0.010976884693010946,12,-363790.0,0.15583283813975002,2396744.0,12467902.0,2092721.7142857143,373491.419814417,,14.689622124778728,11,0.6748632518680403,-0.7818314824680299,66,2,,,,,0.0,,329993.0,6,14864646.0,-3.0,1.0175961949373131,0.9656386615699938,2371691.1666666665,,,2203214.0,,1.0151371804930869,2379518.0
2022-11-14,2229804,0.03672379275611504,0,466033.0,0.14453722409888156,2168053.0,0.0,2125615.4285714286,313364.36231925245,,14.589340548980559,11,0.6874571793269664,0.0,0,3,,,,,0.0,,640574.0,0,14879308.0,-1.0,1.0175961949373131,0.9656386615699938,2223683.3333333335,,,2309163.0,,1.0151371804930869,2228601.0
2022-11-15,1892613,0.02804836761051077,4,-181602.0,0.1305753307470312,1896916.0,2229804.0,2125615.4285714286,247690.43409933546,,14.455740494665273,11,0.699847677146407,0.7818314824680298,11,4,,,,,0.0,,-78531.0,1,14941059.0,1.0,1.0284822372884797,1.0239702425541808,1933549.8333333333,,,1945373.0,,1.0151371804930869,1938558.5
2022-11-16,2034880,0.06585100512507003,10,-337191.0,0.13296605622351812,1945183.0,4122417.0,2125615.4285714286,258643.31214303165,,14.480867132102656,11,0.7120310787787131,0.9749279121818236,22,5,,,,,0.0,,207854.0,2,14936756.0,3.0,1.0141324570986887,0.9950952703720439,1994528.3333333333,,,2411406.0,,1.0151371804930869,1978519.0
2022-11-17,2326100,-0.005055464519597708,18,142267.0,0.152685281124178,2203214.0,6157297.0,2125615.4285714286,336398.3489667247,,14.605428215212218,11,0.7240037789593305,0.43388373911755823,33,6,,,,,0.0,,6672.0,3,15026453.0,5.0,1.024482741867427,1.0019572780296517,2315410.8333333335,,,2229804.0,,1.0396408058092264,2322974.5
2022-11-18,2458089,-0.06892013385528828,24,291220.0,0.15396625870108688,2309163.0,8483397.0,2125615.4285714286,355533.18784097786,,14.652396112232738,11,0.7357622347736527,-0.433883739117558,44,6,,,,,1.0512224698038894,,75809.0,4,15149339.0,6.0,1.03287702021315,1.0046165137642926,2348034.6666666665,,,1892613.0,,1.0396408058092264,2343957.5
2022-11-19,2214717,0.022233622007440612,25,131989.0,0.1280007692258387,1945373.0,10941486.0,2125615.4285714286,249009.2404311775,,14.480964804467469,11,0.7473029667054297,-0.9749279121818236,55,5,,,,,1.0623128895321081,,-74123.0,5,15298265.0,4.0,1.039815238332914,1.0166875327225084,1946231.3333333333,,,2034880.0,,1.0396408058092264,1935174.0
2022-11-20,2385400,0.025677619992223732,24,-243372.0,0.15726907987946553,2411406.0,13156203.0,2125615.4285714286,379239.60283582244,,14.69572095253913,11,0.75862255966641,-0.7818314824680299,66,4,,,,,1.0793109851014075,,-140653.0,6,15567609.0,2.0,1.0552058397635784,1.0368594252198253,2382010.0,,,2326100.0,,1.0396408058092264,2404075.0
2022-11-21,2201022,0.053817335974875924,0,170683.0,0.14371287648305517,2229804.0,0.0,2220229.0,320451.5468334223,,14.617424695666669,11,0.769717664006921,0.0,0,3,,,,,0.0,,-181270.0,0,15541603.0,0.0,1.0552058397635784,1.0368594252198253,2224100.5,,,2458089.0,,1.0396408058092264,2229852.5
2022-11-22,2370351,0.020882996868551107,2,-184378.0,0.12898563491026305,1892613.0,2201022.0,2220229.0,244119.88944441767,,14.453469500260232,11,0.7805849965070866,0.7818314824680298,11,2,,,,,0.0,,77330.0,1,15512821.0,-2.0,0.9870921390400232,1.0183464781688083,1932557.3333333333,,,2214717.0,,1.0396408058092264,1937732.5
2022-11-23,2465337,0.06569551667797091,2,169329.0,0.13195894402180952,2034880.0,4571373.0,2220229.0,268520.6160110998,,14.525947898490529,11,0.7912213413483807,0.9749279121818236,22,1,,,,,0.0,,41910.0,2,15990559.0,-4.0,1.1089060131471415,1.115295248250357,2006909.6666666667,,,2385400.0,,1.0396408058092264,2015663.0
2022-11-24,1426195,0.04215753965728153,0,94986.0,0.1512569596337638,2326100.0,7036710.0,2220229.0,351838.81380409794,,14.659704033302038,11,0.801623551065242,0.43388373911755823,33,0,,,,,0.0,,173173.0,3,16421016.0,-6.0,1.1428245218640583,1.1568719848336169,2313846.0,,,2201022.0,,1.1871040120350234,2318280.0
2022-11-25,1984980,-0.08501141143326019,4,-1039142.0,0.1555220317382364,2458089.0,8462905.0,2220229.0,382286.99547340977,,14.714895183572056,11,0.8117885474764613,-0.433883739117558,44,1,,,,,0.0,,112618.0,4,15521111.0,-5.0,0.997584458207013,1.0128119820245696,2356737.5,,,2370351.0,,1.1871040120350234,2343957.5
2022-11-26,2336633,-0.11308670133416643,10,558785.0,0.1315563192305355,2214717.0,10447885.0,2220229.0,291360.0166572939,,14.610635639586535,11,0.821713322596059,-0.9749279121818236,55,2,,,,,0.0,,248946.0,5,15048002.0,-3.0,0.9548872063630114,0.9769888219438144,1966573.5,,,2465337.0,,1.1871040120350234,1975516.0
2022-11-27,2639616,-0.14757980482707267,18,351653.0,0.1570072339823366,2385400.0,12784518.0,2220229.0,374525.0559414657,,14.68487780234352,11,0.8313949395234058,-0.7818314824680299,66,3,,,,,0.0,,-40668.0,6,15169918.0,-1.0,0.9717483076234078,1.0088119515068656,2385861.3333333335,,,1426195.0,,1.1871040120350234,2404075.0
2022-11-28,2389672,0.03475355421781545,0,302983.0,0.14082309365815213,2201022.0,0.0,2203447.714285714,309954.7272496533,,14.604432810249547,11,0.8408305333122887,0.0,0,4,,,,,0.0,,-90533.0,0,15424134.0,1.0,0.9717483076234078,1.0088119515068656,2219287.3333333335,,,1984980.0,,1.1871040120350234,2215413.0
2022-11-29,1954785,0.1014816681834414,5,-249944.0,0.13450134731200378,2370351.0,2389672.0,2203447.714285714,318815.4031023555,,14.678549025289586,11,0.8500173118187018,0.7818314824680298,11,5,,,,,0.0,,482041.0,1,15612784.0,3.0,1.0857101837237428,1.1213969737600498,1966632.1666666667,,,2336633.0,,1.1871040120350234,1980100.0
2022-11-30,1893497,0.12161807254248913,12,-434887.0,0.13775542380872924,2465337.0,4344457.0,2203447.714285714,339613.5432663411,,14.71783947573434,11,0.8589525565270845,0.9749279121818236,22,6,,,,,0.0,,340760.0,2,15197218.0,5.0,0.9503615215822467,1.042940427334936,2043972.3333333333,,,2639616.0,,1.1871040120350234,2046171.5
2022-12-01,2113719,0.03822472851143055,21,-61288.0,0.13600982403658238,1426195.0,6237954.0,2203447.714285714,193976.5309918536,,14.170521317916679,12,0.8676336233547726,0.43388373911755823,36,7,,,,,0.0,,-1022791.0,3,14625378.0,7.0,0.8864872930673567,0.9978676380724344,2313846.0,,,2389672.0,,1.0481798847338986,2318280.0
2022-12-02,2132571,-0.11907305841543481,32,220222.0,0.14930040597325125,1984980.0,8351673.0,2203447.714285714,296358.3198487843,,14.501119900269204,12,0.8760579434344281,-0.433883739117558,48,8,,,,,0.0,,-622035.0,4,15312902.0,7.0,0.9868565226715885,1.0057971082562231,2356737.5,,,1954785.0,,1.0481798847338986,2343957.5
2022-12-03,1788666,-0.09547089524869679,45,18852.0,0.13903602878146623,2336633.0,10484244.0,2203447.714285714,324876.17303972377,,14.664221990216411,12,0.8842230238742036,-0.9749279121818236,60,9,,,,,0.0,,-147428.0,5,15460493.0,7.0,1.0034800344758772,0.992844164570886,2024277.1666666667,,,1893497.0,,1.0481798847338986,2011830.5
2022-12-04,2261227,-0.08477928526916856,60,-343905.0,0.16257387642981502,2639616.0,12272910.0,2203447.714285714,429132.6054061626,,14.786144388840418,12,0.8921264484954345,-0.7818314824680299,72,10,,,,,0.0,,280222.0,6,14912526.0,7.0,0.9599822222472525,0.9690236446700911,2418444.1666666665,,,2113719.0,,1.0481798847338986,2413756.5
2022-12-05,2134176,-0.022029501738775048,0,472561.0,0.14907506246702462,2389672.0,0.0,2076305.2857142857,356240.50267569965,,14.68666709446329,12,0.8997658785476209,0.0,0,11,,,,,0.0,,217432.0,0,14534137.0,7.0,0.9599822222472525,0.9690236446700911,2257807.1666666665,,,2132571.0,,1.0481798847338986,2262279.5
2022-12-06,1752091,0.007840482545551253,12,-127051.0,0.13435955693131213,1954785.0,2134176.0,2076305.2857142857,262644.046495975,,14.4857912824945,12,0.9071390534005044,0.7818314824680298,12,12,,,,,0.0,,-893304.0,1,14278641.0,7.0,0.8930832348539883,0.94973082980783,1976994.1666666667,,,1788666.0,,1.0481798847338986,1980100.0
2022-12-07,1883346,0.05902822346716741,26,-382085.0,0.13794437877014856,1893497.0,3886267.0,2076305.2857142857,261197.26736814,,14.45393647007838,12,0.9142437912130223,0.9749279121818236,24,13,,,,,0.0,,-1002297.0,2,14075947.0,7.0,0.8945345758975173,0.9088973676061859,2027464.0,,,2261227.0,,1.0481798847338986,2046171.5
2022-12-08,2220053,-0.0019241621862919889,42,131255.0,0.13390952161224645,2113719.0,5769613.0,2076305.2857142857,283047.10011271597,,14.563959986308875,12,0.9210779895789526,0.43388373911755823,36,14,,,,,0.0,,1587429.0,3,14065796.0,7.0,0.9249207352282495,0.907096513563948,2270115.6666666665,,,2134176.0,,0.968511168879537,2281980.5
2022-12-09,2295917,-0.06017704374956945,60,336707.0,0.14719408019728628,2132571.0,7989666.0,2076305.2857142857,313901.82680040697,,14.572839320966754,12,0.9276396261490467,-0.433883739117558,48,15,,,,,0.0,,620700.0,4,14172130.0,7.0,0.9566545529261024,0.9536671182451338,2302484.5,,,1752091.0,,0.968511168879537,2310759.5
2022-12-10,1886068,0.024996736320073376,80,75864.0,0.13695113604949713,1788666.0,10285583.0,2076305.2857142857,244959.84071310982,,14.396981207658133,12,0.9339267592294762,-0.9749279121818236,60,16,,,,,0.0,,-669883.0,5,14335476.0,7.0,0.9810514711408853,0.9704262727289539,1993019.1666666667,,,1883346.0,,0.968511168879537,1975516.0
2022-12-11,2293624,0.009908242354415231,90,-409849.0,0.1605662639724848,2261227.0,12171651.0,2076305.2857142857,363076.7713837099,,14.631418586512197,12,0.9399375283564133,-0.7818314824680299,72,15,,,,,0.0,,-632605.0,6,14432878.0,5.0,0.9917493895090895,0.9606379507107649,2391046.5,,,2220053.0,,0.968511168879537,2404075.0
2022-12-12,2167861,0.033917742289553576,0,407556.0,0.1495322166382121,2134176.0,0.0,2066467.857142857,319128.0679760729,,14.573591650234635,12,0.9456701548465688,0.0,0,14,,,,,0.0,,-444146.0,0,14465275.0,3.0,0.9917493895090895,0.9606379507107649,2225065.8333333335,,,2295917.0,,0.968511168879537,2215413.0
2022-12-13,1810814,0.018880562861221195,13,-125763.0,0.13276882948205662,1752091.0,2167861.0,2066467.857142857,232623.07121604608,,14.376321060515323,12,0.9511229423235357,0.7818314824680298,12,13,,,,,0.0,,212872.0,1,14498960.0,1.0,1.0157836092243564,0.9683707078560314,1951319.5,,,1886068.0,,0.968511168879537,1966667.0
2022-12-14,1993063,0.04663866702017683,24,-357047.0,0.13781112589369385,1883346.0,3978675.0,2066467.857142857,259546.03270738473,,14.448561071065352,12,0.9562942772197719,0.9749279121818236,24,12,,,,,0.0,,561689.0,2,14557683.0,-1.0,1.0237780883300092,0.9403342394351767,1989751.5,,,2293624.0,,0.968511168879537,1990031.5
2022-12-15,2298485,-0.010448353088957196,33,182249.0,0.1352600980176575,2220053.0,5971738.0,2066467.857142857,300284.5863843946,,14.613042077876955,12,0.9611826292540837,0.43388373911755823,36,11,,,,,0.0,,-581190.0,3,14667400.0,-3.0,1.0350326789682427,0.947835718515042,2237841.1666666665,,,2167861.0,,1.0030853216604019,2236777.0
2022-12-16,2453178,-0.06173888145575357,40,305422.0,0.14807565664709652,2295917.0,8270223.0,2066467.857142857,339969.4173822319,,14.646643321498109,12,0.9657865518844574,-0.433883739117558,48,10,,,,,0.0,,15755.0,4,14745832.0,-5.0,1.0351149847815917,0.993789016169695,2283070.1666666665,,,1810814.0,,1.0030853216604019,2302540.0
2022-12-17,2233861,0.041251549854784075,45,154693.0,0.13686173451630354,1886068.0,10723401.0,2066467.857142857,258130.5378956956,,14.450005326872166,12,0.9701046827361175,-0.9749279121818236,60,9,,,,,0.0,,645369.0,5,14903093.0,-7.0,1.042566182198909,1.0174198285270986,1967874.3333333333,,,1993063.0,,1.0030853216604019,1935174.0
2022-12-18,2357086,0.045057923871753225,48,-219317.0,0.1596903388049799,2293624.0,12957262.0,2066467.857142857,366269.59365123324,,14.645644093387254,12,0.974135744004672,-0.7818314824680299,72,8,,,,,0.0,,410786.0,6,15250886.0,-7.0,1.0645443251700202,1.028654518595331,2360751.3333333335,,,2298485.0,,1.0030853216604019,2391072.0
2022-12-19,2264761,0.06534899849784659,0,123225.0,0.1490532868324828,2167861.0,0.0,2187764.0,323126.807445953,,14.589251986379196,12,0.9778785428342386,0.0,0,7,,,,,1.0578146024923545,,289181.0,0,15314348.0,-7.0,1.0645443251700202,1.028654518595331,2203916.8333333335,,,2453178.0,,1.0030853216604019,2184537.5
2022-12-20,2216373,0.03563814098945173,6,-92325.0,0.13188527046756696,1810814.0,2264761.0,2187764.0,238819.6941564568,,14.409287578141175,12,0.9813319716704275,0.7818314824680298,12,6,,,,,1.0653331350744537,,261417.0,1,15411248.0,-7.0,1.0446984377688422,1.0187021287386293,1919221.3333333333,,,2233861.0,,1.0030853216604019,1925850.5
2022-12-21,2428528,0.05613932981925007,10,-48388.0,0.1376142151138689,1993063.0,4481134.0,2187764.0,274273.80041749286,,14.505183711072716,12,0.9844950085880858,0.9749279121818236,24,5,,,,,1.0951803387632595,,119868.0,2,15816807.0,-7.0,1.12628802302274,1.0681592003037763,1970247.0,,,2357086.0,,1.0030853216604019,1969123.0
2022-12-22,2366608,0.034319401271467376,12,212155.0,0.13536454393434147,2298485.0,6909662.0,2187764.0,311133.3737649249,,14.647761203281004,12,0.9873667175937016,0.43388373911755823,36,4,,,,,1.123598795036365,,-27902.0,3,16252272.0,-7.0,1.157060473852001,1.104838160674272,2233238.6666666665,,,2264761.0,,1.160558763652538,2236777.0
2022-12-23,2096506,-0.024187513449558162,12,-61920.0,0.1485822416460979,2453178.0,9276270.0,2187764.0,364498.68639689113,,14.712895292449486,12,0.9899462489023779,-0.433883739117558,48,3,,,,,0.0,,-6085.0,4,16320395.0,-7.0,1.1216469011778762,1.1218647907462878,2296006.6666666665,,,2216373.0,,1.160558763652538,2302540.0
2022-12-24,1834551,-0.01519179430237072,10,-270102.0,0.13770291302291043,2233861.0,11372776.0,2187764.0,307609.1669882717,,14.619242484098084,12,0.9922328391893008,-0.9749279121818236,60,2,,,,,0.0,,250391.0,5,15963723.0,-7.0,1.060556814018239,1.0846422697461557,2005908.0,,,2428528.0,,1.160558763652538,1935174.0
2022-12-25,1800463,-0.08962720796132462,6,-261955.0,0.15979752898273153,2357086.0,13207327.0,2187764.0,376656.51839979074,,14.672937092565022,12,0.9942258118156161,-0.7818314824680299,72,1,,,,,0.0,,31065.0,6,15564413.0,-7.0,1.0192992161461272,1.0526630742018033,2350914.5,,,2366608.0,,1.160558763652538,2371243.0
2022-12-26,2218145,-0.12404232108143709,0,-34088.0,0.1511047420588154,2264761.0,0.0,2143970.0,342216.12672986486,,14.632980234115577,12,0.9959245770286599,0.0,0,0,,,,,0.0,,63215.0,0,15007790.0,-7.0,1.0192992161461272,1.0526630742018033,2194279.5,,,2096506.0,,1.160558763652538,2184537.5
2022-12-27,2178719,-0.08859510360809997,1,417682.0,0.1303861313284011,2216373.0,2218145.0,2143970.0,288984.3010507223,,14.611383085172001,12,0.9973286321364752,0.7818314824680298,12,1,,,,,0.0,,346836.0,1,14961174.0,-5.0,0.9794168126349756,0.9906335866697482,1958341.6666666667,,,1834551.0,,1.160558763652538,1925850.5
2022-12-28,2153682,0.016460772602713947,4,-39426.0,0.138109589478343,2428528.0,4396864.0,2143970.0,335403.00511666137,,14.702796282224329,12,0.9984375616565666,0.9749279121818236,24,2,,,,,0.0,,325748.0,2,14923520.0,-3.0,0.981194492286997,1.053738427646379,2032091.1666666667,,,1800463.0,,1.160558763652538,1969123.0
2022-12-29,2178433,0.08521113155517246,9,-25037.0,0.15167124722117678,2366608.0,6550546.0,2143970.0,358946.38704361476,,14.67696868684939,12,0.9992510374388481,0.43388373911755823,36,3,,,,,0.0,,-10309.0,3,14648674.0,-1.0,0.9480269801909269,1.0527630174446372,2235845.3333333335,,,2218145.0,,1.0967880996226853,2236777.0
2022-12-30,2383422,0.02488342707215918,12,24751.0,0.15133259013683684,2096506.0,8728979.0,2143970.0,317269.68321741925,,14.555783184485543,12,0.999768818762748,-0.433883739117558,48,3,,,,,0.0,,-513933.0,4,14460499.0,0.0,0.9410009626714185,1.0303378510611125,2260031.6666666665,,,2178719.0,,1.0967880996226853,2284386.0
2022-12-31,1935413,0.04376359502216376,10,204989.0,0.13038989071471754,1834551.0,11112401.0,2143970.0,239206.9044005758,,14.422310867974,12,0.9999907524084426,-0.9749279121818236,60,2,,,,,0.0,,-747103.0,5,14747415.0,0.0,0.9771054138409128,1.03694302832613,2006590.8333333333,,,2153682.0,,1.0967880996226853,1935174.0
2023-01-01,2046950,-0.004361105056759351,6,-448009.0,0.14700580906170935,1800463.0,13047814.0,2143970.0,264678.5200006724,1616850.0,14.403554967425189,1,0.9998520419557735,-0.7818314824680299,6,1,1616850.0,0.20175770970422488,9.7011,,0.0,0.9470027540012674,-620085.0,6,14848277.0,0.0,0.9879223858090286,1.031261264020439,2350914.5,0.9740530881358852,,2178433.0,,1.0967880996226853,2371243.0
2023-01-02,2368194,-0.0267619271564008,0,111537.0,0.14673726564324788,2218145.0,0.0,2156394.8571428573,325484.53210024204,2026176.0,14.612182269793703,1,0.9994082116062598,0.0,0,0,2026176.0,-0.04335072334182415,0.0,,0.0,1.2635010130826474,-143516.0,0,15094764.0,0.0,0.9879223858090286,1.031261264020439,2208274.3333333335,1.320148397286565,,2383422.0,,1.0967880996226853,2209583.5
2023-01-03,2212528,-0.03111360522044726,1,321244.0,0.13284612084937197,2178719.0,2368194.0,2156394.8571428573,289434.3675708229,1921966.0,14.594248106358402,1,0.9986686402879997,0.7818314824680298,1,1,1921966.0,-0.12606576891759222,1.921966,,0.0,1.4874930732057667,-443213.0,1,15244813.0,0.0,1.0676461637990302,1.0782968085279552,1991703.3333333333,1.5703663502267875,,1935413.0,,1.0967880996226853,1925850.5
2023-01-04,1985965,0.05718151260521953,4,-155666.0,0.14120912310437364,2153682.0,4580722.0,2156394.8571428573,304119.5466656736,1673499.0,14.582689957808766,1,0.9976335468520451,0.9749279121818236,2,2,1673499.0,-0.09381635836633308,3.346998,,0.0,1.3026927262452068,-710311.0,2,15278622.0,0.0,1.0418157122894862,1.0943650278863808,2074805.5,1.378069605582851,,2046950.0,335343.6666666667,1.0967880996226853,2013971.5
2023-01-05,2031976,0.05505951386323149,9,-226563.0,0.15139269475271688,2178433.0,6566687.0,2156394.8571428573,329798.8422082453,1501170.0,14.594116828005417,1,0.9963032375991965,0.43388373911755823,3,3,1501170.0,0.023764939786863726,4.50351,,0.0,0.981237189515024,-256298.0,3,15110905.0,0.0,1.0024640694073441,1.0422667899235916,2223334.0,1.027239706807973,,2368194.0,372706.5,1.0974479711721408,2211633.5
2023-01-06,2043547,-0.05498968162616247,16,46011.0,0.15412480147024069,2383422.0,8598663.0,2156394.8571428573,367344.44256980397,1543985.0,14.684048247672,1,0.9946781061893646,-0.433883739117558,4,4,1543985.0,-0.01429408226716485,6.17594,1953632.351493657,0.0,0.9636965612113984,643588.0,4,14964448.0,1.0,0.9850708771323656,1.0037797600581675,2278459.5,0.9997745307856556,1913861.4,2212528.0,395763.4,1.0974479711721408,2302540.0
2023-01-07,1917290,-0.05338146578855163,25,11571.0,0.13167763150096418,1935413.0,10642210.0,2156394.8571428573,254850.59981617559,1518098.0,14.475831815049608,1,0.9927586335250793,-0.9749279121818236,5,5,1518098.0,-0.03838454702182856,7.59049,1807242.9290220197,0.0,1.1152131851708846,500172.0,5,14624573.0,3.0,0.9576877220323493,0.9787253971860729,2008330.5,1.1287472884280618,1867512.6666666667,1985965.0,417377.6666666667,1.0974479711721408,1940393.0
2023-01-08,2226917,-0.07028078197621568,36,-126257.0,0.1420123626790848,2046950.0,12559500.0,2156394.8571428573,290692.2057859526,1450135.0,14.531861926887453,1,0.9905453876091833,-0.7818314824680299,6,6,1450135.0,0.14241033766871194,8.70081,2125664.8724242602,0.0,0.8221015115811036,803110.0,6,14606450.0,5.0,0.9625750336416506,0.9776963102210658,2292615.5,0.8312933485280767,2131345.714285714,2031976.0,424488.71428571426,1.0974479711721408,2325355.0
2023-01-09,2009868,-0.03883478272192742,0,309627.0,0.14989282033744872,2368194.0,0.0,2112345.285714286,354975.27776622406,1706857.0,14.677638619568597,1,0.988039023376751,0.0,0,7,1706857.0,-0.1389014776025978,0.0,1807780.5573655998,0.0,0.9860244691659087,196665.0,0,14786417.0,7.0,0.9625750336416506,0.9776963102210658,2241631.1666666665,1.008540307630222,1889545.125,2043547.0,495815.28571428574,1.0974479711721408,2223974.5
2023-01-10,1678250,-0.010279697241627361,6,-217049.0,0.1399732534384719,2212528.0,2009868.0,2112345.285714286,309694.74248371535,1453110.0,14.609646763122955,1,0.985240282501282,0.7818314824680298,1,6,1453110.0,-0.187667026119344,1.45311,1363039.9638271322,0.9950781963324093,0.9843766258259196,71463.0,1,14428091.0,5.0,0.8486922946346457,0.8913966919249345,2044305.3333333333,0.9795317173386391,1579529.3333333333,1917290.0,511605.28571428574,1.0974479711721408,2066752.0
2023-01-11,1723117,0.03013470549859998,10,-331618.0,0.1422372125986075,1985965.0,3688118.0,2112345.285714286,282478.12591839355,1129725.0,14.501616003601837,1,0.9821499931752291,0.9749279121818236,2,5,1129725.0,0.06550794156877762,2.25945,1446582.0581613875,0.9558847020476738,0.7928396590436811,107129.0,2,13893813.0,3.0,0.8051390152032801,0.8460249939856269,2081602.5,0.7578633012565484,1694503.4,2226917.0,512961.85714285716,1.0974479711721408,2013971.5
2023-01-12,2189475,-0.03291777764156412,12,44867.0,0.14737948188891767,2031976.0,5411235.0,2112345.285714286,299471.57009071537,1234827.0,14.524519768718813,1,0.9787690698649216,0.43388373911755823,3,4,1234827.0,0.1808067048536927,3.704481,1807481.6242570223,0.9388166088553815,0.7574254966125763,41718.0,3,13630965.0,1.0,0.8240433874798662,0.8325414647762442,2194794.3333333335,0.7110836361904221,2005925.6363636362,2009868.0,513461.14285714284,0.9026850300723519,2199243.0
2023-01-13,2316713,-0.07400410197884988,12,466358.0,0.14899608428195574,2043547.0,7600710.0,2112345.285714286,304480.5010461378,1543648.0,14.530198070822422,1,0.975098513039961,-0.433883739117558,4,3,1543648.0,0.11766815553545466,6.174592,2097955.3001468694,0.0,0.9131698110573404,-626791.0,4,13788464.0,-1.0,0.8839409103485042,0.8717876443387055,2234190.1666666665,0.8666421933509598,2218949.4166666665,1678250.0,536009.1428571428,0.9026850300723519,2214244.0
2023-01-14,1803651,0.020848688080620237,10,127238.0,0.13149756098546556,1917290.0,9917423.0,2112345.285714286,252118.95870182326,1741376.0,14.466423810194385,1,0.9711394088771653,-0.9749279121818236,5,2,1741376.0,-0.1796354195170689,8.70688,1799349.197344169,0.0,1.1976996202142625,-118985.0,5,14061630.0,-3.0,0.9318950669080952,0.9046517476493239,2003650.0,1.1610127961336776,1906705.6923076923,1723117.0,543136.0,0.9026850300723519,1926351.5
2023-01-15,2038119,0.03315967110989915,6,-513062.0,0.1400235864691329,2226917.0,11721074.0,2112345.285714286,311820.90510908206,1421612.0,14.616129124726397,1,0.9668929289391521,-0.7818314824680299,6,1,1421612.0,-0.1796354195170689,8.529672,1803520.358347991,0.0,0.7768045945302683,-66520.0,6,13947991.0,-5.0,0.9332436800828059,0.9055934451549907,2261867.3333333335,0.7473821326845754,1916224.6428571427,2189475.0,530976.5714285715,0.9026850300723519,2277425.5
2023-01-16,2244873,0.035962307715558306,0,234468.0,0.15102208119771376,2009868.0,0.0,1965599.0,303534.44829268655,1421612.0,14.51358010378198,1,0.9623603298276545,0.0,0,0,1421612.0,-0.1796354195170689,8.529672,2128831.239632337,0.0,0.7768045945302683,-508375.0,0,13759193.0,-7.0,0.9332436800828059,0.9055934451549907,2225693.1666666665,0.7473821326845754,2223407.285714286,2316713.0,542343.2857142857,0.9026850300723519,2209583.5
2023-01-17,1803155,0.013553483746743034,1,206754.0,0.1409057599254208,1678250.0,2244873.0,1965599.0,236475.09159483743,1421612.0,14.333262737659602,1,0.9575429528116719,0.7818314824680298,1,1,1421612.0,-0.1796354195170689,8.529672,1713553.6341603876,0.0,0.7768045945302683,-568087.0,1,13994198.0,-5.0,1.1169255891431675,1.0133759652444292,2020885.0,0.7473821326845754,1827072.2142857143,1803651.0,540027.1428571428,0.9026850300723519,2066752.0
2023-01-18,1674129,0.044259706492305484,4,-441718.0,0.14100980286030887,1723117.0,4048028.0,1965599.0,242976.38847524684,1421612.0,14.359645998365295,1,0.9524422234305676,0.9749279121818236,2,2,1421612.0,-0.1796354195170689,8.529672,1666973.8758974734,0.0,0.7768045945302683,-95131.0,2,14119103.0,-3.0,1.0975863570525672,0.9443205796893864,2056346.8333333333,0.7473821326845754,1724753.0714285714,2038119.0,533366.2857142857,0.9026850300723519,1989514.0
2023-01-19,1997346,-0.01141632543430704,9,-129026.0,0.14963976333051585,2189475.0,5722157.0,1965599.0,327632.52081808116,1421612.0,14.5991728037568,1,0.9470596510722283,0.43388373911755823,3,3,1421612.0,-0.1796354195170689,8.529672,2076001.2380368907,0.0,0.7768045945302683,303956.0,3,14070115.0,-1.0,1.057458602333848,0.899776359347169,2172023.5,0.7473821326845754,1993261.7142857143,2244873.0,531116.2857142857,0.9562753819152863,2183954.0
2023-01-20,2089417,-0.10100327487998029,16,323217.0,0.15104294299650767,2316713.0,7719503.0,1965599.0,349923.14959826827,1421612.0,14.655660360318818,1,0.9413968285264122,-0.433883739117558,4,4,1421612.0,-0.1796354195170689,8.529672,2096089.3305335545,0.0,0.7768045945302683,613041.0,4,13877986.0,1.0,1.0156291977986267,0.9027438455539722,2211446.0,0.7473821326845754,2039925.2857142857,1803155.0,514051.4285714286,0.9562753819152863,2214244.0
2023-01-21,1662736,-0.030152947367075078,25,92071.0,0.12780250596044523,1803651.0,9808920.0,1965599.0,230511.11767806302,1421612.0,14.405324056339891,1,0.9354554315134164,-0.9749279121818236,5,5,1421612.0,-0.1796354195170689,8.529672,1665043.4052590562,0.0,0.7768045945302683,-95516.0,5,13650690.0,3.0,0.989059355439412,0.9115077985011434,1935139.0,0.7473821326845754,1775436.5,1674129.0,513935.0,0.9562753819152863,1901679.0
2023-01-22,2141703,-0.029334903367011833,36,-426681.0,0.13857714372908786,2038119.0,11471656.0,1965599.0,282436.7095999848,1421612.0,14.527538372287507,1,0.9292372181882051,-0.7818314824680299,6,6,1421612.0,-0.1796354195170689,8.529672,2199840.8708855887,0.0,0.7768045945302683,-368765.0,6,13509775.0,5.0,0.9787205506935627,0.9080038543038325,2203987.1666666665,0.7473821326845754,2173959.7857142854,1997346.0,518763.0,0.9562753819152863,2244072.0
2023-01-23,1970280,-0.0011967083849803162,0,478967.0,0.1545212099029987,2244873.0,0.0,1944765.5714285714,346880.4920385744,1421612.0,14.624159952861836,1,0.9227440286201427,0.0,0,7,1421612.0,-0.1796354195170689,8.529672,1902638.475512218,0.0,0.7768045945302683,593331.0,0,13613359.0,7.0,0.9787205506935627,0.9080038543038325,2233001.6666666665,0.7473821326845754,1922251.2857142857,2089417.0,503475.28571428574,0.9562753819152863,2231509.0
2023-01-24,1567069,0.005938066570838285,8,-171423.0,0.13709908861463202,1803155.0,1970280.0,1944765.5714285714,247210.9071309168,1421612.0,14.405049020905164,1,0.9159777842484877,0.7818314824680298,1,8,1421612.0,-0.1796354195170689,8.529672,1391650.9990139965,0.0,0.7768045945302683,659183.0,1,13338766.0,7.0,0.8776799400233332,0.8914205051871491,1952015.3333333333,0.7473821326845754,1587778.1428571427,1662736.0,507817.14285714284,0.9562753819152863,1882799.5
2023-01-25,1677909,0.04395455515122915,18,-403211.0,0.13129957626399946,1674129.0,3537349.0,1944765.5714285714,219812.42831127316,1421612.0,14.330804185319773,1,0.908940487313808,0.9749279121818236,2,9,1421612.0,-0.1796354195170689,8.529672,1526474.371890392,0.0,0.7768045945302683,213860.0,2,13102680.0,7.0,0.8738449931670433,0.8465731052765475,1938778.3333333333,0.7473821326845754,1721683.5714285714,2141703.0,508004.85714285716,0.9562753819152863,1939731.0
2023-01-26,2097825,-0.03015581743967144,30,110840.0,0.1468966595558526,1997346.0,5215258.0,1944765.5714285714,293403.455377244,1421612.0,14.507330357944282,1,0.901634220265486,0.43388373911755823,3,10,1421612.0,-0.1796354195170689,8.529672,1991851.9463323408,0.0,0.7768045945302683,-349628.0,3,13106460.0,7.0,0.9114146990374434,0.8602265714801165,2172023.5,0.7473821326845754,2080765.7857142857,1970280.0,508629.28571428574,0.872256877566025,2183954.0
2023-01-27,2122066,-0.07489128606536932,44,419916.0,0.15449002331171433,2089417.0,7313083.0,1944765.5714285714,322794.0810378922,1421612.0,14.552396116261809,1,0.8940611451454876,-0.433883739117558,4,11,1421612.0,-0.1796354195170689,8.529672,2119329.8804806424,0.0,0.7768045945302683,-500462.0,4,13206939.0,7.0,0.9473515328642271,0.8959955255865967,2219091.0,0.7473821326845754,2146319.5714285714,1567069.0,510137.71428571426,0.872256877566025,2214244.0
2023-01-28,1653401,0.02272708367353249,60,24241.0,0.12777753286847907,1662736.0,9435149.0,1944765.5714285714,212460.3038916034,1421612.0,14.323975597742926,1,0.88622350294858,-0.9749279121818236,5,12,1421612.0,-0.1796354195170689,8.529672,1414862.2864127539,0.0,0.7768045945302683,-27276.0,5,13239588.0,7.0,0.9618947855625288,0.9098295087427353,1860939.8333333333,0.7473821326845754,1576659.8571428573,1677909.0,497754.71428571426,0.872256877566025,1860309.5
2023-01-29,2144644,0.01306003130739053,78,-468665.0,0.1479159094823238,2141703.0,11088550.0,1944765.5714285714,316791.94708602136,1421612.0,14.57711233183213,1,0.8781236129591848,-0.7818314824680299,6,13,1421612.0,-0.1796354195170689,8.529672,2319845.312488013,0.0,0.7768045945302683,292382.0,6,13230253.0,7.0,0.9666041241125083,0.9088967214865626,2168090.0,0.7473821326845754,2236224.6428571427,2097825.0,521576.28571428574,0.872256877566025,2184310.0
2023-01-30,1932983,0.033219155358172436,0,491243.0,0.1550065224712031,1970280.0,0.0,1890456.2857142857,305406.25109456206,1421612.0,14.49368673013602,1,0.8697638720650646,0.0,0,14,1421612.0,-0.1796354195170689,8.529672,2049631.0005329002,0.0,0.7768045945302683,-509598.0,0,13233194.0,7.0,0.9666041241125083,0.9088967214865626,2173280.6666666665,0.7473821326845754,2047308.6428571427,2122066.0,512430.0,0.872256877566025,2193003.0
2023-01-31,1534786,0.009866985498424463,15,-211661.0,0.1306199594738819,1567069.0,1932983.0,1890456.2857142857,204690.48927277667,1421612.0,14.264718191686946,1,0.8611467540480452,0.7818314824680298,1,15,1421612.0,-0.1796354195170689,8.529672,1627710.4803769838,0.0,0.7768045945302683,-360991.0,1,13195897.0,7.0,0.981070203219847,0.8997717385169579,1905926.1666666667,0.7473821326845754,1701147.5,1653401.0,487099.85714285716,0.872256877566025,1806984.5
2023-02-01,1608110,0.029254594349698237,32,-398197.0,0.12732908748484253,1677909.0,3467769.0,1890456.2857142857,213646.62185260464,1421612.0,14.33305952929077,2,0.8522748088519838,0.9749279121818236,4,16,1421612.0,-0.1796354195170689,8.529672,1633200.7156205548,0.0,0.7768045945302683,52768.0,2,13163614.0,7.0,0.9803299024212765,0.8749139739919038,1902847.0,0.7473821326845754,1681986.3571428573,2144644.0,462511.85714285716,0.872256877566025,1934655.5
2023-02-02,2042277,-0.05143279689627456,51,73324.0,0.15044924930500303,2097825.0,5075879.0,1890456.2857142857,315616.196423268,1421612.0,14.556412128369342,2,0.8431506618282,0.43388373911755823,6,17,1421612.0,-0.1796354195170689,8.529672,1818405.485701934,0.0,0.7768045945302683,292608.0,3,13093815.0,7.0,0.9732747641631536,0.886023015939063,2169374.5,0.7473821326845754,1823391.9285714286,1932983.0,453150.5714285714,0.850886587329595,2183954.0
2023-02-03,2102998,-0.08855976867519466,68,434167.0,0.15510553642210076,2122066.0,7118156.0,1890456.2857142857,329144.1852531017,1421612.0,14.567901171644422,2,0.8337770129585915,-0.433883739117558,8,17,1421612.0,-0.1796354195170689,8.529672,2142032.014858314,0.0,0.7768045945302683,259945.0,4,13038267.0,6.0,0.9733454413138755,0.9116502746433549,2217340.1666666665,0.7473821326845754,2076953.7857142857,1534786.0,476413.85714285716,0.850886587329595,2208991.5
2023-02-04,1669806,0.015374864226697649,80,60721.0,0.12695902041065166,1653401.0,9221154.0,1890456.2857142857,209914.17130599185,1421612.0,14.318345541428625,2,0.8241566360566663,-0.9749279121818236,10,16,1421612.0,-0.1796354195170689,8.529672,1880626.66185199,0.0,0.7768045945302683,131580.0,5,13019199.0,4.0,0.9773193830855241,0.9266629521043043,1839951.5,0.7473821326845754,1888935.7857142857,1608110.0,480910.85714285716,0.850886587329595,1860309.5
2023-02-05,2202873,0.017224592490790114,90,-433192.0,0.15453062443231702,2144644.0,10890960.0,1890456.2857142857,331413.1765050221,1421612.0,14.578484595481925,2,0.8142923779467267,-0.7818314824680299,12,15,1421612.0,-0.1796354195170689,8.529672,2387026.6232431233,0.0,0.7768045945302683,-100643.0,6,13035604.0,2.0,0.982180717947793,0.9300408746395769,2148659.5,0.7473821326845754,2265611.5,2042277.0,436284.71428571426,0.850886587329595,2143173.5
2023-02-06,2040256,0.05123765856260887,0,533067.0,0.15187286061289307,1932983.0,0.0,1870547.5714285714,293567.65772609186,1592651.0,14.474575480867022,2,0.804187157621448,0.0,0,14,1592651.0,-0.22196576651130726,0.0,2128366.1886000666,0.0,0.8452487064409806,237296.0,0,13093833.0,0.0,0.982180717947793,0.9300408746395769,2145964.6666666665,0.7664515428677402,2066122.8571428573,2102998.0,434513.71428571426,0.850886587329595,2193003.0
2023-02-07,1626257,0.03949480637581304,13,-162617.0,0.12251544785696691,1534786.0,2040256.0,1870547.5714285714,188034.9941546028,1239137.0,14.243902167160083,2,0.7938439653781019,0.7818314824680298,2,13,1239137.0,0.11338503379373509,1.239137,1663153.7254168382,0.0,0.8591001072023142,203803.0,1,13201106.0,-2.0,1.0554960907571356,1.0003701885902483,1875089.1666666667,0.786461974624386,1703799.3571428573,1669806.0,442224.85714285716,0.850886587329595,1806984.5
2023-02-08,1796332,0.06363416994791093,24,-413999.0,0.12445514120792074,1608110.0,3666513.0,1870547.5714285714,200137.55712786943,1390835.0,14.290570756189345,2,0.7832658619336791,0.9749279121818236,4,12,1390835.0,0.20992174048820364,2.78167,1867753.8836254068,0.0,0.9124118476727786,-73579.0,2,13292577.0,-4.0,1.0573117759573951,0.9948978595051279,1867977.5,0.8417498854621319,1847205.0,2202873.0,450228.14285714284,0.850886587329595,1854541.0
2023-02-09,2158573,-0.014535348127541425,33,170075.0,0.1550869084111613,2042277.0,5462845.0,1870547.5714285714,316730.42604922125,1786323.0,14.529576409478596,2,0.7724559775191742,0.43388373911755823,6,11,1786323.0,0.06030908105658218,5.358969,2425315.005234316,0.0,0.9765474193141023,-156027.0,3,13480799.0,-6.0,1.0762362538586914,1.0199234718298824,2139745.1666666665,0.9131192474559808,2237592.0,2040256.0,449387.4285714286,0.9181569144497276,2138129.0
2023-02-10,2254803,-0.06522881123156177,40,362241.0,0.16070690338497054,2102998.0,7621418.0,1870547.5714285714,337966.2964047863,1918436.0,14.558874979173549,2,0.7614175109532997,-0.433883739117558,8,10,1918436.0,-0.19387092902200495,7.673744,2613090.9057322494,0.0,0.9637101420853023,-51717.0,4,13597095.0,-7.0,1.0707011759787226,1.0246784593908222,2185187.0,0.9083949130860188,2357942.0,1626257.0,402598.14285714284,0.9181569144497276,2112532.0
2023-02-11,1809116,0.03670763696475143,45,96230.0,0.12642414956758316,1669806.0,9876221.0,1870547.5714285714,211103.80349284777,1538874.0,14.328218608852067,2,0.7501537286959042,-0.9749279121818236,10,9,1538874.0,0.1835140498832263,7.69437,2107572.521565593,0.0,0.929535331999944,25740.0,5,13748900.0,-7.0,1.0710395900556482,1.0292381614336854,1803907.8333333333,0.8870780755028929,1967560.4285714286,1796332.0,376462.0,0.9181569144497276,1819101.0
2023-02-12,2113837,0.022457949670542154,48,-445687.0,0.15893858895850427,2202873.0,11685337.0,1870547.5714285714,350121.52627478715,1821279.0,14.605273429414346,2,0.7386679638813748,-0.7818314824680299,12,8,1821279.0,-0.03689356214098134,10.927674,2462040.129278078,0.0,0.9079358486299497,55288.0,6,13888210.0,-7.0,1.0729391164782536,1.03473611226718,2133534.3333333335,0.8745884664565401,2227655.1428571427,2158573.0,376467.5714285714,0.9181569144497276,2143173.5
2023-02-13,2073820,0.035252806988439356,0,304721.0,0.1523175936309881,2040256.0,0.0,1971310.5714285714,310766.8843111853,1737532.0,14.528586338277693,2,0.726963615332308,0.0,0,7,1737532.0,-0.10591866609636451,0.0,2315253.3701929683,0.9574822407329009,0.9071176649075607,144570.0,0,13799174.0,-7.0,1.0729391164782536,1.03473611226718,2124697.1666666665,0.868549054404088,2134191.6428571427,2254803.0,358805.5714285714,0.9181569144497276,2129200.5
2023-02-14,1674639,0.008725106714266517,6,-40017.0,0.12148513976798028,1626257.0,2073820.0,1971310.5714285714,197566.0589436563,1541222.0,14.301792228089605,2,0.7150441465537444,0.7818314824680298,2,6,1541222.0,0.07717734182229197,1.541222,2035279.6214176377,0.9604036642903893,1.0419685867045843,123754.0,1,13832738.0,-7.0,1.0164508767527212,1.0130536007558015,1844329.6666666667,1.0007104487465608,1933786.0,1809116.0,342903.14285714284,0.9181569144497276,1740702.5
2023-02-15,2017144,0.024066072741565803,10,-399181.0,0.12569086779211905,1796332.0,3748459.0,1971310.5714285714,225782.5279227528,1670550.0,14.401257922684323,2,0.7029130847082615,0.9749279121818236,4,5,1670550.0,0.14050209623118035,3.3411,2175506.8710559267,0.9641324865905656,1.0642612795259163,258021.0,2,13881120.0,-7.0,1.0223498457526266,1.0186265863903505,1835189.0,1.0260888738113787,2048994.0,2113837.0,306659.85714285716,0.9181569144497276,1759724.5
2023-02-16,2339970,-0.008716760658179612,12,342505.0,0.15441179367647542,2158573.0,5765603.0,1971310.5714285714,333309.12871161057,1986581.0,14.584958376456964,2,0.6905740195722294,0.43388373911755823,6,4,1986581.0,0.11594004725707555,5.959743,2571962.363049039,0.9786714501371823,1.0543843403727728,171844.0,3,14101932.0,-7.0,1.0554213051990309,1.0738621127382348,2116426.5,1.031895851394558,2360397.285714286,2073820.0,298245.14285714284,0.9704117050293863,2128199.0
2023-02-17,2509923,-0.0432840071061974,12,322826.0,0.15946331759725946,2254803.0,8105573.0,1971310.5714285714,359558.3669082534,2244042.0,14.628573609181242,2,0.6780306024735382,-0.433883739117558,8,3,2244042.0,-0.1859185345015824,8.976168,2858736.5587368305,0.0,1.1028868325279997,170873.0,4,14283329.0,-7.0,1.0635255801479462,1.089013763193534,2163750.5,1.0920936144881732,2593116.4285714286,1674639.0,295550.71428571426,0.9704117050293863,2112532.0
2023-02-18,2065901,0.08739180644323241,10,169953.0,0.12642820799202242,1809116.0,10615496.0,1971310.5714285714,228723.29392969565,1826833.0,14.408349438902905,2,0.6652865452111116,-0.9749279121818236,10,2,1826833.0,0.1324664049751674,9.134165,2315214.5476476667,0.0,1.0866709732988802,122905.0,5,14538449.0,-7.0,1.0748540357693495,1.1074696091258327,1782858.3333333333,1.0969963229110455,2157804.6428571427,2017144.0,285481.28571428574,0.9704117050293863,1806383.5
2023-02-19,2319072,0.07025354808136419,6,-444022.0,0.1602030795431553,2113837.0,12681397.0,1971310.5714285714,338643.19705226476,2068827.0,14.564015810498645,2,0.6523456189565257,-0.7818314824680299,12,1,2068827.0,0.06094145529768806,12.412962,2631068.1633701315,0.0,1.0221801333457954,-147265.0,6,14795234.0,-7.0,1.0852401603821953,1.1238262742685228,2114687.6666666665,1.0488266589222117,2397574.714285714,2339970.0,281027.85714285716,0.9704117050293863,2127770.0
2023-02-20,2479184,0.06864067850999689,0,253171.0,0.14565462685841796,2073820.0,0.0,2142924.1428571427,302061.4782715243,2222002.0,14.544903357393167,2,0.6392116531380588,0.0,0,0,2222002.0,-0.18154245280431192,0.0,2858546.847656875,0.0,1.1442771517103116,-73709.0,0,15000469.0,-7.0,1.0852401603821953,1.1238262742685228,2092873.6666666667,1.1898229753420044,2538896.3571428573,2509923.0,274983.14285714284,0.9704117050293863,2057038.0
2023-02-21,2116450,0.04188638252239296,1,160112.0,0.11628121241500913,1674639.0,2479184.0,2142924.1428571427,194729.05327745847,1785417.0,14.331108774768401,2,0.6258885343075018,0.7818314824680298,2,1,1785417.0,-0.016536157934706287,1.785417,2333898.092722933,0.0,1.1810447235782568,-43089.0,1,15405833.0,-5.0,1.1954673018873383,1.2369111496969256,1754681.5,1.2651308441047118,2088709.7142857143,2065901.0,263682.28571428574,0.9704117050293863,1676444.5
2023-02-22,2006058,0.06577928171630876,4,-362734.0,0.12856465261330982,2017144.0,4595634.0,2142924.1428571427,259333.41763102222,1755527.0,14.517193703296439,2,0.612380204990065,0.9749279121818236,4,2,1755527.0,0.11187135888317289,3.511054,2336340.198237724,0.0,1.0746345546646825,32590.0,2,15847644.0,-3.0,1.2260062068172548,1.2747864957847004,1812432.6666666667,1.1861871164387616,2054813.5,2319072.0,291913.14285714284,0.9704117050293863,1759724.5
2023-02-23,2322309,0.014284010495873023,9,-110392.0,0.15673018511259088,2339970.0,6601692.0,2142924.1428571427,366743.9312579093,1988432.0,14.665649094094695,2,0.5986906625177214,0.43388373911755823,6,3,1988432.0,0.04654624521927007,5.965296,2586680.2899474557,0.0,1.0201079426102142,65101.0,3,15836558.0,-1.0,1.145013279617067,1.2271039613449795,2116426.5,1.125079585593878,2276649.5,2479184.0,278189.85714285716,1.1116917985282377,2128199.0
2023-02-24,2425335,-0.08388973233067376,16,316251.0,0.16292334971252098,2509923.0,8924001.0,2142924.1428571427,408925.0626804998,2104233.0,14.73576303176509,2,0.5848239578463322,-0.433883739117558,8,4,2104233.0,-0.1150706387453734,8.416932,2698991.5352061386,0.0,1.0007825731464353,103315.0,4,15818897.0,1.0,1.100971023270039,1.1836239726270408,2211569.8333333335,1.1023411261593392,2389709.5714285714,2116450.0,275402.4285714286,1.1116917985282377,2188434.5
2023-02-25,2057210,-0.018819349337093616,25,103026.0,0.13032380870287216,2065901.0,11349336.0,2142924.1428571427,269236.0867230723,1842536.0,14.541077492880321,2,0.5707841943569036,-0.9749279121818236,10,5,1842536.0,0.16130813512353986,9.21268,2305011.779929739,0.0,1.0613102356363036,117475.0,5,15734309.0,3.0,1.0691291297175374,1.1596332075032147,1799668.6666666667,1.16200121450446,2126922.214285714,2006058.0,283291.14285714284,1.1116917985282377,1806383.5
2023-02-26,2402716,-0.01814753449985651,36,-368125.0,0.159522164585279,2319072.0,13406546.0,2142924.1428571427,369943.3852691122,2150118.0,14.656678094828026,2,0.5565755266413303,-0.7818314824680299,12,6,2150118.0,-0.06302995541918165,12.900708,2637442.7344932016,0.0,1.0406659564712974,294271.0,6,15725618.0,5.0,1.0571821069871088,1.1570772380173893,2146154.0,1.1387250925591526,2430535.0714285714,2322309.0,279806.28571428574,1.1116917985282377,2143173.5
2023-02-27,2235417,0.004167054587647767,0,345506.0,0.1476369336815529,2479184.0,0.0,2258466.0,366019.12379236706,1984773.0,14.723440435098553,2,0.5422021592729844,0.0,0,7,1984773.0,-0.16691684660523048,0.0,2408581.258623499,0.0,0.9832410936618247,371800.0,0,15809262.0,7.0,1.0571821069871088,1.1570772380173893,2117881.8333333335,1.0809564970207224,2262335.785714286,2425335.0,280142.4285714286,1.1116917985282377,2057038.0
2023-02-28,1890744,-0.001256371589630767,8,-167299.0,0.12014483620445066,2116450.0,2235417.0,2258466.0,254280.53858490958,1638699.0,14.56525118724587,2,0.527668345562516,0.7818314824680298,2,8,1638699.0,0.055558669026410525,1.638699,1885890.2766316507,0.0,1.0253943684218854,393429.0,1,15565495.0,7.0,0.9016745025782676,1.0487231011361042,1744303.3333333333,1.1077084385481666,1910144.3571428573,2057210.0,279208.4285714286,1.1116917985282377,1676444.5
2023-03-01,2066150,0.034354466264697736,18,-344673.0,0.1285886141599104,2006058.0,4126161.0,2258466.0,257956.21814440156,1740923.0,14.511682658836206,3,0.512978386299228,0.9749279121818236,6,9,1740923.0,0.1352647150351824,3.481846,1913457.0126879448,0.0,0.920966667361434,-231898.0,2,15339789.0,7.0,0.8978436925133725,1.0663034071729105,1810585.0,0.9794253178665502,2020841.7857142857,2402716.0,267924.4285714286,1.1116917985282377,1759724.5
2023-03-02,2316735,-0.025009460390694294,30,175406.0,0.15382218111521828,2322309.0,6192311.0,2258466.0,357222.63560350146,2053525.0,14.658072937927516,3,0.4981366284784055,0.43388373911755823,9,10,2053525.0,0.03427862872380329,6.160575,2265163.686391782,0.0,0.9380622423557881,-199058.0,3,15399881.0,7.0,0.9379884732580678,1.0813421572731603,2140405.8333333335,1.0011653522385533,2331917.5714285714,2235417.0,278595.28571428574,1.0408165815694588,2128199.0
2023-03-03,2375579,-0.08075901455167867,44,250585.0,0.16118659067763408,2425335.0,8509046.0,2258466.0,390931.4799011396,2139036.0,14.701480629456658,3,0.4831474640149687,-0.433883739117558,12,11,2139036.0,-0.13260300365581643,8.556144,2354295.7036058204,0.0,0.9440408150655609,-339708.0,4,15394307.0,7.0,0.9535012378416363,1.0713596725980816,2218555.3333333335,1.0070280221267218,2410987.214285714,1890744.0,268500.0,1.0408165815694588,2188434.5
2023-03-04,2040488,0.01162896935301272,60,58844.0,0.13161966551905155,2057210.0,10884625.0,2258466.0,270769.29210244806,1831741.0,14.536861739942296,3,0.4680153284438345,-0.9749279121818236,15,12,1831741.0,0.18432196400669038,9.158705,2020603.6278207272,0.0,0.9203785139613828,-265476.0,5,15344551.0,7.0,0.9590539041226729,1.0603058914977463,1819968.1666666667,0.9781436589698357,2101596.6428571427,2066150.0,256420.14285714287,1.0408165815694588,1806383.5
2023-03-05,2422425,0.0011503018855141267,78,-335091.0,0.15700117864218213,2402716.0,12925113.0,2258466.0,377229.2439424293,2184096.0,14.692110738328392,3,0.45274469960737107,-0.7818314824680299,18,13,2184096.0,-0.06200589383746823,13.104576,2405267.1947831674,0.0,0.9526998136232048,-121591.0,6,15327829.0,7.0,0.9640897066254053,1.0623910288129434,2191507.6666666665,1.0113144586175864,2451785.8571428573,2316735.0,255573.42857142858,1.0408165815694588,2173758.5
2023-03-06,2265014,0.03150849074646178,0,381937.0,0.14714385432394828,2235417.0,0.0,2192505.4285714286,328927.87340127747,2019553.0,14.619938793151386,3,0.4373400963303323,0.0,0,14,2019553.0,-0.06200589383746823,0.0,2213342.4618046046,0.0,0.9457676544711344,-649131.0,0,15347538.0,7.0,0.9640897066254053,1.0623910288129434,2095752.3333333333,1.0050974357256268,2286391.714285714,2375579.0,253535.0,1.0408165815694588,2057038.0
2023-03-07,1908536,0.019186642247066343,15,-157411.0,0.12164004805169161,1890744.0,2265014.0,2192505.4285714286,229990.1910134476,2019553.0,14.45248148926152,3,0.4218060770826634,0.7818314824680298,3,15,2019553.0,-0.06200589383746823,0.0,1857701.2649281058,0.0,0.9457676544711344,-667517.0,1,15377135.0,7.0,1.013240035304375,1.0262076639568987,1706685.6666666667,1.0050974357256268,1923724.5,2040488.0,252794.57142857142,1.0408165815694588,1676444.5
2023-03-08,2130141,0.042424359754347885,32,-356478.0,0.13154108749301244,2066150.0,4173550.0,2192505.4285714286,271783.6179236876,2019553.0,14.54119801408385,3,0.40614723863057883,0.9749279121818236,6,16,2019553.0,-0.06200589383746823,0.0,2107579.1346294866,0.0,0.9457676544711344,71178.0,2,15394927.0,7.0,1.0114850099159969,1.034544280152276,1815781.5,1.0050974357256268,2111257.5,2422425.0,252618.57142857142,1.0408165815694588,1759724.5
2023-03-09,2417279,-0.010558659461873177,51,221605.0,0.15256696588488547,2316735.0,6303691.0,2192505.4285714286,353457.2297093201,2019553.0,14.655669856482584,3,0.3903682146763026,0.43388373911755823,9,17,2019553.0,-0.06200589383746823,0.0,2490834.7727131555,0.0,0.9457676544711344,12087.0,3,15458918.0,7.0,1.0179868226902686,1.0496332784693785,2187865.6666666665,1.0050974357256268,2448220.0714285714,2265014.0,246036.85714285713,1.0588290766232056,2174024.0
2023-03-10,2562561,-0.0637310241521356,72,287138.0,0.15973055703512853,2375579.0,8720970.0,2192505.4285714286,379452.5569509536,2019553.0,14.680752176162658,3,0.374473674486883,-0.433883739117558,12,18,2019553.0,-0.06200589383746823,0.0,2627825.6044954434,0.0,0.9457676544711344,34832.0,4,15559462.0,7.0,1.0249057297375053,1.0519855254689394,2266249.0,1.0050974357256268,2554577.5,1908536.0,241489.0,1.0588290766232056,2285758.0
2023-03-11,2279320,0.04037738663707069,95,145282.0,0.13297616480349084,2040488.0,11283531.0,2192505.4285714286,271336.2685675454,2019553.0,14.528700042977887,3,0.35846832151248087,-0.9749279121818236,15,19,2019553.0,-0.06200589383746823,0.0,2317848.1027926775,0.0,0.9457676544711344,-8031.0,5,15746444.0,7.0,1.036648575398785,1.0563699890262712,1840501.1666666667,1.0050974357256268,2248971.785714286,2130141.0,245265.42857142858,1.0588290766232056,1806383.5
2023-03-12,2539093,0.039316525566088334,120,-283241.0,0.15440132240784282,2422425.0,13562851.0,2192505.4285714286,374025.62343381863,2019553.0,14.700280075324866,3,0.342356891994542,-0.7818314824680299,18,20,2019553.0,-0.06200589383746823,0.0,2706735.341914414,0.0,0.9457676544711344,-63935.0,6,15985276.0,7.0,1.0493409999587624,1.0700813337416828,2220807.5,1.0050974357256268,2548968.0,2417279.0,255614.57142857142,1.0588290766232056,2173758.5
2023-03-13,2393346,0.06644274974607667,0,259773.0,0.14534726107837945,2265014.0,0.0,2300277.714285714,329213.58120418456,2019553.0,14.6330919393939,3,0.3261441535642696,0.0,0,21,2019553.0,-0.06200589383746823,0.0,2615038.751908226,0.0,0.9457676544711344,273364.0,0,16101944.0,7.0,1.0493409999587624,1.0700813337416828,2138276.6666666665,1.0050974357256268,2458741.6428571427,2562561.0,256670.2857142857,1.0588290766232056,2154618.5
2023-03-14,2026905,0.03720850825204991,22,-145747.0,0.12180918124797493,1908536.0,2393346.0,2300277.714285714,232477.2075422851,2019553.0,14.461847537932602,3,0.3098349038318025,0.7818314824680298,3,22,2019553.0,-0.06200589383746823,0.0,2230119.5979322693,0.0,0.9457676544711344,243498.0,1,16230276.0,7.0,1.056658369440542,1.0574311297314223,1745066.6666666667,1.0050974357256268,2121397.0,2279320.0,248705.42857142858,1.0588290766232056,1738897.0
2023-03-15,2284299,0.03774136798571326,46,-366441.0,0.13206962340546743,2130141.0,4420251.0,2300277.714285714,281326.9196705458,2019553.0,14.571699202130151,3,0.2934339689665273,0.9749279121818236,6,23,2019553.0,-0.06200589383746823,0.0,2390449.9419481508,0.0,0.9457676544711344,3899.0,2,16348645.0,7.0,1.0591105893064656,1.0623174846327197,1872953.6666666667,1.0050974357256268,2244118.0714285714,2539093.0,235197.57142857142,1.0588290766232056,1901195.0
2023-03-16,2483683,-0.01579088581477195,72,257394.0,0.15099089832644325,2417279.0,6704550.0,2300277.714285714,364987.1277156464,2019553.0,14.698153499066175,3,0.27694620226893646,0.43388373911755823,9,24,2019553.0,-0.06200589383746823,0.0,2673570.4721131376,0.0,0.9457676544711344,106118.0,3,16502803.0,7.0,1.0635911563558555,1.0786260567132349,2212948.1666666665,1.0050974357256268,2472344.6428571427,2393346.0,235902.42857142858,1.125093690006657,2237654.0
2023-03-17,2517226,-0.08034081208143484,92,199384.0,0.15866674734048064,2562561.0,9188233.0,2300277.714285714,406593.2187315694,2019553.0,14.756518097258054,3,0.2603764827344581,-0.433883739117558,12,23,2019553.0,-0.06200589383746823,0.0,2770756.4437701777,0.0,0.9457676544711344,236738.0,4,16569207.0,5.0,1.0535792463453033,1.0727779287492933,2298450.6666666665,1.0050974357256268,2560066.9285714286,2026905.0,238892.85714285713,1.125093690006657,2315191.0
2023-03-18,2278805,0.012428208575950395,110,33543.0,0.13558925708344285,2279320.0,11705459.0,2300277.714285714,309051.305455433,2019553.0,14.639388149559764,3,0.24372971360968387,-0.9749279121818236,15,22,2019553.0,-0.06200589383746823,0.0,2472694.867348292,0.0,0.9457676544711344,255554.0,5,16523872.0,3.0,1.0373932592554582,1.0609260356448107,1884209.5,1.0050974357256268,2346106.4285714286,2284299.0,229517.42857142858,1.125093690006657,1924802.0
2023-03-19,2608462,0.0030227938432194623,126,-238421.0,0.1555270315178115,2539093.0,13984264.0,2300277.714285714,394897.59703765454,2019553.0,14.747317882451284,3,0.22701082094141847,-0.7818314824680299,18,21,2019553.0,-0.06200589383746823,0.0,2743018.8528239005,0.0,0.9457676544711344,96959.0,6,16523357.0,1.0,1.0310711221409128,1.0639294534662045,2272238.8333333335,1.0050974357256268,2613812.214285714,2483683.0,213645.85714285713,1.125093690006657,2260972.5
2023-03-20,2414648,0.03445893499944286,0,329657.0,0.14684484384372953,2393346.0,0.0,2370389.4285714286,351450.5196340147,2019553.0,14.6882033626464,3,0.2102247521189836,0.0,0,20,2019553.0,-0.06200589383746823,0.0,2500142.588052766,0.0,0.9457676544711344,98735.0,0,16592726.0,-1.0,1.0310711221409128,1.0639294534662045,2163022.1666666665,1.0050974357256268,2411223.8571428573,2517226.0,211297.42857142858,1.125093690006657,2154618.5
2023-03-21,2038001,0.02606718587854795,19,-193814.0,0.12443846359972248,2026905.0,2414648.0,2370389.4285714286,252224.9440625955,2019553.0,14.52202105040718,3,0.19337647441020586,0.7818314824680298,3,19,2019553.0,-0.06200589383746823,0.0,2115757.2409536997,0.0,0.9457676544711344,100577.0,1,16614028.0,-3.0,1.0089005099973007,1.0304739345442704,1782358.3333333333,1.0050974357256268,2092485.642857143,2278805.0,218111.85714285713,1.125093690006657,1782691.5
2023-03-22,2203488,0.036430247625015566,36,-376647.0,0.13286878259274884,2284299.0,4452649.0,2370389.4285714286,303512.0272078336,2019553.0,14.64157018964396,3,0.17647097349152166,0.9749279121818236,6,18,2019553.0,-0.06200589383746823,0.0,2218591.090308492,0.0,0.9457676544711344,90167.0,2,16625124.0,-5.0,1.0073294480336072,1.0285869455489722,1948955.6666666667,1.0050974357256268,2200252.714285714,2608462.0,221349.85714285713,1.125093690006657,2011601.0
2023-03-23,2451051,-0.02475108094708478,51,165487.0,0.1494138798570904,2483683.0,6656137.0,2370389.4285714286,371096.7133650979,2019553.0,14.725253499772405,3,0.15951325197263655,0.43388373911755823,9,17,2019553.0,-0.06200589383746823,0.0,2493134.0946124964,0.0,0.9457676544711344,-34140.0,3,16544313.0,-7.0,0.9927790828616387,1.0318694761587404,2275448.5,1.0050974357256268,2479960.4285714286,2414648.0,213838.42857142858,1.114756006423613,2319522.0
2023-03-24,2508221,-0.0917860120448899,64,247563.0,0.15476265455238847,2517226.0,9107188.0,2370389.4285714286,389572.5778682906,2019553.0,14.73866845678111,3,0.14250832791617088,-0.433883739117558,12,16,2019553.0,-0.06200589383746823,0.0,2529191.8272044864,0.0,0.9457676544711344,-232317.0,4,16511681.0,-7.0,0.9911794792317522,1.0307422985237216,2367488.6666666665,1.0050974357256268,2527165.8571428573,2038001.0,205788.85714285713,1.114756006423613,2400457.0
2023-03-25,2208541,-0.005519635369496179,75,57170.0,0.1354930477748357,2278805.0,11615409.0,2370389.4285714286,308762.23473453446,2019553.0,14.63916217954963,3,0.12546123335273648,-0.9749279121818236,15,15,2019553.0,-0.06200589383746823,0.0,2221451.7011633767,0.0,0.9457676544711344,-239347.0,5,16502676.0,-7.0,0.9923070082087341,1.0273906273829851,1986887.6666666667,1.0050974357256268,2240316.0,2203488.0,206652.57142857142,1.114756006423613,2048849.0
2023-03-26,2522600,-0.008652128665521897,84,-299680.0,0.15617832777948457,2608462.0,13823950.0,2370389.4285714286,407385.23323632986,2206569.0,14.774271716946823,3,0.10837701279187609,-0.7818314824680299,18,14,2206569.0,-0.025100791946186658,13.239414,2521964.582366259,0.0,0.9226928754901476,-47299.0,6,16432412.0,-7.0,0.9885361145928023,1.0263002643675596,2338470.5,1.0450207915635732,2524788.785714286,2451051.0,208969.7142857143,1.114756006423613,2360894.0
2023-03-27,2383816,0.02457861894637947,0,314059.0,0.14456924635314883,2414648.0,0.0,2335221.4285714286,349083.8415681381,2141153.0,14.697064492890787,3,0.09126072172931188,0.0,0,13,2141153.0,-0.13121131316594306,0.0,2307242.766531777,0.0,0.959885149914419,-107030.0,0,16346550.0,-7.0,0.9885361145928023,1.0263002643675596,2237083.5,1.0813990099162138,2349695.5,2508221.0,206089.57142857142,1.114756006423613,2250215.5
2023-03-28,2039138,0.016927830251495024,12,-138784.0,0.12213862169262162,2038001.0,2383816.0,2335221.4285714286,248918.63314818454,1850647.0,14.527480474118594,3,0.07411742515094437,0.7818314824680298,3,12,1850647.0,0.06486709697063461,1.850647,1878967.2559202404,0.0,1.0039323436981362,-107273.0,1,16315718.0,-7.0,0.9872312651781957,1.0243692139110536,1860847.0,1.128397669397749,1960083.857142857,2208541.0,206861.85714285713,1.114756006423613,1899640.0
2023-03-29,2210676,0.038669538286946414,22,-344678.0,0.1348455425306848,2203488.0,4422954.0,2335221.4285714286,297130.53481985355,1982006.0,14.605552571193629,3,0.056952196034039754,0.9749279121818236,6,11,1982006.0,0.09668969238046407,3.964012,2039077.968769995,0.0,0.9835886540817179,-234969.0,2,16316855.0,-7.0,0.9933309362583936,1.0302344821064193,2036552.1666666667,1.10530432815241,2109658.9285714286,2522600.0,222950.0,1.114756006423613,2041647.0
2023-03-30,2487147,-0.01388536358535264,30,171538.0,0.15017576578650227,2451051.0,6633630.0,2335221.4285714286,368088.4609067722,2227151.0,14.712027878115471,3,0.03977011384605572,0.43388373911755823,9,10,2227151.0,0.03831878798627187,6.681453,2416702.103213606,0.0,0.9723513517328758,-99036.0,3,16324043.0,-7.0,0.9966186092623995,1.0262149187005343,2334319.5,1.0928693600157544,2444616.214285714,2383816.0,236044.0,1.1089980778116026,2331139.5
2023-03-31,2536088,-0.07448519148746247,36,276471.0,0.15476968081289383,2508221.0,9120777.0,2335221.4285714286,388196.5635781974,2327849.0,14.735084693563984,3,0.022576263041545485,-0.433883739117558,12,9,2327849.0,-0.1508670891915652,9.311396,2502963.359337112,0.0,0.978760867438938,36330.0,4,16360139.0,-7.0,1.0014921180939715,1.0269573320097372,2431847.8333333335,1.102043280000415,2513677.3571428573,2039138.0,246259.85714285713,1.1089980778116026,2466778.0
2023-04-01,2253892,0.013287472363062713,40,48941.0,0.13673819410282176,2208541.0,11656865.0,2335221.4285714286,301991.90794204007,1959523.0,14.607843127270536,4,0.005375731557583884,-0.9749279121818236,20,8,1959523.0,0.1693850772088945,9.797615,2112755.203078801,0.0,1.021933315552928,-69749.0,5,16388006.0,-7.0,1.0035690521100031,1.0250266086166193,2076676.8333333333,1.1523300915689578,2152189.285714286,2210676.0,252694.0,1.1089980778116026,2061555.5
2023-04-02,2545494,0.008335564697902198,42,-282196.0,0.15676294872132693,2522600.0,13910757.0,2335221.4285714286,395450.2144444193,2300909.0,14.740801070051546,4,-0.011826390691832589,-0.7818314824680299,24,7,2300909.0,-0.04232755221731621,13.805454,2457591.741069225,1.1302115750470583,1.0203118149220407,-155231.0,6,16433357.0,-7.0,1.0062794642631085,1.0248056133895833,2401463.1666666665,1.1531682233821623,2447762.714285714,2487147.0,273417.71428571426,1.1089980778116026,2412570.5
2023-04-03,2404966,0.032550602264569184,0,291602.0,0.14437040819561903,2383816.0,0.0,2350893.0,344152.4889832478,2188196.0,14.684213542476078,4,-0.029025013321975237,0.0,0,6,2188196.0,-0.13934355057773617,0.0,2410821.6701320796,1.131460802072526,0.9933506397526651,-52134.0,0,16456251.0,-7.0,1.0062794642631085,1.0248056133895833,2294343.5,1.1239373115938074,2390178.5,2536088.0,291961.4285714286,1.1089980778116026,2324415.0
2023-04-04,2080546,0.020273435380699478,5,-140528.0,0.12231797312800088,2039138.0,2404966.0,2350893.0,249423.22708828546,1883285.0,14.528038217904976,4,-0.046215046983708354,0.7818314824680298,4,5,1883285.0,0.08558894284319411,1.883285,2093862.275301733,1.1328225726629315,0.9921157697117281,-9959.0,1,16477401.0,-7.0,1.008872329072378,1.017240460433651,1929660.5,1.1238911386243042,2101558.5714285714,2253892.0,294961.28571428574,1.1089980778116026,1967720.5
2023-04-05,2209680,0.03931363020445655,8,-324420.0,0.13477363066520698,2210676.0,4485512.0,2350893.0,297940.8307444371,2053892.0,14.608809361424626,4,-0.06339140486951038,0.9749279121818236,8,4,2053892.0,0.1196163678998931,4.107784,2253055.1162179043,1.1355434344953164,1.0180246680744134,87999.0,2,16518809.0,-7.0,1.0141439409046533,1.027055530915651,2105609.5,1.1560112279861738,2236558.6428571427,2545494.0,286155.28571428574,1.1089980778116026,2098145.5
2023-04-06,2532778,-0.016441488170175544,9,129134.0,0.1502221012010065,2487147.0,6695192.0,2350893.0,373624.4483357798,2354474.0,14.72664723046406,4,-0.08054900421874167,0.43388373911755823,12,3,2354474.0,-0.014395200303516681,7.063422,2529913.832538463,0.0,1.0307084015153705,68728.0,3,16517813.0,-7.0,1.0092802884695107,1.0183572839433315,2388504.5,1.1700402042300786,2481429.714285714,2404966.0,272513.4285714286,1.1174161120653527,2378624.5
2023-04-07,2475896,-0.07476015379949108,8,323098.0,0.1546009928171101,2536088.0,9227970.0,2350893.0,392081.7226715591,2315430.0,14.746133688560676,4,-0.09768276782171598,-0.433883739117558,16,2,2315430.0,-0.17685187391452842,9.26172,2654263.3735972755,0.0,1.0043281758766915,36872.0,4,16563444.0,-7.0,1.0117526171290012,1.021438093876089,2478728.6666666665,1.1426894949197886,2589961.0,2080546.0,277964.14285714284,1.1174161120653527,2509072.0
2023-04-08,2093075,0.0017273970171909347,5,-56882.0,0.13774082580048247,2253892.0,11703866.0,2350893.0,310452.945345101,1903886.0,14.628169501292689,4,-0.11478762552212701,-0.9749279121818236,20,1,1903886.0,0.158623306136197,9.51943,2216307.000172289,0.0,0.9647072832413877,115615.0,5,16503252.0,-7.0,1.004032044636358,1.0119797850746144,2150806.1666666665,1.0928516277250158,2217681.5,2209680.0,263623.0,1.1174161120653527,2137221.0
2023-04-09,2387558,-0.013727914976526367,0,-382821.0,0.15597406819257403,2545494.0,13796941.0,2350893.0,397031.05473978806,2214376.0,14.74983568807196,4,-0.13185851571739118,-0.7818314824680299,24,0,2214376.0,0.029094907208930536,13.286256,2564642.0778633407,0.0,0.9572857611105189,108756.0,6,16342435.0,-7.0,0.9918181303864341,0.9982985727207038,2458566.6666666665,1.074419052783248,2555299.0714285714,2532778.0,235362.42857142858,1.1174161120653527,2472512.5
2023-04-10,2523060,-0.008521038790210378,0,294483.0,0.14635284871423035,2404966.0,0.0,2312071.285714286,351973.6251608677,2292729.0,14.693046740014138,4,-0.1488903868564548,0.0,0,1,2292729.0,-0.12438593629027736,0.0,2401628.6876670015,0.0,1.0220486361861356,51982.0,0,16184499.0,-5.0,0.9918181303864341,0.9982985727207038,2349534.5,1.1362007384687036,2433838.214285714,2475896.0,199323.0,1.1174161120653527,2388581.0
2023-04-11,2132314,0.0036487326218563876,2,135502.0,0.12482384149693838,2080546.0,2523060.0,2312071.285714286,259701.74413108916,1988681.0,14.54814139787335,4,-0.16587819893463143,0.7818314824680298,4,2,1988681.0,0.02278849243823638,1.988681,2087675.8772206234,0.0,1.027896064227087,40271.0,1,16302593.0,-3.0,1.0491042285005276,1.051628171794361,1997311.6666666667,1.1516251184180695,2135502.214285714,2093075.0,209473.14285714287,1.1174161120653527,2032453.0
2023-04-12,2168441,0.054482969560455397,6,-390746.0,0.13583356033966443,2209680.0,4655374.0,2312071.285714286,300148.7016113497,2034403.0,14.60835871918395,4,-0.1828169249850199,0.9749279121818236,8,3,2034403.0,0.10462977797778925,4.068806,2273528.3942831545,0.0,0.989516125188197,-8184.0,2,16354361.0,-1.0,1.0378690325652902,1.047247776126986,2139546.5,1.112066780895161,2303072.6428571427,2387558.0,212206.0,1.1174161120653527,2166814.5
2023-04-13,2443213,0.019250674335430595,12,36127.0,0.15181476033366,2532778.0,6823815.0,2312071.285714286,384513.08504836675,2288508.0,14.744827676855309,4,-0.1997015525660636,0.43388373911755823,12,4,2288508.0,0.00780438488204041,6.865524,2580139.7317392505,0.0,0.9805021078686509,9535.0,3,16313122.0,1.0,1.0192112489081717,1.0226962212006223,2416906.5,1.0989862594684432,2588753.3571428573,2523060.0,196045.2857142857,1.1368605598116732,2434165.0
2023-04-14,2532863,-0.06454100438132016,20,274772.0,0.15305934325383874,2475896.0,9267028.0,2312071.285714286,378959.01572480635,2309474.0,14.72211331256755,4,-0.21652708524481437,-0.433883739117558,16,5,2309474.0,-0.16364980509111654,9.237896,2502256.647141765,0.0,0.9895516395806259,-88059.0,4,16223557.0,3.0,1.0042325668592333,1.0115692079569114,2495448.1666666665,1.1033403089983578,2536942.714285714,2132314.0,165061.2857142857,1.1368605598116732,2509072.0
2023-04-15,2150251,0.004204794266003509,30,89650.0,0.13468340769946707,2093075.0,11799891.0,2312071.285714286,281902.473570562,1915707.0,14.554145312283461,4,-0.23328854407545518,-0.9749279121818236,20,6,1915707.0,0.1988583011553967,9.578535,2074300.112473544,0.0,0.9623697638202134,-206168.0,5,16280524.0,5.0,1.0082045539482425,1.0110956996138885,2159570.6666666665,1.0768625652621078,2123184.285714286,2168441.0,174973.57142857142,1.1368605598116732,2150808.0
2023-04-16,2589787,-0.010032072185177432,42,-382612.0,0.15343223816220106,2387558.0,13950142.0,2312071.285714286,366328.36768206843,2298561.0,14.68578206307357,4,-0.2499809690726521,-0.7818314824680299,24,7,2298561.0,-0.04015522992727798,13.791366,2439976.002721324,0.0,0.9883827438729026,-180830.0,6,16337700.0,7.0,1.0111039831220558,1.005127466878325,2469981.0,1.1094324774573532,2427602.0714285714,2443213.0,191089.7142857143,1.1368605598116732,2472512.5
2023-04-17,2455406,0.015348684536310886,0,439536.0,0.1484285752019814,2523060.0,0.0,2362847.0,374494.2009491112,2189296.0,14.740983404897312,4,-0.26659942067929354,0.0,0,8,2189296.0,-0.14566509051311471,0.0,2588510.535838702,0.0,0.9560662037643565,96944.0,0,16539929.0,7.0,1.0111039831220558,1.005127466878325,2390162.3333333335,1.085486868629946,2508561.214285714,2532863.0,232341.42857142858,1.1368605598116732,2399156.0
2023-04-18,2070303,0.019545286002415008,9,-134381.0,0.12651457552217513,2132314.0,2455406.0,2362847.0,269768.8005899913,1870392.0,14.572718801946994,4,-0.28313898122818354,0.7818314824680298,4,9,1870392.0,0.06560061196948813,1.870392,2206580.557044994,0.0,0.9505743120050923,10360.0,1,16472275.0,7.0,0.9731857347823675,1.0097809178850747,2034929.3333333333,1.0739977713060287,2197289.214285714,2150251.0,207743.2857142857,1.1368605598116732,2038569.5
2023-04-19,2227164,0.05930965019701828,20,-385103.0,0.1341922367024381,2168441.0,4525709.0,2362847.0,290987.9479472716,1999806.0,14.589519495300829,4,-0.2995947563972602,0.9749279121818236,8,10,1999806.0,0.10687756539053432,3.999612,2226742.3750219606,0.0,0.9638991188143404,-40243.0,2,16410264.0,7.0,0.9721472431645664,1.004792665207966,2164762.6666666665,1.0844444675420386,2232420.0,2589787.0,183828.0,1.1368605598116732,2185964.5
2023-04-20,2534751,-0.00425508557051546,33,156861.0,0.15132251096424315,2443213.0,6752873.0,2362847.0,369713.1259804814,2267171.0,14.708824943620002,4,-0.31596187665790293,0.43388373911755823,12,11,2267171.0,0.007465364807581901,6.801513,2472532.5123921707,0.0,0.9638448002397738,-135196.0,3,16468987.0,7.0,0.9896037627045868,1.0075616288906013,2434113.6666666665,1.0878282783656177,2442684.214285714,2455406.0,195001.14285714287,1.122748055906957,2447132.0
2023-04-21,2585925,-0.07369074657385366,48,307587.0,0.15341676094912057,2532863.0,9287624.0,2362847.0,388583.6373878724,2286852.0,14.744861236267216,4,-0.33223549871590435,-0.433883739117558,16,12,2286852.0,-0.171688448789892,9.147408,2562330.381093356,0.0,0.9680664938842286,117159.0,4,16560525.0,7.0,1.0022225032664194,1.0116421161331672,2499271.5,1.0979004134476142,2501585.3571428573,2070303.0,217501.7142857143,1.122748055906957,2512723.5
2023-04-22,2057354,0.01499754577998802,65,51174.0,0.1328499205777577,2150251.0,11873549.0,2362847.0,285660.6745722441,1885701.0,14.581095602537697,4,-0.3484108069446808,-0.9749279121818236,20,13,1885701.0,0.2084100649553229,9.428505,2142141.718685641,0.0,0.9378942564203377,217993.0,5,16613587.0,7.0,1.0062422610513944,1.0153532692844334,2173629.0,1.0670634423510288,2126170.25,2227164.0,225932.85714285713,1.122748055906957,2179396.0
2023-04-23,2570184,-0.012292692016666606,84,-528571.0,0.15327542008228395,2589787.0,13930903.0,2362847.0,396950.69034863793,2279287.0,14.767086577043704,4,-0.3644830148102912,-0.7818314824680299,24,14,2279287.0,0.2084100649553229,13.675722,2503294.825648309,0.0,0.9644420015554377,360165.0,6,16520690.0,7.0,0.9986208742534664,1.004358583239654,2503685.8333333335,1.0913241089601493,2471060.25,2534751.0,210973.14285714287,1.122748055906957,2530846.5
2023-04-24,2425693,0.011051918816816553,0,512830.0,0.14870023007634262,2455406.0,0.0,2357298.1428571427,365119.4371308321,2279287.0,14.713803089584143,4,-0.38044736628785164,0.0,0,15,2279287.0,0.2084100649553229,13.675722,2401973.7976106866,0.0,0.9644420015554377,-185748.0,0,16501087.0,7.0,0.9986208742534664,1.004358583239654,2386199.3333333335,1.0913241089601493,2414899.25,2585925.0,196146.2857142857,1.122748055906957,2399156.0
2023-04-25,2015155,-0.0020639178442283246,16,-144491.0,0.12671206475334318,2070303.0,2425693.0,2357298.1428571427,262332.36779504066,2279287.0,14.543206014362074,4,-0.39629913726891813,0.7818314824680298,4,16,2279287.0,0.2084100649553229,13.675722,2043916.2775527702,0.0,0.9644420015554377,-113779.0,1,16471374.0,7.0,0.9878989462435133,0.9933987546952837,2027238.1666666667,1.0913241089601493,2079924.9642857143,2057354.0,206677.7142857143,1.122748055906957,2038569.5
2023-04-26,2183316,0.041535001850975695,34,-410538.0,0.13423533487962708,2227164.0,4440848.0,2357298.1428571427,298964.1053718498,2279287.0,14.616240034199908,4,-0.41203363695942635,0.9749279121818236,8,17,2279287.0,0.2084100649553229,13.675722,2177565.794169345,0.0,0.9644420015554377,99962.0,2,16416226.0,7.0,0.9812491258275775,0.9819698655837136,2191598.3333333335,1.0913241089601493,2201010.6785714286,2570184.0,215697.85714285713,1.122748055906957,2206584.0
2023-04-27,2522454,-0.018913479477901562,54,168161.0,0.15223954534224926,2534751.0,6624164.0,2357298.1428571427,385889.3397958117,2279287.0,14.745606359846963,4,-0.42764620926777464,0.43388373911755823,12,18,2279287.0,0.2084100649553229,13.675722,2461615.852516156,0.0,0.9644420015554377,181103.0,3,16372378.0,7.0,0.9809401124528775,0.9848040791644537,2469191.8333333335,1.0913241089601493,2476596.1071428573,2425693.0,214376.2857142857,1.0993641217370747,2467367.0
2023-04-28,2507149,-0.07841611835124818,76,339138.0,0.1542347643709286,2585925.0,9146618.0,2357298.1428571427,398839.5330558935,2279287.0,14.765594222281923,4,-0.44313223418263453,-0.433883739117558,16,19,2279287.0,0.2084100649553229,13.675722,2478577.958649015,0.0,0.9644420015554377,-3905.0,4,16360081.0,7.0,0.9848178608436345,0.9914119834869412,2522142.5,1.0913241089601493,2508173.1071428573,2015155.0,215667.7142857143,1.0993641217370747,2525044.5
2023-04-29,2021030,0.015999505653440993,100,-15305.0,0.1302430301504543,2057354.0,11653767.0,2357298.1428571427,267956.01905215776,2279287.0,14.536931735173898,4,-0.45848712914008766,-0.9749279121818236,20,20,2279287.0,0.2084100649553229,13.675722,2024232.1298173114,0.0,0.9644420015554377,-150073.0,5,16281305.0,7.0,0.9814897803512665,0.9910893932838744,2173653.0,1.0913241089601493,2107226.6785714286,2183316.0,207645.7142857143,1.0993641217370747,2179396.0
2023-04-30,2517228,-0.01349580126511607,126,-486119.0,0.15363503042705495,2570184.0,13674797.0,2357298.1428571427,394870.2970431298,2279287.0,14.759488438716446,4,-0.47370635037968,-0.7818314824680299,24,21,2279287.0,0.2084100649553229,13.675722,2446621.42863682,0.0,0.9644420015554377,-221832.0,6,16244981.0,7.0,0.9816159799547811,0.9839975694359557,2531597.1666666665,1.0913241089601493,2492881.535714286,2522454.0,206743.14285714287,1.0993641217370747,2542293.5
2023-05-01,2432660,0.005798556395862908,0,496198.0,0.149937755833425,2425693.0,0.0,2313146.4285714286,363702.9647608482,2279287.0,14.701628226977453,5,-0.48878539428899265,0.0,0,22,2279287.0,0.2084100649553229,13.675722,2289834.655909114,0.0,0.9644420015554377,37941.0,0,16192025.0,7.0,0.9816159799547811,0.9839975694359557,2412979.1666666665,1.0913241089601493,2350768.25,2507149.0,201931.42857142858,1.0993641217370747,2409807.0
2023-05-02,1998688,0.004548286070821028,23,-84568.0,0.12684728485629262,2015155.0,2432660.0,2313146.4285714286,255616.94031458237,2279287.0,14.516207169721035,5,-0.503719798736334,0.7818314824680298,5,23,2279287.0,0.2084100649553229,13.675722,1963058.319360442,0.0,0.9644420015554377,6863.0,1,16198992.0,7.0,1.0028721689018354,0.9919987766492934,2045008.0,1.0913241089601493,2040342.25,2021030.0,208970.0,1.0993641217370747,2038569.5
2023-05-03,2167265,0.04784837983014767,48,-433972.0,0.13436094006947738,2183316.0,4431348.0,2313146.4285714286,293352.3902287311,2279287.0,14.596355837999312,5,-0.518505144391157,0.9749279121818236,10,24,2279287.0,0.2084100649553229,13.675722,2121537.8773055486,0.0,0.9644420015554377,-102571.0,2,16182525.0,7.0,0.9978607689342216,0.9789008862267301,2200460.8333333335,1.0913241089601493,2181769.6785714286,2517228.0,212704.7142857143,1.0993641217370747,2206584.0
2023-05-04,2509080,-0.008794622281918185,75,168577.0,0.15340124843936984,2522454.0,6598613.0,2313146.4285714286,386947.5927308822,2279287.0,14.740743191605782,5,-0.533137056031809,0.43388373911755823,15,25,2279287.0,0.2084100649553229,13.675722,2427983.372626141,0.0,0.9644420015554377,-103835.0,3,16166474.0,7.0,0.9961427585428139,0.9813507146255412,2486721.0,1.0913241089601493,2460587.3928571427,2432660.0,215693.7142857143,1.093548833226831,2485415.0
2023-05-05,2508503,-0.07160079667764219,96,341815.0,0.15441666120358533,2507149.0,9107693.0,2313146.4285714286,387145.57771990774,2279287.0,14.734657207819627,5,-0.5476112038402312,-0.433883739117558,20,24,2279287.0,0.2084100649553229,13.675722,2485543.6243355493,0.0,0.9644420015554377,-131838.0,4,16153100.0,5.0,0.9957443286688041,0.9865020780281425,2527351.3333333335,1.0913241089601493,2510470.964285714,1998688.0,217548.14285714287,1.093548833226831,2525044.5
2023-05-06,2043895,0.020181160270188903,115,-577.0,0.12720645963559882,2021030.0,11616196.0,2313146.4285714286,257088.07111733427,2279287.0,14.519118335209235,5,-0.5619233046832195,-0.9749279121818236,25,23,2279287.0,0.2084100649553229,13.675722,2052988.129851967,0.0,0.9644420015554377,56573.0,5,16154454.0,3.0,0.9967760639113515,0.9879592583396939,2173653.0,1.0913241089601493,2098834.5714285714,2167265.0,216994.7142857143,1.093548833226831,2179396.0
2023-05-07,2590391,-0.007120344954361979,132,-464608.0,0.153829649962251,2517228.0,13660091.0,2313146.4285714286,387224.3021151772,2279287.0,14.738669251305879,5,-0.5760691233798758,-0.7818314824680299,30,22,2279287.0,0.2084100649553229,13.675722,2467767.172601096,0.0,0.9644420015554377,-33353.0,6,16177319.0,1.0,0.9989245909829594,0.9871294818184662,2547397.6666666665,1.0913241089601493,2471232.1428571427,2509080.0,220378.0,1.093548833226831,2542293.5
2023-05-08,2476280,0.016931010359362286,0,546496.0,0.1502129650902074,2432660.0,0.0,2321497.4285714286,365417.07165634393,2279287.0,14.704496277902392,5,-0.5900444739548627,0.0,0,21,2279287.0,0.2084100649553229,13.675722,2481084.800947434,0.0,0.9644420015554377,36680.0,0,16250482.0,-1.0,0.9989245909829594,0.9871294818184662,2421119.8333333335,1.0913241089601493,2462621.3571428573,2508503.0,234221.2857142857,1.093548833226831,2420170.5
2023-05-09,2089430,0.0202416405646364,20,-114111.0,0.12545747636525226,1998688.0,2476280.0,2321497.4285714286,250750.3525215133,2279287.0,14.508002023590164,5,-0.6038452208771035,0.7818314824680298,5,20,2279287.0,0.2084100649553229,13.675722,2115224.1666641426,0.0,0.9644420015554377,38681.0,1,16294102.0,-3.0,1.0179309891230175,1.0069434031468913,2045008.0,1.0913241089601493,2127008.1428571427,2043895.0,226502.42857142858,1.093548833226831,2038569.5
2023-05-10,2261499,0.06771565773861621,38,-386850.0,0.13356982967053016,2167265.0,4565710.0,2321497.4285714286,289481.2169009015,2279287.0,14.58897702333139,5,-0.6174672802835514,0.9749279121818236,10,19,2279287.0,0.2084100649553229,13.675722,2270118.7036129474,0.0,0.9644420015554377,27797.0,2,16384844.0,-5.0,1.030320796290429,1.011607918982474,2200460.8333333335,1.0913241089601493,2251140.214285714,2590391.0,227876.42857142858,1.093548833226831,2206584.0
2023-05-11,2598784,0.006960477774279772,54,172069.0,0.15287781861535077,2509080.0,6827209.0,2321497.4285714286,383582.6771314043,2279287.0,14.735427108605847,5,-0.6309066211876704,0.43388373911755823,15,18,2279287.0,0.2084100649553229,13.675722,2635725.095038885,0.0,0.9644420015554377,-1077.0,3,16479078.0,-7.0,1.0346430378626539,1.019006760023008,2497698.8333333335,1.0913241089601493,2561549.3571428573,2476280.0,231653.0,1.1299226447887327,2498113.5
2023-05-12,2605959,-0.05706848980475532,68,337285.0,0.1547630040990457,2508503.0,9425993.0,2321497.4285714286,388223.46007146843,2279287.0,14.735197117483606,5,-0.6441592666722685,-0.433883739117558,20,17,2279287.0,0.2084100649553229,13.675722,2675543.6953032743,0.0,0.9644420015554377,80130.0,4,16568782.0,-7.0,1.0349484770731732,1.0243149745892053,2518341.6666666665,1.0913241089601493,2582519.1428571427,2089430.0,230602.14285714287,1.1299226447887327,2512864.5
2023-05-13,2114178,0.029201317352028244,80,7175.0,0.12631858887474146,2043895.0,12031952.0,2321497.4285714286,258181.93220813968,2279287.0,14.530368348385046,5,-0.6572212950663319,-0.9749279121818236,25,16,2279287.0,0.2084100649553229,13.675722,2268205.977430808,0.0,0.9644420015554377,59189.0,5,16666238.0,-7.0,1.0357910627541065,1.0252304887227712,2134501.3333333335,1.0913241089601493,2210673.285714286,2261499.0,235043.85714285713,1.1299226447887327,2121663.0
2023-05-14,2509333,-0.004855436438706118,90,-491781.0,0.15680031728487226,2590391.0,14146130.0,2321497.4285714286,406174.1306918775,2279287.0,14.767319773574611,5,-0.6700888411055113,-0.7818314824680299,30,15,2279287.0,0.2084100649553229,13.675722,2749263.9041067576,0.0,0.9644420015554377,126119.0,6,16736521.0,-7.0,1.0355809489116874,1.024786088464719,2555947.3333333335,1.0913241089601493,2625405.6428571427,2598784.0,230831.2857142857,1.1299226447887327,2557839.0
2023-05-15,2597124,0.0036836165032279045,0,395155.0,0.14924625569742106,2476280.0,0.0,2379351.8571428573,369575.5180584098,2282944.0,14.72226839584637,5,-0.6827580970759147,0.0,0,14,2282944.0,-0.10156684066222864,0.0,2580049.7642857125,0.0,0.9838637704658041,36653.0,0,16655463.0,-7.0,1.0355809489116874,1.024786088464719,2434942.1666666665,1.1168406791004162,2499376.5714285714,2605959.0,198643.85714285713,1.1299226447887327,2429176.5
2023-05-16,2173966,0.005534744628966415,13,87791.0,0.12459021515558491,2089430.0,2597124.0,2379351.8571428573,260322.5332525338,2042144.0,14.552402338070733,5,-0.6952253139408722,0.7818314824680298,5,13,2042144.0,0.03653619984976528,2.042144,2321432.799240561,0.0,1.0198534208554235,107209.0,1,16776307.0,-7.0,1.0488006202852667,1.0611291742555877,2055428.8333333333,1.1667214648786752,2260613.214285714,2114178.0,210436.0,1.1299226447887327,2054720.5
2023-05-17,2312740,0.057420946675961426,24,-423158.0,0.13473928228915572,2261499.0,4771090.0,2379351.8571428573,304712.7521576434,2117010.0,14.631538867900035,5,-0.7074868024503348,0.9749279121818236,10,12,2117010.0,0.09845784010740127,4.23402,2400696.5322786076,0.0,0.9997680442049344,110285.0,2,16860843.0,-7.0,1.04498314610433,1.0623897250080232,2200460.8333333335,1.1495489903355545,2332687.5,2509333.0,203478.57142857142,1.1299226447887327,2206584.0
2023-05-18,2641296,0.019450297523091464,33,138774.0,0.15495678774598576,2598784.0,7083830.0,2379351.8571428573,402699.22068566387,2366865.0,14.770554586077134,5,-0.719538934232584,0.43388373911755823,15,11,2366865.0,-0.003922463831578619,7.100595,2674552.805268461,0.0,0.9825773195876288,103078.0,3,16912084.0,-7.0,1.0375879806814174,1.0571752811892194,2506210.1666666665,1.132672454454981,2581920.8571428573,2597124.0,198458.7142857143,1.1702527140975232,2515767.0
2023-05-19,2656058,-0.05673923911942347,40,328556.0,0.1555946164416927,2605959.0,9725126.0,2379351.8571428573,405473.19106777705,2356404.0,14.77331168735496,5,-0.7313781428679254,-0.433883739117558,20,10,2356404.0,-0.15139721372056744,9.425616,2654184.1536729364,0.0,0.9737663986696895,96102.0,4,16954596.0,-7.0,1.0317349058078018,1.0522770981376073,2529791.5,1.1247865293033295,2571900.3571428573,2173966.0,200390.57142857142,1.1702527140975232,2520683.0
2023-05-20,2213613,0.027605779224305627,45,14762.0,0.12555168073301037,2114178.0,12381184.0,2379351.8571428573,265438.6012687544,1999651.0,14.564177115432253,5,-0.7430009249440493,-0.9749279121818236,25,9,1999651.0,0.1823263159421319,9.998255,2249252.3271791907,0.0,0.9975315100374174,47418.0,5,17004695.0,-7.0,1.029025381750193,1.0497985986952878,2111215.6666666665,1.1556739302523849,2221092.4285714286,2312740.0,207839.0,1.1702527140975232,2103626.5
2023-05-21,2673457,-0.0010914569808906371,48,-442445.0,0.15532116193714948,2509333.0,14594797.0,2379351.8571428573,389752.51724723313,2364240.0,14.735527937254021,5,-0.7544038410927472,-0.7818314824680299,30,8,2364240.0,-0.00856425292804334,14.18544,2668175.49992854,0.0,1.0029123805473414,-154221.0,6,17104130.0,-7.0,1.0317165896255724,1.05354925341787,2542437.6666666665,1.167972103866749,2589606.4285714286,2641296.0,219901.57142857142,1.1702527140975232,2534047.0
2023-05-22,2592466,0.010077154996449567,0,459844.0,0.14964527538013705,2597124.0,0.0,2466893.4285714286,388647.33617636305,2339945.0,14.769915621947087,5,-0.765583517007675,0.0,0,7,2339945.0,-0.1303885347732532,0.0,2678567.396376612,1.1748319323322547,0.9936162899151734,77224.0,0,17268254.0,-7.0,1.0317165896255724,1.05354925341787,2453010.8333333335,1.167332145877849,2563480.9285714286,2656058.0,248428.0,1.1702527140975232,2444033.0
2023-05-23,2272281,0.011727688135479308,6,-80991.0,0.12469750257645801,2173966.0,2592466.0,2466893.4285714286,271088.13088613213,2034843.0,14.59206416715526,5,-0.7765366444428655,0.7818314824680298,5,6,2034843.0,0.06239380817787313,2.034843,2308487.2839618577,1.1740720562919422,1.0054383091916874,-6206.0,1,17263596.0,-7.0,0.9982064776267903,1.044111731690576,2071147.6666666667,1.180457023147378,2259870.785714286,2213613.0,239619.57142857142,1.1702527140975232,2075424.5
2023-05-24,2435811,0.06428392587145404,10,-320185.0,0.13447913581944865,2312740.0,4864747.0,2466893.4285714286,311015.2765750717,2165771.0,14.653943959154802,5,-0.7872599821916922,0.9749279121818236,10,5,2165771.0,0.0917562522363034,4.331542,2462750.0091931955,1.1808011663082891,1.0094987616984092,-42993.0,2,17361911.0,-7.0,1.0196301054895212,1.0686469479151954,2210129.3333333335,1.1920173152002553,2394864.0714285714,2673457.0,254707.57142857142,1.1702527140975232,2210178.0
2023-05-25,2672648,0.015332077184809334,12,163530.0,0.15479318684832458,2641296.0,7300558.0,2466893.4285714286,408854.6252497323,2399579.0,14.78678064235891,5,-0.7977503570459932,0.43388373911755823,15,4,2399579.0,-0.00062687709943471,7.198737,2742632.296948812,1.1882997935851058,0.982611568209653,-47192.0,3,17484982.0,-7.0,1.030594748885843,1.0762301918757022,2530832.3333333335,1.1676371236778678,2631470.0,2592466.0,265323.28571428574,1.2032111635983815,2527616.0
2023-05-26,2744596,-0.05463582605034967,12,236837.0,0.1548694188585475,2656058.0,9973206.0,2466893.4285714286,411342.15891459596,2397928.0,14.792354003187159,5,-0.8080046647350754,-0.433883739117558,20,3,2397928.0,-0.165756722715066,9.591712,2739163.8154971567,0.0,0.9773000602723341,-47357.0,4,17516334.0,-7.0,1.0255091810635666,1.0664982062764685,2546081.1666666665,1.1628767928767616,2630687.6428571427,2272281.0,265128.71428571426,1.2032111635983815,2534475.5
2023-05-27,2206475,0.0256175160507377,10,71948.0,0.1264291390076075,2213613.0,12717802.0,2466893.4285714286,279865.1856860471,2000335.0,14.610137031974066,5,-0.8180198708443175,-0.9749279121818236,25,2,2000335.0,0.05133490140401483,10.001675,2296778.8961438057,0.0,0.9832272667299524,29152.0,5,17604872.0,-7.0,1.0271878683008022,1.0668603565384875,2112061.0,1.1759501587416357,2240177.0,2435811.0,271845.0,1.2032111635983815,2103626.5
2023-05-28,2257797,-0.015565238496347389,6,-538121.0,0.15508634150947673,2673457.0,14924277.0,2466893.4285714286,414616.66531290114,2103022.0,14.798883323503743,5,-0.8277930117131022,-0.7818314824680299,30,1,2103022.0,0.08265375511287879,12.618132,2404653.8422769085,0.0,0.8773980476115925,245182.0,6,17597734.0,-7.0,1.0225751683973405,1.064578517494574,2553736.1666666665,1.0486959786706738,2348336.5714285714,2672648.0,270727.5714285714,1.2032111635983815,2557839.0
2023-05-29,2596978,-0.03436318574460895,0,51322.0,0.14991380894646522,2592466.0,0.0,2454582.0,388646.4526242069,2319237.0,14.768120489978768,5,-0.8373211953118121,0.0,0,0,2319237.0,-0.07246594379200605,0.0,2559637.8217137884,0.0,0.9739103522935996,-125502.0,0,17182074.0,-7.0,1.0225751683973405,1.064578517494574,2484260.8333333335,1.137379573278139,2567783.214285714,2744596.0,248664.42857142858,1.2032111635983815,2465843.0
2023-05-30,2349003,-0.04801906573824177,1,339181.0,0.12664591239654574,2272281.0,2596978.0,2454582.0,287775.10046633537,2114935.0,14.636295170839274,5,-0.8466016020976267,0.7818314824680298,5,1,2114935.0,-0.04102807110522487,2.114935,2332807.4496228076,0.0,1.0309505916570867,13779.0,1,17186586.0,-5.0,1.001740427839748,1.0286558538718011,2093619.0,1.2037939015585175,2360878.4285714286,2206475.0,252267.2857142857,1.2032111635983815,2084988.0
2023-05-31,2259502,0.019753910770188288,4,-247975.0,0.1362105596707351,2435811.0,4945981.0,2454582.0,331783.1795621329,2023231.0,14.705790729135861,5,-0.8556314858488706,0.9749279121818236,10,2,2023231.0,0.08673577590828759,4.046462,2234399.324326003,0.0,0.9273666721707975,71830.0,2,17263308.0,-3.0,1.016698504567658,1.0617740292101683,2227140.0,1.0874868359896614,2276477.714285714,2257797.0,251785.85714285713,1.2032111635983815,2218422.0
2023-06-01,2477726,0.026616299472090876,9,-89501.0,0.15473441159512316,2672648.0,7205483.0,2454582.0,413550.6156808827,2228271.0,14.798580673367418,6,-0.8644081744776648,0.43388373911755823,18,3,2228271.0,0.04397005911004208,6.684813,2417002.0022072718,0.0,0.9345340383593826,-11160.0,3,17086999.0,-1.0,0.9869770228522258,1.0363795167314451,2556523.8333333335,1.0849686829914378,2484413.5,2596978.0,246961.7142857143,1.1842451715725228,2533764.5
2023-06-02,2534892,-0.05802305561823018,16,218224.0,0.15609379505338938,2744596.0,9683209.0,2454582.0,428414.4055283523,2347283.0,14.825144809761618,6,-0.8729290708206411,-0.433883739117558,24,4,2347283.0,-0.136545344527397,9.389132,2508488.245868868,0.0,0.9662337491266817,38439.0,4,16892077.0,1.0,0.9709223894502931,1.0130994393233441,2566076.1666666665,1.1096607624070551,2601641.5,2349003.0,243588.2857142857,1.1842451715725228,2559394.0
2023-06-03,2221890,-0.004277302003412142,25,57166.0,0.12732936014006568,2206475.0,12218101.0,2454582.0,280949.04991505144,1992251.0,14.606907230678132,6,-0.881191653407483,-0.9749279121818236,30,5,1992251.0,0.1873801663735269,9.961255,2074278.8474652756,0.0,0.9341298694235031,-106573.0,5,16682373.0,3.0,0.960708540673931,1.0025697921030599,2110871.3333333335,1.0581150072378351,2238606.285714286,2259502.0,220865.57142857142,1.1842451715725228,2103626.5
2023-06-04,2657217,-0.017650305997085614,36,-313002.0,0.14907215219767575,2257797.0,14439991.0,2454582.0,336574.6580154557,2396442.0,14.629900559991139,6,-0.8891934772070711,-0.7818314824680299,36,6,2396442.0,-0.037163894085783473,14.378652,2501132.6906174575,0.0,0.9860055010275853,-579784.0,6,16697788.0,5.0,0.9675504548729563,1.0075824991393416,2527413.5,1.117847506731732,2643917.0714285714,2477726.0,224222.57142857142,1.1842451715725228,2543706.0
2023-06-05,2560508,-0.0006031322601067757,0,435327.0,0.1504630953236598,2596978.0,0.0,2442458.285714286,390749.34836744744,2286429.0,14.769859404358822,6,-0.8969321743510065,0.0,0,7,2286429.0,-0.09279877852646136,0.0,2517203.790873777,0.0,0.9644940024664647,9170.0,0,17097208.0,7.0,0.9675504548729563,1.0075824991393416,2512808.3333333335,1.1180438440000766,2530443.9285714286,2534892.0,239365.42857142858,1.1842451715725228,2499670.0
2023-06-06,2233160,0.0177299597560312,8,-96709.0,0.13024553552751236,2349003.0,2560508.0,2442458.285714286,305947.15369073313,2067274.0,14.669501966491877,6,-0.9044054548343001,0.7818314824680298,6,8,2067274.0,0.04887628349236979,2.067274,2270410.5843119733,0.0,0.971329149074329,-21593.0,1,17060738.0,7.0,0.9859567543506337,0.9979717131151119,2125574.8333333335,1.1227058823106617,2312828.785714286,2221890.0,238842.2857142857,1.1842451715725228,2110872.0
2023-06-07,2355913,0.07667666011296803,18,-327348.0,0.13590805958757296,2259502.0,4793668.0,2442458.285714286,307084.53245424025,2175579.0,14.630655435559964,6,-0.9116111071930239,0.9749279121818236,12,9,2175579.0,0.08263770581771726,4.351158,2350816.895802991,0.0,1.0004050217174962,-299380.0,2,16944895.0,7.0,0.9692046936694662,1.001417624248937,2235443.6666666665,1.147659061777539,2416022.9285714286,2657217.0,229102.0,1.1842451715725228,2243333.0
2023-06-08,2641522,0.02029630910746638,30,122753.0,0.15236430553595878,2477726.0,7149581.0,2442458.285714286,377517.001298389,2396538.0,14.722852165610595,6,-0.9185469991587165,0.43388373911755823,18,10,2396538.0,0.016881910218224706,7.189614,2629318.362593426,0.0,0.9985883591541543,-226274.0,3,17041306.0,7.0,0.9922417414627167,1.0063779952057001,2547348.5,1.1515068759377736,2630574.3571428573,2560508.0,221111.0,1.1721390998793375,2528602.5
2023-06-09,2675115,-0.05579223156632862,40,285609.0,0.15456846236883856,2534892.0,9791103.0,2442458.285714286,391814.3587110699,2443671.0,14.745661985043615,6,-0.925211078289358,-0.433883739117558,24,10,2443671.0,-0.11414067689533351,9.774684,2739701.707232946,0.0,0.9972426039240986,-298242.0,4,17205102.0,6.0,1.0111423805889144,1.0091961009426675,2570700.0,1.1598652747908855,2675701.285714286,2233160.0,220472.2857142857,1.1721390998793375,2560408.5
2023-06-10,2322170,0.015631720499316826,45,33593.0,0.12837483092330304,2221890.0,12466218.0,2442458.285714286,285234.7530801778,2153865.0,14.61386919307299,6,-0.9316013725767187,-0.9749279121818236,30,9,2153865.0,0.1407265543569351,10.769325,2467771.591910172,0.0,1.0015342010492496,22553.0,5,17345325.0,4.0,1.0203073292649978,1.0104527466076898,2130961.0,1.1747756297693892,2377665.0,2355913.0,226734.42857142858,1.1721390998793375,2132214.5
2023-06-11,2732330,-0.0026716685830674436,48,-352945.0,0.14807571073315445,2657217.0,14788388.0,2442458.285714286,393469.29584722046,2456971.0,14.79279026879815,6,-0.9377159910299093,-0.7818314824680299,36,8,2456971.0,-0.023960887764066914,14.741826,2823941.5491839703,0.0,0.9923918152922558,815080.0,6,17445605.0,2.0,1.02412723110423,1.0180423970696597,2572356.6666666665,1.169965186942794,2678068.5,2641522.0,217972.42857142858,1.1721390998793375,2579985.5
2023-06-12,2636399,0.022655981950065573,0,410160.0,0.14982934139188286,2560508.0,0.0,2502959.714285714,383639.2272686472,2389152.0,14.755716624817053,6,-0.9435531242349544,0.0,0,7,2389152.0,-0.023960887764066914,0.0,2697534.3817715403,1.1834190424912368,0.9919333423344829,-40982.0,0,17520718.0,0.0,1.02412723110423,1.0180423970696597,2519049.6666666665,1.1738728062006059,2618862.6428571427,2675115.0,220055.85714285713,1.1721390998793375,2518394.0
2023-06-13,2343000,0.021506425918891736,6,-95931.0,0.1307475647207802,2233160.0,2636399.0,2502959.714285714,291980.2316318575,2389152.0,14.618928628536672,6,-0.9491110448902284,0.7818314824680298,6,6,2389152.0,-0.023960887764066914,0.0,2433777.960854546,1.18865672960535,0.9919333423344829,-192565.0,1,17596609.0,-2.0,1.029639040377925,1.0191860966325172,2142382.5,1.1738728062006059,2367397.5,2322170.0,216222.7142857143,1.1721390998793375,2131698.0
2023-06-14,2465528,0.06787604229232613,10,-293399.0,0.135578858252138,2355913.0,4979399.0,2502959.714285714,319411.9946813692,2389152.0,14.672439320540692,6,-0.9543881083175908,0.9749279121818236,12,5,2389152.0,-0.023960887764066914,0.0,2583520.117545752,1.1961395146511629,0.9919333423344829,272720.0,2,17706449.0,-4.0,1.038745069537565,1.0279791691418734,2266689.0,1.1738728062006059,2464196.0,2732330.0,221544.0,1.1721390998793375,2260500.5
2023-06-15,2745743,0.015795781527329078,12,122528.0,0.15104772984434842,2641522.0,7444927.0,2502959.714285714,398995.9014339029,2389152.0,14.786866202722555,6,-0.9593827529490743,0.43388373911755823,18,4,2389152.0,-0.023960887764066914,0.0,2754018.1444994863,1.202756912701512,0.9919333423344829,358718.0,3,17816064.0,-6.0,1.0413095536647532,1.0361960972672688,2574647.8333333335,1.1738728062006059,2612132.1428571427,2636399.0,228161.2857142857,1.2177646441322811,2566767.5
2023-06-16,2785332,-0.05445106140530909,12,280215.0,0.1536235218059556,2675115.0,10190670.0,2502959.714285714,410960.5875359389,2389152.0,14.799503301858014,6,-0.9640935007889755,-0.433883739117558,24,3,2389152.0,-0.023960887764066914,0.0,2827908.873337914,0.0,0.9919333423344829,349927.0,4,17920285.0,-7.0,1.0408091917733886,1.0405904692060102,2594408.6666666665,1.1738728062006059,2686892.0,2343000.0,244341.7142857143,1.2177646441322811,2595942.0
2023-06-17,2436004,0.019485952688633734,10,39589.0,0.12977545822063374,2322170.0,12976002.0,2502959.714285714,301360.67581620906,2389152.0,14.658013081939284,6,-0.9685189578512204,-0.9749279121818236,30,2,2389152.0,-0.023960887764066914,0.0,2522298.274334688,0.0,0.9919333423344829,84865.0,5,18030502.0,-7.0,1.0408932364250327,1.0425986784123713,2142900.8333333335,1.1738728062006059,2429025.285714286,2465528.0,258542.14285714287,1.2177646441322811,2160326.5
2023-06-18,2640349,0.0006614509703131155,6,-349328.0,0.1493975257642612,2732330.0,15412006.0,2502959.714285714,408203.34157146385,2389152.0,14.820665648995728,6,-0.9726578145718654,-0.7818314824680299,36,1,2389152.0,-0.023960887764066914,0.0,2769039.8100976343,0.0,0.9919333423344829,-324307.0,6,18144336.0,-7.0,1.0421694372638857,1.049373561778074,2586301.6666666665,1.1738728062006059,2642752.285714286,2745743.0,270158.14285714284,1.2177646441322811,2580287.5
2023-06-19,2742546,0.007764726119465548,0,204345.0,0.14874010928593567,2636399.0,0.0,2578907.8571428573,392138.2753813315,2389152.0,14.784924908160702,6,-0.976508846196619,0.0,0,0,2389152.0,-0.023960887764066914,0.0,2776786.2504291045,0.0,0.9919333423344829,112361.0,0,18052355.0,-7.0,1.0421694372638857,1.049373561778074,2542669.3333333335,1.1738728062006059,2674625.0714285714,2785332.0,265344.28571428574,1.2177646441322811,2576487.0
2023-06-20,2449389,0.004004839958311024,1,102197.0,0.13172140650994457,2343000.0,2742546.0,2578907.8571428573,308623.25545280013,2431925.0,14.666943144293086,6,-0.9800709131432666,0.7818314824680298,6,1,2431925.0,-0.11053761806517992,2.431925,2471303.2511166343,0.0,1.114766249410971,225683.0,1,18158502.0,-5.0,1.0402621151047318,1.0562115607300389,2187832.0,1.3645699183589435,2404222.214285714,2436004.0,274397.71428571426,1.2177646441322811,2203563.0
2023-06-21,2502239,0.0516207489977667,4,-293157.0,0.1362404509996462,2465528.0,5191935.0,2578907.8571428573,335904.6466722557,2158912.0,14.717916946897159,6,-0.9833429613388902,0.9749279121818236,12,2,2158912.0,0.015871186273676775,4.317824,2523759.3966559186,0.0,0.9628830504012379,13204.0,2,18264891.0,-3.0,1.0426830627551638,1.0604553407549455,2301463.5,1.1854725442216514,2452085.5714285714,2640349.0,286875.14285714284,1.2177646441322811,2287119.5
2023-06-22,2737829,0.023507541650840125,9,52850.0,0.15083326280975623,2745743.0,7694174.0,2578907.8571428573,414149.3755270485,2197876.0,14.825562634452902,6,-0.9863240225317866,0.43388373911755823,18,3,2197876.0,0.1046623241415793,6.593628,2814900.449189344,0.0,0.8886222242886932,-59575.0,3,18301602.0,-1.0,1.0334787701746437,1.0575984666131213,2597630.6666666665,1.0957065528338241,2717004.785714286,2742546.0,297976.28571428574,1.2549381021848565,2620040.0
2023-06-23,2771672,-0.05900798584518463,16,235590.0,0.15374359146584465,2785332.0,10432003.0,2578907.8571428573,428226.945104744,2453936.0,14.83987799331599,6,-0.9890132145779883,-0.433883739117558,24,4,2453936.0,0.007158784260165671,9.815744,2818462.4130519615,0.0,0.969793569386198,-30006.0,4,18293688.0,1.0,1.0236817598842862,1.0527224907455406,2620853.8333333335,1.1948776857109706,2737656.0,2449389.0,287354.28571428574,1.2549381021848565,2631008.5
2023-06-24,2456148,0.0037777654824495688,25,33843.0,0.13146328920231906,2436004.0,13203675.0,2578907.8571428573,320245.09835000604,2471808.0,14.705869960354974,6,-0.9914097417023038,-0.9749279121818236,30,5,2471808.0,-0.11005397950677834,12.35904,2488490.6519970954,0.0,1.115508591901413,13554.0,5,18280028.0,3.0,1.0175456970490602,1.0483657757554803,2187036.8333333335,1.3725930965838742,2469170.1428571427,2502239.0,282928.14285714284,1.2549381021848565,2210044.0
2023-06-25,2769270,-0.011416311944370205,36,-315524.0,0.14725788972655363,2640349.0,15659823.0,2578907.8571428573,388812.22188161616,2198435.0,14.786422042092685,6,-0.9935128947338007,-0.7818314824680299,36,6,2198435.0,0.1088152378003698,13.19061,2786625.2368945796,0.0,0.8669046417822367,-167094.0,6,18300172.0,5.0,1.016079477259482,1.0516183572064928,2597995.8333333335,1.067522637521768,2746841.4285714286,2737829.0,284084.71428571426,1.2549381021848565,2615370.0
2023-06-26,2687481,0.0018671988949616747,0,313122.0,0.1482236331995933,2742546.0,0.0,2632727.5714285714,406510.1323370118,2469720.0,14.824397608632806,6,-0.9953220513156602,0.0,0,7,2469720.0,-0.03817483815891168,0.0,2718763.1013916414,0.0,0.9923193580291784,30256.0,0,18429093.0,7.0,1.016079477259482,1.0516183572064928,2576625.8333333335,1.229657943342294,2653741.3571428573,2771672.0,292354.4285714286,1.2549381021848565,2594722.0
2023-06-27,2391503,0.0028025430273661556,7,-81789.0,0.13188681402249805,2449389.0,2687481.0,2632727.5714285714,323042.1115117525,2374892.0,14.711349571928508,6,-0.9968366760893436,0.7818314824680298,6,7,2374892.0,-0.09253699043432398,2.374892,2433142.306507866,1.2343455644042944,1.0698589491737578,-3451.0,1,18374028.0,6.0,0.9799219411451987,1.0202623639826427,2243473.3333333335,1.3205756484508675,2430641.6428571427,2456148.0,292635.5714285714,1.2549381021848565,2252720.5
2023-06-28,2539399,0.04900825997524039,12,-295978.0,0.13474342624981522,2502239.0,5078984.0,2632727.5714285714,337160.25615591137,2147125.0,14.732696888670043,6,-0.998056320853012,0.9749279121818236,12,6,2147125.0,0.03631248419722815,4.29425,2509481.1670309114,1.2296461011419486,0.9439379340887658,-72904.0,2,18316142.0,4.0,0.978244912542241,1.0203381721535296,2348498.8333333335,1.1607096003722366,2524394.5714285714,2769270.0,286050.0,1.2549381021848565,2334326.5
2023-06-29,2759141,0.00720832406536509,15,147896.0,0.14908614628234151,2737829.0,7618383.0,2632727.5714285714,408172.37479003676,2237932.0,14.82267619378678,6,-0.9989806246941579,0.43388373911755823,18,5,2237932.0,0.08867020915473438,6.713796,2759511.5899320412,1.2315530642211774,0.8941932014123727,-112135.0,3,18353302.0,2.0,0.9901495599137737,1.0332054492812393,2633526.5,1.101246377205152,2747394.285714286,2687481.0,285636.28571428574,1.238475958811117,2641409.0
2023-06-30,2884783,-0.06380624637126431,16,219742.0,0.1514087255625441,2771672.0,10377524.0,2632727.5714285714,419655.3251973877,2455588.0,14.834961666965505,6,-0.999609314096404,-0.433883739117558,24,4,2455588.0,0.01846708033552108,9.822352,2811373.386378228,1.2324348867881516,0.9590146736093639,-123877.0,4,18374614.0,0.0,0.9947777047226692,1.0352423255763494,2664715.3333333335,1.1819231406979325,2789265.5714285714,2391503.0,288444.85714285716,1.238475958811117,2665586.5
2023-07-01,2588334,0.01838190738955503,15,125642.0,0.13267786643349286,2456148.0,13262307.0,2632727.5714285714,325876.4762848906,2501366.0,14.7141052341614,7,-0.9999422030204416,-0.9749279121818236,35,3,2501366.0,-0.1328466126108694,12.50683,2463160.7987266565,0.0,1.1460856112938298,-93690.0,5,18487725.0,-2.0,1.004440581883453,1.0429622556591898,2252388.3333333335,1.4211299165641855,2460722.5714285714,2539399.0,300381.0,1.238475958811117,2217751.5
2023-07-02,2529730,0.010087178866430513,12,-296449.0,0.15197338824971496,2769270.0,15850641.0,2632727.5714285714,420855.34487828816,2169068.0,14.834094666631097,7,-0.9999791929590823,-0.7818314824680299,42,2,2169068.0,-0.0273795547245818,13.014408,2416257.47781245,0.0,0.905150843729375,220902.0,6,18619911.0,-4.0,1.0121851951966507,1.0514485124164084,2633846.1666666665,1.1294303976741247,2406650.3571428573,2759141.0,323460.0,1.238475958811117,2648783.0
2023-07-03,2288645,0.00798871770741405,0,-58604.0,0.1468036011573256,2687481.0,0.0,2625767.285714286,394531.88884189056,2102878.0,14.804115253721207,7,-0.9997202729664083,0.0,0,1,2102878.0,-0.006682175531349334,0.0,2357373.182883379,0.0,0.9187750091806371,-161212.0,0,18380371.0,-6.0,1.0121851951966507,1.0514485124164084,2611826.0,1.1319036939846114,2403854.214285714,2884783.0,341646.0,1.238475958811117,2597051.0
2023-07-04,2007441,-0.053751216567682114,0,-241085.0,0.1300670046599219,2391503.0,2288645.0,2625767.285714286,311055.6318452172,2086854.0,14.687433014691514,7,-0.9991655196610109,0.7818314824680298,7,0,2086854.0,0.046447535328157,2.086854,2426959.7975857123,0.0,0.9740381079981382,-164275.0,1,17981535.0,-7.0,0.8515948577869016,0.8614507251103658,2293818.8333333335,1.1705996871799809,2518257.6428571427,2588334.0,325817.71428571426,1.238475958811117,2307640.5
2023-07-05,2492923,-0.06758990095156969,2,-281204.0,0.1362439272045179,2539399.0,4296086.0,2625767.285714286,345977.69249922555,2209031.0,14.747438390617829,7,-0.9983150972033183,0.9749279121818236,14,1,2209031.0,-0.02299465467336569,4.418062,2258033.620776396,0.0,1.0053884697806268,449.0,2,17597473.0,-5.0,0.8458553915507511,0.8573316704571635,2388955.0,1.180259983446264,2410114.0,2529730.0,262108.0,1.238475958811117,2395862.0
2023-07-06,2540237,-0.07510984292303013,6,485482.0,0.1503845303283244,2759141.0,6789009.0,2625767.285714286,414932.12339462334,2136035.0,14.830430319798156,7,-0.9971692572470178,0.43388373911755823,21,2,2136035.0,0.044479800781901765,6.408105,2365249.5381083284,0.0,0.8991419039249363,29226.0,3,17550997.0,-3.0,0.8911351660844565,0.9080140762726132,2672970.3333333335,1.0524859933478163,2523810.785714286,2288645.0,270025.28571428574,1.1002854839167129,2657085.0
2023-07-07,2555001,-0.09343727485434195,12,47314.0,0.15358012834485749,2884783.0,9329246.0,2625767.285714286,443045.343387063,2245980.0,14.874960585104107,7,-0.9957283388645872,-0.433883739117558,28,3,2245980.0,0.016860251785124653,8.98392,2374795.0559452157,0.0,0.9228922797606443,126771.0,4,17332093.0,-1.0,0.8989857310857581,0.9148270341960173,2706455.3333333335,1.0674188732809462,2567555.0714285714,2007441.0,268697.28571428574,1.1002854839167129,2709855.5
2023-07-08,2431155,0.028504825375990084,20,14764.0,0.13539392798794095,2588334.0,11884247.0,2625767.285714286,350444.70720473916,2288984.0,14.76652536981161,7,-0.993992768446958,-0.9749279121818236,35,4,2288984.0,-0.05532669896141837,11.44492,2148259.8128090533,0.0,1.0172521511952128,112042.0,5,17002311.0,1.0,0.8960919845996628,0.9157895316813324,2309383.3333333335,1.1515170211783505,2422149.4285714286,2492923.0,251925.85714285713,1.1002854839167129,2272030.0
2023-07-09,2644639,0.02267098821706326,30,-123846.0,0.14752688031711172,2529730.0,14315402.0,2625767.285714286,373203.174944607,2145996.0,14.743623530940223,7,-0.9919630595773397,-0.7818314824680299,42,5,2145996.0,0.11696437741129632,12.875976,2400182.0998756657,0.0,0.887292549498902,-368461.0,6,16845132.0,3.0,0.9031434123074266,0.9279016668347084,2623736.0,0.9955914130307191,2721949.8571428573,2540237.0,232767.7142857143,1.1002854839167129,2648783.0
2023-07-10,2688266,0.047032347586859036,0,213484.0,0.14400401042360617,2288645.0,0.0,2422863.0,329574.05843593413,2443836.0,14.643470934287981,7,-0.9896398128792412,0.0,0,6,2443836.0,-0.046998096348591874,0.0,2331522.360511366,0.0,1.0677570520168025,-343771.0,0,16960041.0,5.0,0.9031434123074266,0.9279016668347084,2611826.0,1.2058799803599038,2589611.5,2555001.0,200475.0,1.1002854839167129,2597051.0
2023-07-11,2382030,0.051890807019914664,7,43627.0,0.12779318803817044,2007441.0,2688266.0,2422863.0,256537.2851885329,2318551.0,14.512371832729393,7,-0.9870237158387383,0.7818314824680298,7,7,2318551.0,-0.09895977688363516,2.318551,2226442.4532309608,0.0,1.0959982596771893,-326176.0,1,17359662.0,7.0,1.1746103043503908,1.0384345988549957,2293818.8333333335,1.2701081389596909,2347475.9285714286,2431155.0,224464.14285714287,1.1002854839167129,2307640.5
2023-07-12,2458378,0.0681607213281139,16,-306236.0,0.13937483210222537,2492923.0,5070296.0,2422863.0,347450.724568776,2072335.0,14.728966876682001,7,-0.984115542601034,0.9749279121818236,14,8,2072335.0,0.04617998670977282,4.14467,2489154.518314043,0.0,0.9184506858857748,-83636.0,2,17734251.0,7.0,1.1802128728335513,1.037591569272793,2427525.6666666665,1.088326630086181,2468040.4285714286,2644639.0,297504.85714285716,1.1002854839167129,2450669.5
2023-07-13,2726021,0.0369863979495928,27,76348.0,0.1501375648041421,2540237.0,7528674.0,2422863.0,381384.9972053795,2188234.0,14.747768335392477,7,-0.9809161537413774,0.43388373911755823,21,9,2188234.0,0.08343619133452292,6.564702,2733530.796691346,0.0,0.9085248214159082,-240216.0,3,17699706.0,7.0,1.108950363742337,1.0192308102352452,2663212.5,1.0743669470577197,2680049.0714285714,2688266.0,285112.85714285716,1.2186150332008305,2657085.0
2023-07-14,2738461,-0.04920778566151163,40,267643.0,0.15307145948647682,2555001.0,10254695.0,2422863.0,391097.73205940775,2402480.0,14.753563564398501,7,-0.9774264960104055,-0.433883739117558,28,10,2402480.0,0.01850850212787683,9.60992,2858280.5611528414,0.0,0.979061560154206,-442893.0,4,17885490.0,7.0,1.0991986919414496,1.0170926486636576,2697962.3333333335,1.1687303787371466,2728532.785714286,2382030.0,289296.28571428574,1.2186150332008305,2709855.5
2023-07-15,2486503,0.0041205661165275576,55,12440.0,0.13809581265201953,2431155.0,12993156.0,2422863.0,335732.3254080205,2449536.0,14.703877422362376,7,-0.9736476020539838,-0.9749279121818236,35,11,2449536.0,-0.1034991933166118,12.24768,2648626.134711393,0.0,1.0762367235332762,-289365.0,5,18068950.0,7.0,1.0933091511813917,1.0125938138726764,2346830.0,1.2983715899486703,2468258.3571428573,2458378.0,292568.85714285716,1.2186150332008305,2376662.5
2023-07-16,2741762,-0.0018057992804765277,72,-251958.0,0.1475231324933596,2644639.0,15479659.0,2422863.0,390145.42959410604,2196011.0,14.78804550815118,7,-0.9695805901076308,-0.7818314824680299,42,12,2196011.0,0.10635577876861474,13.176066,2983258.4394257898,0.0,0.8960085095901049,354449.0,6,18124298.0,7.0,1.0813289769997378,1.0111167154861291,2646287.0,1.0837633784370684,2716285.214285714,2726021.0,293330.71428571426,1.2186150332008305,2650928.0
2023-07-17,2747357,0.011452080494793515,0,255259.0,0.14437687228211182,2688266.0,0.0,2603060.1428571427,388123.4369423436,2453236.0,14.804407306049386,7,-0.965226663665613,0.0,0,13,2453236.0,-0.03648568666039468,0.0,2854706.302802894,0.0,1.0415627627670976,798457.0,0,18221421.0,7.0,1.0813289769997378,1.0111167154861291,2627016.3333333335,1.2658271116739657,2616896.785714286,2738461.0,305862.5714285714,1.2186150332008305,2616688.5
2023-07-18,2410972,0.02127892214142091,14,5595.0,0.12802762455379085,2382030.0,2747357.0,2603060.1428571427,304965.64251586644,2363728.0,14.683464043086417,7,-0.9605871111248129,0.7818314824680298,7,14,2363728.0,-0.03648568666039468,2.363728,2536829.814101988,0.0,1.0943710415731371,758651.0,1,18280512.0,7.0,1.021981083717162,1.0559713145211396,2328496.1666666665,1.3341430566129153,2408611.214285714,2486503.0,307850.28571428574,1.2186150332008305,2346001.5
2023-07-19,2519328,0.058419316777718944,30,-336385.0,0.1389599296697891,2458378.0,5158329.0,2603060.1428571427,341616.0339817568,2363728.0,14.715012747620698,7,-0.9556633054034704,0.9749279121818236,14,15,2363728.0,-0.03648568666039468,2.363728,2611004.3181765904,0.0,1.0943710415731371,11931.0,2,18309454.0,7.0,1.0173624971796518,1.0507205649085891,2451798.6666666665,1.3341430566129153,2526186.3571428573,2741762.0,301967.85714285716,1.2186150332008305,2461953.0
2023-07-20,2754386,0.01595028854012015,48,108356.0,0.14951416735529918,2726021.0,7677657.0,2603060.1428571427,407578.76000806,2363728.0,14.818353961638918,7,-0.9504567035349151,0.43388373911755823,21,16,2363728.0,-0.03648568666039468,2.363728,2871207.0985528203,0.0,1.0943710415731371,404688.0,3,18370404.0,7.0,1.0197887436751811,1.0364623438757161,2677333.3333333335,1.3341430566129153,2735191.214285714,2747357.0,305215.5714285714,1.2393431556675203,2699334.5
2023-07-21,2782146,-0.066051344224759,68,235058.0,0.15207048770527085,2738461.0,10432043.0,2603060.1428571427,416439.0998318637,2363728.0,14.822907006900033,7,-0.9449688462364056,-0.433883739117558,28,17,2363728.0,-0.03648568666039468,2.363728,2871928.329981575,0.0,1.0943710415731371,513242.0,4,18398769.0,7.0,1.0172943222592188,1.0330425701502035,2711696.1666666665,1.3341430566129153,2760794.0714285714,2410972.0,303903.85714285716,1.2393431556675203,2741528.5
2023-07-22,2485646,-0.00038244388052155465,90,27760.0,0.13847565478937657,2486503.0,13214189.0,2603060.1428571427,344320.1310607492,2363728.0,14.726388265822546,7,-0.939201357453208,-0.9749279121818236,35,18,2363728.0,-0.03648568666039468,2.363728,2529854.4827904985,0.0,1.0943710415731371,212527.0,5,18442454.0,7.0,1.0170114943590303,1.0294754816029368,2392311.6666666665,1.3341430566129153,2490792.714285714,2519328.0,308050.5714285714,1.2393431556675203,2433579.5
2023-07-23,2800368,-0.01172975830770362,114,-296500.0,0.1485752636443617,2741762.0,15699835.0,2603060.1428571427,407358.01200009236,2363728.0,14.824111702108434,7,-0.9331559438780432,-0.7818314824680299,42,19,2363728.0,-0.03648568666039468,2.363728,2871738.5489975163,0.0,1.0943710415731371,-17786.0,6,18441597.0,7.0,1.014223569136762,1.0243667271424557,2657671.1666666665,1.3341430566129153,2795909.285714286,2754386.0,308717.85714285716,1.2393431556675203,2650928.0
2023-07-24,2695657,0.008417912675155348,0,314722.0,0.1442988824102169,2747357.0,0.0,2642886.1428571427,396440.54468188627,2363728.0,14.826150280575785,7,-0.9268343944460494,0.0,0,20,2363728.0,-0.03648568666039468,2.363728,2746560.2257086905,0.0,1.0943710415731371,-340530.0,0,18500203.0,7.0,1.014223569136762,1.0243667271424557,2652029.6666666665,1.3341430566129153,2694506.4285714286,2782146.0,311140.28571428574,1.2393431556675203,2661940.0
2023-07-25,2358536,0.01024897316439799,21,-104711.0,0.12738076481158145,2410972.0,2695657.0,2642886.1428571427,307111.45729930815,2363728.0,14.695540958427852,7,-0.9202385798054075,0.7818314824680298,7,21,2363728.0,-0.03648568666039468,2.363728,2445857.3177631646,0.0,1.0943710415731371,-345647.0,1,18448503.0,7.0,0.9811819141087234,1.0356212006263308,2351611.3333333335,1.3341430566129153,2450298.214285714,2485646.0,300572.14285714284,1.2393431556675203,2365516.5
2023-07-26,2510210,0.0443099717929436,44,-337121.0,0.13906038705727353,2519328.0,5054193.0,2642886.1428571427,350338.7268042268,2363728.0,14.739503154190228,7,-0.9133704517637858,0.9749279121818236,14,22,2363728.0,-0.03648568666039468,2.363728,2527920.6752938353,0.0,1.0943710415731371,95495.0,2,18396067.0,7.0,0.9798120670472938,1.031273543074405,2465718.1666666665,1.3341430566129153,2535312.0714285714,2800368.0,292562.28571428574,1.2393431556675203,2479225.5
2023-07-27,2724438,-0.003592228587627755,69,151674.0,0.1495951514266722,2754386.0,7564403.0,2642886.1428571427,412042.790757506,2363728.0,14.828705471274139,7,-0.9062320427107697,0.43388373911755823,21,23,2363728.0,-0.03648568666039468,2.363728,2714370.9638743107,0.0,1.0943710415731371,-157419.0,3,18386949.0,7.0,0.9852488851742139,1.0217429264128661,2690956.3333333335,1.3341430566129153,2711471.285714286,2695657.0,289603.0,1.2174640342737315,2731925.0
2023-07-28,2787676,-0.07686880736345847,96,214228.0,0.1520675053238863,2782146.0,10288841.0,2642886.1428571427,423074.001666829,2363728.0,14.838733489753238,7,-0.898825465016444,-0.433883739117558,28,24,2363728.0,-0.03648568666039468,2.363728,2759567.8516828557,0.0,1.0943710415731371,-139775.0,4,18357001.0,7.0,0.9862728709994772,1.0188608525904708,2717954.5,1.3341430566129153,2760547.9285714286,2358536.0,289034.0,1.2174640342737315,2755066.5
2023-07-29,2457943,0.0008647550056575248,125,63238.0,0.1387462028170351,2485646.0,13076517.0,2642886.1428571427,344873.944047352,2363728.0,14.726043545797555,7,-0.8911529104063088,-0.9749279121818236,35,25,2363728.0,-0.03648568666039468,2.363728,2471537.274956076,0.0,1.0943710415731371,-56205.0,5,18362531.0,7.0,0.9895815021262372,1.0185413185472052,2436271.0,1.3341430566129153,2510036.5,2510210.0,289840.4285714286,1.2174640342737315,2446076.0
2023-07-30,2815068,-0.01138308812167299,156,-329733.0,0.14885110615333452,2800368.0,15534460.0,2642886.1428571427,416837.87443640106,2363728.0,14.845261752176743,7,-0.8832166493127127,-0.7818314824680299,42,26,2363728.0,-0.03648568666039468,2.363728,2771548.4400965166,0.0,1.0943710415731371,-38517.0,6,18334828.0,7.0,0.9894664498066381,1.0129154138792524,2697594.5,1.3341430566129153,2782797.3571428573,2724438.0,282938.85714285716,1.2174640342737315,2694773.5
2023-07-31,2697794,0.017844206283947228,0,357125.0,0.14447171656902752,2695657.0,0.0,2621361.1428571427,389446.194071315,2363728.0,14.807152888368202,7,-0.8750190302029955,0.0,0,27,2363728.0,-0.03648568666039468,2.363728,2640041.6067890623,0.0,1.0943710415731371,-110791.0,0,18349528.0,7.0,0.9894664498066381,1.0129154138792524,2668476.1666666665,1.3341430566129153,2672055.0,2787676.0,286169.71428571426,1.2174640342737315,2687873.5
2023-08-01,2370591,0.015252678836128464,28,-117274.0,0.12698628651745994,2358536.0,2697794.0,2621361.1428571427,299501.7282577439,2363728.0,14.673552069520648,8,-0.8665624788845385,0.7818314824680298,8,28,2363728.0,-0.03648568666039468,2.363728,2289872.052015357,0.0,1.0943710415731371,-81378.0,1,18351665.0,7.0,1.000792756645226,1.0356289512640446,2353200.1666666665,1.3341430566129153,2347920.9285714286,2457943.0,288275.71428571426,1.2174640342737315,2370283.0
2023-08-02,2431864,0.05048098829598868,58,-327203.0,0.1387207627002931,2510210.0,5068385.0,2621361.1428571427,348218.24573790276,2363728.0,14.735877371319829,8,-0.8578494977869301,0.9749279121818236,16,29,2363728.0,-0.03648568666039468,2.363728,2376401.8362761918,0.0,1.0943710415731371,-70068.0,2,18363720.0,7.0,1.0028079655842188,1.035478799017555,2491434.3333333335,1.3341430566129153,2415283.6428571427,2815068.0,303225.0,1.2174640342737315,2497581.0
2023-08-03,2671674,-0.006595825789692089,90,61273.0,0.14918542630051324,2724438.0,7500249.0,2621361.1428571427,406446.44445931766,2363728.0,14.81777309332539,8,-0.8488826652214553,0.43388373911755823,24,30,2363728.0,-0.03648568666039468,2.363728,2640857.4006649135,0.0,1.0943710415731371,-58313.0,3,18285374.0,7.0,0.9915189605841994,1.0149274978473257,2721656.5,1.3341430566129153,2660107.214285714,2697794.0,309269.4285714286,1.2039458090229915,2731925.0
2023-08-04,2690858,-0.08603373323863095,124,239810.0,0.15081044004158053,2787676.0,10171923.0,2621361.1428571427,420410.64425335306,2363728.0,14.840719190492461,8,-0.8396646346181327,-0.433883739117558,32,31,2363728.0,-0.03648568666039468,2.363728,2688748.0016275034,0.0,1.0943710415731371,-38155.0,4,18232610.0,7.0,0.9886364265907113,1.0094992845149433,2756733.6666666665,1.3341430566129153,2705568.5,2370591.0,309359.0,1.2039458090229915,2776909.0
2023-08-05,2403611,-0.019301550727146344,150,19184.0,0.13702888791255644,2457943.0,12862781.0,2621361.1428571427,336809.1958424527,2363728.0,14.714835786098384,8,-0.8301981337405212,-0.9749279121818236,40,30,2363728.0,-0.03648568666039468,2.363728,2414545.087524368,0.0,1.0943710415731371,-26846.0,5,18135792.0,5.0,0.9836549747918348,1.0055310818697638,2458899.8333333335,1.3341430566129153,2475211.0714285714,2431864.0,303771.71428571426,1.2039458090229915,2457045.5
2023-08-06,2743779,-0.02629759791917108,174,-287247.0,0.1527964799585692,2815068.0,15266392.0,2621361.1428571427,430132.4812440095,2363728.0,14.850497330800819,8,-0.8204859638785327,-0.7818314824680299,48,29,2363728.0,-0.03648568666039468,2.363728,2693322.2163366606,0.0,1.0943710415731371,-43906.0,6,18081460.0,3.0,0.9827436550739452,1.00059335379518,2721453.0,1.3341430566129153,2730597.1428571427,2671674.0,300679.4285714286,1.2039458090229915,2737046.0
2023-08-07,2602015,0.005211887833715734,0,340168.0,0.14818407616160345,2697794.0,0.0,2572881.5714285714,399770.11156431685,2363728.0,14.807945330654,8,-0.8105309990194823,0.0,0,28,2363728.0,-0.03648568666039468,2.363728,2570640.567660483,0.0,1.0943710415731371,53837.0,0,18010171.0,1.0,0.9827436550739452,1.00059335379518,2691357.1666666665,1.3341430566129153,2632079.0,2690858.0,297378.28571428574,1.2039458090229915,2691961.5
2023-08-08,2387917,0.009608746571782234,27,-141764.0,0.1303018225473707,2370591.0,2602015.0,2572881.5714285714,308892.327814394,2363728.0,14.678650270948765,8,-0.8003361849976323,0.7818314824680298,8,27,2363728.0,-0.03648568666039468,2.363728,2232087.3250142327,0.0,1.0943710415731371,64491.0,1,17914392.0,-1.0,0.964497289266712,0.9611218835516314,2376105.3333333335,1.3341430566129153,2337822.5714285714,2403611.0,288423.4285714286,1.2039458090229915,2376310.5
2023-08-09,2407319,0.05497965346521139,52,-214098.0,0.13573056983932602,2431864.0,4989932.0,2572881.5714285714,330078.2864917427,2363728.0,14.704169010659044,8,-0.7899045386224707,0.9749279121818236,16,26,2363728.0,-0.03648568666039468,2.363728,2311989.2707479093,0.0,1.0943710415731371,-69228.0,2,17931718.0,-3.0,0.9845211048489805,0.9807640364061033,2491434.3333333335,1.3341430566129153,2410316.214285714,2743779.0,291473.4285714286,1.2039458090229915,2497581.0
2023-08-10,2654716,0.001713483169188068,75,19402.0,0.14882661346394344,2671674.0,7397251.0,2572881.5714285714,397616.19369966764,2363728.0,14.798216174504407,8,-0.7792391467859886,0.43388373911755823,24,25,2363728.0,-0.03648568666039468,2.363728,2572445.848089052,0.0,1.0943710415731371,-22816.0,3,17907173.0,-5.0,0.98626738925601,0.977470867067647,2726681.8333333335,1.3341430566129153,2639016.1428571427,2602015.0,288598.85714285716,1.184501957220764,2731925.0
2023-08-11,2648556,-0.06549208592207845,96,247397.0,0.15050029198769319,2690858.0,10051967.0,2572881.5714285714,404974.9146974201,2363728.0,14.805371031457796,8,-0.7683431655492202,-0.433883739117558,32,24,2363728.0,-0.03648568666039468,2.363728,2602647.4232590725,0.0,1.0943710415731371,-102348.0,4,17890215.0,-7.0,0.9882071462790271,0.9771642516719484,2759357.5,1.3341430566129153,2660380.285714286,2387917.0,289117.5714285714,1.184501957220764,2776909.0
2023-08-12,2322724,-0.012753178247905339,115,-6160.0,0.1345570069599073,2403611.0,12700523.0,2572881.5714285714,323422.7020559097,2363728.0,14.69248316394068,8,-0.7572198192083127,-0.9749279121818236,40,23,2363728.0,-0.03648568666039468,2.363728,2276449.372702956,0.0,1.0943710415731371,-26629.0,5,17847913.0,-7.0,0.9873854650872156,0.9742159624733657,2458899.8333333335,1.3341430566129153,2354686.785714286,2407319.0,289535.85714285716,1.184501957220764,2457045.5
2023-08-13,2684914,-0.026191596028408703,132,-325832.0,0.1518996190401559,2743779.0,15023247.0,2572881.5714285714,416778.9848303799,2363728.0,14.824847089686617,8,-0.7458723993404063,-0.7818314824680299,48,22,2363728.0,-0.03648568666039468,2.363728,2609470.132265192,0.0,1.0943710415731371,-85989.0,6,17767026.0,-7.0,0.9840731850721507,0.9695490889966958,2723361.1666666665,1.3341430566129153,2658235.0,2654716.0,295176.5714285714,1.184501957220764,2742770.5
2023-08-14,2548291,-0.0019509580857208775,0,362190.0,0.14803544315438127,2602015.0,0.0,2529737.285714286,385190.4436193474,2363728.0,14.771797087151747,8,-0.734304263829602,0.0,0,21,2363728.0,-0.03648568666039468,2.363728,2520044.758525,0.0,1.0943710415731371,-97916.0,0,17708161.0,-7.0,0.9840731850721507,0.9695490889966958,2685626.5,1.3341430566129153,2574185.5714285714,2648556.0,297978.85714285716,1.184501957220764,2691961.5
2023-08-15,2266285,-0.0029097732258156483,20,-136623.0,0.13133219340361177,2387917.0,2548291.0,2529737.285714286,313610.3772757724,2363728.0,14.685932414546595,8,-0.722518835873311,0.7818314824680298,8,20,2363728.0,-0.03648568666039468,2.363728,2237121.512216017,0.0,1.0943710415731371,5271.0,1,17654437.0,-7.0,0.9793529245603888,0.9488347708977426,2383591.5,1.3341430566129153,2310650.714285714,2322724.0,299418.0,1.184501957220764,2384973.5
2023-08-16,2298936,0.04375510475564148,38,-282006.0,0.13598735057417619,2407319.0,4814576.0,2529737.285714286,327364.93279687525,2363728.0,14.694024653504135,8,-0.7105196029692745,0.9749279121818236,16,19,2363728.0,-0.03648568666039468,2.363728,2249017.7582946266,0.0,1.0943710415731371,53801.0,2,17532805.0,-7.0,0.96485803814561,0.9500496748062573,2485823.6666666665,1.3341430566129153,2340748.5,2684914.0,286719.5714285714,1.184501957220764,2497581.0
2023-08-17,2599098,-0.011304577414562589,54,32651.0,0.14890399885574485,2654716.0,7113512.0,2529737.285714286,395297.82822632755,2363728.0,14.791848615639816,8,-0.6983101158835584,0.43388373911755823,24,18,2363728.0,-0.03648568666039468,2.363728,2541425.346381878,0.0,1.0943710415731371,35806.0,3,17424422.0,-7.0,0.9616426426519797,0.9440764231461906,2711510.6666666665,1.3341430566129153,2619302.214285714,2548291.0,279995.5714285714,1.136571168497878,2725229.5
2023-08-18,2601291,-0.07430331478439367,68,300162.0,0.15032003359093782,2648556.0,9712610.0,2529737.285714286,398131.0268874799,2363728.0,14.789525521351141,8,-0.6858939875998223,-0.433883739117558,32,17,2363728.0,-0.03648568666039468,2.363728,2557933.683044396,0.0,1.0943710415731371,54516.0,4,17368804.0,-7.0,0.9662397419330963,0.9488497848345676,2736561.5,1.3341430566129153,2639511.5,2266285.0,272775.4285714286,1.136571168497878,2755066.5
2023-08-19,2252655,-0.009289107879906444,80,2193.0,0.1332336154718622,2322724.0,12313901.0,2529737.285714286,309464.91626326565,2363728.0,14.658251623341558,8,-0.673274892250183,-0.9749279121818236,40,16,2363728.0,-0.03648568666039468,2.363728,2182494.7241100157,0.0,1.0943710415731371,-26555.0,5,17321539.0,-7.0,0.9695585764460251,0.9498899699367512,2453501.0,1.3341430566129153,2292806.6428571427,2298936.0,266391.4285714286,1.136571168497878,2457045.5
2023-08-20,2535369,-0.017621211968799066,90,-348636.0,0.15218736494928592,2684914.0,14566556.0,2529737.285714286,408609.98677544703,2363728.0,14.803159628068318,8,-0.6604565640279754,-0.7818314824680299,48,15,2363728.0,-0.03648568666039468,2.363728,2547837.237368095,0.0,1.0943710415731371,12424.0,6,17251470.0,-7.0,0.9696010456328116,0.947049712393229,2730788.6666666665,1.3341430566129153,2627017.0714285714,2599098.0,262551.5714285714,1.136571168497878,2742770.5
2023-08-21,2487458,-0.0019276016488025682,0,282714.0,0.14816092744633635,2548291.0,0.0,2443132.1428571427,377557.1579631519,2260555.0,14.750933888794178,8,-0.6474427960827475,0.0,0,14,2260555.0,-0.12534950942558226,0.0,2431377.2624889533,0.0,0.9589490583699032,42055.0,0,17101925.0,-7.0,0.9696010456328116,0.947049712393229,2653250.6666666665,1.081432170558964,2531006.5714285714,2601291.0,242924.2857142857,1.136571168497878,2687873.5
2023-08-22,2101467,-0.005051303707800381,13,-47911.0,0.13188094039699433,2266285.0,2487458.0,2443132.1428571427,298879.7970076023,1960482.0,14.633652926198057,8,-0.6342374393978054,0.7818314824680298,8,13,1960482.0,0.017376253657013948,1.960482,2106320.990294911,0.0,0.9294991752722976,-138958.0,1,17041092.0,-7.0,0.9761279225959673,0.9436704582626477,2359477.0,1.043777488957813,2228447.3571428573,2252655.0,236512.7142857143,1.136571168497878,2376310.5
2023-08-23,2169394,0.027683990029765848,24,-385991.0,0.13554914343453162,2298936.0,4588925.0,2443132.1428571427,311618.80561080837,1997252.0,14.647957400151054,8,-0.620844401650647,0.9749279121818236,16,12,1997252.0,0.1044034243435088,3.994504,2126683.8985067704,0.0,0.916847974157055,-83838.0,2,16876274.0,-7.0,0.9531316984091641,0.9211432118072859,2470003.6666666665,1.0188101520294852,2251113.1428571427,2535369.0,221002.7142857143,1.136571168497878,2475650.5
2023-08-24,2501995,-0.022820170234005177,33,67927.0,0.1496772064921167,2599098.0,6758319.0,2443132.1428571427,389025.7280392475,2263665.0,14.770675404471843,8,-0.6072676460566135,0.43388373911755823,24,11,2263665.0,0.00755500386799416,6.790995,2399030.113017546,0.0,0.9199266689970126,-38660.0,3,16746732.0,-7.0,0.9500678427196018,0.9140455341032409,2688388.8333333335,1.0146138658140893,2508796.8571428573,2487458.0,210268.14285714287,1.0780875337494036,2698056.0
2023-08-25,2509342,-0.08637047158074185,40,332601.0,0.15075016800314053,2601291.0,9260314.0,2443132.1428571427,392145.05527505744,2284831.0,14.771518802643248,8,-0.593511190196115,-0.433883739117558,32,10,2284831.0,-0.16147979581633554,9.139324,2410689.780739517,0.0,0.9217480332522362,-4963.0,4,16649629.0,-7.0,0.9534320846816664,0.9208438034123813,2708164.6666666665,1.011027182939478,2524512.5714285714,2101467.0,206587.7142857143,1.0780875337494036,2714659.5
2023-08-26,2063356,-0.006707446024192709,45,7347.0,0.1325740188538878,2252655.0,11769656.0,2443132.1428571427,298643.52644130465,1888903.0,14.627620522448316,8,-0.5795791048257612,-0.9749279121818236,40,9,1888903.0,0.2132371300595018,9.444515,1983510.53551107,0.0,0.8745399054207591,10818.0,5,16557680.0,-7.0,0.9558023895108463,0.9239486764087617,2431263.6666666665,0.9533207684652132,2124091.5,2169394.0,203985.57142857142,1.0780875337494036,2444549.0
2023-08-27,2538318,-0.015845042860811454,48,-445986.0,0.15140759537299264,2535369.0,13833012.0,2443132.1428571427,383874.12367322895,2319869.0,14.745850140964286,8,-0.5654755126737576,-0.7818314824680299,48,8,2319869.0,-0.07276779444787877,13.919214,2412012.935293304,0.0,0.9316112811416829,-90680.0,6,16368381.0,-7.0,0.9496419057462863,0.9162352685196079,2691805.1666666665,1.0046389856933524,2548611.9285714286,2501995.0,194934.2857142857,1.0780875337494036,2713338.0
2023-08-28,2349783,0.004314829400786202,0,474962.0,0.14941938184540415,2487458.0,0.0,2338761.4285714286,371674.43672640534,2100205.0,14.726772265466987,8,-0.5512045872199277,0.0,0,7,2100205.0,-0.15412843551785263,0.0,2199950.6175286123,1.0783894311748259,0.884821401487703,-7109.0,0,16371330.0,-7.0,0.9496419057462863,0.9162352685196079,2619913.5,0.9541820478416363,2321365.214285714,2509342.0,199396.14285714287,1.0780875337494036,2645140.5
2023-08-29,1888361,-0.0013502469434225617,6,-188535.0,0.1318381286815307,2101467.0,2349783.0,2338761.4285714286,277053.47676599026,1768473.0,14.55814670609272,8,-0.5367705514607103,0.7818314824680298,8,6,1768473.0,0.1232341600277296,1.768473,1841878.5655427524,1.068210824520183,0.838805180418463,-43186.0,1,16233655.0,-7.0,0.9446523318182659,0.909397634844679,2311137.6666666665,0.8960207733866071,1988047.0714285714,2063356.0,202635.42857142858,1.0780875337494036,2364563.5
2023-08-30,2014332,0.026979149621320087,10,-461422.0,0.1344771612096253,2169394.0,4238144.0,2338761.4285714286,291733.9466651939,2009736.0,14.589958884800865,8,-0.522177676659508,0.9749279121818236,16,5,2009736.0,0.11352651538838063,4.019472,2078437.5254642046,1.053244317605595,0.9230023101052177,-21159.0,2,16020549.0,-7.0,0.9235592213862723,0.8710684685264244,2433271.6666666665,0.9721469382551579,2220048.1428571427,2538318.0,199621.57142857142,1.0780875337494036,2445121.0
2023-08-31,2619753,-0.04483825145676612,12,125971.0,0.1507655277722544,2501995.0,6252476.0,2338761.4285714286,377214.59665854165,2324033.0,14.732599371286693,8,-0.5074302810827518,0.43388373911755823,24,4,2324033.0,0.051826977083157456,6.972099,2381208.504070451,1.0434711408869395,0.9424825160113806,-41485.0,3,15865487.0,-7.0,0.9251525416305445,0.8693251852119884,2652697.3333333335,0.9834533062483884,2517010.285714286,2349783.0,175686.42857142858,0.9964906138735613,2663195.0
2023-09-01,2742962,-0.08135945464177408,12,605421.0,0.15108910707214757,2509342.0,8872229.0,2338761.4285714286,379134.2421186369,2479578.0,14.735531523856626,9,-0.49253272872205434,-0.433883739117558,36,3,2479578.0,-0.23214756704568276,9.918312,2578307.769068022,0.0,1.0661618734964238,-44684.0,4,15983245.0,-7.0,0.958091593870359,0.9054030768929332,2669385.5,1.1199852603958145,2674814.3571428573,1888361.0,183885.0,0.9964906138735613,2669707.0
2023-09-02,2090550,0.04846343816417642,10,123209.0,0.13059487573820971,2063356.0,11615191.0,2338761.4285714286,269463.72042368946,1903950.0,14.539844826039973,9,-0.4774894280028391,-0.9749279121818236,45,2,1903950.0,0.03990283358281468,9.51975,2028542.6938256298,0.0,1.010585819447255,-119230.0,5,16216865.0,-7.0,0.9868759970554789,0.9358248047142397,2392289.0,1.078288742387996,2100661.9285714286,2014332.0,189438.2857142857,0.9964906138735613,2417383.0
2023-09-03,2081144,0.052483853036814576,6,-652412.0,0.15181581768082814,2538318.0,13705741.0,2338761.4285714286,385356.8227039643,1979923.0,14.74701260887751,9,-0.46230483047981086,-0.7818314824680299,54,1,1979923.0,0.1655297550660687,11.879538,2135251.623536423,0.0,0.8768221754294907,152494.0,6,16244059.0,-7.0,0.9907994730287228,0.9341234411294738,2692296.6666666665,0.9369105519266727,2172976.9285714286,2619753.0,191173.57142857142,0.9964906138735613,2713338.0
2023-09-04,2645012,0.017757726311616873,0,-9406.0,0.14918217929136102,2349783.0,0.0,2255269.285714286,350545.74880179216,2409938.0,14.669833967002292,9,-0.4469834295196741,0.0,0,0,2409938.0,-0.10121226221299677,0.0,2518423.850030085,0.0,1.0595455751513023,-76842.0,0,15786885.0,-7.0,0.9907994730287228,0.9341234411294738,2619913.5,1.101541620282988,2596849.4285714286,2742962.0,174426.7142857143,0.9964906138735613,2645140.5
2023-09-05,2243518,-0.007832374929440222,1,563868.0,0.12883579947807583,1888361.0,2645012.0,2255269.285714286,243288.49913821876,2088456.0,14.451220344596473,9,-0.43152975897147144,0.7818314824680298,9,1,2088456.0,-0.11661626600683404,2.088456,2254164.967055084,0.0,1.092621432441966,-48288.0,1,16082114.0,-5.0,1.1256409634421563,1.0593239761474964,2311137.6666666665,1.1595109838425395,2275951.0714285714,2090550.0,172354.7142857143,0.9964906138735613,2364563.5
2023-09-06,1966818,0.03501610430990376,4,-401494.0,0.13261916660776665,2014332.0,4888530.0,2255269.285714286,267139.0311113558,1835889.0,14.51579868119485,9,-0.4159483918249421,0.9749279121818236,18,2,1835889.0,0.12666511167697725,3.671778,2061232.8011353286,0.0,0.9795648862914385,-25520.0,2,16437271.0,-3.0,1.1534600995152595,1.0495150249493106,2379350.1666666665,1.0638285119445408,2024389.5714285714,2081144.0,177379.57142857142,0.9964906138735613,2419591.5
2023-09-07,2283466,0.01664820938352385,9,-276700.0,0.15516612404544552,2619753.0,6855348.0,2255269.285714286,406496.918966428,2120200.0,14.778590978199272,9,-0.4002439388573056,0.43388373911755823,27,3,2120200.0,0.03517975029630095,6.3606,2393372.268891877,0.0,0.9517475399197985,214861.0,3,16389757.0,-1.0,1.0964213217291838,0.9963604531400438,2665950.0,1.030622969506695,2305756.785714286,2645012.0,195427.14285714287,1.0926176297143346,2663195.0
2023-09-08,2405867,-0.09068837910754679,16,316648.0,0.15717453842605855,2742962.0,9138814.0,2255269.285714286,431123.78627021844,2224222.0,14.824549280947977,9,-0.38442104726885545,-0.433883739117558,36,4,2224222.0,-0.14793754040139095,8.896888,2439551.27016818,0.0,0.9285978549053413,325569.0,4,16053470.0,1.0,1.0300471279539787,0.9645919267743829,2700712.3333333335,0.9864259576302278,2404417.0714285714,2243518.0,176505.14285714287,1.0926176297143346,2714659.5
2023-09-09,1986960,-0.03418207549991181,25,122401.0,0.1303360451948219,2090550.0,11544681.0,2255269.285714286,272474.0192820349,1828963.0,14.552938225558671,9,-0.3684843993077793,-0.9749279121818236,45,5,1828963.0,0.24534321079307606,9.144815,1923669.5765857112,0.0,0.9499552021357545,216493.0,5,15716375.0,3.0,0.9939295014606303,0.9541202387118599,2335521.5,0.9863462361971636,2006096.2142857143,1966818.0,164828.14285714287,1.0926176297143346,2363167.5
2023-09-10,2584116,-0.02950288170539328,36,-418907.0,0.1466861469564706,2081144.0,13531641.0,2255269.285714286,305274.99462157703,2340559.0,14.548428780987773,9,-0.35243871088460327,-0.7818314824680299,54,6,2340559.0,-0.033949130389410456,14.043354,2441276.0198516487,0.0,1.053033582578742,-460123.0,6,15612785.0,5.0,0.9872972938858249,0.9474519888092393,2674085.0,1.0868809454167192,2516516.785714286,2283466.0,160742.0,1.0926176297143346,2713338.0
2023-09-11,2402206,-0.0031861836357327533,0,597156.0,0.1534789499839459,2645012.0,0.0,2302251.0,405953.6644549367,2230866.0,14.788186538196296,9,-0.33628873017668287,0.0,0,7,2230866.0,-0.17501326347583804,0.0,2474077.7412913633,0.0,0.9498691051993619,432904.0,0,16115757.0,7.0,0.9872972938858249,0.9474519888092393,2612704.5,1.0102292700420656,2408617.214285714,2405867.0,181075.7142857143,1.0926176297143346,2623513.5
2023-09-12,1991959,0.024759797520237603,8,-181910.0,0.1299268762975768,2243518.0,2402206.0,2302251.0,291493.2856573869,1816435.0,14.6235561732725,9,-0.32003923622313857,0.7818314824680298,9,8,1816435.0,0.07700501676675968,1.816435,1931265.143435739,0.0,0.9183943192915011,568263.0,1,15872951.0,7.0,0.9082023068326344,0.957956417917114,2288052.3333333335,0.9602445463903541,1988597.7857142857,1986960.0,171970.85714285713,1.0926176297143346,2312410.5
2023-09-13,2113134,0.08347998676177815,18,-410247.0,0.12914394725893713,1966818.0,4394165.0,2302251.0,254002.6400599282,1976151.0,14.49192807483527,9,-0.30369503751065885,0.9749279121818236,18,9,1976151.0,0.14031303335522816,3.952302,2014646.6060474725,0.0,1.0440831478941723,107548.0,2,15621392.0,7.0,0.8988724626830561,0.9485425798730989,2305342.5,1.0734026285624636,2152287.785714286,2584116.0,174894.0,1.0926176297143346,2353127.5
2023-09-14,2594681,0.0008087847079600863,30,121175.0,0.1531102941488693,2283466.0,6507299.0,2302251.0,349622.15093894204,2357970.0,14.641205460002876,9,-0.28726097055059635,0.43388373911755823,27,10,2357970.0,0.005730579744777405,7.07391,2445899.0103109833,0.0,1.0540828572714314,-454045.0,3,15767708.0,7.0,0.9492295650053068,0.9647712693138589,2628612.3333333335,1.0932628973927383,2543563.0,2402206.0,175758.85714285713,1.0360545378759485,2637234.5
2023-09-15,2583450,-0.06016556766587755,44,481547.0,0.15710445240156962,2405867.0,9101980.0,2302251.0,377972.4175860071,2375510.0,14.693421311168848,9,-0.2707418984477642,-0.433883739117558,36,11,2375510.0,-0.19403840077182374,9.50204,2561200.814777568,0.0,0.9911318554761376,-570715.0,4,16078923.0,7.0,0.9959694988868358,0.984424412881398,2662525.8333333335,1.046567559630251,2556888.0714285714,1991959.0,186251.0,1.0360545378759485,2669707.0
2023-09-16,1978051,0.02999425863597227,60,-11231.0,0.1283675779952207,1986960.0,11685430.0,2302251.0,255061.2427733837,1888228.0,14.502116893762064,9,-0.2541427094613622,-0.9749279121818236,45,12,1888228.0,0.23859892514501044,9.44114,2108175.2317400468,0.0,0.9755313950489666,-130784.0,5,16256506.0,7.0,1.012191675109949,0.9893803432430783,2265139.8333333335,1.0423980796693202,2065645.7857142857,2113134.0,190007.42857142858,1.0360545378759485,2287689.5
2023-09-17,2648872,0.0063871253245004755,78,-605399.0,0.14886790191388058,2584116.0,13663481.0,2302251.0,384691.92722208943,2349493.0,14.764894421497354,9,-0.23746831555846842,-0.7818314824680299,54,13,2349493.0,-0.03889362798807159,14.096958,2628354.309525094,0.0,1.0291608112909725,960146.0,6,16247597.0,7.0,1.0097430902874234,0.9823314182391378,2647810.6666666665,1.0989971950820139,2519998.1428571427,2594681.0,180268.2857142857,1.0360545378759485,2634515.0
2023-09-18,2495564,0.025617288808192473,0,670821.0,0.1530431765184977,2402206.0,0.0,2330336.1428571427,367641.23689179425,2227301.0,14.691898456093785,9,-0.2207236509605022,0.0,0,14,2227301.0,-0.03889362798807159,0.0,2437892.5190593856,0.0,0.9447574672553789,-538035.0,0,16312353.0,7.0,1.0097430902874234,0.9823314182391378,2563439.8333333335,1.012613516541736,2411960.285714286,2583450.0,188242.85714285713,1.0360545378759485,2575153.0
2023-09-19,1992774,0.015173713470171935,15,-153308.0,0.12732616649077477,1991959.0,2495564.0,2330336.1428571427,253628.50327679722,2227301.0,14.504629636603783,9,-0.20391367068311472,0.7818314824680298,9,15,2227301.0,-0.03889362798807159,0.0,2132272.4091723016,0.0,0.9447574672553789,-606716.0,1,16405711.0,7.0,1.0388634446837615,1.0098940164555288,2222059.3333333335,1.012613516541736,2085597.9285714286,1978051.0,202089.0,1.0360545378759485,2254901.5
2023-09-20,2207680,0.05801615436513874,32,-502790.0,0.12792304224000886,2113134.0,4488338.0,2330336.1428571427,270318.5299407989,2227301.0,14.563683184760803,9,-0.18704334906991657,0.9749279121818236,18,16,2227301.0,-0.03889362798807159,0.0,2235596.711630592,0.0,0.9447574672553789,193830.0,2,16406526.0,7.0,1.0214313754717905,0.9913631121863322,2239163.1666666665,1.012613516541736,2143275.0714285714,2648872.0,190472.14285714287,1.0360545378759485,2234165.0
2023-09-21,2651017,-0.017260841069258737,51,214906.0,0.15488164690633063,2594681.0,6696018.0,2330336.1428571427,401868.4664765649,2227301.0,14.768974523720475,9,-0.17011767832049052,0.43388373911755823,27,17,2227301.0,-0.03889362798807159,0.0,2663971.1632186603,0.0,0.9447574672553789,647502.0,3,16501072.0,7.0,1.0290011262737428,1.0155698296794176,2606986.1666666665,1.012613516541736,2526469.1428571427,2495564.0,206201.42857142858,1.0656695759723378,2609425.5
2023-09-22,2684773,-0.07093566443504806,68,443337.0,0.15867162320790762,2583450.0,9347035.0,2330336.1428571427,409920.2049764689,2227301.0,14.76463666001122,9,-0.15314166701312007,-0.433883739117558,36,17,2227301.0,-0.03889362798807159,0.0,2713862.0744470814,0.0,0.9447574672553789,514678.0,4,16557408.0,6.0,1.0269232628505007,1.0278996397828442,2629409.8333333335,1.012613516541736,2607728.0,1992774.0,217461.0,1.0656695759723378,2624923.5
2023-09-23,2065137,0.04144826404714519,80,33756.0,0.1257529634183625,1978051.0,12031808.0,2330336.1428571427,248745.77504265538,2227301.0,14.497623080000231,9,-0.13612033862266704,-0.9749279121818236,45,16,2227301.0,-0.03889362798807159,0.0,2153537.2762114108,0.0,0.9447574672553789,94681.0,5,16658731.0,4.0,1.029641870260658,1.032441818353671,2186642.6666666665,1.012613516541736,2123686.8571428573,2207680.0,227598.2857142857,1.0656695759723378,2171602.5
2023-09-24,2673136,0.010763376134770963,90,-619636.0,0.1524013812181179,2648872.0,14096945.0,2330336.1428571427,403691.7514699984,2227301.0,14.789644824485066,9,-0.11905873003404988,-0.7818314824680299,54,15,2227301.0,-0.03889362798807159,0.0,2670383.1950885514,0.0,0.9447574672553789,-438216.0,6,16745817.0,2.0,1.0317242728994171,1.0302172100915568,2622561.3333333335,1.012613516541736,2570541.714285714,2651017.0,236231.14285714287,1.0656695759723378,2616494.0
2023-09-25,2543611,0.02819778649230753,0,607999.0,0.1522608281633437,2495564.0,0.0,2395725.8571428573,379976.6413746266,2227301.0,14.730025714436978,9,-0.10196189005174576,0.0,0,14,2227301.0,-0.03889362798807159,0.0,2518828.937583822,0.0,0.9447574672553789,336164.0,0,16770081.0,0.0,1.0317242728994171,1.0302172100915568,2530091.0,1.012613516541736,2442956.9285714286,2684773.0,237869.0,1.0656695759723378,2521927.5
2023-09-26,2058961,0.01228884562731447,13,-129525.0,0.12494278909870439,1992774.0,2543611.0,2395725.8571428573,248982.74160338155,2227301.0,14.505038697688832,9,-0.08483487790576538,0.7818314824680298,9,13,2227301.0,-0.03889362798807159,0.0,2082866.461024924,0.0,0.9447574672553789,252374.0,1,16818128.0,-2.0,1.019252962456583,1.028494025563643,2161099.0,1.012613516541736,2065437.2142857143,2065137.0,244361.42857142858,1.0656695759723378,2172492.5
2023-09-27,2138667,0.049159847945263735,24,-484650.0,0.12770609035325156,2207680.0,4602572.0,2395725.8571428573,281934.1815510664,2227301.0,14.607453201303976,9,-0.06768276175455162,0.9749279121818236,18,12,2227301.0,-0.03889362798807159,0.0,1960541.6086189633,0.0,0.9447574672553789,-51770.0,2,16884315.0,-4.0,1.0254512917699157,1.0222725891360833,2201799.1666666665,1.012613516541736,1950290.857142857,2673136.0,261867.57142857142,1.0656695759723378,2188537.0
2023-09-28,2616213,-0.029571018075026823,33,79706.0,0.1561947256269502,2651017.0,6741239.0,2395725.8571428573,414074.87294738065,2227301.0,14.79045427513872,9,-0.050510617185222886,0.43388373911755823,27,11,2227301.0,-0.03889362798807159,0.0,2277634.6241546283,0.0,0.9447574672553789,-254879.0,3,16815302.0,-6.0,1.0067534167321532,1.0248493594405503,2603543.3333333335,1.012613516541736,2246761.785714286,2543611.0,285790.14285714284,1.0720842276439226,2609425.5
2023-09-29,2602713,-0.09120356272868779,40,477546.0,0.16037572644985224,2684773.0,9357452.0,2395725.8571428573,430572.42022794916,2227301.0,14.803107111060337,9,-0.033323525711631344,-0.433883739117558,36,10,2227301.0,-0.03889362798807159,0.0,2458820.1225745305,0.0,0.9447574672553789,-76260.0,4,16780498.0,-7.0,1.0011144710595392,1.0265975989396396,2619711.6666666665,1.012613516541736,2416391.3571428573,2058961.0,328635.71428571426,1.0720842276439226,2624923.5
2023-09-30,2140656,0.010094609620443729,45,-13500.0,0.12503031528661668,2065137.0,11960165.0,2395725.8571428573,258204.7302200577,2227301.0,14.54070761023154,9,-0.016126573270657762,-0.9749279121818236,45,9,2227301.0,-0.03889362798807159,0.0,2132827.8370286087,0.0,0.9447574672553789,95995.0,5,16698438.0,-7.0,0.9940455333063826,1.020554808092905,2130230.3333333335,1.012613516541736,2159502.6428571427,2138667.0,354417.0,1.0720842276439226,2077843.5
2023-10-01,2682443,0.0008937159670776573,48,-462057.0,0.15348952502128121,2673136.0,14100821.0,2395725.8571428573,410298.37495728757,2227301.0,14.798763247081128,10,0.001075151282798226,-0.7818314824680299,60,8,2227301.0,-0.03889362798807159,0.0,2616526.769055855,0.0,0.9447574672553789,-40492.0,6,16773957.0,-7.0,1.0002749531902124,1.0255551275789028,2610787.5,1.012613516541736,2583929.785714286,2616213.0,371832.4285714286,1.0720842276439226,2616494.0
2023-10-02,2473560,0.025599940733839643,0,541787.0,0.15293892884635008,2543611.0,0.0,2397609.1428571427,389017.14174179337,2227301.0,14.749095676087174,10,0.018276557681691223,0.0,0,7,2227301.0,-0.03889362798807159,0.0,2414517.56337082,1.1012194092462955,0.9447574672553789,-45311.0,0,16783264.0,-7.0,1.0002749531902124,1.0255551275789028,2513190.8333333335,1.012613516541736,2410905.785714286,2602713.0,384932.5714285714,1.0720842276439226,2519587.5
2023-10-03,2001087,0.019925164225873537,6,-208883.0,0.12570869079043234,2058961.0,2473560.0,2397609.1428571427,258829.29169855936,2227301.0,14.537712530278668,10,0.03547255575312556,0.7818314824680298,10,6,2227301.0,-0.03889362798807159,0.0,2062456.3762399293,1.0960306843379388,0.9447574672553789,65372.0,1,16713213.0,-7.0,0.9724600184540797,0.980949284843452,2109160.6666666665,1.012613516541736,2121524.3571428573,2140656.0,393553.28571428574,1.0720842276439226,2080214.0
2023-10-04,2213969,0.04555385780096821,10,-472473.0,0.12766440810449647,2138667.0,4474647.0,2397609.1428571427,273031.65668761916,2227301.0,14.57569376330158,10,0.052658056924614005,0.9749279121818236,20,5,2227301.0,-0.03889362798807159,0.0,2272966.4019900705,1.0919295267912161,0.9447574672553789,-163559.0,2,16655339.0,-7.0,0.9722057579979194,0.974146771959014,2157023.8333333335,1.012613516541736,2322854.3571428573,2682443.0,390949.14285714284,1.0720842276439226,2154030.5
2023-10-05,2697601,-0.03258085473696615,12,212882.0,0.1536790646358137,2616213.0,6688616.0,2397609.1428571427,402057.1667280561,2227301.0,14.777238792494785,10,0.06982797572987089,0.43388373911755823,30,4,2227301.0,-0.03889362798807159,0.0,2726974.788500642,1.0963872147512834,0.9447574672553789,-91140.0,3,16730641.0,-7.0,0.9921938682191804,0.9983044715384055,2597126.1666666665,1.012613516541736,2700397.5714285714,2473560.0,362803.0,1.0628734582858317,2607655.5
2023-10-06,2762717,-0.07813499831619564,12,483632.0,0.1557078432201828,2602713.0,9386217.0,2397609.1428571427,405262.8277511316,2227301.0,14.772065304716994,10,0.0869772313136861,-0.433883739117558,40,3,2227301.0,-0.03889362798807159,0.0,2859567.735344738,0.0,0.9447574672553789,-183383.0,4,16812029.0,-7.0,1.0030740205773965,1.0162290550720132,2605020.8333333335,1.012613516541736,2798712.1428571427,2001087.0,320810.5714285714,1.0628734582858317,2602002.0
2023-10-07,2232660,0.04180822147457541,10,65116.0,0.12381127788216492,2140656.0,12148934.0,2397609.1428571427,265037.35486612364,2227301.0,14.576623349226104,10,0.1041007489354256,-0.9749279121818236,50,2,2227301.0,-0.03889362798807159,0.0,2372498.4020938883,0.0,0.9447574672553789,-11567.0,5,16972033.0,-7.0,1.0157831434599773,1.02908918632223,2099885.6666666665,1.012613516541736,2343427.0714285714,2213969.0,296433.14285714284,1.0628734582858317,2077843.5
2023-10-08,2690153,0.033788408682365656,6,-530057.0,0.16048978652055967,2682443.0,14381594.0,2397609.1428571427,430504.70442356967,2227301.0,14.80223887722062,10,0.121193461470736,-0.7818314824680299,60,1,2227301.0,-0.03889362798807159,0.0,2859398.3986522444,0.0,0.9447574672553789,-14957.0,6,17064037.0,-7.0,1.0199118193188894,1.0385155581705723,2610375.6666666665,1.012613516541736,2755638.4285714286,2697601.0,288218.4285714286,1.0628734582858317,2616494.0
2023-10-09,2681432,0.04826227144433437,0,457493.0,0.1481304775994563,2473560.0,0.0,2438821.0,366409.62417091115,2227301.0,14.721169370756769,10,0.1382503109109819,0.0,0,0,2227301.0,-0.03889362798807159,0.0,2743501.292636853,0.0,0.9447574672553789,-118098.0,0,17071747.0,-7.0,1.0199118193188894,1.0385155581705723,2491781.6666666665,1.012613516541736,2657342.0,2762717.0,268503.4285714286,1.0628734582858317,2491511.0
2023-10-10,2293858,0.031342967457201,1,-8721.0,0.12020959121918715,2001087.0,2681432.0,2438821.0,240549.85026402955,2227301.0,14.50920159060986,10,0.15526624985999563,0.7818314824680298,10,1,2227301.0,-0.03889362798807159,0.0,2458724.42200971,0.0,0.9447574672553789,-124061.0,1,17279619.0,-5.0,1.0840375814615373,1.0817742637096883,2064961.0,1.012613516541736,2376028.8571428573,2232660.0,265182.4285714286,1.0628734582858317,2030024.0
2023-10-11,2372544,0.06731589510802927,4,-387574.0,0.1295751521270189,2213969.0,4975290.0,2438821.0,286875.3699795039,2227301.0,14.610297842023414,10,0.172236243027682,0.9749279121818236,20,2,2227301.0,-0.03889362798807159,0.0,2606877.9651676193,0.0,0.9447574672553789,144315.0,2,17572390.0,-3.0,1.11188435646432,1.1080995574430383,2142862.6666666665,1.012613516541736,2451314.714285714,2690153.0,272136.28571428574,1.0628734582858317,2154030.5
2023-10-12,2717399,0.005583741746235882,9,78686.0,0.15776006656901465,2697601.0,7347834.0,2438821.0,425573.7133366405,2227301.0,14.807873788189161,10,0.18915526872004093,0.43388373911755823,30,3,2227301.0,-0.03889362798807159,0.0,2960244.0632111207,0.0,0.9447574672553789,116192.0,3,17730965.0,-1.0,1.0985582069594069,1.1035612280805305,2597126.1666666665,1.012613516541736,2733687.4285714286,2681432.0,277171.85714285716,1.1668309399458654,2607655.5
2023-10-13,2673246,-0.06920285129076187,16,344855.0,0.15884363063690693,2762717.0,10065233.0,2438821.0,438839.9987023036,2227301.0,14.831725535721747,10,0.20601832032517084,-0.433883739117558,40,4,2227301.0,-0.03889362798807159,0.0,2914750.400006433,0.0,0.9447574672553789,242064.0,4,17750763.0,1.0,1.0723418177951778,1.0824960091613716,2620755.1666666665,1.012613516541736,2710122.714285714,2293858.0,274628.85714285716,1.1668309399458654,2602002.0
2023-10-14,2226278,0.00593538478267841,25,-44153.0,0.12568327619872796,2232660.0,12738479.0,2438821.0,280608.023437852,2227301.0,14.61870470559389,10,0.22282040779479959,-0.9749279121818236,50,5,2227301.0,-0.03889362798807159,0.0,2403824.799298124,0.0,0.9447574672553789,16485.0,5,17661292.0,3.0,1.0485264797718055,1.0653944917420708,2096553.1666666667,1.012613516541736,2320476.214285714,2372544.0,270645.28571428574,1.1668309399458654,2077843.5
2023-10-15,2797326,-0.019725262276866662,36,-446968.0,0.1597978056496881,2690153.0,14964757.0,2438821.0,429880.54626192537,2227301.0,14.805108999009988,10,0.23955655912092708,-0.7818314824680299,60,6,2227301.0,-0.03889362798807159,0.0,2894849.645567128,0.0,0.9447574672553789,-1597.0,6,17654910.0,5.0,1.0405492603949187,1.064295951906128,2610375.6666666665,1.012613516541736,2753018.5,2717399.0,267028.5714285714,1.1668309399458654,2616494.0
2023-10-16,2627942,0.0014851688754622394,0,571048.0,0.1490556846057322,2681432.0,0.0,2537440.4285714286,399682.68248371774,2227301.0,14.80186191107767,10,0.2562218218071163,0.0,0,7,2227301.0,-0.03889362798807159,0.0,2691286.632617387,0.0,0.9447574672553789,277923.0,0,17762083.0,7.0,1.0405492603949187,1.064295951906128,2507901.8333333335,1.012613516541736,2566620.3571428573,2673246.0,275227.28571428574,1.1668309399458654,2491511.0
2023-10-17,2213819,0.009286634101870472,8,-169384.0,0.12196708994292874,2293858.0,2627942.0,2537440.4285714286,279775.18500230665,2294755.0,14.645746110091924,10,0.27281126433401914,0.7818314824680298,10,8,2294755.0,-0.11927635881757086,2.294755,2301360.278965396,0.0,1.1351531305333802,350645.0,1,17708593.0,7.0,0.9800517037165216,1.0311551694218861,2064961.0,1.315417182699099,2272349.214285714,2226278.0,272710.0,1.1668309399458654,2030024.0
2023-10-18,2333408,0.059137070700448824,18,-414123.0,0.13058304560313067,2372544.0,4841761.0,2537440.4285714286,309814.021347434,2003403.0,14.679473776620378,10,0.28931997761869527,0.9749279121818236,20,9,2003403.0,0.042144626742060744,4.006806,2361488.0597446742,0.0,0.9339668029081565,83273.0,2,17628554.0,7.0,0.9731615644515194,1.0445609092184407,2142862.6666666665,1.076836836888343,2379885.9285714286,2797326.0,267455.5714285714,1.1668309399458654,2154030.5
2023-10-19,2695224,-0.011537723551389822,30,119589.0,0.1562416714194353,2717399.0,7175169.0,2537440.4285714286,424570.96167350205,2110090.0,14.81518609877236,10,0.3057430764672831,0.43388373911755823,30,10,2110090.0,0.12622979043959062,6.33027,2685106.3682590816,0.0,0.8471612909571798,-61590.0,3,17589418.0,7.0,0.9765012383241102,1.0446597541423879,2613543.3333333335,0.9744833040761787,2699611.8571428573,2627942.0,263247.85714285716,1.1373715484763243,2617983.0
2023-10-20,2672262,-0.07761850816034732,44,361816.0,0.1568759094456322,2673246.0,9870393.0,2537440.4285714286,419367.8974218985,2429402.0,14.798804396388777,10,0.3220757010206104,-0.433883739117558,40,11,2429402.0,-0.021354118494988424,9.717608,2614760.840647001,0.0,0.9710959229913919,-249475.0,4,17567243.0,7.0,0.9806422762394075,1.0347425618194097,2632747.6666666665,1.1155425546789774,2641791.8571428573,2213819.0,257836.85714285713,1.1373715484763243,2637979.5
2023-10-21,2161735,0.0042045037938804874,50,-22962.0,0.12670274278406446,2226278.0,12542655.0,2537440.4285714286,282075.52879982145,2375559.0,14.615842139890834,10,0.3383130181923076,-0.9749279121818236,50,10,2375559.0,-0.1487491402395836,11.877795,2222848.1423080023,0.0,1.1695277661438612,-98386.0,5,17566259.0,5.0,0.9846273640675626,1.0264167393592056,2095489.5,1.3431686931666131,2272461.5,2333408.0,262959.71428571426,1.1373715484763243,2077843.5
2023-10-22,2770224,-0.021367656861353224,54,-510527.0,0.1585738561990765,2797326.0,14704390.0,2537440.4285714286,443582.77086593787,2005659.0,14.844174876326587,10,0.3544502230989869,-0.7818314824680299,60,9,2005659.0,0.1581468038846341,12.033954,2663209.3309256043,0.0,0.8019282336127032,99463.0,6,17501716.0,3.0,0.9826013212242605,1.0221298556027891,2636173.0,0.9176437962357074,2678725.0714285714,2695224.0,258207.57142857142,1.1373715484763243,2661004.0
2023-10-23,2607835,0.007205860238887585,0,608489.0,0.14944962889869898,2627942.0,0.0,2496373.4285714286,392744.9566673048,2416107.0,14.7817119688537,10,0.3704825404820963,0.0,0,8,2416107.0,-0.038332701541806326,0.0,2544548.903631353,0.0,1.0305735910684024,-261362.0,0,17474614.0,1.0,0.9826013212242605,1.0221298556027891,2531315.8333333335,1.1772483853114102,2591601.4285714286,2672262.0,262805.5714285714,1.1373715484763243,2519587.5
2023-10-24,2138741,0.009143586142526638,7,-162389.0,0.12393173938005135,2213819.0,2607835.0,2496373.4285714286,274362.4393426059,2322585.0,14.61023008813262,10,0.3864052261209853,0.7818314824680298,10,7,2322585.0,-0.1368471397911772,2.322585,2172770.9888384757,1.1406157728782136,1.1335175945193232,-372810.0,1,17454507.0,-1.0,0.9923487656881316,1.0101481182718905,2083686.3333333333,1.2929080471437113,2245984.714285714,2161735.0,255957.42857142858,1.1373715484763243,2030024.0
2023-10-25,2251047,0.055662053496393415,12,-469094.0,0.13105487978165714,2333408.0,4746576.0,2496373.4285714286,305804.50492155703,1981651.0,14.662840846397112,10,0.40221356823680365,0.9749279121818236,20,6,1981651.0,0.029250001737971612,3.963302,2250819.8506398965,1.1351844763098857,0.912380821710937,-197711.0,2,17379429.0,-3.0,0.980340830536658,1.0048710005731896,2170198.3333333335,1.0357205452891132,2315360.5,2770224.0,248339.42857142858,1.1373715484763243,2173173.5
2023-10-26,2630523,-0.020159141923372204,15,112306.0,0.15528076770961394,2695224.0,6997623.0,2496373.4285714286,418516.4518693765,2057463.0,14.806992246780942,10,0.41790288888678667,0.43388373911755823,30,5,2057463.0,0.09895205510601116,6.172389,2516770.599702042,1.1298805857386907,0.8164588015784908,-41973.0,3,17297068.0,-5.0,0.9752554957242122,1.0013463381812335,2645748.1666666665,0.9225009489590146,2564129.785714286,2607835.0,244091.7142857143,1.1076091938630883,2635385.0
2023-10-27,2615422,-0.08924740917078999,16,379476.0,0.15508328302027322,2672262.0,9628146.0,2496373.4285714286,414423.1640503213,2310460.0,14.798436236938654,10,0.4334685453485363,-0.433883739117558,40,4,2310460.0,0.0007716829419918534,9.24184,2514361.1253879704,1.1257964286895323,0.9146438982833454,88487.0,4,17232367.0,-7.0,0.9754572082388209,0.9956899162717417,2659901.0,1.029702834210062,2567194.6428571427,2138741.0,251840.42857142858,1.1076091938630883,2672754.0
2023-10-28,2015907,-0.0005602797916341995,15,-15101.0,0.12684350266178812,2161735.0,12243568.0,2496373.4285714286,274202.0392265805,2312356.0,14.586422160567173,10,0.4489059314938798,-0.9749279121818236,50,3,2312356.0,-0.1948510374208492,11.56178,1985384.6517286021,0.0,1.129340631566609,-58161.0,5,17175527.0,-7.0,0.976154410688965,0.9915780717211842,2111886.0,1.2667204190375572,2088308.5714285714,2251047.0,252749.42857142858,1.1076091938630883,2115603.0
2023-10-29,2520086,-0.029993932122565514,12,-599515.0,0.15835619854791724,2770224.0,14259475.0,2496373.4285714286,438682.1417662055,1830454.0,14.834439102301575,10,0.4642104791518923,-0.7818314824680299,60,2,1830454.0,0.16180204105018803,10.982724,2420267.869476737,0.0,0.7232268303900137,-134275.0,6,17029699.0,-7.0,0.9697427094901591,0.9808489753035353,2674824.0,0.8046613227465524,2499005.8571428573,2630523.0,256946.14285714287,1.1076091938630883,2677789.5
2023-10-30,2292796,-0.015004976687148286,0,504179.0,0.15041486889117095,2607835.0,0.0,2397080.1428571427,392257.1596148068,2241429.0,14.77403131661585,10,0.4793776594606945,0.0,0,1,2241429.0,-0.12841266068428148,0.0,2048072.7220598143,0.0,0.9442777720826447,33383.0,0,16779561.0,-7.0,0.9697427094901591,0.9808489753035353,2565587.3333333335,1.0356300660177862,2179517.8571428573,2615422.0,246166.14285714287,1.1076091938630883,2575723.0
2023-10-31,1665839,-0.03571500605656053,0,-227290.0,0.1251271562606195,2138741.0,2292796.0,2397080.1428571427,267614.5793079936,1925032.0,14.575728363678914,10,0.49440298420761813,0.7818314824680298,10,0,1925032.0,0.023009349184113483,1.925032,2064165.6105697257,0.0,0.9343802343762846,4961.0,1,16464522.0,-7.0,0.879195194481246,0.882628032631656,2108150.0,1.0033139049457485,2235504.6428571427,2015907.0,257953.85714285713,1.1076091938630883,2098851.0
2023-11-01,2157473,-0.017427988467980438,2,-626957.0,0.1327362686439995,2251047.0,3958635.0,2397080.1428571427,298795.5793222692,1978549.0,14.626906443517584,11,0.5092820071573356,0.9749279121818236,22,1,1978549.0,-0.02466470393441896,3.957098,1888871.5221053232,0.0,0.9664382408748948,-43225.0,2,15991620.0,-5.0,0.8339980229959448,0.8317214049971127,2209650.8333333335,1.00590956715205,2116985.5,2520086.0,190839.57142857142,1.1076091938630883,2210824.5
2023-11-02,2415581,-0.06946277625375996,6,491634.0,0.15550257375063242,2630523.0,6116108.0,2397080.1428571427,409053.0968102348,1897396.0,14.782693623852111,11,0.5240103253675756,0.43388373911755823,33,2,1897396.0,0.14616741712792652,5.692188,2246376.4780217074,0.0,0.9245431544120424,-42526.0,3,15898046.0,-3.0,0.8740265087158883,0.8672488257571757,2647543.1666666665,0.9568209339842276,2475716.1428571427,2292796.0,200338.57142857142,0.9669844660088761,2640770.0
2023-11-03,2502391,-0.1064025576119969,12,258108.0,0.15528119125800227,2615422.0,8531689.0,2397080.1428571427,406125.84380238684,2253501.0,14.77693640148179,11,0.5385835804920232,-0.433883739117558,44,3,2253501.0,0.007488928756082855,9.014004,2237844.4404999563,0.0,0.9987719785969931,-55856.0,4,15683104.0,-1.0,0.8861196122285641,0.876168565798568,2638644.3333333335,1.0206372286848715,2487660.0,1665839.0,177769.57142857142,0.9669844660088761,2643842.0
2023-11-04,2045614,0.04434574191405538,20,86810.0,0.12499189442793003,2015907.0,11034080.0,2397080.1428571427,251972.03492052516,2272855.0,14.516580272211456,11,0.5529974600700271,-0.9749279121818236,55,4,2272855.0,-0.1382604649930978,11.364275,1884303.6994103037,0.0,1.079523393025967,-81285.0,5,15570073.0,1.0,0.9012144172352373,0.8885260583702792,2099445.5,1.0945488535256596,2134982.3571428573,2157473.0,167265.2857142857,0.9669844660088761,2102896.5
2023-11-05,2669284,0.021981506186188993,30,-456777.0,0.15594604676764529,2520086.0,13079694.0,2397080.1428571427,392997.44921448815,1924975.0,14.739803982701197,11,0.5672476988027229,-0.7818314824680299,66,5,1924975.0,0.18097271679021143,11.54985,2372048.1140766,0.0,0.7830540031562571,-223036.0,6,15599780.0,3.0,0.9172633634828772,0.8972488800247285,2674824.0,0.7952921216090542,2604220.1428571427,2415581.0,158006.14285714287,0.9669844660088761,2677789.5
2023-11-06,2491545,0.06389944199185305,0,623670.0,0.15058781153466327,2292796.0,0.0,2249854.0,345267.1319354298,2396744.0,14.645283027611365,11,0.5813300798152042,0.0,0,4,2396744.0,-0.09541736622684775,0.0,2200773.1509922463,1.0249322753037442,1.0665763591929334,-294932.0,0,15748978.0,3.0,0.9172633634828772,0.8972488800247285,2525119.6666666665,1.0931685346127968,2369702.214285714,2502391.0,157132.2857142857,0.9669844660088761,2519587.5
2023-11-07,2019225,0.058396378168098284,3,-177739.0,0.1222666863074201,1665839.0,2491545.0,2249854.0,203676.6144516664,2168053.0,14.325840058681575,11,0.5952404359043674,0.7818314824680298,11,3,2168053.0,-0.11673278417059896,2.168053,2007095.389478996,0.0,1.0740151749482374,-397824.0,1,15947727.0,3.0,1.086684118430074,0.9761190126743327,2066223.5,1.1165569523475036,2101296.785714286,2045614.0,150807.7142857143,0.9669844660088761,2030024.0
2023-11-08,2209479,0.07233641612452635,4,-472320.0,0.13456255870439207,2157473.0,4510770.0,2249854.0,290315.0872156409,1896916.0,14.58444865088217,11,0.6089746507720486,0.9749279121818236,22,2,1896916.0,0.019248289325572973,3.793832,2178304.9911399214,0.0,0.9183242607614183,-11213.0,2,16301113.0,1.0,1.1394761072945598,0.9741294016897072,2217040.6666666665,0.977135574365857,2147079.4285714286,2669284.0,212953.2857142857,0.9669844660088761,2210824.5
2023-11-09,2658959,-0.0031533431131551826,3,190254.0,0.15434373717346278,2415581.0,6720249.0,2249854.0,372829.7989852104,1945183.0,14.697450809823291,11,0.6225286602431057,0.43388373911755823,33,1,1945183.0,0.10980105552279751,5.835549,2495911.974935958,0.0,0.9154154734050468,-150241.0,3,16353119.0,-1.0,1.0987786677409883,0.9726545835698241,2647543.1666666665,0.9769125832779599,2410161.285714286,2491545.0,213556.0,1.0628674359537116,2640770.0
2023-11-10,2591818,-0.06805199909725479,0,449480.0,0.1545468168039405,2502391.0,9379208.0,2249854.0,386736.56344882946,2203214.0,14.732757632397073,11,0.6358984534680745,-0.433883739117558,44,0,2203214.0,0.04790237396504362,8.812856,2697574.22157852,0.0,0.9556357427010487,-56191.0,4,16596497.0,-3.0,1.0993377747360458,0.9848110776241821,2638644.3333333335,1.0336742738309093,2525801.8571428573,2019225.0,255508.14285714287,1.0628674359537116,2643842.0
2023-11-11,2025517,0.026105891058826547,5,-67141.0,0.12476881711776935,2045614.0,11971026.0,2249854.0,255228.83905954863,2309163.0,14.531209035744117,11,0.6490800741100398,-0.9749279121818236,55,1,2309163.0,-0.15296986560813058,11.545815,2301895.067990436,0.0,1.1030353351462152,175535.0,5,16685924.0,-3.0,1.0849138306048172,0.9861059529870415,2109221.1666666665,1.2000524120204576,2160553.9285714286,2209479.0,263096.5714285714,1.0628674359537116,2102896.5
2023-11-12,2683745,-0.003701160448773333,12,-566301.0,0.15892357235835194,2669284.0,13996543.0,2249854.0,424212.1489189911,2411406.0,14.797321204252045,11,0.6620696215153815,-0.7818314824680299,66,2,2411406.0,-0.05714673192278588,14.468436,2834053.058437052,0.0,0.9643733828169678,399336.0,6,16665827.0,-3.0,1.0700971291836032,0.9820702649767798,2689018.6666666665,1.047869325798641,2619064.8571428573,2658959.0,257311.57142857142,1.0628674359537116,2677789.5
2023-11-13,2533300,0.014730018236467579,0,658228.0,0.15018951073338802,2491545.0,0.0,2382898.285714286,374203.92452021927,2229804.0,14.728413959306591,11,0.6748632518680403,0.0,0,3,2229804.0,-0.15122001754414288,0.0,2597766.424873714,0.0,0.9711608683411705,513788.0,0,16680288.0,-1.0,1.0700971291836032,0.9820702649767798,2540009.5,1.0559734505202103,2437011.5714285714,2591818.0,257282.85714285713,1.0628674359537116,2519587.5
2023-11-14,2035761,0.01319409580828279,4,-150445.0,0.12024444632901876,2019225.0,2533300.0,2382898.285714286,242800.5921387129,1892613.0,14.51822482763282,11,0.6874571793269664,0.7818314824680298,11,4,1892613.0,0.07095577199889141,1.892613,2172851.900498967,0.0,0.9375219970148044,826288.0,1,16722043.0,1.0,1.0167586778484836,1.0112854958394701,2070767.8333333333,1.0221909066169381,2095230.0,2025517.0,254426.2857142857,1.0628674359537116,2039093.0
2023-11-15,2224646,0.05616117634371176,10,-497539.0,0.13428429865852468,2209479.0,4569061.0,2382898.285714286,296698.33791573846,2034880.0,14.608267751690285,11,0.699847677146407,0.9749279121818236,22,5,2034880.0,0.1085595254070428,4.06976,2319070.4531264906,0.0,0.975410602232586,145580.0,2,16738579.0,3.0,1.0129226274006433,1.0121001839543393,2228842.6666666665,1.0645172639846059,2270058.285714286,2683745.0,257403.2857142857,1.0628674359537116,2211724.0
2023-11-16,2550045,-0.016967018681864898,18,188885.0,0.1559483628307784,2658959.0,6793707.0,2382898.285714286,414660.3028841637,2326100.0,14.793445626862665,11,0.7120310787787131,0.43388373911755823,33,6,2326100.0,0.0470358527341849,6.9783,2637293.010843561,0.0,1.050667931388823,458320.0,3,16753746.0,5.0,1.010930844973155,1.006134180680776,2658256.1666666665,1.1474183126198971,2556256.0714285714,2533300.0,246756.14285714287,1.0737895329098583,2654988.0
2023-11-17,2692471,-0.08319977549022006,24,325399.0,0.15576660008220886,2591818.0,9343752.0,2382898.285714286,403718.6778918704,2458089.0,14.767870503769144,11,0.7240037789593305,-0.433883739117558,44,6,2458089.0,-0.09407616471420573,9.832356,2733778.5884817583,1.0854380575590772,1.0445658197122576,202458.0,4,16644832.0,6.0,0.9962197234563942,0.9990796974324874,2640039.0,1.1338114943410782,2692664.0,2035761.0,213641.85714285713,1.0737895329098583,2643842.0
2023-11-18,2379699,0.02429296397481462,25,142426.0,0.12379206355197554,2025517.0,12036223.0,2382898.285714286,250742.92918960683,2214717.0,14.52133602828004,11,0.7357622347736527,-0.9749279121818236,55,5,2214717.0,0.07706763437495626,11.073585,2464204.1765405084,1.0925420327099808,1.0636743687118426,-49804.0,5,16745485.0,4.0,1.005446233263548,1.007398057501184,2110822.8333333335,1.1621089569339422,2449638.1428571427,2224646.0,206745.7142857143,1.0737895329098583,2102896.5
2023-11-19,2608680,0.019615048054330675,24,-312772.0,0.15977471781410577,2683745.0,14415922.0,2382898.285714286,428794.60006001726,2385400.0,14.802724137722224,11,0.7473029667054297,-0.7818314824680299,66,4,2385400.0,-0.06831544138198839,14.3124,2715713.07555639,1.1136998960383053,0.9424612287673113,-134737.0,6,17099667.0,2.0,1.029963041588198,1.0289718601868354,2694830.8333333335,1.049618972498288,2623488.5,2550045.0,218865.42857142858,1.0737895329098583,2683094.0
2023-11-20,2532525,0.04783705100184332,0,228981.0,0.14979351947382863,2533300.0,0.0,2432086.0,379471.92288305005,2201022.0,14.745033753349105,11,0.75862255966641,0.0,0,3,2201022.0,0.07453782815768095,0.0,2488907.2518870546,0.0,0.9423934069942789,-156994.0,0,17024602.0,0.0,1.029963041588198,1.0289718601868354,2546298.8333333335,1.0449715374913393,2435591.9285714286,2692471.0,211857.0,1.0737895329098583,2538455.5
2023-11-21,2647461,0.032548763342376885,2,-76155.0,0.11846691570172377,2035761.0,2532525.0,2432086.0,241170.32677585687,2370351.0,14.526380753945432,11,0.769717664006921,0.7818314824680298,11,2,2370351.0,0.03769204017808614,2.370351,2672497.781113041,0.0,1.1727609872633975,-336850.0,1,17023827.0,-2.0,0.9996940749220384,1.0206160389688113,2077932.3333333333,1.3002764850102513,2605493.1428571427,2379699.0,215858.0,1.0737895329098583,2047361.0
2023-11-22,2741610,0.08347060594546774,2,114936.0,0.13356957841604863,2224646.0,5179986.0,2432086.0,297145.02834494895,2465337.0,14.615108809310575,11,0.7805849965070866,0.9749279121818236,22,1,2465337.0,-0.4144547693636919,4.930674,2901739.0320204454,0.0,1.1720242304873498,-36839.0,2,17635527.0,-4.0,1.1337090925247004,1.1650208079351176,2231670.3333333335,1.348932097004915,2711536.3571428573,2608680.0,234995.42857142858,1.0737895329098583,2219307.5
2023-11-23,1547419,0.06438286688850092,0,94149.0,0.1548356979621326,2550045.0,7921596.0,2432086.0,394837.9974098464,1426195.0,14.75162195618759,11,0.7912213413483807,0.43388373911755823,33,0,1426195.0,0.39180126139833615,4.278585,1724740.084052585,0.0,0.6305178956516193,-352292.0,3,18152491.0,-6.0,1.1660196708512747,1.1899788366897959,2641427.5,0.7455457012050597,1673249.857142857,2532525.0,247353.57142857142,1.2511176831408293,2644741.0
2023-11-24,2199057,-0.08825462107968707,4,-1194191.0,0.1570739135929866,2692471.0,9469015.0,2432086.0,422916.9572056223,1984980.0,14.805970288701412,11,0.801623551065242,-0.433883739117558,44,1,1984980.0,0.09999089162083896,7.93992,2265063.933432758,0.0,0.826496108350776,11226.0,4,17149865.0,-5.0,1.0134060707090684,1.026930307206924,2641322.0,0.9276671719309508,2208140.5,2647461.0,232679.14285714287,1.2511176831408293,2643842.0
2023-11-25,2605387,-0.11896263920002759,10,651638.0,0.12781027363748576,2379699.0,11668072.0,2432086.0,304149.98036485125,2336633.0,14.682484987282468,11,0.8117885474764613,-0.9749279121818236,55,2,2336633.0,0.10400604132023872,11.683165,2555377.640421728,0.0,1.099774765930849,374279.0,5,16656451.0,-3.0,0.9694130791694371,0.9870442987324262,2138743.3333333335,1.1957857073185245,2554895.0714285714,2741610.0,229778.42857142858,1.2511176831408293,2151195.5
2023-11-26,2908785,-0.15805689616085394,18,406330.0,0.15845010121579406,2608680.0,14273459.0,2432086.0,413345.61003961763,2639616.0,14.774355287574785,11,0.821713322596059,-0.7818314824680299,66,3,2639616.0,-0.08998467034229803,15.837696,2878036.039770745,0.0,1.0383501991444166,-89526.0,6,16882139.0,-1.0,0.9901176629562785,1.0240746665828664,2684088.1666666665,1.1429435809785895,2871350.214285714,1547419.0,244603.0,1.2511176831408293,2683094.0
2023-11-27,2633263,0.03002500814514808,0,303398.0,0.1477871760789394,2532525.0,0.0,2454606.285714286,374274.718099316,2389672.0,14.744727781587319,11,0.8313949395234058,0.0,0,4,2389672.0,-0.18198606335932296,0.0,2665243.2882229746,0.0,1.0109865748784852,-42530.0,0,17182244.0,1.0,0.9901176629562785,1.0240746665828664,2544451.1666666665,1.131517796899359,2621179.785714286,2199057.0,251158.57142857142,1.2511176831408293,2532912.5
2023-11-28,2171943,0.10539413539092113,5,-275522.0,0.12512194849502586,2647461.0,2633263.0,2454606.285714286,331255.4788845897,1954785.0,14.78911200319133,11,0.8408305333122887,0.7818314824680298,11,5,1954785.0,-0.02838305027270455,1.954785,2189935.0248453203,0.0,0.9310904762843213,595164.0,1,17282982.0,3.0,1.0397776922241637,1.0693273595592196,2117081.8333333335,1.0482791307358699,2182013.8571428573,2605387.0,238599.7142857143,1.2511176831408293,2087251.0
2023-11-29,1948492,0.12266122528006251,12,-461320.0,0.13992121418397063,2741610.0,4805206.0,2454606.285714286,383609.4000189157,1893497.0,14.824056261790105,11,0.8500173118187018,0.9749279121818236,22,6,1893497.0,0.08684261304465314,3.786994,1968104.4089297445,0.0,0.8708179631151556,501797.0,2,16807464.0,5.0,0.9276484531039273,1.0550196032022918,2267515.5,0.9513376787466157,2126012.285714286,2908785.0,230035.14285714287,1.2511176831408293,2237846.5
2023-11-30,2276703,0.02778043428944388,21,-223451.0,0.13815812658012094,1547419.0,6753698.0,2454606.285714286,213788.51007448416,2113719.0,14.25209958592026,11,0.8589525565270845,0.43388373911755823,33,7,2113719.0,0.005974439737629518,6.341157,2002913.53938465,0.0,0.9728863920137225,-893712.0,3,16014346.0,7.0,0.8525678411269648,0.9805141323608088,2607988.8333333335,1.016043844277431,2336607.785714286,2633263.0,198424.0,1.0639639126899332,2644741.0
2023-12-01,2308362,-0.142202733306397,32,328211.0,0.15010260351455315,2199057.0,9030401.0,2454606.285714286,330084.1809769027,2132571.0,14.603539644814353,12,0.8676336233547726,-0.433883739117558,48,8,2132571.0,-0.12622045714078936,8.530284,2260973.236338177,0.0,0.9384999147126716,-594067.0,4,16743630.0,7.0,0.9536790257487183,0.9836056663627029,2624601.6666666665,1.02107827010079,2351105.4285714286,2171943.0,204389.7142857143,1.0639639126899332,2643842.0
2023-12-02,1864999,-0.12043924120405247,45,31659.0,0.1356832472054549,2605387.0,11338763.0,2454606.285714286,353507.3683868786,1788666.0,14.77309216641631,12,0.8760579434344281,-0.9749279121818236,60,9,1788666.0,0.20966257702368826,8.94333,1977870.265520141,0.0,0.9240352825250122,-128494.0,5,16852935.0,7.0,0.9717769139580215,0.9710047876657635,2178583.8333333335,1.0120311137188498,2003015.357142857,1948492.0,198920.2857142857,1.0639639126899332,2194006.5
2023-12-03,2321965,-0.09356724790449278,60,-443363.0,0.1632256839419351,2908785.0,13203762.0,2454606.285714286,474788.4210650417,2261227.0,14.883246369972417,12,0.8842230238742036,-0.7818314824680299,72,10,2261227.0,-0.036024744264364014,13.567362,2351133.823238585,0.0,1.0381649143749139,375170.0,6,16112547.0,7.0,0.9250569185787412,0.9470898000269629,2703235.3333333335,1.0905401815050944,2469244.285714286,2276703.0,171431.57142857142,1.0639639126899332,2686949.0
2023-12-04,2266792,-0.03772880084469066,0,456966.0,0.15379283249740672,2633263.0,0.0,2217961.0,404976.9754806187,2134176.0,14.7837346993086,12,0.8921264484954345,0.0,0,11,2134176.0,-0.14291368047596978,0.0,2080977.3856956547,0.0,0.9717426737999324,101513.0,0,15525727.0,7.0,0.9250569185787412,0.9470898000269629,2571068.3333333335,0.985104750354191,2330583.1428571427,2308362.0,141655.7142857143,1.0639639126899332,2570567.5
2023-12-05,1834118,-0.00810444304787683,12,-55173.0,0.13365163352760828,2171943.0,2266792.0,2217961.0,290283.7298788541,1752091.0,14.591133177014818,12,0.8997658785476209,0.7818314824680298,12,12,1752091.0,0.05837934887015553,1.752091,1635360.9308547818,0.0,0.8806693443086244,-1087218.0,1,15159256.0,7.0,0.8608300803983499,0.889755131010998,2145557.8333333335,0.869337049079837,1934291.9285714286,1864999.0,125802.14285714286,1.0639639126899332,2155342.0
2023-12-06,1998620,0.049289742115531165,26,-432674.0,0.13704860224675036,1948492.0,4100910.0,2217961.0,267038.1050889751,1883346.0,14.482566811247391,12,0.9071390534005044,0.9749279121818236,24,13,1883346.0,0.11272952637337635,3.766692,1770422.6958144219,0.0,0.8906163050966122,-1310082.0,2,14821431.0,7.0,0.8534306333589028,0.860404941551867,2258099.5,0.8584742142868277,2051612.4285714286,2321965.0,106497.71428571429,1.0639639126899332,2237846.5
2023-12-07,2385629,-0.003925850205227288,42,164502.0,0.13647325020403672,2276703.0,6099530.0,2217961.0,310709.05815928103,2220053.0,14.63823934098746,12,0.9142437912130223,0.43388373911755823,36,14,2220053.0,0.11272952637337635,6.660159,2202132.731391597,0.0,0.993108083903641,1731910.0,3,14871559.0,7.0,0.9031392875429135,0.8655114981774967,2537839.1666666665,0.9603491529371674,2376819.5,2266792.0,115109.0,0.9602933688661281,2590284.0
2023-12-08,2431077,-0.0594297307862236,60,387009.0,0.14754948410328733,2308362.0,8485159.0,2217961.0,340597.6222236325,2220053.0,14.65204917327254,12,0.9210779895789526,-0.433883739117558,48,15,2220053.0,0.11272952637337635,6.660159,2184360.738008844,0.0,0.993108083903641,602719.0,4,14980485.0,7.0,0.9396215073948543,0.9118342149893924,2560583.5,0.9603491529371674,2455851.5,1834118.0,115479.28571428571,0.9602933688661281,2603620.0
2023-12-09,1975896,0.03544264727894031,80,45448.0,0.1332418603739763,1864999.0,10916236.0,2217961.0,248495.93635560546,2220053.0,14.438771611060053,12,0.9276396261490467,-0.9749279121818236,60,16,2220053.0,0.11272952637337635,6.660159,1791658.4037456992,0.0,0.993108083903641,-966076.0,5,15103200.0,7.0,0.9627360585982792,0.928763048962094,2142458.3333333335,0.9603491529371674,2040365.5714285714,1998620.0,109674.85714285714,0.9602933688661281,2103674.5
2023-12-10,2419762,0.019204655856703834,90,-455181.0,0.15824233704693424,2321965.0,12892132.0,2217961.0,367433.16814118467,2220053.0,14.657924798583245,12,0.9339267592294762,-0.7818314824680299,72,15,2220053.0,0.11272952637337635,6.660159,2294851.4817663925,0.0,0.993108083903641,-886925.0,6,15214097.0,5.0,0.9763983931246262,0.9226841603654742,2674890.8333333335,0.9603491529371674,2435141.1428571427,2385629.0,111602.71428571429,0.9602933688661281,2676514.5
2023-12-11,2313610,0.03117434495940874,0,443866.0,0.15346049058460953,2266792.0,0.0,2187413.4285714286,347863.0123732682,2293624.0,14.63387661521919,12,0.9399375283564133,0.0,0,14,2293624.0,-0.05038590687927937,0.0,2260777.7209670474,0.0,1.0376759848114345,-467209.0,0,15311894.0,3.0,0.9763983931246262,0.9226841603654742,2514323.8333333335,1.0326014662772702,2299161.6428571427,2431077.0,120945.57142857143,0.9602933688661281,2532912.5
2023-12-12,1954074,0.018398405098230874,13,-106152.0,0.13333396119669536,1834118.0,2313610.0,2187413.4285714286,244550.21824216048,2167861.0,14.422074815189758,12,0.9456701548465688,0.7818314824680298,12,13,2167861.0,-0.15674200365478355,2.167861,1941842.479195964,0.0,1.1069421672437467,137693.0,1,15358712.0,1.0,1.020653857963148,0.928612425596134,2068934.5,1.1054023164199513,1935125.9285714286,1975896.0,122821.71428571429,0.9602933688661281,2087251.0
2023-12-13,2129193,0.048073665861231296,24,-359536.0,0.1365653036058257,1998620.0,4267684.0,2187413.4285714286,272942.1470926753,1810814.0,14.507968000709774,12,0.9511229423235357,0.9749279121818236,24,12,1810814.0,0.0808972208737237,3.621628,2199187.1146691875,0.0,0.8658184057952582,843246.0,2,15478668.0,-1.0,1.0406675591515053,0.9150676410600111,2195778.8333333335,0.8718206678313202,2112096.5,2419762.0,131569.2857142857,0.9602933688661281,2217062.5
2023-12-14,2502604,-0.005613978149853649,33,175119.0,0.13557202168261354,2385629.0,6396877.0,2187413.4285714286,323424.54651467165,1993063.0,14.684973798366258,12,0.9562942772197719,0.43388373911755823,36,11,1993063.0,0.13421331552936377,5.979189,2554815.4963364806,0.0,0.8816959643003313,-620358.0,3,15609241.0,-3.0,1.0487491659193413,0.928141873065344,2486240.0,0.894847014197122,2423313.8571428573,2313610.0,134548.7142857143,1.007502954271588,2482813.0
2023-12-15,2622770,-0.05344273850877823,40,373411.0,0.14839658568884578,2431077.0,8899481.0,2187413.4285714286,360763.52634668216,2298485.0,14.703845338345028,12,0.9611826292540837,-0.433883739117558,48,10,2298485.0,0.06730215772563232,9.19394,2729972.1942784637,0.0,0.9992771892337591,13410.0,4,15726216.0,-5.0,1.048829020175108,0.9798943948065651,2520222.0,1.021140644500044,2580945.0714285714,1954074.0,140054.85714285713,1.007502954271588,2547104.5
2023-12-16,2252933,0.04881233147915487,45,120166.0,0.13514471958285845,1975896.0,11522251.0,2187413.4285714286,267031.9108448917,2453178.0,14.496533030425296,12,0.9657865518844574,-0.9749279121818236,60,9,2453178.0,-0.08940117675928938,12.26589,2494980.4847977306,0.0,1.2701878345087014,851285.0,5,15917909.0,-7.0,1.0555150145159926,1.0028222800811517,2100728.0,1.315165346684029,2361185.285714286,2129193.0,144973.7142857143,1.007502954271588,2035565.5
2023-12-17,2495579,0.042772320008255926,48,-369837.0,0.15752691765855165,2419762.0,13775184.0,2187413.4285714286,381177.6493272922,2233861.0,14.699180159452736,12,0.9701046827361175,-0.7818314824680299,72,8,2233861.0,0.04738389418383042,13.403166,2651305.6052527074,0.0,0.996212240303663,684617.0,6,16194946.0,-7.0,1.0684954203075179,1.005758134827287,2611963.5,1.0480316386106896,2480320.214285714,2502604.0,134865.7142857143,1.007502954271588,2638982.0
2023-12-18,2366275,0.050853614943000114,0,242646.0,0.15180849337870048,2313610.0,0.0,2324394.714285714,351225.6483658952,2357086.0,14.65432006543044,12,0.974135744004672,0.0,0,7,2357086.0,-0.03726962328136865,0.0,2549591.4421764123,1.0567158792251405,1.0581482183961581,413289.0,0,16270763.0,-7.0,1.0684954203075179,1.005758134827287,2461935.1666666665,1.1181620249530122,2393549.1428571427,2622770.0,136630.7142857143,1.007502954271588,2512035.0
2023-12-19,2291458,0.015101712299026016,6,-129304.0,0.13346387606725013,1954074.0,2366275.0,2324394.714285714,260798.29016223573,2264761.0,14.485427493652768,12,0.9778785428342386,0.7818314824680298,12,6,2264761.0,-0.019276150223417658,2.264761,2492966.9811980366,1.060538516028031,1.1568489149970258,457781.0,1,16323428.0,-7.0,1.0227631277527327,0.9711589862294907,2025643.6666666667,1.2268828315795834,2342939.5714285714,2252933.0,130311.42857142857,1.007502954271588,2027493.0
2023-12-20,2514171,0.04534427285781928,10,-74817.0,0.13661221242242144,2129193.0,4657733.0,2324394.714285714,290873.76640433277,2216373.0,14.571254062316973,12,0.9813319716704275,0.9749279121818236,24,5,2216373.0,0.08363000344522992,4.432746,2767560.3813748313,1.0837823431284197,1.056553437860706,80445.0,2,16660812.0,-7.0,1.0913959421550423,1.0151002087525702,2161743.0,1.145073960525063,2554598.714285714,2495579.0,120572.14285714286,1.007502954271588,2183476.0
2023-12-21,2650811,0.02002611485035044,12,222713.0,0.1365780199621322,2502604.0,7171904.0,2324394.714285714,341800.6990693119,2428528.0,14.732842747333256,12,0.9844950085880858,0.43388373911755823,36,4,2428528.0,-0.02444119510254015,7.285584,2731102.572277001,1.107296136642031,1.0581471599040206,8049.0,3,17045790.0,-7.0,1.1211570896235772,1.0557902135019077,2460180.8333333335,1.1716822621604595,2490562.214285714,2366275.0,113359.71428571429,1.1294859968435376,2459092.5
2023-12-22,2775193,-0.01815474011280016,12,136640.0,0.14915745926939997,2622770.0,9822715.0,2324394.714285714,391205.70944800414,2366608.0,14.779741950424702,12,0.9873667175937016,-0.433883739117558,48,3,2366608.0,-0.11413043478260869,9.466432,2430708.6087077274,0.0,1.0111655201670302,68978.0,4,17193997.0,-7.0,1.1037402068727378,1.0949392119998922,2511973.3333333335,1.1284596582441406,2228933.5714285714,2291458.0,124800.28571428571,1.1294859968435376,2547104.5
2023-12-23,2606577,0.05741614946934259,10,124382.0,0.13481599531351046,2252933.0,12597908.0,2324394.714285714,303731.40476965305,2096506.0,14.627743924710995,12,0.9899462489023779,-0.9749279121818236,60,2,2096506.0,-0.12494836647259774,10.48253,2159001.5251626717,0.0,1.063380450910823,166140.0,5,17346420.0,-7.0,1.0933547620165538,1.1088409055611927,2115927.6666666665,1.1979133575892889,2005801.9285714286,2514171.0,197528.14285714287,1.1294859968435376,2035565.5
2023-12-24,1972309,0.041316452711182006,6,-168616.0,0.15756394358658538,2495579.0,15204485.0,2324394.714285714,393213.26877186715,1834551.0,14.730031725081831,12,0.9922328391893008,-0.7818314824680299,72,1,1834551.0,-0.01745215651040983,11.007306,2180293.5104691447,0.0,0.8051469412665035,-21980.0,6,17700064.0,-7.0,1.1037591222011989,1.123251640327075,2566189.3333333335,0.924038175815595,2020442.357142857,2650811.0,305093.0,1.1294859968435376,2564383.0
2023-12-25,2028266,-0.009577820906630174,0,-634268.0,0.14940049579635797,2366275.0,0.0,2453827.714285714,353522.65819052694,1800463.0,14.676827969295278,12,0.9942258118156161,0.0,0,0,1800463.0,0.16487064004502044,0.0,2601611.35029047,0.0,0.8011406962537869,5847.0,0,17176794.0,-7.0,1.1037591222011989,1.123251640327075,2421675.1666666665,0.8933821735782331,2441389.214285714,2775193.0,309857.71428571426,1.1294859968435376,2428910.0
2023-12-26,2665034,-0.09887651845499634,1,55957.0,0.1282946451649586,2291458.0,2028266.0,2453827.714285714,293981.79102040565,2218145.0,14.644699290560906,12,0.9959245770286599,0.7818314824680298,12,1,2218145.0,-0.01299045923014562,2.218145,2462190.148301536,0.0,1.106098123139868,217428.0,1,16838785.0,-5.0,0.8571556560416689,0.8468804606291898,2051096.5,1.2062139241254117,2377989.785714286,2606577.0,268230.14285714284,1.1294859968435376,2027493.0
2023-12-27,2663517,-0.06087630171375702,4,636768.0,0.13331460353126,2514171.0,4693300.0,2453827.714285714,335175.7100747915,2178719.0,14.737454082657555,12,0.9973286321364752,0.9749279121818236,24,2,2178719.0,-0.011035464835005416,4.357438,2461863.7010555016,0.0,1.009961853841201,254405.0,2,17212361.0,-3.0,1.00763611825753,1.0528090882595456,2205597.0,1.1270263786397121,2377456.714285714,1972309.0,326977.28571428574,1.1294859968435376,2183476.0
2023-12-28,2633264,0.025134911738154964,9,-1517.0,0.15264450510762542,2650811.0,7356817.0,2453827.714285714,404631.73322884965,2153682.0,14.790376566121227,12,0.9984375616565666,0.43388373911755823,36,3,2153682.0,0.011029947707493392,6.461046,2481663.887135008,0.0,0.9205568053843,31232.0,3,17361707.0,-1.0,1.0257829719973943,1.1137407454520207,2463562.1666666665,1.0354887155156403,2428900.9285714286,2028266.0,387576.14285714284,1.157152793128705,2459092.5
2023-12-29,2636605,0.051395751050909544,12,-30253.0,0.1575529944648165,2775193.0,9990081.0,2453827.714285714,437239.96736779745,2178433.0,14.836231212628999,12,0.9992510374388481,-0.433883739117558,48,3,2178433.0,0.08928686201632426,8.713732,2709103.8668585317,0.0,0.9119447717465503,-39270.0,4,17344160.0,0.0,1.0170386700621976,1.1027262284121566,2524814.8333333335,1.024625288746873,2651797.9285714286,2665034.0,411951.5714285714,1.157152793128705,2547104.5
2023-12-30,2563962,0.06456792737673323,10,3341.0,0.13484534300854084,2606577.0,12626686.0,2453827.714285714,351484.7696431734,2383422.0,14.773548807929581,12,0.999768818762748,-0.9749279121818236,60,2,2383422.0,-0.17858199683182602,11.91711,2159619.796310334,0.0,1.1671385830017404,76607.0,5,17205572.0,0.0,1.0022843475281769,1.0890904997024484,2214174.3333333335,1.2993990662183341,2209759.714285714,2663517.0,351165.28571428574,1.157152793128705,2149273.5
2023-12-31,2116715,0.04568762177213315,6,-72643.0,0.1439474129264407,1972309.0,15190648.0,2453827.714285714,283908.77804153535,1935413.0,14.494716002601324,12,0.9999907524084426,-0.7818314824680299,72,1,1935413.0,-0.15206878346368932,11.612478,2251256.27239484,0.0,0.8639265171912868,-599087.0,6,17162957.0,0.0,0.9990899395803278,1.1032586630117607,2533169.1666666665,0.9598384368743516,2344056.785714286,2633264.0,330668.5714285714,1.157152793128705,2552129.5
2024-01-01,2303507,-0.02257098380911282,0,-447247.0,0.13629662337736834,2028266.0,0.0,2472480.4285714286,276445.80711112136,2046950.0,14.522692291831948,1,0.9998520419557735,0.0,0,0,1831900.0,0.15208951401480378,0.0,2742611.6085719513,0.0,0.9878507142356412,-390674.0,0,17307363.0,0.0,0.9990899395803278,1.1032586630117607,2417341.1666666665,1.106524246389702,2682649.5,2636605.0,319053.28571428574,1.157152793128705,2428910.0
2024-01-02,2555447,-0.08687943184296776,1,186792.0,0.13181702334715326,2665034.0,2303507.0,2472480.4285714286,351296.84899895726,2368194.0,14.795727748704097,1,0.9994082116062598,0.7818314824680298,1,1,2197185.0,-0.049086932946032905,2.197185,2662344.1676422562,0.0,1.4161049414914963,36192.0,1,17582604.0,0.0,1.1357026149430105,1.0266391663991628,2186653.6666666665,1.613543792706501,2515112.0,2563962.0,336937.85714285716,1.157152793128705,2103852.0
2024-01-03,2418600,-0.028812308052445834,4,251940.0,0.14041314535118699,2663517.0,4858954.0,2472480.4285714286,373992.7996663575,2212528.0,14.79515836334151,1,0.9986686402879997,0.9749279121818236,2,2,2067247.0,-0.10579675777010582,4.134494,2331019.30442636,0.0,1.3556046933597734,-235632.0,2,17473017.0,0.0,1.0352958472716425,1.096852433744796,2289937.6666666665,1.533728674784774,2307680.0,2116715.0,316452.71428571426,1.157152793128705,2217062.5
2024-01-04,2281402,0.024627560916978153,9,-136847.0,0.15402109702916775,2633264.0,7277554.0,2472480.4285714286,405578.21004741435,1985965.0,14.78373507906536,1,0.9976335468520451,0.43388373911755823,3,3,1829732.0,-0.030082825107081494,5.489196,2354636.378064081,0.0,1.0139743217724484,-165754.0,3,17228100.0,0.0,0.9892259111515211,1.0771536771259695,2499842.6666666665,1.1318128680502746,2378476.1428571427,2303507.0,305424.14285714284,1.142958419316333,2526324.5
2024-01-05,2279609,-0.02354026260587805,16,-137198.0,0.15846806330214483,2636605.0,9558956.0,2472480.4285714286,417817.6880427516,2031976.0,14.785003041961462,1,0.9963032375991965,-0.433883739117558,4,4,1766573.0,0.012654184456615902,7.066292,2321113.3508085427,0.0,0.9434089500122728,-291011.0,4,16876238.0,1.0,0.9568446942522287,1.027915579987825,2547183.8333333335,1.0331453264811374,2387563.0714285714,2555447.0,276080.5714285714,1.142958419316333,2607294.0
2024-01-06,2198958,-0.03576263394451629,25,-1793.0,0.14185027059768845,2563962.0,11838565.0,2472480.4285714286,363698.7035021905,2043547.0,14.757064666341353,1,0.9946781061893646,-0.9749279121818236,5,5,1793766.0,-0.036275771310541105,8.96883,2116433.7138673486,0.0,1.1661805983808446,-396259.0,5,16519242.0,3.0,0.9375829097199376,0.9935207503686134,2300565.6666666665,1.2474734919072865,2229690.0,2418600.0,273634.71428571426,1.142958419316333,2316316.0
2024-01-07,2380127,-0.05057282338770386,36,-80651.0,0.1371337769952904,2116715.0,14037523.0,2472480.4285714286,290273.1227725861,1917290.0,14.565376389015773,1,0.9927586335250793,-0.7818314824680299,6,6,1717694.0,0.058043066087201015,10.306164,2367301.9781309487,0.0,0.8976711422517153,667676.0,6,16154238.0,5.0,0.9240898084137029,0.9840112540560606,2441074.3333333335,0.9406840714087689,2504291.4285714286,2281402.0,224080.2857142857,1.142958419316333,2457670.5
2024-01-08,2193524,-0.03867110468026058,0,181169.0,0.13436299545769934,2303507.0,0.0,2345378.5714285714,309506.10057777865,2226917.0,14.649943736327984,1,0.9905453876091833,0.0,0,7,1838526.0,0.009635908060691733,0.0,2149499.311390869,0.0,0.9700677869859405,613250.0,0,16417650.0,7.0,0.9240898084137029,0.9840112540560606,2386001.5,1.0324274745981363,2285911.285714286,2279609.0,233033.2857142857,1.142958419316333,2339942.5
2024-01-09,1774066,-0.03550141730675649,6,-186603.0,0.14078416025913973,2555447.0,2193524.0,2345378.5714285714,359766.45998173783,2009868.0,14.753738108715002,1,0.988039023376751,0.7818314824680298,1,6,1858362.5,-0.12963013079275004,1.8583625,1761783.596555372,1.0559557628854086,1.1249459807400566,-483163.0,1,16307667.0,5.0,0.9522541064559387,0.9736383693211615,2276024.0,1.1878931912972406,1980974.3571428573,2198958.0,268510.85714285716,1.142958419316333,2231700.5
2024-01-10,1934765,-0.006411822058244421,10,-419458.0,0.14461058938220245,2418600.0,3967590.0,2345378.5714285714,349755.17147979484,1678250.0,14.69869983179556,1,0.985240282501282,0.9749279121818236,2,5,1565680.0,-0.05924266243466968,3.13136,1700640.2624793751,1.0021049653809837,0.9639367193348831,-394263.0,2,15526286.0,3.0,0.8165522867678928,0.8588939590925718,2324791.1666666665,0.965965772758542,1997948.5714285714,2380127.0,233210.42857142858,1.142958419316333,2321623.0
2024-01-11,2300884,-0.04577395005093199,12,160699.0,0.14981059220044607,2281402.0,5902355.0,2345378.5714285714,341778.18466728204,1723117.0,14.6403011625571,1,0.9821499931752291,0.43388373911755823,3,4,1426421.0,0.14699117728295932,4.279263,2109956.966012795,0.9725347008515456,0.7679241117239678,-334315.0,3,15042451.0,1.0,0.8110355484823609,0.8371199077322988,2438274.5,0.7468328462721578,2443007.5,2193524.0,201640.85714285713,0.9257195332531913,2444116.5
2024-01-12,2326842,-0.09397136025217079,12,366119.0,0.15348821801052023,2279609.0,8203239.0,2345378.5714285714,349893.12317074405,2189475.0,14.639514933667874,1,0.9787690698649216,-0.433883739117558,4,3,1712151.0,0.11112783353838582,6.848604,2267808.092898066,0.0,0.8927814142639844,-218408.0,4,15061933.0,-1.0,0.8581731101178832,0.8573791181486105,2495149.0,0.8693546555740105,2545715.3571428573,1774066.0,181924.14285714287,0.9257195332531913,2526923.5
2024-01-13,1914063,-0.0017053119598593458,10,25958.0,0.14307413169968478,2198958.0,10530081.0,2345378.5714285714,314614.0064940754,2316713.0,14.603494624524519,1,0.975098513039961,-0.9749279121818236,5,2,1930180.5,-0.0741307152493756,9.6509025,1811133.7022750888,0.0,1.2031782253334597,-322389.0,5,15109166.0,-3.0,0.8894727528209712,0.8669335917922685,2329472.5,1.175439169844707,2015292.357142857,1934765.0,149648.0,0.9257195332531913,2316316.0
2024-01-14,2116540,0.00783897118109822,6,-412779.0,0.13386931299030738,2380127.0,12444144.0,2345378.5714285714,318625.9663196813,1803651.0,14.682664825714088,1,0.9711394088771653,-0.7818314824680299,6,1,1772513.5,-0.01802181254281949,10.635081,2022088.3440981286,0.0,0.9062296393282309,119006.0,6,14824271.0,-5.0,0.8864914415456345,0.8551524330743075,2390471.3333333335,0.8698059802982876,2212750.5714285714,2300884.0,125182.85714285714,0.9257195332531913,2399944.5
2024-01-15,2214409,0.011483894076277701,0,202477.0,0.13647617764188036,2193524.0,0.0,2080097.7142857143,299363.77108572796,2038119.0,14.601020396833691,1,0.9668929289391521,0.0,0,0,1729865.5,-0.01802181254281949,0.0,2146493.218763584,0.0,0.9009195692731465,-385224.0,0,14560684.0,-7.0,0.8864914415456345,0.8551524330743075,2329372.1666666665,0.8500023189053103,2418639.0,2326842.0,114498.71428571429,0.9257195332531913,2308558.5
2024-01-16,1864219,0.0011083432230183377,1,97869.0,0.14121971322775442,1774066.0,2214409.0,2080097.7142857143,250533.09176710938,2038119.0,14.38878520889496,1,0.9623603298276545,0.7818314824680298,1,1,1729865.5,-0.01802181254281949,0.0,1745297.159366349,0.0,0.9009195692731465,-671794.0,1,14581569.0,-5.0,1.0095212087946155,0.9961833520551822,2242416.8333333335,0.8500023189053103,1979365.5,1914063.0,83910.14285714286,0.9257195332531913,2231700.5
2024-01-17,1857915,0.024692286386086892,4,-350190.0,0.14511456704883816,1934765.0,4078628.0,2080097.7142857143,280762.5853162453,2038119.0,14.475496946900812,1,0.9575429528116719,0.9749279121818236,2,2,1729865.5,-0.01802181254281949,0.0,1716218.4167892544,0.0,0.9009195692731465,-238918.0,2,14671722.0,-3.0,1.027986258660799,0.8975075170909742,2278765.5,0.8500023189053103,1830207.0,2116540.0,78945.57142857143,0.9257195332531913,2273896.5
2024-01-18,2104712,-0.012398194495728099,9,-6304.0,0.1508632047493035,2300884.0,5936543.0,2080097.7142857143,347118.7339963965,2038119.0,14.648804389498231,1,0.9524422234305676,0.43388373911755823,3,3,1729865.5,-0.01802181254281949,0.0,2086213.92161925,0.0,0.9009195692731465,371344.0,3,14594872.0,-1.0,1.0057922642741752,0.8569955281080299,2396747.6666666665,0.8500023189053103,2135649.0714285714,2214409.0,74965.28571428571,0.9317344668588653,2343256.5
2024-01-19,2094212,-0.07877742077487337,16,246797.0,0.15314016846935924,2326842.0,8041255.0,2080097.7142857143,356332.9758815808,2038119.0,14.660022971164299,1,0.9470596510722283,-0.433883739117558,4,4,1729865.5,-0.01802181254281949,0.0,2143645.3266007123,0.0,0.9009195692731465,404229.0,4,14398700.0,1.0,0.9802536534654177,0.8560220280558417,2434210.8333333335,0.8500023189053103,2217572.9285714286,1864219.0,74387.71428571429,0.9317344668588653,2378959.5
2024-01-20,1753693,-0.019503333748141505,25,-10500.0,0.14132140287946005,1914063.0,10135467.0,2080097.7142857143,270498.06835966796,2038119.0,14.464739288262546,1,0.9413968285264122,-0.9749279121818236,5,5,1729865.5,-0.01802181254281949,0.0,1658887.2837429224,0.0,0.9009195692731465,80109.0,5,14166070.0,3.0,0.9625250745934433,0.8518408916896602,2251866.5,0.8500023189053103,1774372.857142857,1857915.0,73625.71428571429,0.9317344668588653,2225945.5
2024-01-21,2243155,-0.02887932394564907,36,-340519.0,0.1318647659834043,2116540.0,11889160.0,2080097.7142857143,279097.0517945145,2038119.0,14.565293710359551,1,0.9354554315134164,-0.7818314824680299,6,6,1729865.5,-0.01802181254281949,0.0,2140590.3310035914,0.0,0.9009195692731465,-526999.0,6,14005700.0,5.0,0.9554019947053007,0.836134241026218,2308448.0,0.8500023189053103,2239717.6428571427,2104712.0,70846.42857142857,0.9317344668588653,2351046.0
2024-01-22,2053656,-0.003822109273742491,0,489462.0,0.1412089726929857,2214409.0,0.0,2018902.142857143,312694.4200121018,2038119.0,14.610496560291244,1,0.9292372181882051,0.0,0,7,1729865.5,-0.01802181254281949,0.0,2016597.5510116955,0.0,0.9009195692731465,130868.0,0,14132315.0,7.0,0.9554019947053007,0.836134241026218,2276352.8333333335,0.8500023189053103,2064597.642857143,2094212.0,74136.57142857143,0.9317344668588653,2285149.5
2024-01-23,1610765,0.009925479151078553,8,-189499.0,0.14084658890220622,1864219.0,2053656.0,2018902.142857143,262568.88711668196,2038119.0,14.438353293014256,1,0.9227440286201427,0.7818314824680298,1,8,1729865.5,-0.01802181254281949,0.0,1577051.345413056,0.0,0.9009195692731465,871534.0,1,13971562.0,7.0,0.9274059128191766,0.939919946963891,2111876.5,0.8500023189053103,1654223.7857142857,1753693.0,90399.42857142857,0.9317344668588653,2063008.5
2024-01-24,1815119,0.03899304288478356,18,-442891.0,0.14138844433531822,1857915.0,3664421.0,2018902.142857143,262687.71155725274,2038119.0,14.4349659874308,1,0.9159777842484877,0.9749279121818236,2,9,1729865.5,-0.01802181254281949,0.0,1643928.0464859814,0.0,0.9009195692731465,406985.0,2,13718108.0,7.0,0.8984445259533352,0.8328952649980066,2157306.8333333335,0.8500023189053103,1761340.9285714286,2243155.0,87918.28571428571,0.9317344668588653,2063906.5
2024-01-25,2232670,-0.024617817283593135,30,204354.0,0.14951417989563348,2104712.0,5479540.0,2018902.142857143,314684.28859649855,2038119.0,14.559689673760442,1,0.908940487313808,0.43388373911755823,3,10,1729865.5,-0.01802181254281949,0.0,2054320.2433432061,0.0,0.9009195692731465,-215654.0,3,13675312.0,7.0,0.9230186659138155,0.8279355299868709,2396747.6666666665,0.8500023189053103,2175939.9285714286,2053656.0,81264.57142857143,0.8605573364118655,2343256.5
2024-01-26,2278406,-0.06557459067688376,44,417551.0,0.14979507873441672,2094212.0,7712210.0,2018902.142857143,313702.6514265603,2038119.0,14.55468838443728,1,0.901634220265486,-0.433883739117558,4,11,1729865.5,-0.01802181254281949,0.0,2122984.7547887443,0.0,0.9009195692731465,-279863.0,4,13803270.0,7.0,0.9590803923019479,0.8618551771268389,2434210.8333333335,0.8500023189053103,2201854.9285714286,1610765.0,85190.14285714286,0.8605573364118655,2378959.5
2024-01-27,1772563,0.03530161267947263,60,45736.0,0.13440667277765908,1753693.0,9990616.0,2018902.142857143,235708.04120347128,2038119.0,14.377234978313789,1,0.8940611451454876,-0.9749279121818236,5,12,1729865.5,-0.01802181254281949,0.0,1712666.2373191696,0.0,0.9009195692731465,124525.0,5,13987464.0,7.0,0.9857085026274567,0.8854809771925376,2128468.5,0.8500023189053103,1743633.5714285714,1815119.0,106839.42857142857,0.8605573364118655,2087427.0
2024-01-28,2261245,0.023846187187513856,78,-505843.0,0.14284006266178062,2243155.0,11763179.0,2018902.142857143,320412.4007600865,2038119.0,14.623394360794086,1,0.88622350294858,-0.7818314824680299,6,13,1729865.5,-0.01802181254281949,0.0,2247300.3495999994,0.0,0.9009195692731465,390202.0,6,14006334.0,7.0,0.9894037089247685,0.8784805870264029,2266377.3333333335,0.8500023189053103,2235501.5714285714,2232670.0,110868.71428571429,0.8605573364118655,2282560.0
2024-01-29,2077644,0.04035293341173807,0,488682.0,0.14851980201879517,2053656.0,0.0,2003489.142857143,305008.5825347108,2038119.0,14.53513266428944,1,0.8781236129591848,0.0,0,14,1729865.5,-0.01802181254281949,0.0,2014185.2396672869,0.0,0.9009195692731465,-181638.0,0,14024424.0,7.0,0.9894037089247685,0.8784805870264029,2224249.6666666665,0.8500023189053103,2026567.7142857143,2278406.0,113032.85714285714,0.8605573364118655,2240600.5
2024-01-30,1617523,0.014774438426924608,15,-183601.0,0.13106448874661988,1610765.0,2077644.0,2003489.142857143,211114.09121594919,2038119.0,14.292220400212457,1,0.8697638720650646,0.7818314824680298,1,15,1729865.5,-0.01802181254281949,0.0,1630649.9339243758,0.0,0.9009195692731465,-343607.0,1,14048412.0,7.0,1.011680632004581,0.948144321522548,2045563.6666666667,0.8500023189053103,1640879.642857143,1772563.0,121787.85714285714,0.8605573364118655,1909146.5
2024-01-31,1817011,0.02457902594614103,32,-460121.0,0.13527108022467405,1815119.0,3695167.0,2003489.142857143,245533.10786633013,2038119.0,14.41166213919802,1,0.8611467540480452,0.9749279121818236,2,16,1729865.5,-0.01802181254281949,0.0,1741283.0285660964,0.0,0.9009195692731465,34054.0,2,14055170.0,7.0,1.0083904114729176,0.8920356703993876,2142210.6666666665,0.8500023189053103,1715751.7142857143,2261245.0,127365.14285714286,0.8605573364118655,2063906.5
2024-02-01,2203945,-0.0442824008859658,51,199488.0,0.15127709439647127,2232670.0,5512178.0,2003489.142857143,337751.83034616953,2038119.0,14.618709184544167,2,0.8522748088519838,0.43388373911755823,6,17,1729865.5,-0.01802181254281949,0.0,2220200.5670833057,0.0,0.9009195692731465,324130.0,3,14057062.0,7.0,1.0059563394007527,0.8964351590291622,2389408.8333333335,0.8500023189053103,2151712.6428571427,2077644.0,137606.7142857143,0.8668022673977326,2343256.5
2024-02-02,2208138,-0.08429654820918464,68,386934.0,0.1523250253788136,2278406.0,7716123.0,2003489.142857143,347058.25177324115,2038119.0,14.638987072526534,2,0.8431506618282,-0.433883739117558,8,17,1729865.5,-0.01802181254281949,0.0,2269070.7167951134,0.0,0.9009195692731465,416824.0,4,14028337.0,6.0,1.000507377262808,0.9208976341208855,2429218.1666666665,0.8500023189053103,2216312.3571428573,1617523.0,141438.57142857142,0.8668022673977326,2378959.5
2024-02-03,1752024,0.02196693107635672,80,4193.0,0.12896874756427382,1772563.0,9924261.0,2003489.142857143,228605.2300887719,2038119.0,14.387937643929801,2,0.8337770129585915,-0.9749279121818236,10,16,1729865.5,-0.01802181254281949,0.0,1775777.1315504473,0.0,0.9009195692731465,179240.0,5,13958069.0,4.0,0.9933582673981264,0.9341639524280765,2113062.5,0.8500023189053103,1790287.857142857,1817011.0,134124.2857142857,0.8668022673977326,2087427.0
2024-02-04,2281882,0.009738832885358706,90,-456114.0,0.15257376167035225,2261245.0,11676285.0,2003489.142857143,345006.6557082757,2038119.0,14.631426546756964,2,0.8241566360566663,-0.7818314824680299,12,15,1729865.5,-0.01802181254281949,0.0,2336229.8802260407,0.0,0.9009195692731465,-108525.0,6,13937530.0,2.0,0.992613051284861,0.9316059841697071,2256257.3333333335,0.8500023189053103,2322730.6428571427,2203945.0,128846.57142857143,0.8668022673977326,2252200.0
2024-02-05,2160140,0.0332452007724765,0,529858.0,0.15065509401866206,2077644.0,0.0,1994023.857142857,313007.6521573091,2040256.0,14.54674559870335,2,0.8142923779467267,0.0,0,14,1816453.5,-0.21126690003349935,0.0,2162412.5963769536,0.0,0.8879354818801715,184741.0,0,13958167.0,0.0,0.992613051284861,0.9316059841697071,2192725.0,0.804423596999373,2158510.5714285714,2208138.0,123476.28571428571,0.8668022673977326,2203966.5
2024-02-06,1695022,0.028954331892257934,13,-121742.0,0.12112228945762821,1617523.0,2160140.0,1994023.857142857,195918.08901037116,1626257.0,14.296407142959634,2,0.804187157621448,0.7818314824680298,2,13,1432697.0,0.10630506780887863,1.432697,1732820.4616614948,0.0,0.8764311065791732,260212.0,1,14040663.0,-2.0,1.0397065137241992,1.011866054012111,2009464.5,0.7994317820517716,1747119.2857142857,1752024.0,119936.71428571429,0.8668022673977326,1909146.5
2024-02-07,1880126,0.0494205645112592,24,-465118.0,0.1309856825637591,1817011.0,3855162.0,1994023.857142857,238002.42606085847,1796332.0,14.41270395164929,2,0.7938439653781019,0.9749279121818236,4,12,1593583.5,0.17660022222346736,3.187167,1925208.804944308,0.0,0.9484709942889384,44688.0,2,14118162.0,-4.0,1.0432984490281494,1.0009634030183165,2111942.5,0.8703245607612953,1918984.9285714286,2281882.0,117940.71428571429,0.8668022673977326,2031979.0
2024-02-08,2305984,-0.017333140776905287,33,185104.0,0.1560111250189669,2203945.0,5735288.0,1994023.857142857,343839.938929927,2158573.0,14.60575994804735,2,0.7832658619336791,0.43388373911755823,6,11,1972448.0,0.0476920419141902,5.917344,2316632.9696615506,0.0,0.9769477723517674,-156683.0,3,14181277.0,-6.0,1.0404758336904214,1.004841568882767,2359128.1666666665,0.9002896786261265,2277410.5,2160140.0,100068.28571428571,0.9029902637024411,2291143.0
2024-02-09,2369929,-0.06520998029234493,40,425858.0,0.15716145833681155,2208138.0,8041272.0,1994023.857142857,347034.1882889304,2254803.0,14.607660637296224,2,0.7724559775191742,-0.433883739117558,8,10,2086619.5,-0.19774784046636198,8.346478,2439363.1733128782,0.0,0.9704411566059754,-254462.0,4,14283316.0,-7.0,1.042138908361103,1.0155420607071166,2392061.6666666665,0.9002974672637456,2374538.0714285714,1695022.0,98031.57142857143,0.9029902637024411,2303225.5
2024-02-10,1883035,0.03897445984986636,45,63945.0,0.12686399145837535,1752024.0,10411201.0,1994023.857142857,222268.7577708686,1809116.0,14.376282819783059,2,0.7614175109532997,-0.9749279121818236,10,9,1673995.0,0.17536671256485234,8.369975,1985502.5140599816,0.0,0.9438696000094726,-39409.0,5,14445107.0,-7.0,1.0490656180848126,1.026228877593076,2076028.6666666667,0.8865488181195535,1925907.2142857143,1880126.0,99458.14285714286,0.9029902637024411,2056510.5
2024-02-11,2196980,0.02697395556956239,48,-486894.0,0.1572003591457968,2281882.0,12294236.0,1994023.857142857,358712.6699283291,2113837.0,14.64051153727469,2,0.7501537286959042,-0.7818314824680299,12,8,1967558.0,-0.024989631675541905,11.805348,2335504.095125145,0.0,0.9248320062087132,2547.0,6,14576118.0,-7.0,1.052923596846086,1.02939281223981,2233277.3333333335,0.8760047028415524,2227396.5714285714,2305984.0,98272.57142857143,0.9029902637024411,2252200.0
2024-02-12,2283725,0.030495054435922042,0,313945.0,0.15025970188658078,2160140.0,0.0,2070173.7142857143,324581.9924332786,2073820.0,14.585684055307624,2,0.7386679638813748,0.0,0,7,1905676.0,-0.14483946434562556,0.0,2274421.352547608,0.9419858365917203,0.9257957629302958,58508.0,0,14491216.0,-7.0,1.052923596846086,1.02939281223981,2167146.6666666665,0.8720864962569645,2184989.714285714,2369929.0,98863.14285714286,0.9029902637024411,2176832.0
2024-02-13,1754659,0.01760592277177142,6,86745.0,0.11990465430885727,1695022.0,2283725.0,2070173.7142857143,203241.02695590787,1674639.0,14.34320686802616,2,0.726963615332308,0.7818314824680298,2,6,1607930.5,0.14138375574416814,1.6079305,1845084.8577992946,0.9511036217714326,0.9796107002860773,70741.0,1,14614801.0,-7.0,1.0572115696204876,1.0739551101835925,1966289.1666666667,0.9317112849681375,1790469.0,1883035.0,111723.28571428571,0.9029902637024411,1819142.5
2024-02-14,2021114,0.03063570155326345,10,-529066.0,0.13020230503068175,1880126.0,4038384.0,2070173.7142857143,244796.73894811556,2017144.0,14.446849885716007,2,0.7150441465537444,0.9749279121818236,4,5,1843847.0,0.12826441185379506,3.687694,2218850.9467740273,0.9553126025233899,1.0831002499117248,61223.0,2,14674438.0,-7.0,1.047526407450582,1.056243820037666,2070431.3333333333,1.0346993185369038,2132779.9285714286,2196980.0,113331.14285714286,0.9029902637024411,1907445.5
2024-02-15,2515629,-0.008477109794154725,12,266455.0,0.15628848883459992,2305984.0,6059498.0,2070173.7142857143,360398.75463676604,2339970.0,14.651018475019821,2,0.7029130847082615,0.43388373911755823,6,4,2163275.5,0.08424854149003241,6.4898265,2563399.3992207907,0.9639674357389959,1.056446982980233,130764.0,3,14815426.0,-7.0,1.0565289833745053,1.069470275816025,2326358.1666666665,1.0183804891776538,2440968.0,2283725.0,101927.71428571429,0.9548774981638287,2291143.0
2024-02-16,2615463,-0.05473392503771979,12,494515.0,0.1580963039640745,2369929.0,8575127.0,2070173.7142857143,374677.01555727515,2509923.0,14.678370976810143,2,0.6905740195722294,-0.433883739117558,8,3,2376982.5,-0.18116056807317682,9.50793,2765545.084538356,0.0,1.0942986711562246,232059.0,4,15025071.0,-7.0,1.0663893722286724,1.0885297322891219,2349921.5,1.0685810504128748,2611920.3571428573,1754659.0,105963.14285714286,0.9548774981638287,2303225.5
2024-02-17,2159328,0.07431765535608281,10,99834.0,0.12648624296659092,1883035.0,11190590.0,2070173.7142857143,238178.02252459453,2065901.0,14.448395925884576,2,0.6780306024735382,-0.9749279121818236,10,2,1946367.0,0.12720237242000096,9.731835,2287659.042183944,0.0,1.0907109904220458,151550.0,5,15270605.0,-7.0,1.0748606236686815,1.1062938896673373,2014379.0,1.0840048827892526,2167926.9285714286,2021114.0,104593.71428571429,0.9548774981638287,1898549.0
2024-02-18,2474646,0.0723781107732211,6,-456135.0,0.15876230300861482,2196980.0,13349918.0,2070173.7142857143,348797.6044638666,2319072.0,14.602594703172775,2,0.6652865452111116,-0.7818314824680299,12,1,2193949.5,0.058946196456250835,13.163697,2588746.380257157,0.0,1.0278871162815866,-105539.0,6,15546898.0,-7.0,1.0858680441794024,1.1213033404545631,2202752.8333333335,1.0387755509885392,2421898.5714285714,2515629.0,107380.57142857143,0.9548774981638287,2220067.5
2024-02-19,2606125,0.06452870319567205,0,315318.0,0.1471657070208272,2283725.0,0.0,2260652.0,336086.0042661386,2479184.0,14.641318877587935,2,0.6523456189565257,0.0,0,0,2350593.0,-0.16087079319267608,0.0,2832124.133665046,0.0,1.1295768759460822,41089.0,0,15824564.0,-7.0,1.0858680441794024,1.1213033404545631,2163849.6666666665,1.1611014431749327,2587479.5,2615463.0,117727.85714285714,0.9548774981638287,2176832.0
2024-02-20,2206877,0.05152273795462459,1,131479.0,0.11464720142597914,1754659.0,2606125.0,2260652.0,201166.74380690715,2116450.0,14.377785663919866,2,0.6392116531380588,0.7818314824680298,2,1,1950933.5,-0.035824170969327614,1.9509335,2448385.903521329,0.0,1.1804354339709313,-17862.0,1,16146964.0,-5.0,1.1411728645086427,1.21566173945341,1876822.6666666667,1.241051061299009,2225249.5714285714,2159328.0,105875.85714285714,0.9548774981638287,1764362.5
2024-02-21,2162956,0.07129052693164217,4,-399248.0,0.12926588527866326,2021114.0,4813002.0,2260652.0,261261.0904591002,2006058.0,14.519159897290374,2,0.6258885343075018,0.9749279121818236,4,2,1880792.5,0.12318402798122302,3.761585,2377670.056880045,0.0,1.0844975621772242,77873.0,2,16599182.0,-3.0,1.191813854254573,1.2621673683585288,1988255.1666666667,1.1740168302381175,2116404.8571428573,2474646.0,107362.57142857143,0.9548774981638287,1907445.5
2024-02-22,2513429,0.011898504759654038,9,-43921.0,0.15879870007443492,2515629.0,6975958.0,2260652.0,399478.61506955064,2322309.0,14.73803382716473,2,0.612380204990065,0.43388373911755823,6,3,2155370.5,0.04198054579259869,6.4661115,2758275.8115877784,0.0,1.0311644980270762,107606.0,3,16741024.0,-1.0,1.1512435518585864,1.2245771444360223,2306752.3333333335,1.1251506609023842,2437877.5714285714,2606125.0,129209.42857142857,1.099743618282591,2291143.0
2024-02-23,2555082,-0.07686830209206641,16,350473.0,0.16236945957130583,2615463.0,9489387.0,2260652.0,424671.3138387463,2425335.0,14.776952077599434,2,0.5986906625177214,-0.433883739117558,8,4,2264784.0,-0.1336223433904992,9.059136,2850664.188716127,0.0,1.0236531421444355,83743.0,4,16738824.0,1.0,1.1066176629220768,1.1845175675053234,2346397.8333333335,1.116691146103983,2544025.6428571427,2206877.0,131418.14285714287,1.099743618282591,2303225.5
2024-02-24,2106561,-0.00903411416501454,25,41653.0,0.1295770412564356,2159328.0,12044469.0,2260652.0,279799.3333421766,2057210.0,14.585308083251068,2,0.5848239578463322,-0.9749279121818236,10,5,1949873.0,0.16360314370775564,9.749365,2371308.132185802,0.0,1.0722014494308363,145282.0,5,16678443.0,3.0,1.0763033048302189,1.1604465946062916,1946940.0,1.1650007723732116,2176945.0,2162956.0,134876.2857142857,1.099743618282591,1898549.0
2024-02-25,2561682,-0.018613741476168677,36,-448521.0,0.15817600537235402,2474646.0,14151030.0,2260652.0,391429.6189906744,2402716.0,14.721608317550208,2,0.5707841943569036,-0.7818314824680299,12,6,2276417.0,-0.05884686584095162,13.658502,2715830.759451595,0.0,1.051290170234903,362568.0,6,16625676.0,5.0,1.0600087581062296,1.1532181674138202,2246684.0,1.1388797107236146,2520696.1428571427,2513429.0,128579.71428571429,1.099743618282591,2252200.0
2024-02-26,2405209,-0.001572987634493872,0,455121.0,0.14954131734780837,2606125.0,0.0,2387530.285714286,389723.3656730571,2235417.0,14.773375385459733,2,0.5565755266413303,0.0,0,7,2110095.0,-0.16031111671586493,0.0,2502808.790974818,0.0,0.9912630988922996,198815.0,0,16712712.0,7.0,1.0600087581062296,1.1532181674138202,2205491.5,1.0790363537676237,2358813.0714285714,2555082.0,129064.28571428571,1.099743618282591,2203966.5
2024-02-27,1935225,-0.0005901028720651791,8,-156473.0,0.11894558580113132,2206877.0,2405209.0,2387530.285714286,262498.2775560433,1890744.0,14.60708940505214,2,0.5422021592729844,0.7818314824680298,2,8,1764721.5,0.07233766071285608,1.7647215,2037329.7286501746,0.0,1.0361812432753021,392581.0,1,16511796.0,7.0,0.9229062305146529,1.0540339369435716,1818727.6666666667,1.1127194634661137,2011274.857142857,2106561.0,135185.85714285713,1.099743618282591,1764362.5
2024-02-28,2140789,0.03288598080554306,18,-469984.0,0.12926444635476503,2162956.0,4340434.0,2387530.285714286,279593.30982971715,2066150.0,14.586986824941011,2,0.527668345562516,0.9749279121818236,4,9,1903536.5,0.10945719190026024,3.807073,2114056.447791546,0.0,1.0734881428193512,854.0,2,16240144.0,7.0,0.901814293864827,1.058531745003495,1945647.8333333333,1.132628384091882,2184142.3571428573,2561682.0,128622.14285714286,1.099743618282591,1907445.5
2024-02-29,2551534,-0.032042000204361765,30,205564.0,0.1565965897647811,2513429.0,6481223.0,2387530.285714286,393594.410015904,2316735.0,14.737158912114865,2,0.512978386299228,0.43388373911755823,6,10,2185130.0,0.027036460799484845,6.55539,2351395.3254920044,0.0,1.0280564294909338,-211845.0,3,16217977.0,7.0,0.9290799915939861,1.0676183039256972,2306385.6666666665,1.0832038652039468,2439775.1428571427,2405209.0,116870.85714285714,1.0208406635806406,2291143.0
2024-03-01,2602686,-0.08390029599686633,44,410745.0,0.1599751309330237,2555082.0,9032757.0,2387530.285714286,408749.5774946121,2375579.0,14.753595266415202,3,0.4981366284784055,-0.433883739117558,12,11,2257307.5,-0.1388123563546865,9.02923,2421534.485564766,0.0,0.9421588930480204,-305915.0,4,16256082.0,7.0,0.9518799264905099,1.0682728760224622,2336334.3333333335,0.9947546921048007,2502843.4285714286,1935225.0,123110.71428571429,1.0208406635806406,2303225.5
2024-03-02,2132092,0.027781247652288732,60,51152.0,0.12949061307820867,2106561.0,11635443.0,2387530.285714286,272779.8753766443,2040488.0,14.560567792676359,3,0.4831474640149687,-0.9749279121818236,15,12,1936114.5,0.18938008063715456,9.6805725,2103982.484201742,0.0,0.9237204026486211,-329060.0,5,16303686.0,7.0,0.9660403459878555,1.0681940663505034,1931540.5,0.9783207962348075,2176435.785714286,2140789.0,137019.2857142857,1.0208406635806406,1898549.0
2024-03-03,2566870,0.02027860567406292,78,-470594.0,0.1561863167202818,2561682.0,13767535.0,2387530.285714286,400099.6761886449,2422425.0,14.756175022323651,3,0.4680153284438345,-0.7818314824680299,18,13,2303260.5,-0.057178330169893994,13.819563,2509770.9575300207,0.0,0.9565674367883693,-190630.0,6,16329217.0,7.0,0.9728998525195692,1.0699158401715716,2306339.1666666665,1.014493640171359,2558242.5714285714,2551534.0,143055.42857142858,1.0208406635806406,2271563.5
2024-03-04,2405790,0.03779738698673074,0,434778.0,0.14914134773686563,2405209.0,0.0,2333486.4285714286,358716.11184883886,2265014.0,14.693147775797314,3,0.45274469960737107,0.0,0,14,2142283.5,-0.057178330169893994,0.0,2333562.2079241956,0.0,0.9522181535568609,-523316.0,0,16334405.0,7.0,0.9728998525195692,1.0699158401715716,2222441.8333333335,1.0101234536421495,2400036.6428571427,2602686.0,140981.0,1.0208406635806406,2203966.5
2024-03-05,1983750,0.016538599889718952,15,-161080.0,0.11959352683492684,1935225.0,2405790.0,2333486.4285714286,231440.3829691213,2265014.0,14.475734673491546,3,0.4373400963303323,0.7818314824680298,3,15,2142283.5,-0.057178330169893994,0.0,1997616.8677967023,0.0,0.9522181535568609,-723870.0,1,16334986.0,7.0,1.0002415590495461,1.017763877841175,1773452.3333333333,1.0101234536421495,2044546.857142857,2132092.0,136835.85714285713,1.0208406635806406,1764362.5
2024-03-06,2211599,0.03226926465567104,32,-422040.0,0.12948560673574966,2140789.0,4389540.0,2333486.4285714286,277201.36255821877,2265014.0,14.576685477754165,3,0.4218060770826634,0.9749279121818236,6,16,2142283.5,-0.057178330169893994,0.0,2278927.3235872136,0.0,0.9522181535568609,-164009.0,2,16383511.0,7.0,1.0113136151822606,1.0299864222300463,1941953.3333333333,1.0101234536421495,2265065.214285714,2566870.0,141226.2857142857,1.0208406635806406,1907445.5
2024-03-07,2578074,-0.029071093190800257,51,227849.0,0.1561740071619313,2551534.0,6601139.0,2333486.4285714286,398483.2891899112,2265014.0,14.752205696813204,3,0.40614723863057883,0.43388373911755823,9,17,2142283.5,-0.057178330169893994,0.0,2593655.313095303,0.0,0.9522181535568609,40305.0,3,16454321.0,7.0,1.0185020635765811,1.045643533432465,2345423.5,1.0101234536421495,2546814.6428571427,2405790.0,142200.42857142858,1.0395366000277253,2303434.0
2024-03-08,2720377,-0.07697424148670551,72,366475.0,0.1602603363363052,2602686.0,9179213.0,2333486.4285714286,417107.33373779285,2265014.0,14.772054930876438,3,0.3903682146763026,-0.433883739117558,12,18,2142283.5,-0.057178330169893994,0.0,2744665.854244531,0.0,0.9522181535568609,107985.0,4,16480861.0,7.0,1.0162138757856545,1.044916745694322,2390180.5,1.0101234536421495,2689930.5714285714,1983750.0,131628.42857142858,1.0395366000277253,2348385.5
2024-03-09,2342497,0.04118676380239683,95,142303.0,0.13074262498470163,2132092.0,11899590.0,2333486.4285714286,278755.30478888244,2265014.0,14.572614684329636,3,0.374473674486883,-0.9749279121818236,15,19,2142283.5,-0.057178330169893994,0.0,2454419.6434236346,0.0,0.9522181535568609,78298.0,5,16598552.0,7.0,1.0227019289252675,1.0511609954245758,1927001.1666666667,1.0101234536421495,2408694.5,2211599.0,121729.71428571429,1.0395366000277253,1898549.0
2024-03-10,2719857,0.042044590715699215,120,-377880.0,0.1546025502095197,2566870.0,14242087.0,2333486.4285714286,396844.64805630984,2265014.0,14.758198205376674,3,0.35846832151248087,-0.7818314824680299,18,20,2142283.5,-0.057178330169893994,0.0,2764706.670122915,0.0,0.9522181535568609,-81848.0,6,16808957.0,7.0,1.0344689154594486,1.0635820784228671,2336598.3333333335,1.0101234536421495,2669455.0714285714,2578074.0,117668.71428571429,1.0395366000277253,2271563.5
2024-03-11,2563158,0.06900026648936652,0,377360.0,0.14733362092891372,2405790.0,0.0,2423134.8571428573,354453.75189457135,2265014.0,14.693389305575764,3,0.342356891994542,0.0,0,20,2142283.5,-0.057178330169893994,0.0,2630168.3113420345,0.0,0.9522181535568609,201497.0,0,16961944.0,6.0,1.0344689154594486,1.0635820784228671,2257819.5,1.0101234536421495,2525265.0714285714,2720377.0,122857.14285714286,1.0395366000277253,2249067.0
2024-03-12,2199126,0.04386706958629771,19,-156699.0,0.11958954136339243,1983750.0,2563158.0,2423134.8571428573,237235.75267962975,2265014.0,14.500500054918406,3,0.3261441535642696,0.7818314824680298,3,19,2142283.5,-0.057178330169893994,0.0,2250862.114748985,0.0,0.9522181535568609,320177.0,1,17119312.0,4.0,1.0654121930841844,1.0568798669064945,1808399.6666666667,1.0101234536421495,2158825.5,2342497.0,127005.14285714286,1.0395366000277253,1809439.0
2024-03-13,2388007,0.05321916269558824,36,-364032.0,0.12964647676006036,2211599.0,4762284.0,2423134.8571428573,286726.0183560727,2265014.0,14.609226793445915,3,0.3098349038318025,0.9749279121818236,6,18,2142283.5,-0.057178330169893994,0.0,2574970.726305407,0.0,0.9522181535568609,92977.0,2,17334688.0,2.0,1.0849164149318606,1.0834847816096138,1979985.1666666667,1.0101234536421495,2425343.785714286,2719857.0,140863.2857142857,1.0395366000277253,1950620.0
2024-03-14,2568962,-0.01173861593389991,51,188881.0,0.1543894770294958,2578074.0,7150291.0,2423134.8571428573,398027.4966033403,2265014.0,14.762553554377725,3,0.2934339689665273,0.43388373911755823,9,17,2142283.5,-0.057178330169893994,0.0,2818448.512964158,0.0,0.9522181535568609,-11565.0,3,17511096.0,0.0,1.083190491822699,1.0950824452486805,2387198.5,1.0101234536421495,2626804.1428571427,2563158.0,144041.85714285713,1.1256257802074041,2409706.5
2024-03-15,2722855,-0.08561916368941391,64,180955.0,0.15947002427302956,2720377.0,9719253.0,2423134.8571428573,433818.58622179134,2265014.0,14.816281399204899,3,0.27694620226893646,-0.433883739117558,12,16,2142283.5,-0.057178330169893994,0.0,2837813.8264497956,0.0,0.9522181535568609,70087.0,4,17501984.0,-2.0,1.0588329304483945,1.071686329910032,2438284.0,1.0101234536421495,2649667.1428571427,2199126.0,133253.85714285713,1.1256257802074041,2462505.5
2024-03-16,2410078,0.006213422704509197,75,153893.0,0.1327825989074755,2342497.0,12442108.0,2423134.8571428573,311042.8395929647,2265014.0,14.666728439305663,3,0.2603764827344581,-0.9749279121818236,15,15,2142283.5,-0.057178330169893994,0.0,2546747.5845057857,0.0,0.9522181535568609,184874.0,5,17504462.0,-4.0,1.0455913186924928,1.0641080629048154,1967878.6666666667,1.0101234536421495,2409712.0,2388007.0,140084.2857142857,1.1256257802074041,1994798.0
2024-03-17,2734318,-4.253627193540055e-05,84,-312777.0,0.15678826073763263,2719857.0,14852186.0,2423134.8571428573,426441.6484850753,2522600.0,14.816090231027053,3,0.24372971360968387,-0.7818314824680299,18,14,2364584.5,-0.03821883877536986,14.187507,2893703.7838880895,0.0,0.963192846761474,147799.0,6,17572043.0,-6.0,1.0428377526411683,1.0702239951778554,2398246.6666666665,1.0979657264689882,2742202.5,2568962.0,149812.2857142857,1.1256257802074041,2378264.0
2024-03-18,2582796,0.03902257977085699,0,324240.0,0.14769125724074328,2563158.0,0.0,2512357.714285714,378556.0275266691,2383816.0,14.756751040097784,3,0.22701082094141847,0.0,0,13,2262484.5,-0.14037311636831104,0.0,2654385.2707293327,0.0,0.9850934850325285,156787.0,0,17586504.0,-7.0,1.0428377526411683,1.0702239951778554,2315944.3333333335,1.1236477812251655,2547060.714285714,2722855.0,141968.2857142857,1.1256257802074041,2344467.0
2024-03-19,2205546,0.027062159367027938,12,-151522.0,0.12313060334662143,2199126.0,2582796.0,2512357.714285714,270779.7112152422,2039138.0,14.603571021393558,3,0.2102247521189836,0.7818314824680298,3,12,1944892.5,0.07355470506511923,1.9448925,2219699.459601318,0.0,1.020249628991551,166851.0,1,17606142.0,-7.0,1.0076616423958258,1.0351595275564358,1864217.5,1.1650116626662559,2172368.8571428573,2410078.0,141730.57142857142,1.1256257802074041,1844942.0
2024-03-20,2413710,0.0424201090972558,22,-377250.0,0.13166305075947823,2388007.0,4788342.0,2512357.714285714,314412.28685498936,2210676.0,14.685970103572771,3,0.19337647441020586,0.9749279121818236,6,11,2096341.0,0.10035201081158505,4.192682,2373008.339063034,0.0,1.0084232052419535,105598.0,2,17612562.0,-7.0,1.0054717442302894,1.0463313823458393,2038932.5,1.1517525795094652,2344450.9285714286,2734318.0,141062.57142857142,1.1256257802074041,2080951.5
2024-03-21,2690138,-0.011652562881350637,30,208164.0,0.1511659485513687,2568962.0,7202052.0,2512357.714285714,388339.5775224212,2487147.0,14.759012873497062,3,0.17647097349152166,0.43388373911755823,9,10,2357149.0,0.028019722761452454,7.071447,2625752.2110762005,0.0,1.0013199992919979,-35652.0,3,17638265.0,-7.0,1.0072390060768157,1.0587901014131151,2448034.6666666665,1.1450856253454602,2601211.3571428573,2582796.0,156278.85714285713,1.132537010804493,2514529.0
2024-03-22,2732493,-0.07977854108075899,36,276428.0,0.15685695359212182,2722855.0,9892190.0,2512357.714285714,427098.7403730769,2536088.0,14.817191887407752,3,0.15951325197263655,-0.433883739117558,12,9,2431968.5,-0.1315829398411851,9.727874,2713316.921218825,0.0,0.985636385908527,-115213.0,4,17759441.0,-7.0,1.017793239871418,1.0574055313368755,2523657.1666666665,1.1340742703668676,2663973.6428571427,2205546.0,178251.42857142858,1.132537010804493,2578884.0
2024-03-23,2422106,0.01191274994062086,40,42355.0,0.13292938634537574,2410078.0,12624683.0,2512357.714285714,320370.1895844905,2253892.0,14.69517008501257,3,0.14250832791617088,-0.9749279121818236,15,8,2106707.5,0.15013131080524156,10.5335375,2394649.608295595,0.0,0.9797547098025476,-142824.0,5,17769079.0,-7.0,1.0146739603932067,1.0515834850185157,2066012.6666666667,1.127675161260936,2369040.5,2413710.0,180914.7142857143,1.132537010804493,2119326.5
2024-03-24,2755433,0.00688423341557165,42,-310387.0,0.15656280016429078,2734318.0,15046789.0,2512357.714285714,428092.48261962325,2545494.0,14.8213929683184,3,0.12546123335273648,-0.7818314824680299,18,7,2423201.5,-0.04628695579961917,14.539209,2738717.2632756513,1.151510975628021,0.9769627959608791,-138526.0,6,17781107.0,-7.0,1.0131026503438618,1.0556772493942506,2477697.0,1.1249833823291913,2693841.5,2690138.0,192670.7142857143,1.132537010804493,2518164.0
2024-03-25,2607498,0.031792225208705505,0,333327.0,0.1449777815892129,2582796.0,0.0,2543174.5714285714,374448.03437749273,2404966.0,14.764383478203651,3,0.10837701279187609,0.0,0,6,2296581.0,-0.13701476237938048,0.0,2592708.892904696,1.1526409056897755,0.9887432102745041,-137730.0,0,17802222.0,-7.0,1.0131026503438618,1.0556772493942506,2400136.3333333335,1.1396658693854205,2558776.714285714,2732493.0,207953.14285714287,1.132537010804493,2405499.5
2024-03-26,2243576,0.022323086214559806,5,-147935.0,0.12109155439742172,2205546.0,2607498.0,2543174.5714285714,267072.9934350159,2080546.0,14.606486108660532,3,0.09126072172931188,0.7818314824680298,3,5,1981915.5,0.07155914627819279,1.9819155,2221989.8792080185,1.1542388611203755,1.0262458551323865,-208956.0,1,17826924.0,-7.0,1.0095640538393276,1.04750840945016,1962221.3333333333,1.1845328470575118,2217946.5714285714,2422106.0,215886.57142857142,1.132537010804493,1959487.5
2024-03-27,2462360,0.03987834797753975,8,-363922.0,0.13320428847076957,2413710.0,4851074.0,2543174.5714285714,321516.5231247812,2209680.0,14.696675955162945,3,0.07411742515094437,0.9749279121818236,6,4,2131786.0,0.11910751018595682,4.263572,2416490.838063589,1.1566387621120262,1.0129219727265055,-150705.0,2,17864954.0,-7.0,1.0131009856856508,1.0614693171996543,2134098.5,1.171584816650457,2391785.785714286,2755433.0,221157.0,1.132537010804493,2151872.5
2024-03-28,2786223,-0.011684598120754286,9,218784.0,0.15134650627249266,2690138.0,7313434.0,2543174.5714285714,407142.9876908709,2532778.0,14.805103423105479,3,0.056952196034039754,0.43388373911755823,9,3,2443626.0,-0.017540149655890378,7.330878,2734625.8130107904,0.0,1.0267788129522701,130288.0,3,17913604.0,-7.0,1.0154653146075592,1.0663040116523943,2505602.0,1.1904632495088163,2678826.5,2607498.0,227080.14285714287,1.1487395476206463,2533581.5
2024-03-29,2693787,-0.06915901011892034,8,323863.0,0.15700923703703737,2732493.0,10099657.0,2543174.5714285714,429026.64113904536,2475896.0,14.820725303239021,3,0.03977011384605572,-0.433883739117558,12,2,2395663.0,-0.16579230885145366,9.582652,2800081.7058970756,0.0,0.9629642879471597,7160.0,4,18009689.0,-7.0,1.0209728078413374,1.0680852095499684,2597732.0,1.1217877792721067,2743038.714285714,2243576.0,235650.0,1.1487395476206463,2609074.5
2024-03-30,2320632,0.013301942251157328,5,-92436.0,0.13543212507144572,2422106.0,12793444.0,2543174.5714285714,328030.96272829914,2093075.0,14.700148380484327,3,0.022576263041545485,-0.9749279121818236,15,1,1998480.5,0.14633676887245836,9.9924025,2477041.2771644513,0.0,0.9197316345553243,-55553.0,5,17970983.0,-7.0,1.0133675435652523,1.0529188369555842,2172265.1666666665,1.0686609812991101,2457419.1428571427,2462360.0,226139.57142857142,1.1487395476206463,2145710.0
2024-03-31,2595625,-0.006048471141289369,0,-373155.0,0.15693850716162003,2755433.0,15114076.0,2543174.5714285714,432433.54160386417,2387558.0,14.829085519922764,3,0.005375731557583884,-0.7818314824680299,18,0,2300967.0,0.03870520985304927,13.805802,2773539.6212872392,0.0,0.9191860060412413,6654.0,6,17869509.0,-7.0,1.0044718511039132,1.0439953155832804,2556542.5,1.0622520947724403,2744411.6428571427,2786223.0,205164.57142857142,1.1487395476206463,2564276.0
2024-04-01,2658016,-0.006355784001287557,0,274993.0,0.14497466704979228,2607498.0,0.0,2529957.285714286,378021.1543829993,2523060.0,14.773902082347883,4,-0.011826390691832589,0.0,0,1,2407894.5,-0.13440477075831944,0.0,2586231.802087255,0.0,1.0345134144901273,5064.0,0,17709701.0,-5.0,1.0044718511039132,1.0439953155832804,2474467.1666666665,1.1850755338986398,2598474.714285714,2693787.0,179064.2857142857,1.1487395476206463,2484474.0
2024-04-02,2261390,-0.002651108137396996,2,62391.0,0.12314427496946463,2243576.0,2658016.0,2529957.285714286,276283.53985889157,2132314.0,14.623582025182065,4,-0.029025013321975237,0.7818314824680298,4,2,2060497.5,0.018947547655276283,2.0604975,2246733.1180818668,0.0,1.0372943775669277,31610.0,1,17760219.0,-3.0,1.019374127995496,1.0465410706822418,2047530.5,1.1918122238301143,2280119.1428571427,2320632.0,183259.7142857143,1.1487395476206463,2091438.0
2024-04-03,2266046,0.03327036706888964,6,-396626.0,0.13519930447770373,2462360.0,4919406.0,2529957.285714286,332909.35937371856,2168441.0,14.716631203734698,4,-0.046215046983708354,0.9749279121818236,8,3,2101422.0,0.10213415609223514,4.202844,2383514.684762945,0.0,0.9971924301672465,22947.0,2,17778033.0,-1.0,1.0140859529250636,1.0471700643491328,2223029.1666666665,1.146713973790766,2410203.0714285714,2595625.0,179889.14285714287,1.1487395476206463,2187277.5
2024-04-04,2640572,-0.00819774441532517,12,4656.0,0.15162685191905115,2786223.0,7185452.0,2529957.285714286,422466.2222344545,2443213.0,14.84019783209987,4,-0.06339140486951038,0.43388373911755823,12,4,2365860.5,0.019013044709362385,7.0975815,2678479.062814941,0.0,0.9872921415716857,-25091.0,3,17581719.0,1.0,0.9825004231938101,1.016800276337185,2569627.6666666665,1.123288575361245,2722311.3571428573,2658016.0,151986.57142857142,1.1272041016924617,2560248.0
2024-04-05,2703180,-0.07988778613709302,20,374526.0,0.15520181723112583,2693787.0,9826024.0,2529957.285714286,418080.63763358275,2532863.0,14.806458939463234,4,-0.08054900421874167,-0.433883739117558,16,5,2421168.5,-0.1519500719253914,9.684674,2570613.638005512,0.0,1.00746335109506,-48344.0,4,17436068.0,3.0,0.9729067036633027,1.010639744658265,2651708.3333333335,1.1373643655545234,2656051.285714286,2261390.0,124660.57142857143,1.1272041016924617,2654625.0
2024-04-06,2324739,-0.0021300152766012825,30,62608.0,0.1355595383302337,2320632.0,12529204.0,2529957.285714286,314583.80255436694,2150251.0,14.657350551254698,4,-0.09768276782171598,-0.9749279121818236,20,6,2032979.0,0.1962338954763687,10.164895,2181261.501027272,0.0,1.008275332931441,-113502.0,5,17445461.0,5.0,0.9793456711109221,1.0071742816619633,2245198.0,1.1387262158641256,2273445.4285714286,2266046.0,134601.2857142857,1.1272041016924617,2239980.0
2024-04-07,2675829,0.0008805580938382462,42,-378441.0,0.1542935460226286,2595625.0,14853943.0,2529957.285714286,400488.18539498537,2589787.0,14.769338278630746,4,-0.11478762552212701,-0.7818314824680299,24,7,2444174.0,-0.04158679951301012,14.665044,2506993.0176190073,0.0,1.0169620297405544,-180923.0,6,17449568.0,7.0,0.9827886931361203,1.0027108872820447,2608833.0,1.1486795659389613,2569221.214285714,2640572.0,158161.85714285713,1.1272041016924617,2581247.5
2024-04-08,2487391,0.017364216372515395,0,351090.0,0.14742319234879492,2658016.0,0.0,2504253.1428571427,391853.2040341745,2455406.0,14.79309091402118,4,-0.13185851571739118,0.0,0,8,2322351.0,-0.1455665554416489,0.0,2694773.6727062888,0.0,0.9822658677074034,25816.0,0,17529772.0,7.0,0.9827886931361203,1.0027108872820447,2528429.3333333335,1.1141629792112426,2708683.0714285714,2703180.0,192181.85714285713,1.1272041016924617,2572977.0
2024-04-09,2212961,0.006824625381070204,9,-188438.0,0.12615673314401524,2261390.0,2487391.0,2504253.1428571427,285289.5747645446,2070303.0,14.631490668639863,4,-0.1488903868564548,0.7818314824680298,4,9,1970347.5,0.06485430148830079,1.9703475,2224809.524600706,0.0,0.9768857966299583,-20216.0,1,17359147.0,7.0,0.9358073841541962,0.9556350747080047,2129016.6666666665,1.0958708701111273,2299412.0,2324739.0,150936.2857142857,1.1272041016924617,2202336.0
2024-04-10,2316545,0.038823513035057156,20,-274430.0,0.1349199256712615,2266046.0,4700352.0,2504253.1428571427,305734.7578876594,2227164.0,14.633547461749517,4,-0.16587819893463143,0.9749279121818236,8,10,2113485.0,0.10803396379566342,4.22697,2242878.693841912,0.0,0.9945939696792964,-244964.0,2,17310718.0,7.0,0.9554714532608205,0.9731020574081007,2263851.1666666665,1.1123230910765116,2326696.785714286,2675829.0,136622.42857142858,1.1272041016924617,2238822.5
2024-04-11,2641708,-0.0220418653363752,33,103584.0,0.15128732783019525,2640572.0,7016897.0,2504253.1428571427,399485.08182323433,2534751.0,14.786506497026087,4,-0.1828169249850199,0.43388373911755823,12,11,2400961.0,0.012268183664458141,7.202883,2629659.7579850727,0.0,0.9907192548811906,-241736.0,3,17361217.0,7.0,0.9765421855159564,0.9728385574146599,2590818.1666666665,1.1108875292375617,2661806.214285714,2487391.0,149727.85714285713,1.0995770120227302,2573518.0
2024-04-12,2714741,-0.07355129646309222,48,325163.0,0.15365778776122224,2703180.0,9658605.0,2504253.1428571427,415364.65872038074,2585925.0,14.809939785650798,4,-0.1997015525660636,-0.433883739117558,16,12,2436388.5,-0.18646031648238345,9.745554,2698764.502859802,0.0,1.001299262202036,48099.0,4,17362353.0,7.0,0.9829616740199291,0.977168192608041,2676391.3333333335,1.1226557609377719,2699841.0714285714,2212961.0,162685.14285714287,1.0995770120227302,2698483.5
2024-04-13,2180816,0.013443786525833668,65,73033.0,0.1341879174465501,2324739.0,12373346.0,2504253.1428571427,311951.8850167754,2057354.0,14.659118762793392,4,-0.21652708524481437,-0.9749279121818236,20,13,1971527.5,0.2298765804686975,9.8576375,2273390.377379404,0.0,0.9643862010806453,105581.0,5,17373914.0,7.0,0.987560422832927,0.9822174047224459,2281561.0,1.0818397477370314,2294174.3928571427,2316545.0,156198.57142857142,1.0995770120227302,2322685.5
2024-04-14,2689549,-0.0019098406132744827,84,-533925.0,0.15236711579796083,2675829.0,14554162.0,2504253.1428571427,407708.34709854174,2570184.0,14.799770170559075,4,-0.23328854407545518,-0.7818314824680299,24,14,2424735.5,0.2298765804686975,14.548413,2655865.226717594,0.0,0.9975669054711508,240012.0,6,17229991.0,7.0,0.9798180860125827,0.9724331240015157,2642363.5,1.1103230903518024,2679289.75,2641708.0,127470.14285714286,1.0995770120227302,2635727.0
2024-04-15,2532672,0.020539941010883522,0,508733.0,0.1470490504178908,2487391.0,0.0,2463387.285714286,365768.4845680078,2570184.0,14.726745329986908,4,-0.2499809690726521,0.0,0,15,2424735.5,0.2298765804686975,14.548413,2529124.589610442,0.0,0.9975669054711508,-221143.0,0,17243711.0,7.0,0.9798180860125827,0.9724331240015157,2542126.3333333335,1.1103230903518024,2571596.8214285714,2714741.0,100540.28571428571,1.0995770120227302,2572977.0
2024-04-16,2148436,0.0002480575705112731,16,-156877.0,0.12697877156502316,2212961.0,2532672.0,2463387.285714286,280999.0693013052,2570184.0,14.609842447625027,4,-0.26659942067929354,0.7818314824680298,4,16,2424735.5,0.2298765804686975,14.548413,2112165.3629326825,0.0,0.9975669054711508,-66243.0,1,17288992.0,7.0,1.0182042147776527,0.9801645771293113,2175306.0,1.1103230903518024,2138659.3571428573,2180816.0,116673.85714285714,1.0995770120227302,2206211.5
2024-04-17,2351694,0.043180463989005435,34,-384236.0,0.13455870131854508,2316545.0,4681108.0,2463387.285714286,311711.28674596903,2570184.0,14.65558784118539,4,-0.28313898122818354,0.9749279121818236,8,17,2424735.5,0.2298765804686975,14.548413,2279180.9793489072,0.0,0.9975669054711508,246813.0,2,17224467.0,7.0,0.9959058385414539,0.9722344270839445,2293143.8333333335,1.1103230903518024,2304219.1071428573,2689549.0,116314.71428571429,1.0995770120227302,2291295.5
2024-04-18,2695566,-0.013836041956722278,54,203258.0,0.15306797338287065,2641708.0,7032802.0,2463387.285714286,404360.88982931647,2570184.0,14.786936614167699,4,-0.2995947563972602,0.43388373911755823,12,18,2424735.5,0.2298765804686975,14.548413,2658772.1791107655,0.0,0.9975669054711508,146787.0,3,17259616.0,7.0,1.0022666714361064,0.9795727289330829,2611831.3333333335,1.1103230903518024,2672253.714285714,2532672.0,112947.0,1.101147971451278,2609323.0
2024-04-19,2722053,-0.06859785001893881,76,343872.0,0.1543096109698312,2714741.0,9728368.0,2463387.285714286,418910.62759385054,2570184.0,14.814207479210452,4,-0.31596187665790293,-0.433883739117558,16,19,2424735.5,0.2298765804686975,14.548413,2724807.7015887816,0.0,0.9975669054711508,2168.0,4,17313474.0,7.0,1.0072228857065797,0.9857382406676827,2692937.6666666665,1.1103230903518024,2727214.9285714286,2148436.0,107564.14285714286,1.101147971451278,2708960.5
2024-04-20,2221738,0.03016543877381972,100,26487.0,0.13154513960451186,2180816.0,12450421.0,2463387.285714286,286875.74517175317,2570184.0,14.595210135198498,4,-0.33223549871590435,-0.9749279121818236,20,20,2424735.5,0.2298765804686975,14.548413,2161720.2383598657,0.0,0.9975669054711508,-148030.0,5,17320786.0,7.0,1.006229115390453,0.9896862874082557,2285142.3333333335,1.1103230903518024,2192132.785714286,2351694.0,101028.42857142857,1.101147971451278,2322685.5
2024-04-21,2756922,0.004492061423637672,126,-500315.0,0.15249075274132726,2689549.0,14672159.0,2463387.285714286,410131.351544684,2570184.0,14.804884451338765,4,-0.3484108069446808,-0.7818314824680299,24,21,2424735.5,0.2298765804686975,14.548413,2724889.7025266606,0.0,0.9975669054711508,-66484.0,6,17361708.0,7.0,1.0081074403321881,0.9852216011121226,2663674.6666666665,1.1103230903518024,2700157.0714285714,2695566.0,120145.42857142857,1.101147971451278,2682689.0
2024-04-22,2579973,0.026005509953440198,0,535184.0,0.14710660274365123,2532672.0,0.0,2489868.714285714,372572.77378396865,2570184.0,14.744785824716539,4,-0.3644830148102912,0.0,0,22,2424735.5,0.2298765804686975,14.548413,2571691.0809927136,0.0,0.9975669054711508,215906.0,0,17429081.0,7.0,1.0081074403321881,0.9852216011121226,2529884.1666666665,1.1103230903518024,2548413.714285714,2722053.0,132570.57142857142,1.101147971451278,2547915.0
2024-04-23,2144330,0.012201657675433575,23,-176949.0,0.12682269678971703,2148436.0,2579973.0,2489868.714285714,272470.44740011246,2570184.0,14.580251158983929,4,-0.38044736628785164,0.7818314824680298,4,23,2424735.5,0.2298765804686975,14.548413,2148156.2182726758,0.0,0.9975669054711508,-16096.0,1,17476382.0,7.0,1.0186763228716549,1.0033362250848932,2165565.8333333335,1.1103230903518024,2151443.5,2221738.0,143572.57142857142,1.101147971451278,2202336.0
2024-04-24,2308366,0.04460953766972686,48,-435643.0,0.13439484059902385,2351694.0,4724303.0,2489868.714285714,316055.5402676808,2570184.0,14.670646902721135,4,-0.39629913726891813,0.9749279121818236,8,24,2424735.5,0.2298765804686975,14.548413,2341065.0966853215,0.0,0.9975669054711508,-15350.0,2,17472276.0,7.0,1.0092275162205187,0.9866996241634006,2324600.1666666665,1.1103230903518024,2323070.785714286,2756922.0,150864.2857142857,1.101147971451278,2334119.5
2024-04-25,2686172,-0.02356430286515021,75,164036.0,0.15395462747068236,2695566.0,7032669.0,2489868.714285714,414994.8593526374,2570184.0,14.807119129806834,4,-0.41203363695942635,0.43388373911755823,12,25,2424735.5,0.2298765804686975,14.548413,2689927.378515329,0.0,0.9975669054711508,52722.0,3,17428948.0,7.0,0.9999810886187326,0.985361481138207,2635836.6666666665,1.1103230903518024,2660562.0714285714,2579973.0,150938.57142857142,1.100199789081685,2641140.0
2024-04-26,2675321,-0.08390554031789255,104,377806.0,0.1549813910790725,2722053.0,9718841.0,2489868.714285714,421867.56053096254,2570184.0,14.816897300350922,4,-0.42764620926777464,-0.433883739117558,16,26,2424735.5,0.2298765804686975,14.548413,2660740.2385250297,0.0,0.9975669054711508,-4249.0,4,17419554.0,7.0,0.9990206990525029,0.9888766095517235,2712832.1666666665,1.1103230903518024,2647611.285714286,2144330.0,151353.2857142857,1.100199789081685,2717559.0
2024-04-27,2138255,0.011775110032490543,135,-10851.0,0.1293993038053964,2221738.0,12394162.0,2489868.714285714,287491.3504379938,2570184.0,14.613800780536367,4,-0.44313223418263453,-0.9749279121818236,20,27,2424735.5,0.2298765804686975,14.548413,2136076.371433475,0.0,0.9975669054711508,184845.0,5,17372822.0,7.0,0.9954813576183488,0.9886379315450566,2300083.3333333335,1.1103230903518024,2162523.535714286,2308366.0,155931.0,1.100199789081685,2322685.5
2024-04-28,2646469,-0.011921534262536504,168,-537066.0,0.15334053751245663,2756922.0,14532417.0,2489868.714285714,422747.90135991696,2570184.0,14.829625760707682,4,-0.45848712914008766,-0.7818314824680299,24,28,2424735.5,0.2298765804686975,14.548413,2648537.7526755705,0.0,0.9975669054711508,53653.0,6,17289339.0,7.0,0.9904757029964029,0.9820139560640426,2695101.8333333335,1.1103230903518024,2665295.25,2686172.0,149194.0,1.100199789081685,2704703.0
2024-04-29,2506141,0.005997413073753233,0,508214.0,0.14784340621637784,2579973.0,0.0,2454126.5714285714,381431.996266287,2570184.0,14.763289879327642,4,-0.47370635037968,0.0,0,28,2424735.5,0.2298765804686975,14.548413,2533394.7465796876,0.0,0.9975669054711508,2020.0,0,17178886.0,6.0,0.9904757029964029,0.9820139560640426,2558914.6666666665,1.1103230903518024,2579541.3928571427,2675321.0,140980.14285714287,1.100199789081685,2571565.5
2024-04-30,2151933,-0.003855716498195161,27,-140328.0,0.12635702301922172,2144330.0,2506141.0,2454126.5714285714,270951.15517080773,2570184.0,14.578338173585154,4,-0.48878539428899265,0.7818314824680298,4,27,2424735.5,0.2298765804686975,14.548413,2062912.8953339576,0.0,0.9975669054711508,60419.0,1,17105054.0,4.0,0.9713826462524996,0.9772385634231529,2192329.1666666665,1.1103230903518024,2143425.5,2138255.0,129437.42857142857,1.100199789081685,2202336.0
2024-05-01,2358798,0.04066979159648598,52,-354208.0,0.13322786464818964,2308366.0,4658074.0,2454126.5714285714,307538.67300648295,2570184.0,14.652050906100754,5,-0.503719798736334,0.9749279121818236,10,26,2424735.5,0.2298765804686975,14.548413,2244688.577206954,0.0,0.9975669054711508,-78477.0,2,17112657.0,2.0,0.9859812124666856,0.9793498286401556,2340728.0,1.1103230903518024,2312840.3928571427,2646469.0,132876.0,1.100199789081685,2334119.5
2024-05-02,2648857,-0.010141848858594926,75,206865.0,0.15371393662189486,2686172.0,7016872.0,2454126.5714285714,412902.0725635086,2570184.0,14.803628062032908,5,-0.518505144391157,0.43388373911755823,15,25,2424735.5,0.2298765804686975,14.548413,2619596.0578703517,0.0,0.9975669054711508,-63252.0,3,17163089.0,0.0,0.9977537688749464,0.9929130721788946,2655371.6666666665,1.1103230903518024,2655736.0714285714,2506141.0,142373.57142857142,1.0968202120724146,2663940.0
2024-05-03,2675921,-0.061717776564169435,96,290059.0,0.15588766640498897,2675321.0,9665729.0,2454126.5714285714,417049.5475742615,2570184.0,14.79958030489967,5,-0.533137056031809,-0.433883739117558,20,24,2424735.5,0.2298765804686975,14.548413,2613313.468487083,0.0,0.9975669054711508,-54044.0,4,17125774.0,-2.0,0.9945351508477194,0.9930924915489476,2712832.1666666665,1.1103230903518024,2653656.3571428573,2151933.0,138953.42857142858,1.0968202120724146,2717559.0
2024-05-04,2175786,0.029637130612616414,115,27064.0,0.12775745668996108,2138255.0,12341650.0,2454126.5714285714,273178.0205545927,2570184.0,14.575501101472062,5,-0.5476112038402312,-0.9749279121818236,25,23,2424735.5,0.2298765804686975,14.548413,2138616.4323653453,0.0,0.9975669054711508,-124405.0,5,17126374.0,-4.0,0.9957631665618055,0.9923506546598374,2300083.3333333335,1.1103230903518024,2191283.3571428573,2358798.0,138845.7142857143,1.0968202120724146,2322685.5
2024-05-05,2717249,-0.0031292229681891826,132,-500135.0,0.15521264639936586,2646469.0,14517436.0,2454126.5714285714,410765.4571038834,2570184.0,14.7887372344895,5,-0.5619233046832195,-0.7818314824680299,30,22,2424735.5,0.2298765804686975,14.548413,2727697.5734704714,0.0,0.9975669054711508,-177826.0,6,17163905.0,-6.0,0.998969132251022,0.9907368680166669,2703575.8333333335,1.1103230903518024,2735458.4285714286,2648857.0,140940.85714285713,1.0968202120724146,2704703.0
2024-05-06,2647929,0.01894979304441291,0,541463.0,0.14628939825383902,2506141.0,0.0,2462097.8571428573,366621.85882927437,2570184.0,14.734255076839192,5,-0.5760691233798758,0.0,0,21,2424735.5,0.2298765804686975,14.548413,2632943.7899901,0.0,0.9975669054711508,-121133.0,0,17234685.0,-7.0,0.998969132251022,0.9907368680166669,2562039.6666666665,1.1103230903518024,2617070.285714286,2675921.0,140600.42857142858,1.0968202120724146,2571565.5
2024-05-07,2244683,0.017121797111628423,20,-69320.0,0.12532146673803246,2151933.0,2647929.0,2462097.8571428573,269683.3998819744,2570184.0,14.581877530648523,5,-0.5900444739548627,0.7818314824680298,5,20,2424735.5,0.2298765804686975,14.548413,2256733.923001647,0.0,0.9975669054711508,11709.0,1,17376473.0,-7.0,1.0565762261580653,1.0480437854987104,2193596.3333333335,1.1103230903518024,2231460.9285714286,2175786.0,154624.42857142858,1.0968202120724146,2202336.0
2024-05-08,2452419,0.06530610548876781,38,-403246.0,0.13512661463173997,2358798.0,4892612.0,2462097.8571428573,318736.388340119,2570184.0,14.673663149164017,5,-0.6038452208771035,0.9749279121818236,10,19,2424735.5,0.2298765804686975,14.548413,2458147.6176729817,0.0,0.9975669054711508,93760.0,2,17469223.0,-7.0,1.0503508531637755,1.0429875296827615,2356186.6666666665,1.1103230903518024,2405392.6428571427,2717249.0,154911.2857142857,1.0968202120724146,2355246.0
2024-05-09,2797162,0.014818626589072181,54,207736.0,0.15447889121714176,2648857.0,7345031.0,2462097.8571428573,409192.4923527645,2570184.0,14.789639161683388,5,-0.6174672802835514,0.43388373911755823,15,18,2424735.5,0.2298765804686975,14.548413,2837191.7692548637,0.0,0.9975669054711508,-27921.0,3,17562844.0,-7.0,1.0467671349855034,1.045584293383024,2667168.8333333335,1.1103230903518024,2747382.6428571427,2647929.0,154823.7142857143,1.1472049196441645,2667514.5
2024-05-10,2789715,-0.05103298306946624,68,344743.0,0.156152320447583,2675921.0,10142193.0,2462097.8571428573,417851.2734844168,2570184.0,14.799804551823383,5,-0.6309066211876704,-0.433883739117558,20,17,2424735.5,0.2298765804686975,14.548413,2877635.068539992,0.0,0.9975669054711508,47332.0,4,17711149.0,-7.0,1.0492941608439468,1.0463543326093574,2705422.8333333335,1.1103230903518024,2757033.3571428573,2244683.0,163195.2857142857,1.1472049196441645,2708960.5
2024-05-11,2295451,0.036322109553288406,80,-7447.0,0.12616445453559058,2175786.0,12931908.0,2462097.8571428573,274506.8538761745,2570184.0,14.59290099613741,5,-0.6441592666722685,-0.9749279121818236,25,16,2424735.5,0.2298765804686975,14.548413,2352787.058003266,0.0,0.9975669054711508,121014.0,5,17824943.0,-7.0,1.0478265061802918,1.043746396635048,2272298.1666666665,1.1103230903518024,2266365.5,2452419.0,165529.2857142857,1.1472049196441645,2271185.0
2024-05-12,2677001,0.0021162958153686517,90,-494264.0,0.15646685417607326,2717249.0,15227359.0,2462097.8571428573,425159.4030430809,2570184.0,14.815130897425433,5,-0.6572212950663319,-0.7818314824680299,30,15,2424735.5,0.2298765804686975,14.548413,2810757.166838376,0.0,0.9975669054711508,181233.0,6,17944608.0,-7.0,1.048901403801608,1.0451859107977817,2703141.1666666665,1.1103230903518024,2666095.3571428573,2797162.0,172583.85714285713,1.1472049196441645,2703399.0
2024-05-13,2717876,0.004775082406880626,0,381550.0,0.14720034857639114,2647929.0,0.0,2557765.714285714,389776.0718055348,2597124.0,14.789288760644308,5,-0.6700888411055113,0.0,0,14,2440034.0,-0.13021039256784414,0.0,2892857.560378803,0.0,1.0061165712249946,215620.0,0,17904360.0,-7.0,1.048901403801608,1.0451859107977817,2576168.1666666665,1.1592703605769517,2756631.1428571427,2789715.0,178413.85714285713,1.1472049196441645,2581384.5
2024-05-14,2343094,0.0011503086549835562,13,40875.0,0.12458055808028243,2244683.0,2717876.0,2557765.714285714,279643.8608533226,2173966.0,14.624075312012955,5,-0.6827580970759147,0.7818314824680298,5,13,2108055.0,0.04923598776037724,2.108055,2411999.400056339,0.0,1.0057225979078237,85147.0,1,17974307.0,-7.0,1.0264157384884565,1.05890774215511,2201189.1666666665,1.1636551135561974,2336849.6428571427,2295451.0,171142.85714285713,1.1472049196441645,2209253.5
2024-05-15,2463627,0.04785225563328477,24,-374782.0,0.13578457532859,2452419.0,5060970.0,2557765.714285714,333000.6724427654,2312740.0,14.71258585011388,5,-0.6952253139408722,0.9749279121818236,10,12,2214875.0,0.10937785925240882,4.42975,2566946.660895299,0.0,0.993449266618543,43189.0,2,18072718.0,-7.0,1.0344106583559047,1.0679350290305014,2366922.0,1.1559037243742674,2476758.1428571427,2677001.0,173125.0,1.1472049196441645,2355246.0
2024-05-16,2807609,0.009744488811735064,33,120533.0,0.15523629983256565,2797162.0,7524597.0,2557765.714285714,434221.078912259,2641296.0,14.844116247211137,5,-0.7074868024503348,0.43388373911755823,15,11,2504080.5,0.0007563947330209028,7.5122415,2912784.7469344866,0.0,0.9931718457683851,185620.0,3,18083926.0,-7.0,1.0244472759883518,1.0587818628621835,2691444.0,1.156031724535292,2802410.8571428573,2717876.0,167406.0,1.1738461100331359,2688155.0
2024-05-17,2855596,-0.058167885269676534,40,343982.0,0.15574691070560315,2789715.0,10332206.0,2557765.714285714,434489.4929990817,2656058.0,14.841450356501683,5,-0.719538934232584,-0.433883739117558,20,10,2506231.0,-0.15944220624515457,10.024924,2907196.2467540815,0.0,0.9872645161778281,113194.0,4,18094373.0,-7.0,1.0187349027966635,1.0528260369325988,2707029.1666666665,1.1495617366916597,2819068.285714286,2343094.0,162825.2857142857,1.1738461100331359,2708960.5
2024-05-18,2365492,0.027717470338227912,45,47987.0,0.12659846296576194,2295451.0,13187802.0,2557765.714285714,290600.5684132212,2213613.0,14.646440331975766,5,-0.7313781428679254,-0.9749279121818236,25,9,2106632.0,0.19567560921888588,10.53316,2416161.0786829065,0.0,1.0070462047253774,82134.0,5,18160254.0,-7.0,1.019787799294582,1.052537204043542,2253193.6666666665,1.1770189819256547,2378917.5714285714,2463627.0,165079.85714285713,1.1738461100331359,2258594.5
2024-05-19,2843144,0.004833221382109398,48,-490104.0,0.1548528445108057,2677001.0,15553294.0,2557765.714285714,414541.2196082714,2673457.0,14.800208069607178,5,-0.7430009249440493,-0.7818314824680299,30,8,2518848.5,-0.017312640161265536,15.113091,2910446.2163427193,0.0,1.0328103924665801,-111028.0,6,18230295.0,-7.0,1.0214045652959256,1.0553662396160257,2693588.3333333335,1.211306625601599,2840189.285714286,2807609.0,160880.7142857143,1.1738461100331359,2683275.0
2024-05-20,2751841,0.017188671014894297,0,477652.0,0.14780691239715918,2717876.0,0.0,2628062.5714285714,401720.8598383414,2592466.0,14.815361618806104,5,-0.7544038410927472,0.0,0,7,2466205.5,-0.12621827297325486,0.0,2860199.504715366,1.1828270901549318,1.0067830745944295,-71841.0,0,18396438.0,-7.0,1.0214045652959256,1.0553662396160257,2588704.8333333335,1.1908502945397648,2762257.5,2855596.0,161169.14285714287,1.1738461100331359,2593735.5
2024-05-21,2442301,0.010998800815306131,6,-91303.0,0.12560541002377817,2343094.0,2751841.0,2628062.5714285714,294305.2825942545,2272281.0,14.666983262976105,5,-0.765583517007675,0.7818314824680298,5,6,2153562.0,0.06588135986698504,2.153562,2499178.4444420296,1.1849820784287206,1.0174406800380555,5661.0,1,18430403.0,-7.0,1.0124968909545542,1.0531428726150671,2210496.5,1.2056489717094259,2441195.785714286,2365492.0,166686.7142857143,1.1738461100331359,2228268.5
2024-05-22,2591593,0.06345994067237748,10,-309540.0,0.13553192017371946,2463627.0,5194142.0,2628062.5714285714,333900.0979018199,2435811.0,14.717145618211848,5,-0.7765366444428655,0.9749279121818236,10,5,2300791.0,0.08747595772445393,4.601582,2679215.7901989673,1.191506577309489,1.023032096156856,-82413.0,2,18529610.0,-7.0,1.0263135327812654,1.0745041401877198,2375030.3333333335,1.2189494713696076,2605780.5714285714,2843144.0,166814.14285714287,1.1738461100331359,2355246.0
2024-05-23,2897421,0.01246881048865367,12,149292.0,0.15472577214186117,2807609.0,7785735.0,2628062.5714285714,434409.4703974387,2672648.0,14.847844145592996,5,-0.7872599821916922,0.43388373911755823,15,4,2536113.5,0.012577900163083869,7.6083405,2955823.3566692355,1.1990059816768361,0.9955988228934085,-137858.0,3,18657576.0,-7.0,1.034704582850085,1.0768960892340993,2709281.3333333335,1.1937289439996137,2840107.714285714,2751841.0,167513.42857142858,1.2128835054237945,2690869.0
2024-05-24,2951859,-0.05332845180650514,12,305828.0,0.15550858117285182,2855596.0,10683156.0,2628062.5714285714,444069.68236287095,2744596.0,14.864791486042584,5,-0.7977503570459932,-0.433883739117558,20,3,2571262.0,-0.18195617560559757,10.285048,3050578.707312822,0.0,1.0015111961940433,-47913.0,4,18747388.0,-7.0,1.0339666088732649,1.0720955677503852,2716566.1666666665,1.205874663002255,2913941.0714285714,2442301.0,175864.85714285713,1.2128835054237945,2708960.5
2024-05-25,2429201,0.030312187729055307,10,54438.0,0.12687626211206274,2365492.0,13635015.0,2628062.5714285714,300124.7830159875,2206475.0,14.676497014843719,5,-0.8080046647350754,-0.9749279121818236,25,2,2103405.0,0.036609449915731875,10.517025,2458115.422651837,0.0,0.9936885675408694,-49624.0,5,18843651.0,-7.0,1.033911109675441,1.0724510899720978,2253193.6666666665,1.202854970746576,2377499.1428571427,2591593.0,176968.42857142858,1.2128835054237945,2258594.5
2024-05-26,2413165,-0.0012549461958184516,6,-522658.0,0.15394514197856746,2843144.0,16064216.0,2628062.5714285714,437688.2067455122,2257797.0,14.860421391794743,5,-0.8180198708443175,-0.7818314824680299,30,1,2180409.5,0.10480995359228841,13.082457,2516727.099625121,0.0,0.8818563121217405,206391.0,6,18907360.0,-7.0,1.03284976160034,1.073981624023036,2693836.5,1.0706397268069112,2431782.0714285714,2897421.0,187089.42857142858,1.2128835054237945,2683275.0
2024-05-27,2771700,-0.02628058635587105,0,-16036.0,0.1474937781961949,2751841.0,0.0,2639625.8571428573,405879.4260851952,2596978.0,14.827781063596497,5,-0.8277930117131022,0.0,0,0,2458107.5,-0.07520817393857146,0.0,2793141.429166498,0.0,0.9940423371223333,-35982.0,0,18477381.0,-7.0,1.03284976160034,1.073981624023036,2607101.1666666665,1.1803001885371427,2770084.5,2951859.0,185043.85714285713,1.2128835054237945,2613951.0
2024-05-28,2555425,-0.043916793307853697,1,358535.0,0.12744398510833252,2442301.0,2771700.0,2639625.8571428573,311256.57227406563,2349003.0,14.708451595130061,5,-0.8373211953118121,0.7818314824680298,5,1,2231969.0,-0.03811558905305137,2.231969,2527202.979546971,0.0,1.0421499403635994,796.0,1,18497240.0,-5.0,1.007216623344154,1.0435826697203172,2227082.8333333335,1.2385356651632131,2525964.5,2429201.0,187236.2857142857,1.2128835054237945,2228822.0
2024-05-29,2446571,0.016543347868138714,4,-216275.0,0.13700324979971126,2591593.0,5327125.0,2639625.8571428573,355056.6631581831,2259502.0,14.767783688383165,5,-0.8466016020976267,0.9749279121818236,10,2,2141366.5,0.08555745594396254,4.282733,2434596.8165931017,0.0,0.9411168993171183,116758.0,2,18610364.0,-3.0,1.0256024960426573,1.0758718229883997,2375241.5,1.1254006898367284,2439127.3571428573,2413165.0,192436.57142857142,1.2128835054237945,2355246.0
2024-05-30,2653600,0.023327604142417302,9,-108854.0,0.15483685620424575,2897421.0,7773696.0,2639625.8571428573,448627.55874016194,2477726.0,14.879331934075289,5,-0.8556314858488706,0.43388373911755823,15,3,2352998.5,0.031028604529003037,7.0589955,2628887.768279123,0.0,0.913254039484387,79365.0,3,18465342.0,-1.0,0.9984537105359995,1.0479420913187025,2712845.6666666665,1.0838447753903164,2659935.785714286,2771700.0,196906.14285714287,1.2089491138364377,2690869.0
2024-05-31,2775176,-0.05941101331976495,16,207029.0,0.1565141262940125,2951859.0,10427296.0,2639625.8571428573,462007.6323281175,2534892.0,14.897946038103623,5,-0.8644081744776648,-0.433883739117558,20,4,2441087.5,-0.12300565383235953,9.76435,2637384.3949708096,0.0,0.9390886044118207,30382.0,4,18221521.0,1.0,0.9760501484767236,1.0217008509163545,2743534.3333333335,1.100773156465735,2717784.714285714,2555425.0,189920.57142857142,1.2089491138364377,2718397.0
2024-06-01,2415153,-0.0032363323496604757,25,121576.0,0.1286260014072749,2429201.0,13202472.0,2639625.8571428573,312458.4112445536,2221890.0,14.703073366321536,6,-0.8729290708206411,-0.9749279121818236,30,5,2107070.5,0.1872905529563908,10.5353525,2269391.8607600057,0.0,0.9381879708245325,-6332.0,5,18044838.0,3.0,0.9682770425995131,1.0136960201165628,2260670.3333333335,1.0879619652141468,2407693.1428571427,2446571.0,194637.85714285713,1.2089491138364377,2258594.5
2024-06-02,2822822,-0.011298547879712073,36,-360023.0,0.14808200299022817,2413165.0,15617625.0,2639625.8571428573,357346.3067459139,2657217.0,14.696450136273294,6,-0.881191653407483,-0.7818314824680299,36,6,2526829.5,-0.033468003327455996,15.160977,2704679.065710086,0.0,0.9850713800984027,-596122.0,6,18030790.0,5.0,0.9721996392478787,1.0180598659062758,2693836.5,1.1415019162925308,2845976.1428571427,2653600.0,190428.85714285713,1.2089491138364377,2683275.0
2024-06-03,2719030,0.004327882054634191,0,407669.0,0.14871698563180982,2771700.0,0.0,2634349.5714285714,412198.8690756873,2560508.0,14.834971769116288,6,-0.8891934772070711,0.0,0,7,2423468.5,-0.10782340936895146,0.0,2748455.487226706,0.0,0.9641169582361065,-14106.0,0,18440447.0,7.0,0.9721996392478787,1.0180598659062758,2622738.6666666665,1.141250633679659,2748975.5714285714,2775176.0,191891.2857142857,1.2089491138364377,2613951.0
2024-06-04,2397066,0.011424427603725862,8,-103792.0,0.13087312976128376,2555425.0,2719030.0,2634349.5714285714,334436.46762022853,2233160.0,14.753729499619963,6,-0.8969321743510065,0.7818314824680298,6,8,2150217.0,0.0494911007758524,2.150217,2384521.654134039,0.0,0.9593707341590971,13917.0,1,18387777.0,7.0,0.9809972219215644,0.9987854183345813,2257234.6666666665,1.1316227493309392,2421566.6428571427,2415153.0,189577.0,1.2089491138364377,2228822.0
2024-06-05,2551287,0.06659859618180364,18,-321964.0,0.13595593630721822,2446571.0,5116096.0,2634349.5714285714,332625.85104708717,2355913.0,14.710198419075937,6,-0.9044054548343001,0.9749279121818236,12,9,2265746.0,0.09077806417056321,4.531492,2468824.233307198,0.0,0.9833696701045543,-272988.0,2,18229418.0,7.0,0.9603859492690711,0.9994888851194946,2398275.6666666665,1.1491492059299453,2543882.9285714286,2822822.0,183503.2857142857,1.2089491138364377,2402684.5
2024-06-06,2829183,0.014424432766119377,30,154221.0,0.15238877783210492,2653600.0,7667383.0,2634349.5714285714,404378.8608552736,2641522.0,14.791428143461458,6,-0.9116111071930239,0.43388373911755823,18,10,2519030.0,0.013848852999980453,7.55709,2814867.1116467165,0.0,0.9963023739716237,-333633.0,3,18334134.0,7.0,0.9863240085539748,1.00790274191522,2714827.6666666665,1.1704041332695927,2832319.9285714286,2719030.0,184689.7142857143,1.1904413958212876,2690869.0
2024-06-07,2842268,-0.059676191483912344,44,277896.0,0.1553216921824981,2775176.0,10496566.0,2634349.5714285714,431045.0324242564,2675115.0,14.836225086912357,6,-0.9185469991587165,-0.433883739117558,24,11,2559393.0,-0.12034864874126626,10.237572,2919563.51411533,0.0,0.9856860193792292,-272946.0,4,18509717.0,7.0,1.0066431412323962,1.0096528661362765,2755533.6666666665,1.1679189728872283,2863262.0714285714,2397066.0,186373.57142857142,1.1904413958212876,2748614.5
2024-06-08,2499204,0.015393960300475795,55,13085.0,0.1298074539582176,2415153.0,13338834.0,2634349.5714285714,313504.86184955115,2322170.0,14.697273611151653,6,-0.925211078289358,-0.9749279121818236,30,11,2238017.5,0.1593521945203735,11.1900875,2574465.9265320217,0.0,0.9882179408283744,-77757.0,5,18576809.0,6.0,1.01032852029529,1.0075181282725367,2275739.3333333335,1.175249908976149,2507452.0714285714,2551287.0,175926.2857142857,1.1904413958212876,2258594.5
2024-06-09,2915830,-0.0015018701647588895,60,-343064.0,0.14693602432686756,2822822.0,15838038.0,2634349.5714285714,414774.2420624169,2732330.0,14.853248006013835,6,-0.9316013725767187,-0.7818314824680299,36,10,2594650.5,-0.027746558781950766,15.567903,3040772.621115419,0.0,1.000344695261373,839636.0,6,18660860.0,4.0,1.0141130933800755,1.0142430752124627,2718335.3333333335,1.194467024629317,2914348.3571428573,2829183.0,173607.85714285713,1.1904413958212876,2703399.0
2024-06-10,2815125,0.022707279626531518,0,416626.0,0.14798999877393976,2719030.0,0.0,2679124.0,402389.2463663054,2636399.0,14.815786124800074,6,-0.9377159910299093,0.0,0,9,2512775.5,-0.027746558781950766,0.0,2878566.931773146,0.0,0.990652745913176,-72529.0,0,18753868.0,2.0,1.0141130933800755,1.0142430752124627,2658220.1666666665,1.1883162949342694,2820426.785714286,2842268.0,176164.2857142857,1.1904413958212876,2682902.5
2024-06-11,2487316,0.024108371121428718,8,-100705.0,0.1314847308837379,2397066.0,2815125.0,2679124.0,315177.5779205581,2636399.0,14.689756464632056,6,-0.9435531242349544,0.7818314824680298,6,8,2512775.5,-0.027746558781950766,0.0,2585282.8378311265,0.0,0.990652745913176,-271483.0,1,18849963.0,0.0,1.0353416475728476,1.0273759820197115,2287918.8333333335,1.1883162949342694,2527313.785714286,2499204.0,179050.57142857142,1.1904413958212876,2293888.5
2024-06-12,2599257,0.06492121873557366,14,-327809.0,0.13572275906138986,2551287.0,5302441.0,2679124.0,346267.71079745615,2636399.0,14.752108887654748,6,-0.9491110448902284,0.9749279121818236,12,7,2512775.5,-0.027746558781950766,0.0,2760187.148528762,1.2119016391710138,0.990652745913176,249738.0,2,18940213.0,-2.0,1.03642328056393,1.024708801428598,2437399.3333333335,1.1883162949342694,2645405.6428571427,2915830.0,176252.0,1.1904413958212876,2449495.0
2024-06-13,2859994,0.00967634489239888,18,111941.0,0.15104644249328347,2829183.0,7901698.0,2679124.0,427338.0273124752,2636399.0,14.85549888881906,6,-0.9543881083175908,0.43388373911755823,18,6,2512775.5,-0.027746558781950766,0.0,3057716.958350494,1.2145530388945576,0.990652745913176,419404.0,3,18988183.0,-4.0,1.0305599707227355,1.0278159919231022,2744882.0,1.1883162949342694,2921810.6428571427,2815125.0,167445.57142857142,1.22498433878584,2746364.0
2024-06-14,2929467,-0.06741935233033525,20,260737.0,0.15425777057862913,2842268.0,10761692.0,2679124.0,438441.9250669791,2636399.0,14.860113234813763,6,-0.9593827529490743,-0.433883739117558,24,5,2512775.5,-0.027746558781950766,0.0,3070289.252316418,1.2161400046323325,0.990652745913176,243775.0,4,19018994.0,-6.0,1.025258355923261,1.0264083093192187,2776788.1666666665,1.1883162949342694,2956998.0,2487316.0,156958.42857142858,1.22498433878584,2782445.5
2024-06-15,2617341,0.0060051039033772735,20,69473.0,0.13107173658593474,2499204.0,13691159.0,2679124.0,327575.00836251443,2636399.0,14.731483239265707,6,-0.9640935007889755,-0.9749279121818236,30,4,2512775.5,-0.027746558781950766,0.0,2680919.2766858297,1.221839829292449,0.990652745913176,98099.0,5,19106193.0,-7.0,1.0264134781196017,1.026244467654795,2317136.8333333335,1.1883162949342694,2600802.214285714,2599257.0,153670.14285714287,1.22498433878584,2330471.5
2024-06-16,2858844,-0.0032727034939490363,18,-312126.0,0.1484265616230851,2915830.0,16308500.0,2679124.0,432786.6211774402,2636399.0,14.885665414326914,6,-0.9685189578512204,-0.7818314824680299,36,3,2512775.5,-0.027746558781950766,0.0,2908891.131897457,0.0,0.990652745913176,-316649.0,6,19224330.0,-7.0,1.0297045631535926,1.0342590501987272,2743934.5,1.1883162949342694,2804295.3571428573,2859994.0,154284.85714285713,1.22498433878584,2737085.5
2024-06-17,2790851,0.01766802808828305,0,241503.0,0.14777290979908259,2815125.0,0.0,2738192.0,415999.21269814234,2636399.0,14.850517578767363,6,-0.9726578145718654,0.0,0,2,2512775.5,-0.027746558781950766,0.0,2998563.799224743,0.0,0.990652745913176,148765.0,0,19167344.0,-7.0,1.0297045631535926,1.0342590501987272,2698058.1666666665,1.1883162949342694,2910270.214285714,2929467.0,159284.14285714287,1.22498433878584,2718453.0
2024-06-18,2537934,0.009513649572611138,1,-67993.0,0.13208515614349167,2487316.0,2790851.0,2738192.0,328537.5222382051,2636399.0,14.726715177469442,6,-0.976508846196619,0.7818314824680298,6,1,2512775.5,-0.027746558781950766,0.0,2647636.202288479,0.0,0.990652745913176,248609.0,1,19143070.0,-7.0,0.9913772923049599,1.0095596768078992,2344398.8333333335,1.1883162949342694,2609240.5714285714,2617341.0,140652.57142857142,1.22498433878584,2370080.0
2024-06-19,2686866,0.04455292488151996,0,-252917.0,0.13614523899964795,2599257.0,5328785.0,2738192.0,353876.4654865079,2636399.0,14.770736577646387,6,-0.9800709131432666,0.9749279121818236,12,0,2512775.5,-0.027746558781950766,0.0,2690766.289377042,0.0,0.990652745913176,-56746.0,2,19193688.0,-7.0,1.004968277817707,1.0179245230757652,2477382.5,1.1883162949342694,2656707.6428571427,2858844.0,132685.2857142857,1.22498433878584,2458023.0
2024-06-20,2833516,0.007457235233284454,3,148932.0,0.15019514622692842,2859994.0,8015651.0,2738192.0,429557.21703813795,2449389.0,14.866330434542759,6,-0.9833429613388902,0.43388373911755823,18,1,2440657.0,-0.041368043995902756,7.321971,2949137.8052322245,0.0,0.9455950409917138,-144772.0,3,19281297.0,-5.0,1.0144213307063874,1.0300076020337883,2772286.6666666665,1.1638897753889796,2891530.0,2790851.0,139956.42857142858,1.240469881357795,2802385.5
2024-06-21,2873390,-0.06559054862320868,8,146650.0,0.15366048833016144,2929467.0,10849167.0,2738192.0,450143.32976709306,2502239.0,14.890331394541558,6,-0.9863240225317866,-0.433883739117558,24,2,2330575.5,0.05697333763931513,9.322302,2968364.1170532457,0.0,0.8797408311981808,20107.0,4,19254819.0,-3.0,1.0081283686617308,1.024262197267748,2811357.1666666665,1.0812369877104302,2918803.4285714286,2537934.0,137304.42857142858,1.240469881357795,2815991.5
2024-06-22,2624783,0.0005553601742016578,15,39874.0,0.1330637005981894,2617341.0,13722557.0,2738192.0,348273.0791873656,2737829.0,14.777669856963175,6,-0.9890132145779883,-0.9749279121818236,30,3,2467852.5,0.05761153952528452,12.3392625,2599994.603220833,0.0,1.0646119189384555,34086.0,5,19198742.0,-1.0,1.0022933047523588,1.0189863717404266,2363381.1666666665,1.3038943662100284,2598605.5,2686866.0,131244.85714285713,1.240469881357795,2390322.5
2024-06-23,2996495,-0.013365526010473916,24,-248607.0,0.1470773599024985,2858844.0,16347340.0,2738192.0,420471.22789309843,2771672.0,14.865928255074369,6,-0.9914097417023038,-0.7818314824680299,36,4,2612804.0,-0.051036016782810195,15.676824,2910840.7020290885,0.0,0.9870309860246149,-149994.0,6,19206184.0,1.0,1.0023815801575866,1.0244559085544065,2760921.5,1.2090901784683643,2911127.5714285714,2833516.0,129430.28571428571,1.240469881357795,2770035.5
2024-06-24,2944001,0.01889339809959778,0,371712.0,0.1466093451263881,2790851.0,0.0,2763405.0,409164.83745532535,2456148.0,14.84185748352377,6,-0.9935128947338007,0.0,0,5,2463978.0,0.00806602169337551,0.0,2861568.994054404,0.0,0.953205170452711,-120369.0,0,19343835.0,3.0,1.0023815801575866,1.0244559085544065,2733204.5,1.1754214250352362,2832461.785714286,2873390.0,130677.42857142857,1.240469881357795,2735435.5
2024-06-25,2612478,0.032556571696234604,6,-52494.0,0.1318409820880147,2537934.0,2944001.0,2763405.0,334603.7110345635,2769270.0,14.74686131621141,6,-0.9953220513156602,0.7818314824680298,6,6,2483852.5,0.037477330175560736,2.4838525,2582891.973050049,0.0,1.077697666159262,-39632.0,1,19496985.0,5.0,1.0548757350356577,1.0612161843343422,2408732.3333333335,1.3401889755207417,2542040.5,2624783.0,160422.42857142858,1.240469881357795,2419683.5
2024-06-26,2722125,0.07643019381838223,14,-331523.0,0.13580593511761885,2686866.0,5556479.0,2763405.0,364892.3496657361,2687481.0,14.803886388791637,6,-0.9968366760893436,0.9749279121818236,12,7,2578600.5,-0.06606725290444208,5.157201,2752504.3354918635,0.0,1.0829155056453459,39639.0,2,19571529.0,7.0,1.0427290648806435,1.0546381596632168,2517459.0,1.3517323618078638,2695412.1428571427,2996495.0,179341.0,1.240469881357795,2507457.0
2024-06-27,2921687,0.027832156172502343,21,109647.0,0.147613279068865,2833516.0,8278604.0,2763405.0,418264.5880540941,2391503.0,14.857029254220892,6,-0.998056320853012,0.43388373911755823,18,7,2383197.5,-0.015222766939822068,7.1495925,2985076.1232183552,1.2501097229104166,0.9164386458064863,-57289.0,3,19606788.0,6.0,1.0328049462233324,1.0559973223147539,2796844.0,1.1456488615735438,2918653.9285714286,2944001.0,179069.42857142858,1.278779646240624,2818396.0
2024-06-28,2938292,-0.06482509365673983,24,199562.0,0.15085740412845303,2873390.0,11200291.0,2763405.0,433472.15644865565,2539399.0,14.871003423375942,6,-0.9989806246941579,-0.433883739117558,24,6,2343262.0,0.06460995231334243,9.373048,3145302.0787197663,1.2550356197969634,0.8783344223304147,-143276.0,4,19694959.0,4.0,1.0323641437172089,1.0532845390005026,2844268.6666666665,1.1023409861184599,3047745.5714285714,2612478.0,188620.7142857143,1.278779646240624,2848932.0
2024-06-29,2648476,-0.00843833140572614,25,16605.0,0.1341192079937876,2624783.0,14138583.0,2763405.0,352033.8171155578,2759141.0,14.78050916490792,6,-0.999609314096404,-0.9749279121818236,30,5,2498536.5,0.0673654126967692,12.4926825,2838670.303757001,1.2590946996290058,1.0660941327241849,-110695.0,5,19759861.0,2.0,1.0303169445752711,1.0481754969908084,2436973.6666666665,1.342313471818603,2744823.285714286,2722125.0,181733.7142857143,1.278779646240624,2422177.0
2024-06-30,2835019,-0.025036219242262625,24,-289816.0,0.15315384647687266,2996495.0,16787059.0,2763405.0,458924.7351987166,2884783.0,14.91295416398878,6,-0.9999422030204416,-0.7818314824680299,36,4,2670185.5,-0.04148729783327608,16.021113,2767220.4251319855,1.2602063042094116,0.9977346706491491,194637.0,6,19783554.0,0.0,1.0268985045885142,1.0473664297029506,2805815.0,1.2573515218803586,2677562.5,2921687.0,166234.7142857143,1.278779646240624,2832983.0
2024-07-01,2754690,-0.009743336660089419,0,186543.0,0.14654176054891227,2944001.0,0.0,2803154.0,431419.08959775825,2588334.0,14.8952804381785,7,-0.9999791929590823,0.0,0,3,2544850.0,-0.07266380308451383,0.0,2465397.74268867,0.0,1.0283211534110779,177424.0,0,19622078.0,-2.0,1.0268985045885142,1.0473664297029506,2761070.5,1.2853919792989652,2442677.0714285714,2938292.0,177386.7142857143,1.278779646240624,2761770.5
2024-07-02,2537986,-0.013562134403331871,2,-80329.0,0.13048161940220976,2612478.0,2754690.0,2803154.0,340880.36009264615,2529730.0,14.775810136945385,7,-0.9997202729664083,0.7818314824680298,7,2,2349399.0,-0.06011732214504482,2.349399,2137316.360267061,0.0,1.0601451213573148,23926.0,1,19432767.0,-4.0,0.9356960136902127,0.9777933406199855,2460522.6666666665,1.310500128610134,2191311.6428571427,2648476.0,207318.85714285713,1.278779646240624,2464808.5
2024-07-03,2786534,0.025187534303517056,2,-216704.0,0.1373193080620975,2722125.0,5292676.0,2803154.0,373800.32145853713,2288645.0,14.816923750615242,7,-0.9991655196610109,0.9749279121818236,14,1,2195761.5,-0.05732581295353247,4.391523,2667204.3822225314,0.0,0.9358796842021981,-52350.0,2,19358275.0,-6.0,0.9525233515685023,0.9937524294373572,2557508.1666666665,1.151836967423561,2708365.0714285714,2835019.0,251543.14285714287,1.278779646240624,2571440.0
2024-07-04,2222431,0.007061821195142759,0,248548.0,0.1488624974015527,2921687.0,8079210.0,2803154.0,434929.6234456503,2007441.0,14.887672089411101,7,-0.9983150972033183,0.43388373911755823,21,0,2047147.5,0.138016685240981,6.1414425,2730371.843058342,0.0,0.8088442544216654,114649.0,3,19422684.0,-7.0,0.975914538248236,1.0142327846651085,2837480.8333333335,0.9983757568642204,2763463.6428571427,2754690.0,267383.85714285716,1.2453091338299356,2831349.5
2024-07-05,2431240,-0.10314057159517231,4,-564103.0,0.15066995793528856,2938292.0,10301641.0,2803154.0,442712.3320415949,2492923.0,14.893339358449404,7,-0.9971692572470178,-0.433883739117558,28,1,2350977.0,-0.004051027529445711,9.403908,2590488.07675597,0.0,0.9186915904487618,120979.0,4,18723428.0,-5.0,0.9197654775219679,0.9514831952809518,2871454.6666666665,1.0962306178674812,2748692.4285714286,2537986.0,198762.14285714287,1.2453091338299356,2864493.0
2024-07-06,2617154,-0.07706554480278838,10,208809.0,0.1351201761038023,2648476.0,12732881.0,2803154.0,357862.54352669395,2540237.0,14.789495315768166,7,-0.9957283388645872,-0.9749279121818236,35,2,2338136.0,0.02163776039731905,11.69068,2348422.1204605927,0.0,1.0008188430642109,16251.0,5,18216376.0,-3.0,0.9005768824216684,0.9278643237333069,2491862.3333333335,1.1589750032942108,2608740.785714286,2786534.0,173437.85714285713,1.2453091338299356,2464202.5
2024-07-07,3013622,-0.10362234339990861,18,185914.0,0.1510046805461369,2835019.0,15350035.0,2803154.0,428101.13843722845,2555001.0,14.857559549792827,7,-0.993992768446958,-0.7818314824680299,42,3,2400490.5,-0.014706955658886866,14.402943,2546972.02497669,0.0,0.9408754727080165,-299127.0,6,18185054.0,-1.0,0.9143969172920641,0.9405523698288828,2825443.3333333335,1.087626099041174,2823465.0714285714,2222431.0,191417.42857142858,1.2453091338299356,2839081.5
2024-07-08,2785721,0.011486759790146683,0,396468.0,0.1477974302550734,2754690.0,0.0,2623379.5714285714,407136.1031493481,2431155.0,14.828815834569163,7,-0.9919630595773397,0.0,0,4,2360069.5,0.014935153392728476,0.0,2659404.092289797,0.0,0.9429887395676452,-342461.0,0,18363657.0,1.0,0.9143969172920641,0.9405523698288828,2767206.1666666665,1.100110042254354,2877217.6428571427,2431240.0,200516.57142857142,1.2453091338299356,2763195.0
2024-07-09,2580105,0.07843415480062044,5,-227901.0,0.13307908213480737,2537986.0,2785721.0,2623379.5714285714,337752.8473509912,2644639.0,14.746881805099932,7,-0.9896398128792412,0.7818314824680298,7,5,2395317.5,0.06588772259012002,2.3953175,2387295.782196039,0.0,1.0636992970597536,-149036.0,1,18394688.0,3.0,1.0112647884153934,0.9856888309934295,2493004.6666666665,1.242858510174048,2559619.8571428573,2617154.0,147860.85714285713,1.2453091338299356,2512625.0
2024-07-10,2627735,0.11980689693438373,12,-205616.0,0.14124460912139336,2786534.0,5365826.0,2623379.5714285714,393582.9056334727,2688266.0,14.840309446472688,7,-0.9870237158387383,0.9749279121818236,14,6,2566051.0,-0.071987196232779,5.132102,2482951.1525887367,0.0,1.0713634292300676,29150.0,2,18436807.0,5.0,1.0138209858302303,0.9992049954793633,2602459.1666666665,1.2544072847589038,2634332.1428571427,3013622.0,100365.14285714286,1.2453091338299356,2595425.0
2024-07-11,2839251,0.06785018395333209,21,47630.0,0.14140367125831127,2222431.0,7993561.0,2623379.5714285714,314259.90251827997,2382030.0,14.614112649726646,7,-0.984115542601034,0.43388373911755823,21,7,2350290.5,-0.031510320514341286,7.0508715,2714679.0586014707,0.0,0.9413687643585497,-787427.0,3,18278008.0,7.0,0.9893988397380437,0.9906764529740717,2813553.8333333335,1.0933380142776903,2901020.214285714,2785721.0,82614.57142857143,1.2298044939952126,2831349.5
2024-07-12,2829067,-0.03964071753614218,32,211516.0,0.14587939469693356,2431240.0,10832812.0,2623379.5714285714,354667.81956297276,2458378.0,14.703912384542557,7,-0.9809161537413774,-0.433883739117558,28,8,2265356.5,0.07975563660068935,9.061426,2950372.2626554193,0.0,0.8896770619184161,-571954.0,4,18894828.0,7.0,1.051561785156365,1.005067104099106,2869031.5,1.0653339383481981,2909937.6428571427,2580105.0,144191.14285714287,1.2298044939952126,2864493.0
2024-07-13,2583704,-0.018537152528127043,45,-10184.0,0.1374338606840173,2617154.0,13661879.0,2623379.5714285714,359685.5782246186,2726021.0,14.777598407882174,7,-0.9774264960104055,-0.9749279121818236,35,9,2457127.5,0.04330334710594535,12.2856375,2847477.107516544,0.0,1.0403788827325544,-55015.0,5,19292655.0,7.0,1.0729605499336716,1.0066746762191818,2533806.0,1.2738045649117966,2660629.4285714286,2627735.0,174815.0,1.2298044939952126,2558179.0
2024-07-14,2937845,-0.028183708036233046,60,-245363.0,0.15316195184946368,3013622.0,16245583.0,2623379.5714285714,461572.22765648447,2738461.0,14.918653567398803,7,-0.9736476020539838,-0.7818314824680299,42,10,2570470.5,-0.03417098971268374,15.422823,3142508.8930727053,0.0,0.9911726588217693,340079.0,6,19259205.0,7.0,1.0583417562240085,1.0029231273891688,2878692.3333333335,1.2113217839640245,2918535.5,2839251.0,162129.57142857142,1.2298044939952126,2850994.0
2024-07-15,2860799,0.0070684063489772075,0,354141.0,0.14738344961118133,2785721.0,0.0,2740489.714285714,410569.17063430964,2486503.0,14.840017643705597,7,-0.9695805901076308,0.0,0,11,2468019.5,0.0003424605989109256,0.0,3092949.029145761,0.0,0.976088624321313,220342.0,0,19183428.0,7.0,1.0583417562240085,1.0029231273891688,2778321.3333333335,1.188133071314134,2916330.0714285714,2829067.0,137429.57142857142,1.2298044939952126,2778710.5
2024-07-16,2536991,0.019496247139053402,12,-77046.0,0.13426111545919295,2580105.0,2860799.0,2740489.714285714,346407.77530184103,2741762.0,14.763341041325141,7,-0.965226663665613,0.7818314824680298,7,12,2468886.5,0.050527272813368,2.4688865,2692711.8569061426,0.0,1.0806184555619764,116611.0,1,19258506.0,7.0,1.0269510119642276,1.014893931964159,2523511.1666666665,1.320639360296153,2554759.1428571427,2583704.0,139713.42857142858,1.2298044939952126,2537960.0
2024-07-17,2641325,0.0642920790884356,26,-323808.0,0.14158731209155256,2627735.0,5397790.0,2740489.714285714,372053.9355388959,2747357.0,14.781633196919529,7,-0.9605871111248129,0.9749279121818236,14,13,2600296.5,-0.06894103258285919,5.200593,2758740.799330772,0.0,1.0752191729083604,-223208.0,2,19215392.0,7.0,1.005956957978138,1.002199893927552,2629810.5,1.3106034486299707,2634220.4285714286,2937845.0,129419.71428571429,1.2298044939952126,2613496.0
2024-07-18,2957170,0.01506586183842562,42,104334.0,0.14110207080041126,2839251.0,8039115.0,2740489.714285714,400624.19562213845,2410972.0,14.859051195165021,7,-0.9556633054034704,0.43388373911755823,21,14,2387350.0,-0.06894103258285919,7.16205,3030487.916696072,0.0,0.943269380721634,1316076.0,3,19228982.0,7.0,1.0056988368513107,0.9934944285582493,2818827.5,1.1503209005201303,2857020.285714286,2860799.0,122654.0,1.2346634702712571,2836383.5
2024-07-19,2716304,-0.05889198239282201,60,315845.0,0.14453893797641756,2829067.0,10996285.0,2740489.714285714,408910.33964412974,2410972.0,14.855457886756932,7,-0.9504567035349151,-0.433883739117558,28,15,2387350.0,-0.06894103258285919,7.16205,3016816.989648693,0.0,0.943269380721634,904879.0,4,19346901.0,7.0,1.015090541587909,1.0185538776235437,2864610.0,1.1503209005201303,2921965.285714286,2536991.0,135447.42857142858,1.2346634702712571,2857829.0
2024-07-20,2606097,-0.014146039361305096,80,-240866.0,0.1369668781416664,2583704.0,13712589.0,2740489.714285714,353881.870922136,2410972.0,14.764734973280726,7,-0.9449688462364056,-0.9749279121818236,35,16,2387350.0,-0.06894103258285919,7.16205,2608017.0849862797,0.0,0.943269380721634,-2128.0,5,19234138.0,7.0,1.003711788107624,1.0109565227007569,2561897.8333333335,1.1503209005201303,2629602.3571428573,2641325.0,113097.71428571429,1.2346634702712571,2600429.0
2024-07-21,2909267,-0.025983714110840994,102,-110207.0,0.1541602359195779,2937845.0,16318686.0,2740489.714285714,452898.87829515233,2410972.0,14.893187217732223,7,-0.939201357453208,-0.7818314824680299,42,17,2387350.0,-0.06894103258285919,7.16205,2942490.174176526,0.0,0.943269380721634,-254380.0,6,19256531.0,7.0,1.0044998692875473,1.0084153693332105,2894475.8333333335,1.1503209005201303,2939642.3571428573,2957170.0,116419.14285714286,1.2346634702712571,2887337.0
2024-07-22,2864584,-0.01388997275248971,0,303170.0,0.14851028550737028,2860799.0,0.0,2746850.4285714286,424858.0762691994,2410972.0,14.866611863961332,7,-0.9331559438780432,0.0,0,18,2387350.0,-0.06894103258285919,7.16205,2821164.0614643754,0.0,0.943269380721634,44047.0,0,19227953.0,7.0,1.0044998692875473,1.0084153693332105,2796481.0,1.1503209005201303,2816353.9285714286,2716304.0,103964.28571428571,1.2346634702712571,2788286.0
2024-07-23,2603647,0.02206846494051895,19,-44683.0,0.13444653373115098,2536991.0,2864584.0,2746850.4285714286,341089.64605712646,2410972.0,14.746489685245741,7,-0.9268343944460494,0.7818314824680298,7,19,2387350.0,-0.06894103258285919,7.16205,2460466.9109650403,0.0,0.943269380721634,-85233.0,1,19231738.0,7.0,1.0013230569501737,1.0099711675701757,2539292.8333333335,1.1503209005201303,2484338.0714285714,2606097.0,111890.71428571429,1.2346634702712571,2537960.0
2024-07-24,2718954,0.06669642274022425,40,-260937.0,0.14120447172423053,2641325.0,5468231.0,2746850.4285714286,372966.9012770032,2410972.0,14.786791621753046,7,-0.9202385798054075,0.9749279121818236,14,20,2387350.0,-0.06894103258285919,7.16205,2641775.9852644773,0.0,0.943269380721634,172389.0,2,19298394.0,7.0,1.0130499704508698,1.0120370034920556,2638099.1666666665,1.1503209005201303,2639371.785714286,2909267.0,128903.85714285714,1.2346634702712571,2634530.0
2024-07-25,2924478,0.02859058645575452,63,115307.0,0.14293051012211982,2957170.0,8187185.0,2746850.4285714286,422669.8166178291,2410972.0,14.899743626043211,7,-0.9133704517637858,0.43388373911755823,21,21,2387350.0,-0.06894103258285919,7.16205,2880792.9198409216,0.0,0.943269380721634,-498901.0,3,19376023.0,7.0,1.0184186940975468,1.011060345181564,2822871.8333333335,1.1503209005201303,2856413.1428571427,2864584.0,141296.2857142857,1.2551897186283947,2836383.5
2024-07-26,2877017,-0.04115723134268312,88,205524.0,0.1427203285311424,2716304.0,11111663.0,2746850.4285714286,387671.7992704562,2410972.0,14.81478305885215,7,-0.9062320427107697,-0.433883739117558,28,22,2387350.0,-0.06894103258285919,7.16205,2928435.565814949,0.0,0.943269380721634,-510590.0,4,19343331.0,7.0,1.0104924526783363,1.0257465152743084,2827612.0,1.1503209005201303,2925851.8571428573,2603647.0,140904.2857142857,1.2551897186283947,2835667.5
2024-07-27,2582953,7.327717844507475e-06,115,-47461.0,0.13692836827772503,2606097.0,13988680.0,2746850.4285714286,356848.60978347436,2410972.0,14.773364641485568,7,-0.898825465016444,-0.9749279121818236,35,23,2387350.0,-0.06894103258285919,7.16205,2630242.354609886,0.0,0.943269380721634,55843.0,5,19504044.0,7.0,1.0201341263856154,1.0315007584347522,2591380.5,1.1503209005201303,2596028.5,2718954.0,163073.2857142857,1.2551897186283947,2611625.5
2024-07-28,2922306,-0.02301920736711982,144,-294064.0,0.15325950210626096,2909267.0,16571633.0,2746850.4285714286,445872.8119141755,2410972.0,14.883412061112823,7,-0.8911529104063088,-0.7818314824680299,42,24,2387350.0,-0.06894103258285919,7.16205,3006911.9501516907,0.0,0.943269380721634,47199.0,6,19480900.0,7.0,1.0155004514456618,1.0244997775394624,2908883.3333333335,1.1503209005201303,2955139.8571428573,2924478.0,163724.57142857142,1.2551897186283947,2912548.5
2024-07-29,2795317,-0.0075117279838121664,0,339353.0,0.147738357773434,2864584.0,0.0,2784848.4285714286,423208.93586405466,2410972.0,14.867934045981022,7,-0.8832166493127127,0.0,0,25,2387350.0,-0.06894103258285919,7.16205,2882303.7875394565,0.0,0.943269380721634,-71293.0,0,19493939.0,7.0,1.0155004514456618,1.0244997775394624,2811961.6666666665,1.1503209005201303,2831519.785714286,2877017.0,163487.2857142857,1.2551897186283947,2802988.0
2024-07-30,2437121,-0.0034878332896952635,26,-126989.0,0.13455207154436782,2603647.0,2795317.0,2784848.4285714286,350326.09742027865,2410972.0,14.772424096522105,7,-0.8750190302029955,0.7818314824680298,7,26,2387350.0,-0.06894103258285919,7.16205,2518976.0345278676,0.0,0.943269380721634,109770.0,1,19424672.0,7.0,0.9758195256274559,0.9924971111667762,2547329.8333333335,1.1503209005201303,2503179.714285714,2582953.0,153286.7142857143,1.2551897186283947,2537960.0
2024-07-31,2618705,0.03369678324616965,54,-358196.0,0.1413917789669008,2718954.0,5232438.0,2784848.4285714286,384437.74298917083,2410972.0,14.815758173275372,7,-0.8665624788845385,0.9749279121818236,14,27,2387350.0,-0.06894103258285919,7.16205,2539952.6425876548,0.0,0.943269380721634,64039.0,2,19258146.0,7.0,0.9568794734531149,0.9723677500309763,2666043.6666666665,1.1503209005201303,2560203.5,2922306.0,127775.14285714286,1.2551897186283947,2664095.5
2024-08-01,2871907,-0.009552869346819204,84,181584.0,0.1432109900341223,2924478.0,7851143.0,2784848.4285714286,418817.38971300994,2410972.0,14.888626903124784,8,-0.8578494977869301,0.43388373911755823,24,28,2387350.0,-0.06894103258285919,7.16205,2766063.6558566433,0.0,0.943269380721634,-150611.0,3,19157897.0,7.0,0.9589551231589368,0.9723057359761215,2868018.1666666665,1.1503209005201303,2804645.214285714,2795317.0,124646.14285714286,1.2013826969434964,2849622.5
2024-08-02,2803445,-0.07341587052605458,116,253202.0,0.14218058473707884,2877017.0,10723050.0,2784848.4285714286,409055.9593585164,2410972.0,14.872264899031318,8,-0.8488826652214553,-0.433883739117558,32,29,2387350.0,-0.06894103258285919,7.16205,2782686.22026307,0.0,0.943269380721634,273476.0,4,19105326.0,7.0,0.9650265671304107,0.9919014441404398,2844585.5,1.1503209005201303,2823647.0,2437121.0,124673.71428571429,1.2013826969434964,2857829.0
2024-08-03,2555713,-0.0019950487309909892,150,-68462.0,0.13630987437358727,2582953.0,13526495.0,2784848.4285714286,352081.99894288037,2410972.0,14.764444263169883,8,-0.8396646346181327,-0.9749279121818236,40,30,2387350.0,-0.06894103258285919,7.16205,2456121.143321308,0.0,0.943269380721634,-45537.0,5,19031754.0,7.0,0.9669600705713477,1.0001839506556016,2605338.6666666665,1.1503209005201303,2549144.9285714286,2618705.0,127994.57142857143,1.2013826969434964,2611625.5
2024-08-04,2800099,-0.014479224261971124,174,-247732.0,0.15461634257050894,2922306.0,16082208.0,2784848.4285714286,451836.2655918537,2410972.0,14.887883930797795,8,-0.8301981337405212,-0.7818314824680299,48,29,2387350.0,-0.06894103258285919,7.16205,2805839.4066210925,0.0,0.943269380721634,41617.0,6,19004514.0,5.0,0.9704660970949573,0.997563732384008,2923431.1666666665,1.1503209005201303,2891573.714285714,2871907.0,131864.85714285713,1.2013826969434964,2919068.0
2024-08-05,2701321,-0.001012521098799013,0,244386.0,0.1472461708943006,2795317.0,0.0,2697472.4285714286,411599.7246857436,2410972.0,14.843456432696993,8,-0.8204859638785327,0.0,0,28,2387350.0,-0.06894103258285919,7.16205,2635177.18671835,0.0,0.943269380721634,-73052.0,0,18882307.0,3.0,0.9704660970949573,0.997563732384008,2818732.8333333335,1.1503209005201303,2746054.0714285714,2803445.0,124590.85714285714,1.2013826969434964,2805221.0
2024-08-06,2413736,0.0010854977324978865,27,-98778.0,0.13226757762421423,2437121.0,2701321.0,2697472.4285714286,322352.09104710264,2410972.0,14.706328392905393,8,-0.8105309990194823,0.7818314824680298,8,27,2387350.0,-0.06894103258285919,7.16205,2410347.3250128934,0.0,0.943269380721634,-233182.0,1,18788311.0,1.0,0.9663737601137903,0.9556767787083109,2547329.8333333335,1.1503209005201303,2526983.1428571427,2555713.0,124845.57142857143,1.2013826969434964,2537960.0
2024-08-07,2555693,0.028615443774268945,52,-287585.0,0.13812774621148624,2618705.0,5115057.0,2697472.4285714286,361715.8196427501,2410972.0,14.778190860602123,8,-0.8003361849976323,0.9749279121818236,16,26,2387350.0,-0.06894103258285919,7.16205,2438926.941333979,0.0,0.943269380721634,-177878.0,2,18764926.0,-1.0,0.9775666715974466,0.9532219684932436,2669285.0,1.1503209005201303,2530721.4285714286,2800099.0,119029.71428571429,1.2013826969434964,2664095.5
2024-08-08,2808911,-0.008337604222460548,75,141957.0,0.15097893978289517,2871907.0,7670750.0,2697472.4285714286,433597.47401507513,2410972.0,14.870487175210986,8,-0.7899045386224707,0.43388373911755823,24,25,2387350.0,-0.06894103258285919,7.16205,2691911.6783703766,0.0,0.943269380721634,-19879.0,3,18701914.0,-3.0,0.9770233455179711,0.9567209058999213,2875138.8333333335,1.1503209005201303,2773806.285714286,2701321.0,113534.42857142857,1.172030596020124,2865950.5
2024-08-09,2756793,-0.06458971429643756,96,253218.0,0.14619941034391062,2803445.0,10479661.0,2697472.4285714286,409862.0059315845,2410972.0,14.846359932723118,8,-0.7792391467859886,-0.433883739117558,32,24,2387350.0,-0.06894103258285919,7.16205,2681308.1360760434,0.0,0.943269380721634,-234285.0,4,18638918.0,-5.0,0.9773022600845841,0.9600317516955117,2838115.0,1.1503209005201303,2764371.6428571427,2413736.0,106957.57142857143,1.172030596020124,2851228.5
2024-08-10,2475459,0.0011024844485989505,115,-52118.0,0.13451774660876842,2555713.0,13236454.0,2697472.4285714286,343788.75373873534,2410972.0,14.753842194635284,8,-0.7683431655492202,-0.9749279121818236,40,23,2387350.0,-0.06894103258285919,7.16205,2357411.3954299293,0.0,0.943269380721634,-4096.0,5,18592266.0,-7.0,0.9785575642470573,0.9645866343127791,2605338.6666666665,1.1503209005201303,2439889.3571428573,2555693.0,106336.14285714286,1.172030596020124,2611625.5
2024-08-11,2850074,-0.01041441520698183,132,-281334.0,0.15066240853442478,2800099.0,15711913.0,2697472.4285714286,421869.6594748343,2410972.0,14.845165688793406,8,-0.7572198192083127,-0.7818314824680299,48,22,2387350.0,-0.06894103258285919,7.16205,2719233.8614819483,0.0,0.943269380721634,-135246.0,6,18512012.0,-7.0,0.97697486564034,0.9636533778731091,2909962.6666666665,1.1503209005201303,2804059.714285714,2808911.0,106426.57142857143,1.172030596020124,2915786.5
2024-08-12,2705415,0.00814725684324169,0,374615.0,0.14732486045908422,2701321.0,0.0,2651712.4285714286,397971.7393801938,2410972.0,14.809251840774714,8,-0.7458723993404063,0.0,0,21,2387350.0,-0.06894103258285919,7.16205,2613006.7516768086,0.0,0.943269380721634,-24729.0,0,18561987.0,-7.0,0.97697486564034,0.9636533778731091,2808660.3333333335,1.1503209005201303,2671574.0,2756793.0,121975.14285714286,1.172030596020124,2793084.0
2024-08-13,2266346,0.011552915934039065,20,-144659.0,0.13115256599201547,2413736.0,2705415.0,2651712.4285714286,316567.67002730345,2410972.0,14.696686726899896,8,-0.734304263829602,0.7818314824680298,8,20,2387350.0,-0.06894103258285919,7.16205,2344281.506057202,0.0,0.943269380721634,143141.0,1,18566081.0,-7.0,1.0015155547970789,0.9643236276246497,2538964.0,1.1503209005201303,2393825.214285714,2475459.0,130234.85714285714,1.172030596020124,2537960.0
2024-08-14,2380580,0.035224474213947365,38,-439069.0,0.13830394815707128,2555693.0,4971761.0,2651712.4285714286,353462.43217739,2410972.0,14.753834369002895,8,-0.722518835873311,0.9749279121818236,16,19,2387350.0,-0.06894103258285919,7.16205,2353739.2198652844,0.0,0.943269380721634,37237.0,2,18418691.0,-7.0,0.9719854539255379,0.937470431587107,2669285.0,1.1503209005201303,2421728.4285714286,2850074.0,126555.14285714286,1.172030596020124,2664095.5
2024-08-15,2732713,-0.02645874996322717,54,114234.0,0.15180908563289075,2808911.0,7352341.0,2651712.4285714286,426418.2105341688,2410972.0,14.848307777720963,8,-0.7105196029692745,0.43388373911755823,24,18,2387350.0,-0.06894103258285919,7.16205,2635589.7500154898,0.0,0.943269380721634,-10425.0,3,18243578.0,-7.0,0.9584904996251996,0.9263319017872923,2866625.0,1.1503209005201303,2714376.3571428573,2705415.0,117022.28571428571,1.121960988485052,2855579.0
2024-08-16,2748819,-0.09271688510342035,68,352133.0,0.14646032958827546,2756793.0,10085054.0,2651712.4285714286,403760.81138665066,2410972.0,14.829578968316985,8,-0.6983101158835584,-0.433883739117558,32,17,2387350.0,-0.06894103258285919,7.16205,2631578.821449226,0.0,0.943269380721634,26920.0,4,18167380.0,-7.0,0.962345442281005,0.9314154282436571,2809336.0,1.1503209005201303,2711810.9285714286,2266346.0,114082.28571428571,1.121960988485052,2816256.0
2024-08-17,2344279,-0.008134887331102236,80,16106.0,0.1341871416843643,2475459.0,12833873.0,2651712.4285714286,332174.76756683475,2410972.0,14.72193679530122,8,-0.6858939875998223,-0.9749279121818236,40,16,2387350.0,-0.06894103258285919,7.16205,2287544.1928511118,0.0,0.943269380721634,-53014.0,5,18159406.0,-7.0,0.9695854342862522,0.9425544675955873,2595067.3333333335,1.1503209005201303,2365670.714285714,2380580.0,119695.28571428571,1.121960988485052,2594900.5
2024-08-18,2796821,-0.010271736537965648,90,-404540.0,0.15076206848629856,2850074.0,15178152.0,2651712.4285714286,429683.0515790189,2410972.0,14.862855867688053,8,-0.673274892250183,-0.7818314824680299,48,15,2387350.0,-0.06894103258285919,7.16205,2562757.436639349,0.0,0.943269380721634,172182.0,6,18028226.0,-7.0,0.9660282614854092,0.9385967939121063,2908501.0,1.1503209005201303,2644064.8571428573,2732713.0,110965.14285714286,1.121960988485052,2915786.5
2024-08-19,2686909,0.017259704102349005,0,452542.0,0.14775655157867867,2705415.0,0.0,2567853.285714286,399742.79098923097,2487458.0,14.810766247717472,8,-0.6604565640279754,0.0,0,14,2374006.5,-0.14179511438992404,0.0,2512259.889319098,0.0,0.9764001689271611,98090.0,0,17974973.0,-7.0,0.9660282614854092,0.9385967939121063,2794421.0,1.106051258444273,2610806.1428571427,2748819.0,124721.14285714286,1.121960988485052,2790519.0
2024-08-20,2252171,0.0206115353630838,13,-109912.0,0.1296877064551585,2266346.0,2686909.0,2567853.285714286,293917.2147738227,2101467.0,14.633679842120879,8,-0.6474427960827475,0.7818314824680298,8,13,2030974.5,0.02429945834869963,2.0309745,2125232.5791925048,0.0,0.9541303848930122,-124005.0,1,17956467.0,-7.0,0.9931596446386229,0.9711745311606408,2518264.3333333335,1.07944932532711,2231968.3571428573,2344279.0,130767.85714285714,1.121960988485052,2537488.5
2024-08-21,2310258,0.05115113986559616,24,-434738.0,0.13707134033556928,2380580.0,4939080.0,2567853.285714286,326309.2913760495,2169394.0,14.682855133502851,8,-0.6342374393978054,0.9749279121818236,16,12,2083323.0,0.11360451560545096,4.166646,2223564.661228676,0.0,0.9417172449812342,-112101.0,2,17942292.0,-7.0,0.9934266751760593,0.9503948216540076,2647422.8333333335,1.0644051188927566,2308815.714285714,2796821.0,152288.2857142857,1.121960988485052,2634530.0
2024-08-22,2654402,-0.018941055237791993,33,58087.0,0.15136743703055405,2732713.0,7249338.0,2567853.285714286,413643.76295007643,2501995.0,14.820805812526176,8,-0.620844401650647,0.43388373911755823,24,11,2382830.0,0.004849804204338411,7.14849,2581638.6857568775,0.0,0.9295768329129307,-13202.0,3,17871970.0,-7.0,0.9859904484843671,0.9335488504243802,2849824.5,1.0466728971836001,2640880.285714286,2686909.0,160748.2857142857,1.1052588878060141,2855579.0
2024-08-23,2660166,-0.09264315000991452,40,344144.0,0.14937440350680614,2748819.0,9903740.0,2567853.285714286,410603.19847317535,2509342.0,14.826682286647817,8,-0.6072676460566135,-0.433883739117558,32,10,2397086.5,-0.16355528769001676,9.588346,2589426.5762890438,0.0,0.9360290520267401,38678.0,4,17793659.0,-7.0,0.9820215142130126,0.9343276989491462,2788574.1666666665,1.049559086825,2648099.5714285714,2252171.0,163432.85714285713,1.1052588878060141,2780119.0
2024-08-24,2185822,-0.014598569867248168,45,5764.0,0.1329076824001377,2344279.0,12563906.0,2567853.285714286,311572.6887893124,2063356.0,14.667488876469903,8,-0.593511190196115,-0.9749279121818236,40,9,1976129.5,0.21394438252848186,9.8806475,2120214.1550234025,0.0,0.8851470526017592,-50926.0,5,17705006.0,-7.0,0.978964494973575,0.9378586021271201,2570180.0,0.9870415956250375,2205155.5,2310258.0,163903.7142857143,1.1052588878060141,2583328.5
2024-08-25,2702492,-0.02706023614419384,48,-474344.0,0.15183487869309562,2796821.0,14749728.0,2567853.285714286,424654.97726130235,2538318.0,14.843994330545138,8,-0.5795791048257612,-0.7818314824680299,48,8,2429093.5,-0.06444012369637392,14.574561,2602969.9346086197,0.0,0.9403000708285904,-103228.0,6,17546549.0,-7.0,0.971773638846152,0.9284747462644175,2875768.3333333335,1.0397010082496234,2677955.4285714286,2654402.0,168309.7142857143,1.1052588878060141,2879670.5
2024-08-26,2463227,0.00017141754431526657,0,516670.0,0.14950919873544166,2686909.0,0.0,2493174.285714286,401717.61166504683,2349783.0,14.803902392433024,8,-0.5654755126737576,0.0,0,7,2224994.0,-0.17222588459674087,0.0,2404031.569100598,1.099850957304981,0.9071683617962987,-22600.0,0,17452220.0,-7.0,0.971773638846152,0.9284747462644175,2767210.5,0.9977499911584505,2489350.0,2660166.0,154412.85714285713,1.1052588878060141,2770205.5
2024-08-27,1980342,-0.004500361057107938,6,-239265.0,0.12855919405469157,2252171.0,2463227.0,2493174.285714286,289537.28863334877,1888361.0,14.627405641879351,8,-0.5512045872199277,0.7818314824680298,8,6,1828417.0,0.08844583804734152,1.828417,1901672.515989124,1.0841112721903843,0.8551526758134375,133215.0,1,17228538.0,-7.0,0.9167511813760719,0.904852822518804,2462047.5,0.9270806552931169,2024808.0,2185822.0,142126.14285714287,1.1052588878060141,2487056.0
2024-08-28,2221120,0.02272104256119656,10,-482885.0,0.13529615955463253,2310258.0,4443569.0,2493174.285714286,312569.03498036624,2014332.0,14.652870197424985,8,-0.5367705514607103,0.9749279121818236,16,5,2012034.0,0.161832186428075,4.024068,1998707.5547642957,1.0659625509512567,0.9064041276383682,104791.0,2,16956709.0,-7.0,0.8996754456295505,0.877380847074508,2590498.6666666665,0.9661928560901434,2157344.714285714,2702492.0,133737.14285714287,1.1052588878060141,2623220.0
2024-08-29,2746266,-0.045193496689381885,12,240778.0,0.15188631655674392,2654402.0,6664689.0,2493174.285714286,403167.3424408542,2619753.0,14.791730328616593,8,-0.522177676659508,0.43388373911755823,24,4,2471893.0,0.04477842309937457,7.415679,2608191.4778683456,1.0605745463029697,0.9616938911000319,-2113.0,3,16867571.0,-7.0,0.9193513945687178,0.8849799087571686,2805277.0,1.0199480622357537,2771704.5714285714,2463227.0,143154.85714285713,1.0153468485594601,2824081.0
2024-08-30,2913547,-0.07986604098983441,12,525146.0,0.15058451486925672,2660166.0,9410955.0,2493174.285714286,400579.8065816912,2742962.0,14.793899460742065,8,-0.5074302810827518,-0.433883739117558,32,3,2611270.0,-0.2308918833874282,10.44508,2759248.963911203,0.0,1.016381999715863,-80679.0,4,16959435.0,-7.0,0.9502425346384296,0.9138733823879462,2752432.3333333335,1.083270914665848,2894406.285714286,1980342.0,139455.7142857143,1.0153468485594601,2752806.0
2024-08-31,2163592,0.057211998585834145,10,167281.0,0.13109412235673468,2185822.0,12324502.0,2493174.285714286,286548.4167180425,2090550.0,14.597502974632521,8,-0.49253272872205434,-0.9749279121818236,40,2,1997250.0,0.01666466391288021,9.98625,2155671.0879175616,0.0,0.8961702267998309,-27277.0,5,17212816.0,-7.0,0.9809450978063669,0.9451173304176276,2524700.8333333335,0.9705124121566364,2243641.214285714,2221120.0,142278.7142857143,1.0153468485594601,2569333.0
2024-09-01,2219496,0.04605840965538266,6,-749955.0,0.15307049387249894,2702492.0,14488094.0,2493174.285714286,413671.7851264774,2081144.0,14.809685238297881,9,-0.4774894280028391,-0.7818314824680299,54,1,2030533.5,0.181739130640175,12.183201,2162898.582626066,0.0,0.8540833411542396,-41076.0,6,17190586.0,-7.0,0.9822617745900127,0.9389257486969679,2869402.0,0.9237427979514864,2232907.9285714286,2746266.0,135218.14285714287,1.0153468485594601,2879670.5
2024-09-02,2748226,0.01628492114967295,0,55904.0,0.1493573640383133,2463227.0,0.0,2386798.5714285714,367901.09174800233,2645012.0,14.716983242854875,9,-0.46230483047981086,0.0,0,0,2527475.0,-0.108953040595195,0.0,2676593.1786117647,0.0,1.0539709896567517,-205176.0,0,16707590.0,-7.0,0.9822617745900127,0.9389257486969679,2755913.6666666665,1.1091630383906002,2787983.0714285714,2913547.0,131529.2857142857,1.0153468485594601,2745568.0
2024-09-03,2272637,-0.01756275471471902,1,528730.0,0.1259243078758819,1980342.0,2748226.0,2386798.5714285714,249373.19570753974,2243518.0,14.498780619990963,9,-0.4469834295196741,0.7818314824680298,9,1,2165987.0,-0.11524428312080331,2.165987,2348795.808403532,0.0,1.0875555917908892,-257654.0,1,16992589.0,-5.0,1.1157014761530302,1.0413031435826825,2414411.6666666665,1.1661768896656506,2379615.0,2163592.0,130067.85714285714,1.0153468485594601,2425428.5
2024-09-04,1965339,0.02061930915512611,4,-475589.0,0.13385994162061673,2221120.0,5020863.0,2386798.5714285714,297318.9935323842,1966818.0,14.613522581356566,9,-0.43152975897147144,0.9749279121818236,18,2,1901353.5,0.123270745968342,3.802707,2128870.719039908,0.0,0.9552708865109528,-18816.0,2,17284884.0,-3.0,1.1299167403499304,1.0315357888328427,2522382.6666666665,1.042852649285546,2094230.357142857,2219496.0,121087.57142857143,1.0153468485594601,2587199.0
2024-09-05,2277401,-0.004943079710558296,9,-307298.0,0.1549556232608294,2746266.0,6986202.0,2386798.5714285714,425549.3596700249,2283466.0,14.825753092921243,9,-0.4159483918249421,0.43388373911755823,27,3,2201833.0,0.03468339581606826,6.605499,2436875.9678711444,0.0,0.9310585709765181,170175.0,3,17029103.0,-1.0,1.0482412607700073,0.9657080570359494,2820587.6666666665,1.0021887246756944,2400711.0,2748226.0,91335.14285714286,1.0642109622033815,2824081.0
2024-09-06,2404754,-0.11734588273724389,16,312062.0,0.15706332109208182,2913547.0,9263603.0,2386798.5714285714,457611.36797787173,2405867.0,14.884882140459586,9,-0.4002439388573056,-0.433883739117558,36,4,2315044.5,-0.1374488471634191,9.260178,2474385.6051379624,0.0,0.9392312813586663,342034.0,4,16560238.0,1.0,0.9843425029659583,0.9291614896007739,2788574.1666666665,0.9852936074304489,2511792.5714285714,2272637.0,72395.42857142857,1.0642109622033815,2780119.0
2024-09-07,1944006,-0.05444830931605715,25,127353.0,0.12963110630638447,2163592.0,11668357.0,2386798.5714285714,280468.82455564296,1986960.0,14.587280823625681,9,-0.38442104726885545,-0.9749279121818236,45,5,1907961.5,0.23981891900690055,9.5398075,1928078.3702303763,0.0,0.9648417050623016,136227.0,5,16051445.0,3.0,0.9467609320035811,0.9159063308773265,2454655.0,0.9788153420135349,2082032.9285714286,1965339.0,47867.142857142855,1.0642109622033815,2515586.0
2024-09-08,2635080,-0.04832651803409793,36,-460748.0,0.14920833580589238,2219496.0,13612363.0,2386798.5714285714,331167.3044878349,2584116.0,14.612791151599534,9,-0.3684843993077793,-0.7818314824680299,54,6,2462337.5,-0.03950844943310959,14.774025,2463227.5507047987,0.0,1.0434109493978325,-388667.0,6,15831859.0,5.0,0.9395551271271432,0.9055607092928444,2830176.5,1.0452221243380135,2667373.214285714,2277401.0,31296.285714285714,1.0642109622033815,2825086.5
2024-09-09,2447809,-0.010272597193474509,0,691074.0,0.15526198498132912,2748226.0,0.0,2321063.285714286,426695.0239372982,2402206.0,14.826466534444023,9,-0.35243871088460327,0.0,0,7,2316536.0,-0.1609856391063444,0.0,2416915.634009438,0.0,0.9505849846974541,508681.0,0,16247443.0,7.0,0.9395551271271432,0.9055607092928444,2749664.5,0.9759009804707497,2477376.785714286,2404754.0,18812.285714285714,1.0642109622033815,2726820.5
2024-09-10,1947530,0.028318519172072287,8,-187271.0,0.12838432916947518,2272637.0,2447809.0,2321063.285714286,291770.97669072857,1991959.0,14.636451829262626,9,-0.33628873017668287,0.7818314824680298,9,8,1904197.0,0.06196571295505235,1.904197,1915882.9012747,0.0,0.9413503706568118,564124.0,1,15947026.0,7.0,0.8906869376827088,0.9233724926504961,2363167.0,0.9465627144208852,2062284.0,1944006.0,10582.142857142857,1.0642109622033815,2343186.5
2024-09-11,1999757,0.08693664270904311,18,-500279.0,0.1296796257162292,1965339.0,4395339.0,2321063.285714286,254864.4259255082,2113134.0,14.491175816307704,9,-0.32003923622313857,0.9749279121818236,18,9,2044642.5,0.14112686374696845,4.089285,1933761.9441485065,0.0,1.0286997025053846,-166643.0,2,15621919.0,7.0,0.8754150431907821,0.9074120400780934,2454613.5,1.0122546032541084,2173715.4285714286,2635080.0,75.28571428571429,1.0642109622033815,2468136.5
2024-09-12,2630964,-0.00922104887709585,30,52227.0,0.15216657908360054,2277401.0,6395096.0,2321063.285714286,346544.31937157095,2594681.0,14.638545877552689,9,-0.30369503751065885,0.43388373911755823,27,10,2476325.5,0.0008743352728705972,7.4289765,2394303.778885612,0.0,1.0510168057397329,-560729.0,3,15656337.0,7.0,0.9153895063440766,0.9054179495883029,2789779.5,1.036407404538888,2632393.5,2447809.0,-15910.142857142857,0.9737209504862488,2777588.5
2024-09-13,2629323,-0.07242631688654966,44,631207.0,0.1569358075113514,2404754.0,9026060.0,2321063.285714286,377392.0108561523,2583450.0,14.692958585230915,9,-0.28726097055059635,-0.433883739117558,36,11,2479480.0,-0.19897369432307338,9.91792,2503278.4286606726,0.0,1.0081778597632118,-762174.0,4,16009900.0,7.0,0.9743573855658538,0.9338103949186817,2760424.0,1.0148294644481577,2614717.5,1947530.0,-9860.42857142857,0.9737209504862488,2752806.0
2024-09-14,2039797,0.026577626370011043,60,-1641.0,0.12620316120740477,1944006.0,11655383.0,2321063.285714286,245339.7026061621,1978051.0,14.480261864819084,9,-0.2707418984477642,-0.9749279121818236,45,12,1933139.5,0.2801416779304985,9.6656975,2010209.7997137166,0.0,0.9792319535838038,-197356.0,5,16234469.0,7.0,0.9988881039549955,0.9439345974838389,2384636.3333333335,1.000707793268778,2000410.5,1999757.0,-3148.1428571428573,0.9737209504862488,2409869.0
2024-09-15,2751418,0.022460309841008552,78,-589526.0,0.1513685123306098,2635080.0,13695180.0,2321063.285714286,398868.13947214326,2648872.0,14.784424479523086,9,-0.2541427094613622,-0.7818314824680299,54,13,2499182.5,-0.0409098739231742,14.995095,2740055.042690867,0.0,1.0468169893320844,898580.0,6,16330260.0,7.0,1.0060839547108757,0.9440339467250285,2782305.5,1.0755655247538658,2670424.6428571427,2630964.0,11809.0,0.9737209504862488,2798460.0
2024-09-16,2568141,0.04688046025076997,0,711621.0,0.15484289945785393,2447809.0,0.0,2349514.0,379025.84287903,2495564.0,14.710704305223118,9,-0.23746831555846842,0.0,0,14,2361432.5,-0.0409098739231742,0.0,2531376.1285189823,0.0,0.9685768924375998,-585416.0,0,16446598.0,7.0,1.0060839547108757,0.9440339467250285,2683402.5,1.0019314529713137,2514559.0714285714,2629323.0,19177.85714285714,0.9737209504862488,2703368.0
2024-09-17,2047363,0.03986775834099077,15,-183277.0,0.1264673178378534,1947530.0,2568141.0,2349514.0,246298.89550875462,2495564.0,14.482072974443742,9,-0.2207236509605022,0.7818314824680298,9,15,2361432.5,-0.0409098739231742,0.0,2079166.4994782244,0.0,0.9685768924375998,-617402.0,1,16566930.0,7.0,1.0491590642897384,0.9928855805688888,2270392.1666666665,1.0019314529713137,2009580.7142857143,2039797.0,23031.285714285714,0.9737209504862488,2269491.5
2024-09-18,2204592,0.07299526654967314,32,-520778.0,0.12696770959897724,1999757.0,4615504.0,2349514.0,253904.56604452193,2495564.0,14.50853673120313,9,-0.20391367068311472,0.9749279121818236,18,16,2361432.5,-0.0409098739231742,0.0,2368490.4807481444,0.0,0.9685768924375998,290199.0,2,16666763.0,7.0,1.0500905618428977,0.9820821495952067,2347685.5,1.0019314529713137,2226306.0,2751418.0,37176.71428571428,0.9737209504862488,2345419.0
2024-09-19,2720369,-0.021275414734042153,51,157229.0,0.15415191319783533,2630964.0,6820096.0,2349514.0,405568.13415462966,2495564.0,14.782861257007301,9,-0.18704334906991657,0.43388373911755823,27,17,2361432.5,-0.0409098739231742,0.0,2870596.9497782183,0.0,0.9685768924375998,822428.0,3,16871598.0,7.0,1.0664571728086647,0.9994526168858586,2740860.5,1.0019314529713137,2669528.0714285714,2568141.0,52932.28571428572,1.0386252670297653,2739489.5
2024-09-20,2746884,-0.07689967065444259,72,515777.0,0.1586721913573935,2629323.0,9540465.0,2349514.0,417200.44219639595,2495564.0,14.782237336894458,9,-0.17011767832049052,-0.433883739117558,36,18,2361432.5,-0.0409098739231742,0.0,2871397.907442662,0.0,0.9685768924375998,733362.0,4,16961003.0,7.0,1.0569910902431403,1.0148254625168711,2745927.1666666665,1.0019314529713137,2708671.0,2047363.0,57656.42857142857,1.0386252670297653,2752806.0
2024-09-21,2113564,0.03248820298178168,95,26515.0,0.12460476413828821,2039797.0,12287349.0,2349514.0,254168.42407498788,2495564.0,14.528361341309791,9,-0.15314166701312007,-0.9749279121818236,45,19,2361432.5,-0.0409098739231742,0.0,2197119.213978885,0.0,0.9685768924375998,315377.0,5,17078564.0,7.0,1.0542209552444566,1.0194400797077119,2294110.3333333335,1.0019314529713137,2093551.0,2204592.0,59976.142857142855,1.0386252670297653,2265050.5
2024-09-22,2834755,0.011373566574934824,120,-633320.0,0.15429320441179842,2751418.0,14400913.0,2349514.0,424525.0998963016,2495564.0,14.827627336560532,9,-0.13612033862266704,-0.7818314824680299,54,20,2361432.5,-0.0409098739231742,0.0,2849425.848599492,0.0,0.9685768924375998,-299246.0,6,17152331.0,7.0,1.0515314877204973,1.018715716133409,2755997.3333333335,1.0019314529713137,2708077.214285714,2720369.0,58073.42857142857,1.0386252670297653,2774119.5
2024-09-23,2624958,0.037421371760900435,0,721191.0,0.15360378174888425,2568141.0,0.0,2462238.285714286,394476.16966436134,2495564.0,14.75869323821338,9,-0.11905873003404988,0.0,0,21,2361432.5,-0.0409098739231742,0.0,2713835.4733138857,0.0,0.9685768924375998,420749.0,0,17235668.0,7.0,1.0515314877204973,1.018715716133409,2645539.8333333335,1.0019314529713137,2586456.1428571427,2746884.0,66512.42857142857,1.0386252670297653,2694115.0
2024-09-24,2063662,0.025429623555470515,20,-209797.0,0.12390196272943961,2047363.0,2624958.0,2462238.285714286,253672.29411963368,2495564.0,14.53206367003687,9,-0.10196189005174576,0.7818314824680298,9,20,2361432.5,-0.0409098739231742,0.0,2189352.3600594876,0.0,0.9685768924375998,424940.0,1,17292485.0,5.0,1.0221237852594542,1.0266371629239603,2205432.5,1.0019314529713137,2104359.285714286,2113564.0,67765.28571428571,1.0386252670297653,2259258.5
2024-09-25,2245707,0.056874181212113184,38,-561296.0,0.12585084432647503,2204592.0,4688620.0,2462238.285714286,277449.7645953922,2495564.0,14.60605346932714,9,-0.08483487790576538,0.9749279121818236,18,19,2361432.5,-0.0409098739231742,0.0,2265722.3551273425,0.0,0.9685768924375998,170417.0,2,17308784.0,3.0,1.0158413902360393,1.015112359626582,2278666.6666666665,1.0019314529713137,2187574.5714285714,2834755.0,60638.42857142857,1.0386252670297653,2265689.0
2024-09-26,2550227,-0.033738623580093385,54,182045.0,0.15558649000570068,2720369.0,6934327.0,2462238.285714286,423252.664230318,2495564.0,14.816278458432784,9,-0.06768276175455162,0.43388373911755823,27,18,2361432.5,-0.0409098739231742,0.0,2765618.3221024782,0.0,0.9685768924375998,-264158.0,3,17349899.0,1.0,1.0167491777241846,1.0324284340221832,2715604.1666666665,1.0019314529713137,2680864.6428571427,2624958.0,76371.0,1.0557342170889803,2726541.0
2024-09-27,2584954,-0.10679350594964565,68,304520.0,0.16040879477245543,2746884.0,9484554.0,2462238.285714286,440624.3518197414,2495564.0,14.825978100349621,9,-0.050510617185222886,-0.433883739117558,36,17,2361432.5,-0.0409098739231742,0.0,2703684.2836388024,0.0,0.9685768924375998,-107008.0,4,17179757.0,-1.0,0.9941395938248293,1.0187194609780816,2724238.3333333335,1.0019314529713137,2660059.714285714,2063662.0,57037.0,1.0557342170889803,2747851.5
2024-09-28,2090971,-0.006522093834442799,80,34727.0,0.1239500794366348,2113564.0,12069508.0,2462238.285714286,261976.4256944116,2495564.0,14.56388665318841,9,-0.033323525711631344,-0.9749279121818236,45,16,2361432.5,-0.0409098739231742,0.0,2178267.5220434642,0.0,0.9685768924375998,-22024.0,5,17017827.0,-3.0,0.982271114786436,1.0071437734021054,2220418.8333333335,1.0019314529713137,2193457.5714285714,2245707.0,45627.0,1.0557342170889803,2174707.0
2024-09-29,2744939,-0.030776967483304052,90,-493983.0,0.15669804698041023,2834755.0,14160479.0,2462238.285714286,444200.57216795284,2495564.0,14.857466424420611,9,-0.016126573270657762,-0.7818314824680299,54,15,2361432.5,-0.0409098739231742,0.0,2703753.189817771,0.0,0.9685768924375998,-33001.0,6,16995234.0,-5.0,0.9833042530011813,1.0079251484299303,2753444.1666666665,1.0019314529713137,2727285.214285714,2550227.0,31611.0,1.0557342170889803,2774119.5
2024-09-30,2544480,0.016068150757582833,0,653968.0,0.15556417246783938,2624958.0,0.0,2415059.714285714,408349.4190328347,2495564.0,14.780575834838263,9,0.001075151282798226,0.0,0,14,2361432.5,-0.0409098739231742,0.0,2510064.153593648,0.0,0.9685768924375998,-63515.0,0,16905418.0,-7.0,0.9833042530011813,1.0079251484299303,2624995.1666666665,1.0019314529713137,2561569.0,2584954.0,17450.571428571428,1.0557342170889803,2655933.5
2024-10-01,1999352,0.026211571423663482,13,-200459.0,0.12478735268984772,2063662.0,2544480.0,2415059.714285714,257518.91782663655,2495564.0,14.539993117058946,10,0.018276557681691223,0.7818314824680298,10,13,2361432.5,-0.0409098739231742,0.0,1998400.4715966526,0.0,0.9685768924375998,-83534.0,1,16824940.0,-7.0,0.9693412237452942,0.9796697203058503,2147086.8333333335,1.0019314529713137,2064442.9642857143,2090971.0,15961.0,1.0557342170889803,2157916.5
2024-10-02,2151683,0.05634509035959567,24,-545128.0,0.12582552096453548,2245707.0,4543832.0,2415059.714285714,282567.25320870406,2495564.0,14.624531396923915,10,0.03547255575312556,0.9749279121818236,20,12,2361432.5,-0.0409098739231742,0.0,2127590.5097542633,0.0,0.9685768924375998,-163720.0,2,16760630.0,-7.0,0.9691192717686654,0.9708873659571954,2227002.3333333335,1.0019314529713137,2205955.785714286,2744939.0,15041.57142857143,1.0557342170889803,2233413.5
2024-10-03,2640399,-0.026528125180473205,33,152331.0,0.1522065609312577,2550227.0,6695515.0,2415059.714285714,388161.2812640385,2495564.0,14.751693324902321,10,0.052658056924614005,0.43388373911755823,30,11,2361432.5,-0.0409098739231742,0.0,2552364.518514092,0.0,0.9685768924375998,-259547.0,3,16666606.0,-7.0,0.9655608972579459,0.9869669576865122,2672490.1666666665,1.0019314529713137,2665082.8214285714,2544480.0,-9147.857142857143,1.018978531270303,2687385.5
2024-10-04,2668729,-0.08954295660851208,40,488716.0,0.15503934511194345,2584954.0,9335914.0,2415059.714285714,400769.57530449866,2495564.0,14.765218657649353,10,0.06982797572987089,-0.433883739117558,40,10,2361432.5,-0.0409098739231742,0.0,2594020.241155638,0.0,0.9685768924375998,-279491.0,4,16756778.0,-7.0,0.9843282035191112,1.0007764772054066,2687823.1666666665,1.0019314529713137,2670741.6785714286,1999352.0,-7893.0,1.018978531270303,2703525.0
2024-10-05,2107910,0.017401311237278616,45,28330.0,0.12249730196523499,2090971.0,12004643.0,2415059.714285714,256138.30598754936,2495564.0,14.553139587598972,10,0.0869772313136861,-0.9749279121818236,50,9,2361432.5,-0.0409098739231742,0.0,2090317.806523016,0.0,0.9685768924375998,-96360.0,5,16840553.0,-7.0,0.9946257129950947,1.0070883130930597,2156337.5,1.0019314529713137,2127243.3928571427,2151683.0,-18782.85714285714,1.018978531270303,2138578.0
2024-10-06,2830443,0.005972928486225104,48,-560819.0,0.16407974586934132,2744939.0,14112553.0,2415059.714285714,450388.8935468439,2495564.0,14.825269774763383,10,0.1041007489354256,-0.7818314824680299,60,8,2361432.5,-0.0409098739231742,0.0,2653037.5340103987,0.0,0.9685768924375998,-173153.0,6,16857492.0,-7.0,0.996615509969684,1.010404297128628,2744250.8333333335,1.0019314529713137,2699035.4285714286,2640399.0,-29506.428571428572,1.018978531270303,2748178.5
2024-10-07,2650717,0.04198053334228158,0,722533.0,0.15082183603028473,2544480.0,0.0,2420428.0,383763.1453423389,2495564.0,14.749437257897274,10,0.121193461470736,0.0,0,7,2361432.5,-0.0409098739231742,0.0,2683460.734671442,1.0645325297492316,0.9685768924375998,-137295.0,0,16942996.0,-7.0,0.996615509969684,1.010404297128628,2598855.0,1.0019314529713137,2702037.535714286,2668729.0,-18393.0,1.018978531270303,2596549.5
2024-10-08,2092902,0.043131003321260186,6,-179726.0,0.11931936188854407,1999352.0,2650717.0,2420428.0,238561.40483058436,2495564.0,14.508334186186806,10,0.1382503109109819,0.7818314824680298,10,6,2361432.5,-0.0409098739231742,0.0,2318321.59816529,1.0719721616735725,0.9685768924375998,-80609.0,1,17049233.0,-7.0,1.0417519493177387,1.0409881292691059,2101539.3333333335,1.0019314529713137,2306459.1071428573,2107910.0,-32912.28571428572,1.018978531270303,2055512.5
2024-10-09,2104384,0.0751712939675857,10,-557815.0,0.12733363442957937,2151683.0,4743619.0,2420428.0,273981.61653034063,2495564.0,14.581761349333043,10,0.15526624985999563,0.9749279121818236,20,5,2361432.5,-0.0409098739231742,0.0,2407147.0802572803,1.078190741367323,0.9685768924375998,-135139.0,2,17142783.0,-7.0,1.0439688351153829,1.0400794374042628,2188852.8333333335,1.0019314529713137,2370455.3214285714,2830443.0,-61372.42857142857,1.018978531270303,2212856.0
2024-10-10,2515514,-0.028962129851809237,12,11482.0,0.15612414534301278,2640399.0,6848003.0,2420428.0,412230.0372395456,2495564.0,14.786440978796753,10,0.172236243027682,0.43388373911755823,30,4,2361432.5,-0.0409098739231742,0.0,2731864.643708186,1.0753123997732692,0.9685768924375998,260314.0,3,17095484.0,-7.0,1.0227746484026994,1.0203753886100497,2654845.6666666665,1.0019314529713137,2688510.3214285714,2650717.0,-90783.0,1.0420480719532255,2647400.5
2024-10-11,2840414,-0.11390553209258503,12,411130.0,0.15741536359201513,2668729.0,9363517.0,2420428.0,420098.94586355495,2495564.0,14.79711326178579,10,0.18915526872004093,-0.433883739117558,40,3,2361432.5,-0.0409098739231742,0.0,2645360.7742902692,0.0,0.9685768924375998,245705.0,4,16970599.0,-7.0,1.0029566467728817,1.0017940731419614,2673145.8333333335,1.0019314529713137,2634650.25,2092902.0,-111452.0,1.0420480719532255,2664447.5
2024-10-12,2245955,-0.00023545896426591106,10,324900.0,0.12368778072276124,2107910.0,12203931.0,2420428.0,260722.70986331563,2495564.0,14.561207967638245,10,0.20601832032517084,-0.9749279121818236,50,2,2361432.5,-0.0409098739231742,0.0,2227249.365446921,0.0,0.9685768924375998,39532.0,5,17142284.0,-7.0,1.0166009101645088,1.0166366692315285,2116942.6666666665,1.0019314529713137,2200891.3214285714,2104384.0,-74144.0,1.0420480719532255,2110737.0
2024-10-13,2759322,0.006471350236344042,6,-594459.0,0.16529787799380266,2830443.0,14449886.0,2420428.0,467866.2216824128,2495564.0,14.855944147772764,10,0.22282040779479959,-0.7818314824680299,60,1,2361432.5,-0.0409098739231742,0.0,2824357.7773431498,0.0,0.9685768924375998,175320.0,6,17280329.0,-7.0,1.0239030457494118,1.0253759305293457,2743532.1666666665,1.0019314529713137,2776893.75,2515514.0,-53511.57142857143,1.0420480719532255,2748178.5
2024-10-14,2753893,0.05869451469853937,0,513367.0,0.15212064488878713,2650717.0,0.0,2458458.285714286,403228.77945767116,2495564.0,14.790341104660097,10,0.23955655912092708,0.0,0,0,2361432.5,-0.0409098739231742,0.0,2621839.705252291,0.0,0.9685768924375998,186715.0,0,17209208.0,-7.0,1.0239030457494118,1.0253759305293457,2589738.6666666665,1.0019314529713137,2600331.1785714286,2840414.0,-78982.14285714286,1.0420480719532255,2596549.5
2024-10-15,2331229,0.04964657740662948,1,-5429.0,0.12011932976185605,2092902.0,2753893.0,2458458.285714286,251397.98549724804,2495564.0,14.554062655394787,10,0.2562218218071163,0.7818314824680298,10,1,2361432.5,-0.0409098739231742,0.0,2211189.4151899037,0.0,0.9685768924375998,157860.0,1,17312384.0,-5.0,1.0389238081620935,1.0603829540475165,2072632.0,1.0019314529713137,2193426.6428571427,2245955.0,-56601.28571428572,1.0420480719532255,2055512.5
2024-10-16,2380635,0.0906279675991224,4,-422664.0,0.12750651495449652,2104384.0,5085122.0,2458458.285714286,268322.6699660032,2495564.0,14.559533820890938,10,0.27281126433401914,0.9749279121818236,20,2,2361432.5,-0.0409098739231742,0.0,2361955.3755447236,0.0,0.9685768924375998,46725.0,2,17550711.0,-3.0,1.0719920803083047,1.0940701903953807,2154540.5,1.0019314529713137,2323296.035714286,2759322.0,-11120.42857142857,1.0420480719532255,2178137.5
2024-10-17,2790733,0.015628578586868835,9,49406.0,0.15267475938988062,2515514.0,7465757.0,2458458.285714286,384055.49469187617,2213819.0,14.73798811192495,10,0.28931997761869527,0.43388373911755823,30,3,2254287.0,-0.03193019599592756,6.762861,2788820.82956525,0.0,0.8865957535425001,-215057.0,3,17826962.0,-1.0,1.090209364686318,1.0939663178259489,2618645.8333333335,0.9951872223825481,2690020.4285714286,2753893.0,33934.857142857145,1.1357212224437623,2635681.5
2024-10-18,2810221,-0.07235677232241211,16,410098.0,0.1587107789583168,2840414.0,10256490.0,2458458.285714286,450804.31850410847,2333408.0,14.859460726222476,10,0.3057430764672831,-0.433883739117558,40,4,2168405.5,0.10613986323073805,8.673622,2837466.2725456147,0.0,0.840236117994984,87910.0,4,18102181.0,1.0,1.0953672642448344,1.0875164515320965,2688411.6666666665,0.9563727971365713,2673395.9285714286,2331229.0,76419.71428571429,1.1357212224437623,2664447.5
2024-10-19,2244829,0.013092446869467977,25,19488.0,0.1253086417538983,2245955.0,13066711.0,2458458.285714286,281437.5704903767,2695224.0,14.624641823705728,10,0.3220757010206104,-0.9749279121818236,50,5,2402657.0,0.06101575509645838,12.013285,2279764.638858507,0.0,1.1617246722548298,121106.0,5,18071988.0,3.0,1.0706968926651586,1.0762149727447081,2116942.6666666665,1.3198131468100163,2170938.4285714286,2380635.0,72247.0,1.1357212224437623,2110737.0
2024-10-20,2934025,-0.010545365999785394,36,-565392.0,0.16355933029276454,2759322.0,15311540.0,2458458.285714286,451312.8583820916,2672262.0,14.830495917749783,10,0.3383130181923076,-0.7818314824680299,60,6,2550832.0,-0.087428632901756,15.304992,2918705.7829419556,0.0,0.9909851384849846,-156625.0,6,18070862.0,5.0,1.0596305050434307,1.0721647853065037,2737282.3333333335,1.1256648198076147,2785004.6071428573,2790733.0,81306.57142857143,1.1357212224437623,2748178.5
2024-10-21,2756016,0.01429081480912986,0,689196.0,0.1526039924330938,2753893.0,0.0,2606509.285714286,420255.06653355,2161735.0,14.828526468060137,10,0.3544502230989869,0.0,0,7,2268647.0,0.052583985080093994,0.0,2787574.5992123256,0.0,0.9367904586940785,-3061.0,0,18245565.0,7.0,1.0596305050434307,1.0721647853065037,2599958.1666666665,1.0737621515929134,2623411.8571428573,2810221.0,110135.85714285714,1.1357212224437623,2596549.5
2024-10-22,2162389,0.0173550595572618,8,-178009.0,0.12236513536261132,2331229.0,2756016.0,2606509.285714286,285261.152146245,2770224.0,14.66190658324899,10,0.3704825404820963,0.7818314824680298,10,8,2387941.5,0.048788698648532865,2.3879415,2281675.8976031295,0.0,1.166219156001465,144777.0,1,18247688.0,7.0,1.0007709086736485,1.0425585357660567,2076043.0,1.3366973970969125,2167096.1428571427,2244829.0,113311.57142857143,1.1357212224437623,2055512.5
2024-10-23,2283293,0.059503214434351914,16,-593627.0,0.1281487036316493,2380635.0,4918405.0,2606509.285714286,305075.28907013143,2607835.0,14.682878236839668,10,0.3864052261209853,0.9749279121818236,20,8,2511971.0,-0.08253487069075473,5.023942,2355937.6571474583,0.0,1.1469501139429559,323550.0,2,18078848.0,6.0,0.9672147492233225,1.032129520959155,2154540.5,1.3016123537196886,2295445.285714286,2934025.0,99917.0,1.1357212224437623,2178137.5
2024-10-24,2734510,-0.031120321467194234,21,120904.0,0.15145484971129244,2790733.0,7201698.0,2606509.285714286,422670.0470993443,2138741.0,14.841815201634708,10,0.40221356823680365,0.43388373911755823,30,7,2230663.0,-0.03988074779432815,6.691989,2717802.5425965074,1.1289514423634237,0.8695908247834218,400104.0,3,17981506.0,4.0,0.9646306462961493,1.0308904342396517,2633956.5,0.9817258159052432,2696378.8571428573,2756016.0,97776.85714285714,1.0945340208228889,2635681.5
2024-10-25,2757296,-0.10781216830466134,24,451217.0,0.15737329817491016,2810221.0,9936208.0,2606509.285714286,442253.74737039424,2251047.0,14.848774041748031,10,0.41790288888678667,-0.433883739117558,40,6,2116349.0,0.10025005664760464,8.465396,2671835.9317737287,1.1255596162882215,0.81348779784325,-201878.0,4,17925283.0,2.0,0.9687727477918859,1.0339318647857498,2713420.8333333335,0.9156290135955988,2703125.8571428573,2162389.0,98988.0,1.0945340208228889,2707806.5
2024-10-26,2138621,-0.002957766219422231,25,22786.0,0.1254103654364079,2244829.0,12693504.0,2606509.285714286,281524.82523224613,2630523.0,14.624140352460563,10,0.4334685453485363,-0.9749279121818236,50,5,2343993.0,0.0476892414501917,11.719965,2055004.5704571696,1.1218831294186558,1.1253497674578266,-139171.0,5,17872358.0,0.0,0.9714383367015617,1.028964008421314,2126777.1666666665,1.262510918806143,2101804.1428571427,2283293.0,99547.28571428571,1.0945340208228889,2110737.0
2024-10-27,2797199,-0.021465614689477386,24,-618675.0,0.16264365525003505,2934025.0,14832125.0,2606509.285714286,477200.5505949841,2615422.0,14.89188609926816,10,0.4489059314938798,-0.7818314824680299,60,4,2462941.0,-0.08843219592175249,14.777646,2562082.566568929,1.1155462041112654,0.9466558379661517,245824.0,6,17766150.0,-2.0,0.9686893023170758,1.022297821752725,2759326.1666666665,1.0560383266429096,2613342.9285714286,2734510.0,105207.28571428571,1.0945340208228889,2755370.0
2024-10-28,2571459,0.010399777757614803,0,658578.0,0.15286853482105764,2756016.0,0.0,2518474.8571428573,421308.127863392,2015907.0,14.829297079456603,10,0.4642104791518923,0.0,0,3,2164131.5,0.004906848135857308,0.0,2305941.7074410818,0.0,0.8842437013879382,-101053.0,0,17629324.0,-4.0,0.9686893023170758,1.022297821752725,2648402.5,0.9789910335035176,2408561.285714286,2757296.0,121394.71428571429,1.0945340208228889,2637837.5
2024-10-29,1956344,0.0047750813085092325,2,-225740.0,0.12251203605874622,2162389.0,2571459.0,2518474.8571428573,264918.6791410362,2520086.0,14.586724649442376,10,0.4793776594606945,0.7818314824680298,10,2,2175270.0,0.03700379963897248,2.17527,1661216.8698989383,0.0,1.0577931103516645,-407167.0,1,17444767.0,-6.0,0.933034859013881,0.9608345774436984,2106384.1666666665,1.157463966450494,1792512.2857142857,2138621.0,140035.0,1.0945340208228889,2078282.0
2024-10-30,2160195,0.0320475847184416,2,-615115.0,0.12731802374658305,2283293.0,4527803.0,2518474.8571428573,290704.35239440686,2292796.0,14.641129695144553,10,0.49440298420761813,0.9749279121818236,20,1,2267112.5,-0.13872445932454805,4.534225,2163696.94016576,0.0,1.0314928673783024,-373593.0,2,17238722.0,-7.0,0.9205836038309168,0.9388436397574037,2164902.6666666665,1.11450662887571,2296510.214285714,2797199.0,178157.42857142858,1.0945340208228889,2178137.5
2024-10-31,2161429,-0.054720928447615336,0,203851.0,0.15251955114327365,2734510.0,6687998.0,2518474.8571428573,417066.2377967932,1665839.0,14.821463184434123,10,0.5092820071573356,0.43388373911755823,30,0,1795435.5,0.11177538024293493,5.3863065,2415655.0109065156,0.0,0.6960948599498973,-331442.0,3,17115624.0,-7.0,0.9286695998638099,0.9482832088067292,2631997.1666666665,0.7469791777708247,2551439.285714286,2571459.0,173939.7142857143,1.0158072171371173,2635681.5
2024-11-01,2565724,-0.1488398184965336,4,1234.0,0.1582475776285778,2757296.0,8849427.0,2518474.8571428573,436335.4128049671,2157473.0,14.829761409992829,11,0.5240103253675756,-0.433883739117558,44,1,2068011.0,0.03151789195561104,8.272044,2400616.478226792,0.0,0.8702457084448312,-22732.0,4,16542543.0,-5.0,0.8906241697033718,0.9101509459664705,2699567.8333333335,0.9050153287442567,2613273.5,1956344.0,122777.0,1.0158072171371173,2707806.5
2024-11-02,1997801,-0.032939826673831996,10,404295.0,0.1248163642518412,2138621.0,11415151.0,2518474.8571428573,266934.8977326369,2415581.0,14.575672254355494,11,0.5385835804920232,-0.9749279121818236,55,2,2156488.5,0.0898026955966172,10.7824425,1938897.101238726,0.0,0.9870689953578559,-105082.0,5,16350971.0,-3.0,0.8992907710904727,0.9137824813004773,2122615.3333333335,1.0136604136686247,2151166.0714285714,2160195.0,111556.85714285714,1.0158072171371173,2110737.0
2024-11-03,2646807,-0.05160731904836069,18,-567923.0,0.16171791234992042,2797199.0,13412952.0,2518474.8571428573,452357.18270728504,2502391.0,14.844129474811849,11,0.5529974600700271,-0.7818314824680299,66,3,2377946.0,-0.06262648646468952,14.267676,2513952.4166861176,0.0,0.9188504834410921,-311529.0,6,16210151.0,-1.0,0.9043176213792696,0.9139051026107949,2786346.0,0.9359948777057816,2765485.5714285714,2161429.0,87195.85714285714,1.0158072171371173,2778260.5
2024-11-04,2403233,0.03706308214559639,0,649006.0,0.15535335627651806,2571459.0,0.0,2294251.285714286,399484.7861774588,2045614.0,14.759984388952656,11,0.5672476988027229,0.0,0,4,2159234.5,0.060429307680688396,0.0,2333864.7669400177,0.0,0.9006575045111408,-186680.0,0,16059759.0,1.0,0.9043176213792696,0.9139051026107949,2618941.3333333335,0.9092620237308817,2574441.0,2565724.0,44397.28571428572,1.0158072171371173,2598208.5
2024-11-05,1910059,0.03332652370414679,5,-243574.0,0.12346500890128644,1956344.0,2403233.0,2294251.285714286,241540.02937397832,2669284.0,14.48658849439181,11,0.5813300798152042,0.7818314824680298,11,5,2297129.5,0.0549855639544384,2.2971295,1882053.6468997402,0.0,1.0899724340512382,-37205.0,1,15891533.0,3.0,0.9345795519197467,0.8957189586180132,2053668.6666666667,1.0876717508639189,2085228.642857143,1997801.0,-8027.714285714285,1.0158072171371173,2055512.5
2024-11-06,2106444,0.06207194997893273,10,-493174.0,0.12919661761820278,2160195.0,4313292.0,2294251.285714286,279089.8873957536,2491545.0,14.585709516284396,11,0.5952404359043674,0.9749279121818236,22,5,2444144.5,-0.09792450322844236,4.888289,2074298.0990397045,0.9948112622235027,1.1358608119260938,-25756.0,2,15845248.0,4.0,0.9526236013360122,0.8951083605979969,2191642.3333333335,1.12996712802241,2265995.9285714286,2646807.0,-65123.57142857143,1.0158072171371173,2182393.5
2024-11-07,2597660,-0.014937805912971447,12,196385.0,0.14720617415828827,2161429.0,6419736.0,2294251.285714286,318175.69380477484,2019225.0,14.586280597647539,11,0.6089746507720486,0.43388373911755823,33,4,2093639.0,-0.014546282221529623,6.280917,2497381.224961171,0.9917313706046814,0.9585421847308108,-516858.0,3,15791497.0,4.0,0.95988904302902,0.9104892676982566,2631997.1666666665,0.9506163546454927,2705813.0,2403233.0,-80231.71428571429,0.9749580866531296,2635681.5
2024-11-08,2662635,-0.08151493860596903,12,491216.0,0.15880978446446514,2565724.0,9017396.0,2294251.285714286,407462.07543530536,2209479.0,14.757751647720843,11,0.6225286602431057,-0.433883739117558,44,3,2053197.5,0.11256590604119918,8.21279,2577358.1733600264,0.0,0.8564288179925724,-138647.0,4,16227728.0,2.0,1.0189807769474792,0.9391740932230739,2699567.8333333335,0.87084633587565,2626865.8571428573,1910059.0,-52681.28571428572,0.9749580866531296,2707806.5
2024-11-09,2112678,0.03740074676100558,10,64975.0,0.12481288002190154,1997801.0,11680031.0,2294251.285714286,249351.2965206349,2658959.0,14.507558134180897,11,0.6358984534680745,-0.9749279121818236,55,2,2302071.0,0.0394659662828078,11.510355,2050850.8280875317,0.0,1.0638191170994689,-34612.0,5,16324639.0,0.0,1.0232042484589121,0.9461480182676558,2122615.3333333335,1.088787277786355,2055489.357142857,2106444.0,-51612.142857142855,0.9749580866531296,2110737.0
2024-11-10,2660472,0.02643974247804204,6,-549957.0,0.16115617855933778,2646807.0,13792709.0,2294251.285714286,426549.30150410515,2591818.0,14.78886494363323,11,0.6490800741100398,-0.7818314824680299,66,1,2397516.0,-0.07251176394592365,14.385096,2754432.85029509,0.0,0.9240776212313012,-13566.0,6,16439516.0,-2.0,1.0283127084925079,0.9511146707120062,2786346.0,0.9518658378240964,2711177.8571428573,2597660.0,-32330.14285714286,0.9749580866531296,2778260.5
2024-11-11,2697567,0.048511519833025485,0,547794.0,0.1533623443018788,2403233.0,0.0,2350454.4285714286,368565.4467836371,2025517.0,14.692325888254803,11,0.6620696215153815,0.0,0,0,2167340.0,0.06787094142022707,0.0,2603589.178961757,0.0,0.9037940467928128,16331.0,0,16453181.0,-4.0,1.0283127084925079,0.9511146707120062,2618941.3333333335,0.9317045063002691,2539276.714285714,2662635.0,-32443.85714285714,0.9749580866531296,2598208.5
2024-11-12,2085620,0.045083845451421745,1,37095.0,0.12208383839631085,1910059.0,2697567.0,2350454.4285714286,233187.3342834191,2683745.0,14.46264521314198,11,0.6748632518680403,0.7818314824680298,11,1,2314559.0,0.06817454210499711,2.314559,2149639.777650085,0.0,1.1086293518580121,159760.0,1,16747515.0,-4.0,1.1224741837349936,1.0291538991326423,2053668.6666666667,1.1656950572135383,2033566.5714285714,2112678.0,3638.8571428571427,0.9749580866531296,2055512.5
2024-11-13,2088739,0.07092174046449795,4,-611947.0,0.13063264431563842,2106444.0,4783187.0,2350454.4285714286,275170.3498228107,2533300.0,14.560512250399771,11,0.6874571793269664,0.9749279121818236,22,2,2472353.0,-0.10618970586429653,4.944706,2356547.338847278,0.0,1.1511759200864766,69347.0,2,16923076.0,-3.0,1.1089411521408705,1.0152895611278379,2191985.6666666665,1.223876908295879,2205262.5714285714,2660472.0,26356.714285714286,0.9749580866531296,2182393.5
2024-11-14,2561968,-0.012532382136183573,9,3119.0,0.15013351693937926,2597660.0,6871926.0,2350454.4285714286,389995.8316127479,2658959.0,14.770121982710322,11,0.699847677146407,0.43388373911755823,33,3,2431086.5,0.006180203702948489,7.2932595,2694075.3819201654,0.0,1.0923591633608363,1009312.0,3,16905371.0,-1.0,1.0704374759335897,0.9896495753818273,2626446.5,1.160137925652493,2520759.5,2697567.0,21660.714285714286,1.0438071024583577,2619029.5
2024-11-15,2636505,-0.10489519024992133,16,473229.0,0.158004541388213,2662635.0,9433894.0,2350454.4285714286,420708.4220592045,2591818.0,14.794827167507496,11,0.7120310787787131,-0.433883739117558,44,4,2450490.5,-0.18023697254112725,9.801962,2794215.2582928026,0.0,1.0109624981997125,288483.0,4,16869679.0,1.0,1.046188278744773,0.9914884635568587,2705119.8333333335,1.0715380079439802,2682190.8571428573,2085620.0,32121.0,1.0438071024583577,2707806.5
2024-11-16,1949769,-0.008965521794325637,25,74537.0,0.12428701302793185,2112678.0,12070399.0,2350454.4285714286,262578.438109825,2025517.0,14.563467368351578,11,0.7240037789593305,-0.9749279121818236,55,5,1985445.0,0.27671687726728655,9.927225,2441598.5009649456,0.0,0.9196816585800686,255697.0,5,16843549.0,3.0,1.0334218291030222,0.9882551153969744,2134762.1666666665,0.9731533273294434,2360897.5,2088739.0,14009.142857142857,1.0438071024583577,2113121.0
2024-11-17,2663030,-0.02341638059694806,36,-686736.0,0.16149610163064781,2660472.0,14020168.0,2350454.4285714286,429655.8564974929,2683745.0,14.794014484498732,11,0.7357622347736527,-0.7818314824680299,66,6,2547575.5,-0.04710352647937365,15.285453,2605024.0236745435,0.0,0.9794246566800222,164057.0,6,16680640.0,5.0,1.0164912491084963,0.9778784845701587,2771188.3333333335,1.0270624315450299,2562584.4285714286,2561968.0,-59861.0,1.0438071024583577,2778260.5
2024-11-18,2455375,0.004451707196817756,0,713261.0,0.15605202267265814,2697567.0,0.0,2383314.0,420960.78664501436,2533300.0,14.80786118432311,11,0.7473029667054297,0.0,0,7,2381552.0,-0.17300544695879747,0.0,2532383.0885598026,0.0,0.98087049810247,462560.0,0,16683198.0,7.0,1.0164912491084963,0.9778784845701587,2640512.3333333335,1.0285915179061458,2491917.0714285714,2636505.0,-48772.0,1.0438071024583577,2637837.5
2024-11-19,1885832,0.0032282519122253106,8,-207655.0,0.12139473259472522,2085620.0,2455375.0,2383314.0,253183.2821942108,2035761.0,14.550577210595616,11,0.75862255966641,0.7818314824680298,11,8,1964187.0,0.07672910701310409,1.964187,2550710.6414729785,0.0,0.9408958205148628,221846.0,1,16441006.0,7.0,0.9102183560222972,0.941814441985851,2060044.8333333333,0.9707695877814754,2607650.3571428573,1949769.0,-83260.14285714286,1.0438071024583577,2074641.0
2024-11-20,2070826,0.04525627823353462,16,-569543.0,0.12931331812406383,2088739.0,4341207.0,2383314.0,270101.77078513894,2224646.0,14.552071571327916,11,0.769717664006921,0.9749279121818236,22,8,2129763.0,0.10120136954458597,4.259526,1844754.8171168733,0.0,0.9939322937003193,36046.0,2,16241218.0,6.0,0.9075971731818138,0.936478515762036,2175284.3333333335,1.012323096955265,1912204.857142857,2663030.0,-199187.0,1.0438071024583577,2155939.0
2024-11-21,2550762,-0.040806202877108566,21,184994.0,0.1502864455773454,2561968.0,6412033.0,2383314.0,385029.06440290046,2550045.0,14.756286661443676,11,0.7805849965070866,0.43388373911755823,33,7,2438072.5,0.04320187582837456,7.3142175,1407380.8069791247,1.0173990722379764,1.0806473254894913,-471923.0,3,16223305.0,4.0,0.9330765494273366,0.9435927373459413,2600046.3333333335,1.0994495863694589,1473521.0714285714,2455375.0,-275598.0,0.973667572395562,2579814.0
2024-11-22,2754798,-0.09680419578210608,24,479936.0,0.1590073933541178,2636505.0,8962795.0,2383314.0,419223.7876150983,2692471.0,14.78496511369443,11,0.7912213413483807,-0.433883739117558,44,6,2575280.0,-0.1021011194439202,10.30112,2103934.930760739,1.0166923615381789,1.0540411095708508,-123041.0,4,16212099.0,2.0,0.9500631446569148,0.9627857294875987,2686723.3333333335,1.0716355448479107,2201204.9285714286,1885832.0,-133966.57142857142,0.973667572395562,2665682.0
2024-11-23,2493313,0.039082596278198656,25,204036.0,0.12274601077731616,1949769.0,11717593.0,2383314.0,239326.36668727695,2379699.0,14.483221974865483,11,0.801623551065242,-0.9749279121818236,55,5,2297208.0,0.08698907543417923,11.48604,2559016.274532677,1.0248103458478977,1.0735454589213271,-277786.0,5,16330392.0,0.0,0.9707709745137671,0.979341163751877,2115468.3333333335,1.1001804930406052,2642172.3571428573,2070826.0,-46579.857142857145,0.973667572395562,2110294.0
2024-11-24,2659301,0.05958959744825498,24,-261485.0,0.16120007689977348,2663030.0,14210906.0,2383314.0,429280.64078640373,2608680.0,14.794975505734698,11,0.8117885474764613,-0.7818314824680299,66,4,2497040.0,-0.04721655398867647,14.98224,2959930.617065107,1.0562239629723484,0.9579224975795991,-11107.0,6,16873936.0,-2.0,1.0136045445389812,1.0140153170770378,2742567.5,1.011780696613894,2931339.285714286,2550762.0,-1171.857142857143,0.973667572395562,2752130.5
2024-11-25,2506373,0.08878090377942205,0,165988.0,0.15335544616554864,2455375.0,0.0,2410029.5714285714,376545.128628734,2532525.0,14.71379046430626,11,0.821713322596059,0.0,0,3,2366773.5,0.057971486265086254,0.0,2664245.624743665,0.0,0.9737856334751294,-536526.0,0,16870207.0,-4.0,1.0136045445389812,1.0140153170770378,2612248.5,1.028288174999322,2639659.3571428573,2754798.0,-44576.71428571428,0.973667572395562,2611088.0
2024-11-26,2694504,0.05657655764522462,2,-152928.0,0.11867626065881863,1885832.0,2506373.0,2410029.5714285714,223803.48999074125,2647461.0,14.449880191065187,11,0.8313949395234058,0.7818314824680298,11,2,2508906.0,0.03429363036110865,2.508906,2224300.278144157,0.0,1.2115872939539296,-375349.0,1,16921205.0,-6.0,1.02076994349132,0.9899145249522248,2034444.3333333333,1.2838179793383295,2157542.4285714286,2493313.0,-51682.42857142857,0.973667572395562,2042486.0
2024-11-27,2726845,0.08375437972677768,2,188131.0,0.12762174696418066,2070826.0,5200877.0,2410029.5714285714,264282.43177884637,2741610.0,14.543458602364135,11,0.8408305333122887,0.9749279121818236,22,1,2603473.5,-0.41952650075264586,5.206947,2158501.6751810727,0.0,1.218152644100731,-208.0,2,17729877.0,-7.0,1.1980255721507866,1.1579705957349673,2149123.0,1.3562767863967338,1967855.857142857,2659301.0,131773.2857142857,0.973667572395562,2129063.5
2024-11-28,1551896,0.04868842830218645,0,32341.0,0.14930838612375202,2550762.0,7927722.0,2410029.5714285714,380850.15760579397,1547419.0,14.751903088064797,11,0.8500173118187018,0.43388373911755823,33,0,1486807.0,0.4029241217566517,4.460421,2698595.5341091277,0.0,0.6519151653419069,24486.0,3,18385896.0,-7.0,1.2363819712094433,1.2015480780259151,2600135.5,0.7510184855479228,2361371.1428571427,2506373.0,338792.85714285716,1.204035000437842,2579814.0
2024-11-29,2377911,-0.09327218748882538,4,-1174949.0,0.1607298218520623,2754798.0,9479618.0,2410029.5714285714,442778.19177841756,2199057.0,14.828855039649856,11,0.8589525565270845,-0.433883739117558,44,1,2092018.5,0.10205559139944809,8.368074,2541615.3980183857,0.0,0.8472430050590464,144423.0,4,17387030.0,-5.0,1.0576631508363183,1.045637057988206,2715030.6666666665,0.9272725136467784,2340406.5714285714,2694504.0,91914.28571428571,1.204035000437842,2711763.5
2024-11-30,2811101,-0.10910938250481883,10,826015.0,0.12936686633455197,2493313.0,11857529.0,2410029.5714285714,322552.0896012008,2605387.0,14.729123307241792,11,0.8676336233547726,-0.9749279121818236,55,2,2471010.0,0.10591242775000467,12.35505,1995944.546627709,0.0,1.139087157408977,706453.0,5,17010143.0,-3.0,1.011942384412908,1.0116660616877176,2141299.0,1.2173169478975263,1906008.9285714286,2726845.0,22458.285714285714,1.204035000437842,2125649.5
2024-12-01,3088836,-0.1229028705167986,18,433190.0,0.16094147190108576,2659301.0,14668630.0,2410029.5714285714,427991.81716802926,2908785.0,14.793574240308361,12,0.8760579434344281,-0.7818314824680299,72,3,2774200.5,-0.09470584408012327,16.645203,2571432.070063924,0.0,1.245977389784682,-6287.0,6,17327931.0,-1.0,1.032209346821378,1.058405044958005,2728294.5,1.3543717745828467,2461262.9285714286,1551896.0,173626.2857142857,1.204035000437842,2711176.0
2024-12-02,2829000,0.07454991107505071,0,277735.0,0.14861209322040367,2506373.0,0.0,2536780.8571428573,372477.3379211028,2633263.0,14.73434764512233,12,0.8842230238742036,0.0,0,4,2511467.5,-0.17842297381909183,0.0,2626376.2267075577,0.0,1.131298928382761,293190.0,0,17757466.0,1.0,1.032209346821378,1.058405044958005,2605897.3333333335,1.2587422861465658,2456984.285714286,2377911.0,318819.85714285716,1.204035000437842,2611088.0
2024-12-03,2283750,0.1356000435632203,5,-259836.0,0.12615693437031783,2694504.0,2829000.0,2536780.8571428573,339930.3642885589,2171943.0,14.80672507198581,12,0.8921264484954345,0.7818314824680298,12,5,2063364.0,-0.06319448921916646,2.063364,2201379.1147557343,0.0,0.9882791870359016,1008460.0,1,18080093.0,3.0,1.1287226601946319,1.1245660641817559,2089757.1666666667,1.1214409238174163,2069978.7142857143,2811101.0,417262.4285714286,1.204035000437842,2089261.0
2024-12-04,2120703,0.13705499570129454,12,-545250.0,0.1323844164790817,2726845.0,5112750.0,2536780.8571428573,360991.7841539015,1948492.0,14.818656187919206,12,0.8997658785476209,0.9749279121818236,24,6,1920994.5,0.10554099202823247,3.841989,2292936.824181584,0.0,0.8651121474072456,673932.0,2,17669339.0,5.0,0.9830553577790823,1.0972412411836685,2187281.6666666665,0.9578317313310951,2320999.3571428573,3088836.0,406844.0,1.204035000437842,2133319.5
2024-12-05,2443620,0.033505021314904404,21,-163047.0,0.13751022640159266,1551896.0,7233453.0,2536780.8571428573,213401.57031172604,2276703.0,14.2549886115436,12,0.9071390534005044,0.43388373911755823,36,7,2195211.0,0.00789886517872177,6.585633,2580870.815915497,0.0,0.9253987637992007,-987660.0,3,17063197.0,7.0,0.9124251581980296,1.0471345714915743,2520307.1666666665,0.9917866961002596,2711571.0,2829000.0,313091.14285714284,1.0971191237708642,2556365.0
2024-12-06,2522641,-0.149116186504885,32,322917.0,0.15426718161557282,2377911.0,9677073.0,2536780.8571428573,366833.6281026684,2308362.0,14.68173334966083,12,0.9142437912130223,-0.433883739117558,48,8,2220466.5,-0.14024493926939968,8.881866,2829947.6256073057,0.0,0.9199963572483651,-495180.0,4,17954921.0,7.0,1.0208294258270745,1.0491842469702757,2697863.1666666665,1.033220045164505,2689493.8571428573,2283750.0,424919.4285714286,1.0971191237708642,2708716.5
2024-12-07,2012382,-0.1138299470583648,45,79021.0,0.1378437055942096,2811101.0,12199714.0,2536780.8571428573,387492.5786395882,1864999.0,14.849087135249558,12,0.9210779895789526,-0.9749279121818236,60,9,1826832.5,0.20777528371126167,9.1341625,2346554.1147697135,0.0,0.8722909587705175,-225756.0,5,18099651.0,7.0,1.0288580361051616,1.0311312586486048,2205532.8333333335,0.9878782518263832,2201157.3571428573,2120703.0,428064.4285714286,1.0971191237708642,2191725.0
2024-12-08,2603322,-0.08850882066840349,60,-510259.0,0.16322544231882172,3088836.0,14212096.0,2536780.8571428573,504176.6223503,2321965.0,14.943305202622398,12,0.9276396261490467,-0.7818314824680299,72,10,2291596.0,-0.02590318088005401,13.749576,2709437.9323902493,0.0,0.9908504855201796,433264.0,6,17300932.0,7.0,0.9688768480764735,1.0027511794214863,2745558.1666666665,1.0761563770537046,2655634.785714286,2443620.0,298119.28571428574,1.0971191237708642,2711176.0
2024-12-09,2438070,-0.024167323478392344,0,590940.0,0.154155471208839,2829000.0,0.0,2402202.5714285714,436105.8280498055,2266792.0,14.855434203765437,12,0.9339267592294762,0.0,0,11,2200484.0,-0.15603211448269788,0.0,2473432.496328014,0.0,0.9618954614640151,271629.0,0,16815418.0,7.0,0.9688768480764735,1.0027511794214863,2623447.1666666665,1.0165743058193226,2580414.5,2522641.0,214789.14285714287,1.0971191237708642,2634513.0
2024-12-10,2013749,0.0005068425072540794,12,-165252.0,0.13108750915190795,2283750.0,2438070.0,2402202.5714285714,299371.0990256698,1834118.0,14.641329824550558,12,0.9399375283564133,0.7818314824680298,12,12,1793104.5,0.06509546842330298,1.7931045,1992460.132044829,0.0,0.8499723039048255,-1219426.0,1,16424488.0,7.0,0.8618133616118769,0.9298233319651441,2121565.1666666665,0.8750608321174532,2238832.0714285714,2012382.0,152253.7142857143,1.0971191237708642,2124004.5
2024-12-11,2148651,0.058837817815342586,26,-424321.0,0.13190692383820102,2120703.0,4451819.0,2402202.5714285714,279735.40910444444,1998620.0,14.567258666995038,12,0.9456701548465688,0.9749279121818236,24,13,1940983.0,0.12154215555579133,3.881966,2165579.1914496636,0.0,0.8785015084117167,-1262161.0,2,16154487.0,7.0,0.8707288641142242,0.9161053998243956,2190001.5,0.8887085066609076,2380887.785714286,2603322.0,96545.57142857143,1.0971191237708642,2140449.0
2024-12-12,2588225,-0.009711666317569145,39,134902.0,0.13436979484470754,2443620.0,6600470.0,2402202.5714285714,328348.7180784242,1954074.0,14.708991513598708,12,0.9511229423235357,0.43388373911755823,36,13,2060967.5,-0.03070219571057796,6.1829025,2584029.8553166203,0.0,0.8661992703301351,1890590.0,3,16182435.0,6.0,0.912492277201497,0.928168592912939,2508324.8333333335,0.8776861020904434,2700092.0,2438070.0,81884.85714285714,1.0004776588947504,2556365.0
2024-12-13,2655019,-0.0661652937034215,48,439574.0,0.1513143085172908,2522641.0,9188695.0,2402202.5714285714,381711.67855236697,2129193.0,14.74081732298525,12,0.9562942772197719,-0.433883739117558,48,12,1970003.5,0.11817328782714517,7.880014,2643696.983361944,0.0,0.8128832538919858,521617.0,4,16327040.0,4.0,0.9495324671003309,0.9787342710562937,2649933.1666666665,0.8304134226142016,2878145.714285714,2013749.0,85832.0,1.0004776588947504,2649570.0
2024-12-14,2146894,0.03233824719211986,55,66794.0,0.13566104794982844,2012382.0,11843714.0,2402202.5714285714,273001.85099537164,2502604.0,14.514830149938893,12,0.9611826292540837,-0.9749279121818236,60,11,2247833.5,0.0813706943727256,11.2391675,2267246.3265272193,0.0,1.0771438353168687,-1116507.0,5,16459418.0,2.0,0.9708189880516871,0.9901687388514238,2166604.0,1.1100788664039876,2505644.4285714286,2148651.0,77358.42857142857,1.0004776588947504,2125649.5
2024-12-15,2599354,0.017716246996297036,60,-508125.0,0.16150494448922526,2603322.0,13990608.0,2402202.5714285714,420449.37509757886,2622770.0,14.772299263869716,12,0.9657865518844574,-0.7818314824680299,72,10,2460627.5,-0.03038569132924823,14.763765,2568756.6014050078,0.0,1.0519225959088547,-915049.0,6,16593930.0,0.0,0.9844155288565458,0.9798751221288771,2726805.6666666665,1.0922172019035488,2673137.5,2588225.0,56997.71428571428,1.0004776588947504,2661751.0
2024-12-16,2401238,0.03308893317144057,0,452460.0,0.1504721997847542,2438070.0,0.0,2369994.5714285714,366861.7561292157,2252933.0,14.706717710830647,12,0.9701046827361175,0.0,0,9,2353055.5,0.004554769862148308,0.0,2382791.370114534,0.0,1.0218699770825115,-713557.0,0,16589962.0,-2.0,0.9844155288565458,0.9798751221288771,2570810.0,1.060750093929793,2420395.5,2655019.0,45599.857142857145,1.0004776588947504,2538916.0
2024-12-17,2122028,0.006023596870146308,8,-198116.0,0.13018010398263816,2013749.0,2401238.0,2369994.5714285714,262150.0542149336,2495579.0,14.51550921347332,12,0.974135744004672,0.7818314824680298,12,8,2364720.0,-0.0011624920656633502,2.36472,1988712.6354243138,0.0,1.1260474910215055,140753.0,1,16553130.0,-4.0,0.9848929686186204,0.9390089842247658,2068651.8333333333,1.1660315959006813,1992064.0,2146894.0,32814.57142857143,1.0004776588947504,2049684.5
2024-12-18,2351328,0.03800203660736878,14,-279210.0,0.13298566593822098,2148651.0,4523266.0,2369994.5714285714,285739.78410382447,2366275.0,14.580351226727547,12,0.9778785428342386,0.9749279121818236,24,7,2361680.5,-0.028282508865537,4.723361,2646500.066201148,1.0426941121775932,1.0718602522688887,634090.0,2,16661409.0,-6.0,1.0160489453861443,0.9469509913641075,2151337.5,1.11762237411796,2596303.285714286,2599354.0,85.28571428571429,1.0004776588947504,2134677.0
2024-12-19,2651437,-0.012420973275016456,18,229300.0,0.13498123170801335,2588225.0,6874594.0,2369994.5714285714,349361.79843747284,2291458.0,14.766483256910782,12,0.9813319716704275,0.43388373911755823,36,6,2278109.5,0.03388446752030335,6.8343285,2793308.6855952404,1.0546061420739488,0.9498796900898288,-747119.0,3,16864086.0,-7.0,1.0415309818846235,0.9760307475651564,2483944.0,1.0017489554000323,2712591.4285714286,2401238.0,-25957.714285714286,1.0420252463922302,2556365.0
2024-12-20,2845856,-0.0498871940949539,20,300109.0,0.15181534064801872,2655019.0,9526031.0,2369994.5714285714,403072.613911962,2514171.0,14.791962745586488,12,0.9844950085880858,-0.433883739117558,48,5,2365272.0,0.0736330590533685,9.461088,2906129.900379287,1.0581741478279258,0.9682738471164979,-12352.0,4,16927298.0,-7.0,1.0367120684710942,1.0213342751821646,2632887.0,1.0246023530365675,2832875.9285714286,2122028.0,-38099.857142857145,1.0420252463922302,2645762.0
2024-12-21,2773545,0.05805224462360825,20,194419.0,0.13879579762130145,2146894.0,12371887.0,2369994.5714285714,297979.8651383864,2650811.0,14.579533170215543,12,0.9873667175937016,-0.9749279121818236,60,4,2539669.5,0.012297269388792519,12.6983475,2737419.2607472218,1.0710679986038172,1.2140781115537194,933231.0,5,17118135.0,-7.0,1.0445952173448294,1.0392493681558972,2150281.5,1.300360213090544,2662767.0,2351328.0,-32612.14285714286,1.0420252463922302,2125649.5
2024-12-22,2800962,0.07155489816244298,18,-72311.0,0.16076966031705314,2599354.0,15145432.0,2369994.5714285714,417897.25962377334,2775193.0,14.770773895292464,12,0.9899462489023779,-0.7818314824680299,72,3,2570900.5,-0.08315578819962938,15.425403,2134740.356206414,0.0,1.088970789589443,481546.0,6,17744786.0,-7.0,1.082542803000413,1.0613060734827504,2671688.5,1.205719870761367,2037819.142857143,2651437.0,6388.857142857143,1.0420252463922302,2659886.5
2024-12-23,2758299,0.09440572907227196,0,27417.0,0.14753608511201352,2401238.0,0.0,2563770.5714285714,354269.25394220115,2606577.0,14.691495412106988,12,0.9922328391893008,0.0,0,2,2351541.5,-0.18755460756686865,0.0,2274503.8593144976,0.0,1.0172549611663337,354098.0,0,17946394.0,-7.0,1.082542803000413,1.0613060734827504,2512012.8333333335,1.1385690746334913,2139854.214285714,2845856.0,109942.85714285714,1.0420252463922302,2480874.0
2024-12-24,2068817,0.06776937030174102,1,-42663.0,0.1317945605843757,2122028.0,2758299.0,2563770.5714285714,279671.7478077416,1972309.0,14.56788326441518,12,0.9942258118156161,0.7818314824680298,12,1,1903430.0,0.005567887348487028,1.90343,3128722.4240984754,0.0,0.9055246799959589,378280.0,1,18303455.0,-7.0,1.148698712913922,1.0843775839262184,2061925.0,1.0359628426303282,2819877.4285714286,2773545.0,209238.57142857142,1.0420252463922302,2049684.5
2024-12-25,2039342,0.017785395869197584,0,-689482.0,0.1350529270496113,2351328.0,4827116.0,2563770.5714285714,317553.7288537084,2028266.0,14.670491258182327,12,0.9959245770286599,0.9749279121818236,24,0,1914364.5,0.20020758111962123,3.828729,3043383.32806681,0.0,0.8635710677494942,174729.0,2,18250244.0,-7.0,1.0671749129942834,1.0010240186073596,2162676.6666666665,0.9848469085596794,2771511.0,2800962.0,148269.0,1.0420252463922302,2134677.0
2024-12-26,2743795,-0.07350010814795516,3,-29475.0,0.1341169407247343,2651437.0,6866458.0,2563770.5714285714,355602.6189643673,2665034.0,14.790612692295175,12,0.9973286321364752,0.43388373911755823,36,1,2441589.5,-0.006008335283408662,7.3247685,2876577.359097428,0.0,1.009168429954333,-81393.0,3,17938258.0,-5.0,0.9988165119278317,0.9591284665559607,2483944.0,1.132221033702058,2695284.214285714,2758299.0,82364.42857142857,1.0405099078438351,2556365.0
2024-12-27,2848156,-0.15835949510043723,8,704453.0,0.150635764908469,2845856.0,9610253.0,2563770.5714285714,428687.695379356,2663517.0,14.861374810410323,12,0.9984375616565666,-0.433883739117558,48,2,2421118.0,-0.011008784669407079,9.684472,2886093.4157965877,0.0,0.9787126306981624,58459.0,4,18030616.0,-3.0,1.0088412477347597,1.015040234697318,2632887.0,1.1031045672819393,2700404.5,2068817.0,98065.14285714286,1.0405099078438351,2645762.0
2024-12-28,2741872,-0.029407025571461798,15,104361.0,0.14048385498151042,2773545.0,12458409.0,2563770.5714285714,389638.2935646933,2633264.0,14.835637203881621,12,0.9992510374388481,-0.9749279121818236,60,3,2393473.0,0.005868459765370238,11.967365,2785252.1180655034,0.0,1.1162086167592207,492139.0,5,18032916.0,-1.0,1.0069934360053563,1.0323327127773951,2256102.1666666665,1.257817852251464,2640568.785714286,2039342.0,118192.0,1.0405099078438351,2129786.0
2024-12-29,2805401,0.060789192471348175,18,-106284.0,0.1603798666392858,2800962.0,15200281.0,2563770.5714285714,449217.9120217072,2636605.0,14.845473844586987,12,0.999768818762748,-0.7818314824680299,72,3,2407519.0,0.026460284205160296,14.445114,2234334.360843101,0.0,1.005349712783354,205576.0,6,18001243.0,0.0,1.0036214879839678,1.0479922993294732,2672315.6666666665,1.130921416535601,2213603.8571428573,2743795.0,119755.14285714286,1.0405099078438351,2659886.5
2024-12-30,2765740,0.0837723786544795,0,63529.0,0.1505475180602445,2758299.0,0.0,2572240.285714286,415255.0685180543,2563962.0,14.830125105894126,12,0.9999907524084426,0.0,0,2,2473692.0,-0.1782390237018407,0.0,2518721.8541946993,0.0,1.0531393174737986,393893.0,0,18005682.0,0.0,1.0036214879839678,1.0479922993294732,2543152.8333333335,1.1847852750877337,2506862.214285714,2848156.0,99759.85714285714,1.0405099078438351,2480874.0
2024-12-31,2172902,0.08314472937702955,1,-39661.0,0.12258425822437394,2068817.0,2765740.0,2572240.285714286,253604.3973469746,2116715.0,14.542487987657935,12,0.9999167727021953,0.7818314824680298,12,1,2026064.0,-0.09306001718159826,2.026064,2320094.83402123,0.0,0.9651361149456998,-161490.0,1,18013123.0,0.0,1.0026976770828688,1.0610316472079555,2080670.5,1.086272490935268,2371661.1428571427,2741872.0,52261.71428571428,1.0405099078438351,2077218.5
2025-01-01,2317817,0.04339668140904851,0,-592838.0,0.12497806334730717,2039342.0,4938642.0,2572240.285714286,254873.0136628241,2303507.0,14.528138255124789,1,0.9998520419557735,0.9749279121818236,2,0,1989102.3333333333,0.12561310891594304,3.9782046666666666,2573082.761806082,0.0,1.1730797351650648,-514663.0,2,18117208.0,0.0,1.0231040646216085,1.0443890655598316,2147781.8333333335,1.3284695636463504,2558621.8571428573,2805401.0,131774.7142857143,1.0405099078438351,2113573.5
2025-01-02,2612162,-0.044863130697821996,3,144915.0,0.150364678670273,2743795.0,7256459.0,2572240.285714286,412569.85351210175,2555447.0,14.824852921040936,1,0.9994082116062598,0.43388373911755823,3,1,2316605.6666666665,-0.04645467021130994,6.949817,2516178.7264283625,0.0,1.1902517187494714,29146.0,3,18395683.0,0.0,1.0567979881330374,1.0526151338305838,2565612.0,1.367340499304734,2425856.714285714,2765740.0,206545.0,1.0993233061788834,2575096.5
2025-01-03,2563751,-0.1360161246451752,8,294345.0,0.15670338113983145,2848156.0,9868621.0,2572240.285714286,446315.6752136978,2418600.0,14.862182676399094,1,0.9986686402879997,-0.433883739117558,4,2,2184364.6666666665,-0.0856846692659989,8.737458666666667,2506600.699720952,0.0,1.0940327986428378,-188537.0,4,18264050.0,0.0,1.026884619999078,1.038746118235931,2679575.6666666665,1.2483798002973687,2447644.714285714,2172902.0,238006.2857142857,1.0993233061788834,2658827.0
2025-01-04,2543303,-0.04955710028565519,15,-48411.0,0.13897706800461007,2741872.0,12432372.0,2572240.285714286,381057.3314039362,2281402.0,14.824151821474494,1,0.9976335468520451,-0.9749279121818236,5,3,1980288.6666666667,-0.019411036862969747,9.901443333333335,2387389.0714833704,0.0,1.1983498821778873,-658324.0,5,17979645.0,0.0,0.9979100862718506,1.0175096949845688,2380114.0,1.344007193452426,2382242.214285714,2317817.0,248376.42857142858,1.0993233061788834,2320103.5
2025-01-05,2579257,-0.014842380355281737,24,-20448.0,0.15584503255335988,2805401.0,14975675.0,2572240.285714286,437207.81017022836,2279609.0,14.847057402178269,1,0.9963032375991965,-0.7818314824680299,6,4,1937585.0,-0.004034871585691801,11.62551,2574595.5849444005,0.0,0.9641072829289947,-197169.0,6,17781076.0,1.0,0.9852235626433485,1.0231309925937024,2698748.0,1.0701285148214332,2576081.0,2612162.0,272152.85714285716,1.0993233061788834,2661751.0
2025-01-06,2222167,0.008002588982433334,0,35954.0,0.14787484044389565,2765740.0,0.0,2507847.4285714286,408983.36120929994,2198958.0,14.832819149801653,1,0.9946781061893646,0.0,0,5,1928830.0,0.004542426056801219,0.0,2288403.079737311,0.0,0.9845309360861114,-349620.0,0,17554932.0,3.0,0.9852235626433485,1.0231309925937024,2603570.6666666665,1.079352588663525,2344512.0714285714,2563751.0,202216.2857142857,1.0993233061788834,2601970.0
2025-01-07,1915448,0.0029940404865591574,6,-357090.0,0.11957536717767905,2172902.0,2222167.0,2507847.4285714286,259825.55449111317,2380127.0,14.591574619493954,1,0.9927586335250793,0.7818314824680298,1,6,1938505.0,0.007387012524513831,1.938505,1736703.346140042,0.0,1.160476477011345,157296.0,1,17011359.0,5.0,0.8034620029359231,0.8577024391830168,2124477.6666666665,1.228320516516632,1874954.7857142857,2543303.0,149515.85714285713,1.0993233061788834,2103824.0
2025-01-08,1885768,-0.025634457837704128,14,-306719.0,0.1264569785586081,2317817.0,4137615.0,2507847.4285714286,293104.13467177737,2193524.0,14.656136783837258,1,0.9905453876091833,0.9749279121818236,2,7,1956858.6666666667,-0.04350745568811867,3.9137173333333335,1883222.4787391787,0.0,1.1245884376641162,590461.0,2,16753905.0,7.0,0.8378041979961293,0.8831224934758805,2183010.6666666665,1.1710607061343814,2088339.4285714286,2579257.0,175374.14285714287,1.0993233061788834,2134677.0
2025-01-09,2033464,-0.099755196779584,24,-29680.0,0.1512344580792781,2612162.0,6023383.0,2507847.4285714286,395048.90448528324,1774066.0,14.775689171719295,1,0.988039023376751,0.43388373911755823,3,8,1830263.6666666667,-0.05120791192871854,5.490791,2166235.4165242044,0.0,0.916261266307329,-223991.0,3,16321856.0,7.0,0.8300719400467914,0.8730179211298101,2568029.0,0.9307282122218299,2495542.5714285714,2222167.0,182772.14285714287,0.9119405062748538,2575096.5
2025-01-10,2000526,-0.15461084339479858,36,147696.0,0.15570890935711956,2563751.0,8056847.0,2507847.4285714286,399198.87207322463,1934765.0,14.756982368475688,1,0.985240282501282,-0.433883739117558,4,9,1688708.3333333333,0.012345420236406815,6.754833333333333,2125354.61480297,0.0,0.8276996713978404,-286705.0,4,15743158.0,7.0,0.8164106210989357,0.8437902685266642,2663095.0,0.8132581933850536,2494504.0714285714,1915448.0,97317.85714285714,0.9119405062748538,2645762.0
2025-01-11,1858186,-0.09854116588029982,45,-32938.0,0.14527757376197153,2543303.0,10057373.0,2507847.4285714286,369484.8891815435,2300884.0,14.748974581105312,1,0.9821499931752291,-0.9749279121818236,5,9,1717908.6666666667,0.08266206130226604,8.589543333333333,1595344.491041616,0.0,1.001030149138752,-166896.0,5,15179933.0,6.0,0.808966543150414,0.819231439204786,2451884.8333333335,0.9453903177191606,1901806.0,1885768.0,10109.57142857143,0.9119405062748538,2518308.0
2025-01-12,2322779,-0.06851849916259789,48,-142340.0,0.15387187262144794,2579257.0,11915559.0,2507847.4285714286,396875.10456197796,2326842.0,14.763012318634656,1,0.9787690698649216,-0.7818314824680299,6,8,1917048.0,0.0026811614743415054,11.502288,2021634.4572348536,0.0,0.9362010047947724,-230583.0,6,14494816.0,4.0,0.7956608967542365,0.8035850960065481,2688561.6666666665,0.8471660668918459,2383896.0714285714,2033464.0,-47065.0,0.9119405062748538,2661165.5
2025-01-13,2063978,-0.0020933822676125757,0,464593.0,0.15015201922940974,2222167.0,0.0,2034048.2857142857,333662.86211495975,1914063.0,14.613993853884361,1,0.975098513039961,0.0,0,7,1924808.0,-0.016414073429710584,0.0,1949119.140303189,0.889660873073049,0.9743024556104808,-551014.0,0,14238338.0,2.0,0.7956608967542365,0.8035850960065481,2554182.5,0.8667987732956359,2292263.5,2000526.0,-46049.42857142857,0.9119405062748538,2480874.0
2025-01-14,1651244,0.02945354930052535,6,-258801.0,0.1228613466020722,1915448.0,2063978.0,2034048.2857142857,235334.52062624597,2116540.0,14.465462617866278,1,0.9711394088771653,0.7818314824680298,1,6,1887189.0,0.0017547175544083626,1.887189,1614193.3367783888,0.8787284582910921,1.118816357484541,-361539.0,1,14080149.0,0.0,0.9288131810075481,0.8135952265417774,2096115.6666666667,0.983135772923246,1902932.2857142857,1858186.0,-71631.42857142857,0.9119405062748538,2095422.5
2025-01-15,1844782,0.05266020934705662,10,-412734.0,0.1271889438344124,1885768.0,3715222.0,2034048.2857142857,239848.8402367322,2214409.0,14.44984625323187,1,0.9668929289391521,0.9749279121818236,2,5,1891380.0,0.0017547175544083626,3.78276,1597868.18300746,0.8612989957248516,1.0809245002581087,-710524.0,2,13815945.0,-2.0,0.8979138948403851,0.806489344041526,2174777.8333333335,0.9309991865266961,1884246.2142857143,2322779.0,-122253.85714285714,0.9119405062748538,2134677.0
2025-01-16,2369562,-0.014516080685469945,12,193538.0,0.1479356076096546,2033464.0,5560004.0,2034048.2857142857,300821.7323923587,2214409.0,14.525251792477334,1,0.9623603298276545,0.43388373911755823,3,4,1891380.0,0.0017547175544083626,3.78276,1814543.307985844,0.8589940357291163,1.0809245002581087,-447065.0,3,13774959.0,-4.0,0.9230699757926734,0.8230673640923946,2479945.0,0.9309991865266961,2137303.9285714286,2063978.0,-117130.42857142857,0.8422543218690293,2569493.5
2025-01-17,2526699,-0.05115828709681036,12,524780.0,0.1508251835488948,2000526.0,7929566.0,2034048.2857142857,301729.7011443363,2214409.0,14.508921203814191,1,0.9575429528116719,-0.433883739117558,4,3,1891380.0,0.0017547175544083626,3.78276,1900417.001707764,0.0,1.0809245002581087,-278820.0,4,14111057.0,-6.0,0.9842021326705099,0.8558220345330679,2619996.0,0.9309991865266961,2122096.0714285714,1651244.0,-41091.857142857145,0.8422543218690293,2609385.0
2025-01-18,1939355,0.05485213766526076,10,157137.0,0.1455517248178111,1858186.0,10456265.0,2034048.2857142857,270462.17733230913,2214409.0,14.435111839147226,1,0.9524422234305676,-0.9749279121818236,5,2,1891380.0,0.0017547175544083626,3.78276,1732250.2237248288,0.0,1.0809245002581087,-486548.0,5,14637230.0,-7.0,1.0396616492199304,0.8838762417809402,2451884.8333333335,0.9309991865266961,1792173.142857143,1844782.0,67308.57142857143,0.8422543218690293,2518308.0
2025-01-19,2113340,0.05702913323369785,6,-587344.0,0.15548517435774517,2322779.0,12395620.0,2034048.2857142857,361157.69780950894,2214409.0,14.658275302145046,1,0.9470596510722283,-0.7818314824680299,6,1,1891380.0,0.0017547175544083626,3.78276,2308589.9052246576,0.0,1.0809245002581087,-30334.0,6,14718399.0,-7.0,1.0402885840269853,0.8662670285331606,2674599.5,0.9309991865266961,2270300.6428571427,2369562.0,101814.14285714286,0.8422543218690293,2631311.5
2025-01-20,2467069,0.04629986273611297,0,173985.0,0.15226572477868444,2063978.0,0.0,2072708.5714285714,314273.10609725956,2214409.0,14.540146231113226,1,0.9413968285264122,0.0,0,0,1891380.0,0.0017547175544083626,3.78276,2098389.23272332,0.0,1.0809245002581087,385384.0,0,14508960.0,-7.0,1.0402885840269853,0.8662670285331606,2515314.5,0.9309991865266961,2057305.5714285714,2526699.0,53806.42857142857,0.8422543218690293,2472221.5
2025-01-21,1758401,0.0216048683318395,1,353729.0,0.12175284327863262,1651244.0,2467069.0,2072708.5714285714,201043.65194678243,2214409.0,14.317040106805004,1,0.9354554315134164,0.7818314824680298,1,1,1891380.0,0.0017547175544083626,3.78276,1732132.8794782779,0.0,1.0809245002581087,-6750.0,1,14912051.0,-5.0,1.1952981087976713,1.005921601470472,2096115.6666666667,0.9309991865266961,1641898.142857143,1939355.0,134355.57142857142,0.8422543218690293,2095422.5
2025-01-22,1710944,0.02598427667967551,4,-708668.0,0.12622100689367058,1844782.0,4225470.0,2072708.5714285714,232850.2415393194,2214409.0,14.427872213363406,1,0.9292372181882051,0.9749279121818236,2,2,1891380.0,0.0017547175544083626,3.78276,1999119.0883118536,0.0,1.0809245002581087,391063.0,2,15019208.0,-3.0,1.1373398413338422,0.9593205360586358,2143934.8333333335,0.9309991865266961,1846698.857142857,2113340.0,185871.42857142858,0.8422543218690293,2134677.0
2025-01-23,2158274,-0.02509757537317503,9,-47457.0,0.15182938321972225,2369562.0,5936414.0,2072708.5714285714,359769.1369608915,2214409.0,14.678216107924069,1,0.9227440286201427,0.43388373911755823,3,3,1891380.0,0.0017547175544083626,3.78276,2440804.787903289,0.0,1.0809245002581087,914796.0,3,14885370.0,-1.0,1.0676995915830276,0.9237289032293402,2449745.0,0.9309991865266961,2260308.5714285714,2467069.0,172865.42857142858,0.9001676618727139,2515922.5
2025-01-24,2257772,-0.12437874958400874,16,447330.0,0.1547182150831817,2526699.0,8094688.0,2072708.5714285714,390926.35933246015,2214409.0,14.74242466147556,1,0.9159777842484877,-0.433883739117558,4,4,1891380.0,0.0017547175544083626,3.78276,2431637.425130908,0.0,1.0809245002581087,1089398.0,4,14674082.0,1.0,1.0208235860575472,0.9129702517281194,2581979.5,0.9309991865266961,2319832.0,1758401.0,124401.71428571429,0.9001676618727139,2545225.0
2025-01-25,1785853,-0.023697738512575728,25,99498.0,0.14033170870469622,1939355.0,10352460.0,2072708.5714285714,272153.0009349961,2214409.0,14.477866517166117,1,0.908940487313808,-0.9749279121818236,5,5,1891380.0,0.0017547175544083626,3.78276,1811036.828450576,0.0,1.0809245002581087,766286.0,5,14405155.0,3.0,0.9900724589516429,0.9120222417117594,2359558.5,0.9309991865266961,1835823.4285714286,1710944.0,59670.142857142855,0.9001676618727139,2345098.5
2025-01-26,2302281,-0.010077223033967742,36,-471919.0,0.15288111804141213,2113340.0,12138313.0,2072708.5714285714,323089.7820016379,2214409.0,14.563780665498971,1,0.901634220265486,-0.7818314824680299,6,6,1891380.0,0.0017547175544083626,3.78276,2284651.948965123,0.0,1.0809245002581087,47039.0,6,14251653.0,5.0,0.9792421032590544,0.8910957054357878,2618512.5,0.9309991865266961,2319338.785714286,2158274.0,35045.57142857143,0.9001676618727139,2601338.0
2025-01-27,2088851,0.010170599128630387,0,516428.0,0.1566787622277936,2467069.0,0.0,2062942.0,386537.3172505605,2214409.0,14.718541769652925,1,0.8940611451454876,0.0,0,7,1891380.0,0.0017547175544083626,3.78276,2138235.894493865,0.0,1.0809245002581087,561280.0,0,14440594.0,7.0,0.9792421032590544,0.8910957054357878,2508763.8333333335,0.9309991865266961,2134273.6428571427,2257772.0,59452.857142857145,0.9001676618727139,2452569.5
2025-01-28,1599434,0.02086802739697846,8,-213430.0,0.12347031955830236,1758401.0,2088851.0,2062942.0,217110.33338163843,2214409.0,14.379916000028482,1,0.88622350294858,0.7818314824680298,1,8,1891380.0,0.0017547175544083626,3.78276,1582070.1938671453,0.0,1.0809245002581087,371361.0,1,14062376.0,7.0,0.846693383930486,0.8777649308947181,2008557.5,0.9309991865266961,1685698.2142857143,1785853.0,1994.857142857143,0.9001676618727139,2041283.0
2025-01-29,1792651,0.038995688574619436,18,-489417.0,0.12752613882357383,1710944.0,3688285.0,2062942.0,218190.0820633607,2214409.0,14.352556407413195,1,0.8781236129591848,0.9749279121818236,2,9,1891380.0,0.0017547175544083626,3.78276,1756445.245556113,0.0,1.0809245002581087,-92852.0,2,13903409.0,7.0,0.8728697636002622,0.8669673982098671,2059510.5,0.9309991865266961,1899106.642857143,2302281.0,-21680.14285714286,0.9001676618727139,2080022.5
2025-01-30,2219044,-0.03971582407476104,30,193217.0,0.1510978476310701,2158274.0,5480936.0,2062942.0,326110.5559981002,2214409.0,14.584819849489502,1,0.8697638720650646,0.43388373911755823,3,10,1891380.0,0.0017547175544083626,3.78276,2158882.0172739886,0.0,1.0809245002581087,-547386.0,3,13985116.0,7.0,0.9232738821787025,0.8848689834543229,2470546.6666666665,0.9309991865266961,2285238.714285714,2088851.0,-10278.0,0.8316201829595627,2515922.5
2025-01-31,2273071,-0.0852627563879036,44,426393.0,0.1542602185078694,2257772.0,7699980.0,2062942.0,348284.4020609493,2214409.0,14.629889487194365,1,0.8611467540480452,-0.433883739117558,4,11,1891380.0,0.0017547175544083626,3.78276,2181185.3370934906,0.0,1.0809245002581087,-795100.0,4,14045886.0,7.0,0.9512386394633122,0.907221567234041,2561956.3333333335,0.9309991865266961,2271592.3571428573,1599434.0,2507.0,0.8316201829595627,2545225.0
2025-02-01,1791123,0.02327146164315641,60,54027.0,0.13317940624792615,1785853.0,9973051.0,2062942.0,237838.84218607767,2214409.0,14.395407290156626,2,0.8522748088519838,-0.9749279121818236,10,12,1891380.0,0.0017547175544083626,3.78276,1743796.639174838,0.0,1.0809245002581087,-234671.0,5,14061185.0,7.0,0.9633508364195563,0.9213305689554389,2206998.6666666665,0.9309991865266961,1789224.5,1792651.0,14730.857142857143,0.8316201829595627,2079638.0
2025-02-02,2331440,0.017184671565491194,78,-481948.0,0.15378730700346463,2302281.0,11764174.0,2062942.0,354061.5949552436,2214409.0,14.649411362933211,2,0.8431506618282,-0.7818314824680299,12,13,1891380.0,0.0017547175544083626,3.78276,2278952.62935479,0.0,1.0809245002581087,398380.0,6,14066455.0,7.0,0.9691770182561613,0.9150518850040876,2534659.1666666665,0.9309991865266961,2308613.714285714,2219044.0,18417.85714285714,0.8316201829595627,2589305.5
2025-02-03,2102830,0.04284217084418385,0,540317.0,0.1543397147756172,2088851.0,0.0,2013659.142857143,322392.66754876275,2160140.0,14.552125190733559,2,0.8337770129585915,0.0,0,14,1931015.6666666667,-0.20108004830646686,0.0,2148729.9619710054,0.0,0.8974221359387541,-781309.0,0,14095614.0,7.0,0.9691770182561613,0.9150518850040876,2395949.0,0.7910244150916232,2199684.0714285714,2273071.0,19635.285714285714,0.8316201829595627,2419654.0
2025-02-04,1649904,0.026149258869174963,13,-228610.0,0.12089357875796913,1599434.0,2102830.0,2013659.142857143,193361.3002471736,1695022.0,14.285160999846696,2,0.8241566360566663,0.7818314824680298,2,13,1520138.6666666667,0.10024853747442218,1.5201386666666667,1705740.72499874,0.0,0.8825470849622761,-266124.0,1,14109593.0,5.0,1.006692195853127,0.9512845698374758,1921614.5,0.7789494191277072,1700943.0,1791123.0,9847.142857142857,0.8316201829595627,1964598.5
2025-02-05,1821551,0.037666726292680086,24,-452926.0,0.12631256106449376,1792651.0,3752734.0,2013659.142857143,226434.3389048258,1880126.0,14.399206645629265,2,0.8142923779467267,0.9749279121818236,4,12,1689097.6666666667,0.16529457563819222,3.3781953333333337,1902081.758108131,0.0,0.9363817847777832,215545.0,2,14160063.0,3.0,1.0174739750317559,0.9520723311670651,2004835.1666666667,0.8297129908946552,1872278.857142857,2331440.0,5985.857142857143,0.8316201829595627,1962555.0
2025-02-06,2211186,-0.03812145943423206,33,171647.0,0.15325501114750886,2219044.0,5574285.0,2013659.142857143,340079.61295681266,2305984.0,14.612587481114245,2,0.804187157621448,0.43388373911755823,6,11,2083626.6666666667,0.03653313281801349,6.25088,2330105.195746765,0.0,0.9654159583590188,272058.0,3,14188963.0,1.0,1.0170315800075023,0.9694098063031632,2433117.3333333335,0.8571406723428344,2301394.0,2102830.0,1098.0,0.8466694672128154,2478893.5
2025-02-07,2338385,-0.08335646456343582,40,389635.0,0.15806502726438326,2273071.0,7785471.0,2013659.142857143,359293.0295888789,2369929.0,14.636642778531856,2,0.7938439653781019,-0.433883739117558,8,10,2181056.0,-0.19019282507628055,8.724224,2384056.457973041,0.0,0.9732490556692198,284226.0,4,14181105.0,-1.0,1.0111027561110548,0.9798874997360851,2520361.3333333335,0.8637212614091249,2363881.714285714,1649904.0,-14601.57142857143,0.8466694672128154,2545225.0
2025-02-08,1828477,0.02434097111662681,45,127199.0,0.12872757899335666,1791123.0,10123856.0,2013659.142857143,230566.92746931795,1883035.0,14.398353913710423,2,0.7832658619336791,-0.9749279121818236,10,9,1743675.0,0.17225515075917244,8.718375,1900016.0648671852,0.0,0.9483650915511077,158772.0,5,14246419.0,-3.0,1.0151212502573184,0.9915834436217073,2170122.1666666665,0.8459595714923014,1876208.4285714286,1821551.0,-28384.0,0.8466694672128154,2043124.5
2025-02-09,2186024,0.017417676818319183,48,-509908.0,0.1584065279966711,2331440.0,11952333.0,2013659.142857143,369315.3156325589,2196980.0,14.661997089313065,2,0.7724559775191742,-0.7818314824680299,12,8,2044032.0,-0.004720513271515805,12.264192,2215023.6722081862,0.0,0.9254801288365753,-159782.0,6,14283773.0,-5.0,1.0159942380995044,0.9916137055414952,2489345.5,0.8275763727906629,2185307.1428571427,2211186.0,-41763.57142857143,0.8466694672128154,2455348.5
2025-02-10,2323951,0.03436393547206551,0,357547.0,0.152505466311665,2102830.0,0.0,2019765.2857142857,320693.0697241585,2283725.0,14.558795090067195,2,0.7614175109532997,0.0,0,7,2031692.3333333333,-0.172480970018019,0.0,2274987.926862168,0.8856187571574471,0.9458644228541545,392197.0,0,14138357.0,-7.0,1.0159942380995044,0.9916137055414952,2340075.6666666665,0.8376752746075423,2268338.4285714286,2338385.0,-50408.42857142857,0.8466694672128154,2311702.5
2025-02-11,1753906,0.029042912421031408,6,137927.0,0.11643595673495222,1649904.0,2323951.0,2019765.2857142857,192108.15076082462,1754659.0,14.31622826846164,2,0.7501537286959042,0.7818314824680298,2,6,1656840.0,0.14761651029143255,1.65684,1774656.7055632311,0.9012419336784018,0.9650381495930731,209437.0,1,14359478.0,-7.0,1.1051540067432937,1.0656991711767236,1860973.6666666667,0.8697328480126879,1741345.2142857143,1828477.0,-36474.71428571428,0.8466694672128154,1836924.5
2025-02-12,1990225,0.04828543491857584,10,-570045.0,0.12541119717511956,1821551.0,4077857.0,2019765.2857142857,228442.8916255362,2021114.0,14.415199442923354,2,0.7386679638813748,0.9749279121818236,4,5,1902936.0,0.148907763040623,3.805872,2052885.2827892525,0.9082737421481939,1.0541314872876988,-52807.0,2,14463480.0,-7.0,1.086636303026007,1.0604430157347255,1950318.5,0.9574399506750395,2009038.5,2186024.0,-30136.85714285714,0.8466694672128154,1865275.0
2025-02-13,2563360,0.007682675665109495,12,236319.0,0.1566500466733964,2211186.0,6068082.0,2019765.2857142857,346382.3901035607,2515629.0,14.60904003337757,2,0.726963615332308,0.43388373911755823,6,4,2280726.6666666665,0.0655853146796193,6.84218,2575488.5375977,0.9183014454783633,1.05489171191752,-68628.0,3,14632154.0,-7.0,1.0885848140165062,1.076299953187438,2370277.5,0.968708583877004,2503087.1428571427,2323951.0,-26181.714285714286,0.9225446990068401,2294303.0
2025-02-14,2626024,-0.04731327929359319,12,573135.0,0.16428757858248466,2338385.0,8631442.0,2019765.2857142857,384167.6094436034,2615463.0,14.664971505761594,2,0.7150441465537444,-0.433883739117558,8,3,2456476.0,-0.17876095675268147,9.825904,2733848.9226057576,0.0,1.0924974970446055,50015.0,4,14984328.0,-7.0,1.1086602210707612,1.0957185413192538,2467589.0,1.025428527195896,2605252.0,1753906.0,-5820.428571428572,0.9225446990068401,2432542.0
2025-02-15,2160974,0.07463302216852075,10,62664.0,0.12843297443918278,1828477.0,11257466.0,2019765.2857142857,234836.73980363362,2159328.0,14.418994484779201,2,0.7029130847082615,-0.9749279121818236,10,2,2017354.0,0.13391848926861621,10.08677,2285141.490596939,0.0,1.097648165730013,32084.0,5,15271967.0,-7.0,1.1119741331761337,1.1008230847038374,2117052.6666666665,1.0517488258802883,2145233.285714286,1990225.0,194.57142857142858,0.9225446990068401,1898770.5
2025-02-16,2394991,0.07222686382526611,6,-465050.0,0.1562767800831994,2186024.0,13418440.0,2019765.2857142857,341624.79190459586,2474646.0,14.597595384066766,2,0.6905740195722294,-0.7818314824680299,12,1,2287515.0,0.053333148863256595,13.72509,2656698.952474075,0.0,1.0364797372210168,-174575.0,6,15604464.0,-7.0,1.122662830762831,1.1123993895185205,2420457.1666666665,1.0131326802504903,2457876.0714285714,2563360.0,8223.714285714286,0.9225446990068401,2327109.5
2025-02-17,2721332,0.049890244550882645,0,234017.0,0.15368175986664356,2323951.0,0.0,2259061.5714285714,357148.8795238462,2606125.0,14.658779742695891,2,0.6780306024735382,0.0,0,0,2435770.3333333335,-0.14959253424365454,0.0,2841309.0170430015,0.0,1.1273875532555764,207142.0,0,15813431.0,-7.0,1.122662830762831,1.1123993895185205,2327194.5,1.116110617234086,2580125.5714285714,2626024.0,-1590.4285714285713,0.9225446990068401,2273059.0
2025-02-18,2243788,0.0517540387804476,1,326341.0,0.1157119206286404,1753906.0,2721332.0,2259061.5714285714,202947.83186209618,2206877.0,14.3773564288438,2,0.6652865452111116,0.7818314824680298,2,1,2036248.0,-0.03015398910152398,2.036248,2445287.707358975,0.0,1.1842020827521187,53532.0,1,16210812.0,-5.0,1.1709937085592597,1.2118101225900761,1799620.0,1.2054274370851157,2193200.214285714,2160974.0,9121.142857142857,0.9225446990068401,1756153.5
2025-02-19,2122519,0.07662256486941144,4,-477544.0,0.12508840848271677,1990225.0,4965120.0,2259061.5714285714,248954.07777251498,2162956.0,14.503758758091532,2,0.6523456189565257,0.9749279121818236,4,2,1974847.0,0.12520135523522832,3.949694,2459370.151055799,0.0,1.0860165421186112,139774.0,2,16700694.0,-3.0,1.2175807047672345,1.261435692533688,1895719.8333333333,1.1409996030866727,2155138.4285714286,2394991.0,14501.714285714286,0.9225446990068401,1865275.0
2025-02-20,2466484,0.027192881036907313,9,-121269.0,0.1563458039338293,2563360.0,7087639.0,2259061.5714285714,400770.57997182064,2513429.0,14.756829845993442,2,0.6392116531380588,0.43388373911755823,6,3,2274723.3333333335,0.029771080979641085,6.82417,2854783.5398917077,0.0,1.0392548326430218,360032.0,3,16832988.0,-1.0,1.168019647723943,1.2294407602660518,2355598.0,1.099949205525135,2506907.0,2721332.0,13137.714285714286,1.0780626144926095,2294303.0
2025-02-21,2553110,-0.08015521588669794,16,343965.0,0.1622664271726677,2626024.0,9554123.0,2259061.5714285714,426115.5321496775,2555082.0,14.780981853982349,2,0.6258885343075018,-0.433883739117558,8,4,2361550.0,-0.13795431771713873,9.4462,2840646.041375595,0.0,1.037833163493418,222325.0,4,16736112.0,1.0,1.106897665534913,1.186420871425094,2430950.3333333335,1.0926079270849298,2551978.0714285714,2243788.0,-387.42857142857144,1.0780626144926095,2432542.0
2025-02-22,2162478,-0.021547911652098017,25,86626.0,0.1291800537353971,2160974.0,12107233.0,2259061.5714285714,279154.737440796,2106561.0,14.586070066703918,2,0.612380204990065,-0.9749279121818236,10,5,2002102.3333333333,0.17310202342315906,10.010511666666666,2292497.157464823,0.0,1.076730960915158,295143.0,5,16663198.0,3.0,1.0754847494098583,1.16117500458498,2020236.3333333333,1.1282263775125254,2105569.3571428573,2122519.0,-2177.8571428571427,1.0780626144926095,1898770.5
2025-02-23,2594617,-0.022654247887045287,36,-390632.0,0.15772562618010516,2394991.0,14269711.0,2259061.5714285714,377751.4551707162,2561682.0,14.688890448529298,2,0.5986906625177214,-0.7818314824680299,12,6,2371505.3333333335,-0.05463080079212297,14.229032,2749592.5644411976,0.0,1.068468708542396,354383.0,6,16664702.0,5.0,1.063440385022402,1.158414198695195,2352795.3333333335,1.1196872025725089,2568581.4285714286,2466484.0,5575.142857142857,1.0780626144926095,2327109.5
2025-02-24,2399600,-0.003599109714935045,0,432139.0,0.1513126455845295,2721332.0,0.0,2409189.714285714,411771.9444338388,2405209.0,14.81663239175478,2,0.5848239578463322,0.0,0,7,2208466.3333333335,-0.16703645958302005,0.0,2583202.733986021,0.0,1.0047938443408582,176260.0,0,16864328.0,7.0,1.063440385022402,1.158414198695195,2321033.3333333335,1.0648267884475493,2415243.5,2553110.0,21659.428571428572,1.0780626144926095,2273059.0
2025-02-25,1917007,0.007618978888158212,8,-195017.0,0.11853228157220075,2243788.0,2399600.0,2409189.714285714,265961.31100432517,1935225.0,14.623676512683266,2,0.5707841943569036,0.7818314824680298,2,8,1821556.0,0.07796776330064127,1.821556,1977467.59504111,0.0,1.0382416858862293,385880.0,1,16542596.0,7.0,0.8817740724027793,1.0391293069887466,1816967.5,1.0768132651159772,1941985.5714285714,2162478.0,4400.0,1.0780626144926095,1756153.5
2025-02-26,2124463,0.03590181881346588,18,-482593.0,0.12693264491160772,2122519.0,4316607.0,2409189.714285714,269416.9505451407,2140789.0,14.568114619973658,2,0.5565755266413303,0.9749279121818236,4,9,1982620.6666666667,0.11534796102336195,3.9652413333333336,2069268.8520971267,0.0,1.0782705531329961,-36380.0,2,16215815.0,7.0,0.8693862383990719,1.04746616051108,1909582.6666666667,1.094851023237486,2146302.0714285714,2594617.0,-3475.5714285714284,1.0780626144926095,1865275.0
2025-02-27,2579759,-0.03317880202188095,30,207456.0,0.1555447284292647,2466484.0,6441070.0,2409189.714285714,383648.5839551265,2551534.0,14.718304618145446,2,0.5422021592729844,0.43388373911755823,6,10,2307264.6666666665,0.02205013662592364,6.921794,2448008.6845256314,0.0,1.0458295916748308,-449050.0,3,16217759.0,7.0,0.9087751224349886,1.0641585114697314,2331318.3333333335,1.062015162338811,2558087.285714286,2399600.0,-31.142857142857142,0.9792503695751058,2294303.0
2025-02-28,2630825,-0.08477461104355088,44,455296.0,0.1610269719928517,2553110.0,9020829.0,2409189.714285714,411119.57246466965,2602686.0,14.752823173539339,2,0.527668345562516,-0.433883739117558,8,11,2372433.6666666665,-0.148241443354015,9.489734666666665,2527264.7888862942,0.0,1.034203440850003,-360553.0,4,16331034.0,7.0,0.9441817946032305,1.0716432197947339,2418798.0,1.0569207206376456,2607846.0,1917007.0,10707.42857142857,0.9792503695751058,2432542.0
2025-03-01,2158850,0.026656391303849336,60,51066.0,0.13031980234383778,2162478.0,11651654.0,2409189.714285714,281813.7055328976,2132092.0,14.586765806758361,3,0.512978386299228,-0.9749279121818236,15,12,2001440.3333333333,0.18822922125135122,10.007201666666665,2093063.5493379757,0.0,0.9163014868912043,-330993.0,5,16408749.0,7.0,0.9623713362086944,1.07236294949616,1956765.5,0.9412189706312101,2138507.5714285714,2124463.0,15009.0,0.9792503695751058,1898770.5
2025-03-02,2599903,0.025098972838176747,78,-471975.0,0.15633092516570785,2594617.0,13810504.0,2409189.714285714,405618.8760606734,2566870.0,14.768949857580532,3,0.4981366284784055,-0.7818314824680299,18,13,2391130.3333333335,-0.05341880113122659,14.346782,2521077.569820459,0.0,0.9525009834078224,-9341.0,6,16405121.0,7.0,0.9678194603941173,1.0746500054528132,2352795.3333333335,0.97816723884199,2575079.285714286,2579759.0,10843.42857142857,0.9792503695751058,2327109.5
2025-03-03,2366161,0.04123797226284087,0,441053.0,0.15082082686883871,2399600.0,0.0,2344343.8571428573,361909.6561544654,2405790.0,14.690813031497111,3,0.4831474640149687,0.0,0,14,2230119.0,-0.05341880113122659,0.0,2342611.662284846,0.0,0.9504191778389416,-719113.0,0,16410407.0,7.0,0.9678194603941173,1.0746500054528132,2267411.3333333335,0.9763260452185822,2422048.4285714286,2630825.0,10857.42857142857,0.9792503695751058,2273059.0
2025-03-04,1875355,0.014630500871934737,15,-233742.0,0.11936883409999463,1917007.0,2366161.0,2344343.8571428573,228830.8905515284,2405790.0,14.466276195206346,3,0.4680153284438345,0.7818314824680298,3,15,2230119.0,-0.05341880113122659,0.0,1963733.731000964,0.0,0.9504191778389416,-816663.0,1,16376968.0,7.0,0.9860647607934656,0.9912995918499017,1774318.3333333333,0.9763260452185822,1988948.7142857143,2158850.0,5997.428571428572,0.9792503695751058,1756153.5
2025-03-05,2136554,0.018023421099835124,32,-490806.0,0.12750273161972667,2124463.0,4241516.0,2344343.8571428573,270874.83572503936,2405790.0,14.569030093229864,3,0.45274469960737107,0.9749279121818236,6,16,2230119.0,-0.05341880113122659,0.0,2220050.4645693,0.0,0.9504191778389416,-130350.0,2,16335316.0,7.0,0.9826041610922653,0.9914532911321541,1909582.6666666667,0.9763260452185822,2206418.714285714,2599903.0,-6885.0,0.9792503695751058,1865275.0
2025-03-06,2576928,-0.050802010725405244,51,261199.0,0.15548838948954063,2579759.0,6378070.0,2344343.8571428573,401122.5721811479,2405790.0,14.763206929315055,3,0.4373400963303323,0.43388373911755823,9,17,2230119.0,-0.05341880113122659,0.0,2586548.3919126224,0.0,0.9504191778389416,210151.0,3,16347407.0,7.0,0.9902190164056593,1.0135553998565656,2331318.3333333335,0.9763260452185822,2570421.714285714,2366161.0,-15273.42857142857,0.969794294582817,2294303.0
2025-03-07,2643053,-0.09088941906151338,72,440374.0,0.1607903609073396,2630825.0,8954998.0,2344343.8571428573,423011.30123405176,2405790.0,14.782808423285843,3,0.4218060770826634,-0.433883739117558,12,18,2230119.0,-0.05341880113122659,0.0,2714697.788213752,0.0,0.9504191778389416,150629.0,4,16344576.0,7.0,0.9927023336768716,1.0236662721463974,2429176.8333333335,0.9763260452185822,2715996.0714285714,1875355.0,-19469.285714285714,0.969794294582817,2432542.0
2025-03-08,2281542,0.03330353063404545,95,66125.0,0.13144084932645783,2158850.0,11598051.0,2344343.8571428573,283761.07756842347,2405790.0,14.585086693683264,3,0.40614723863057883,-0.9749279121818236,15,19,2230119.0,-0.05341880113122659,0.0,2322662.5768319555,0.0,0.9504191778389416,-5132.0,5,16356804.0,7.0,0.9953995372674128,1.0277356934700945,1956160.8333333333,0.9763260452185822,2332733.785714286,2136554.0,-34535.42857142857,0.969794294582817,1898770.5
2025-03-09,2663677,0.03934959428591278,120,-361511.0,0.15458800768810188,2599903.0,13879593.0,2344343.8571428573,401913.82495231915,2405790.0,14.770985079233114,3,0.3903682146763026,-0.7818314824680299,18,20,2230119.0,-0.05341880113122659,0.0,2706328.6306335237,0.0,0.9504191778389416,-194340.0,6,16479496.0,7.0,1.005002641467683,1.0386781250891004,2355355.3333333335,0.9763260452185822,2701745.785714286,2576928.0,-47065.857142857145,0.969794294582817,2327109.5
2025-03-10,2463857,0.06139939379584969,0,382135.0,0.14939491195852064,2366161.0,0.0,2363324.285714286,353492.41427468514,2405790.0,14.676779791168054,3,0.374473674486883,0.0,0,21,2230119.0,-0.05341880113122659,0.0,2553148.2176336483,0.0,0.9504191778389416,288293.0,0,16543270.0,7.0,1.005002641467683,1.0386781250891004,2291410.3333333335,0.9763260452185822,2538681.4285714286,2643053.0,-59810.57142857143,0.969794294582817,2345056.0
2025-03-11,2027490,0.03986264022208963,22,-199820.0,0.11853473119266203,1875355.0,2463857.0,2363324.285714286,222294.7008158147,2405790.0,14.44430906603092,3,0.35846832151248087,0.7818314824680298,3,22,2230119.0,-0.05341880113122659,0.0,2204712.913450622,0.0,0.9504191778389416,285129.0,1,16640966.0,7.0,1.0412888218510912,1.00452388145441,1767636.1666666667,0.9763260452185822,2167957.1428571427,2281542.0,-68335.14285714286,0.969794294582817,1756153.5
2025-03-12,2297329,0.03756417875380813,46,-436367.0,0.12758070816574854,2136554.0,4491347.0,2363324.285714286,272583.0723543627,2405790.0,14.57470527677255,3,0.342356891994542,0.9749279121818236,6,23,2230119.0,-0.05341880113122659,0.0,2412447.3602456087,0.0,0.9504191778389416,10147.0,2,16793101.0,7.0,1.0589013456509417,1.0206968882626655,1949365.1666666667,0.9763260452185822,2345879.714285714,2663677.0,-77369.57142857143,0.969794294582817,1917503.5
2025-03-13,2708449,-0.0269253854495064,72,269839.0,0.1553315678324368,2576928.0,6788676.0,2363324.285714286,400278.2664313057,2405790.0,14.76210893783858,3,0.3261441535642696,0.43388373911755823,9,24,2230119.0,-0.05341880113122659,0.0,2611611.811584712,0.0,0.9504191778389416,-116106.0,3,16953876.0,7.0,1.0643777819936124,1.045422495234912,2401094.0,0.9763260452185822,2521523.8571428573,2463857.0,-79602.85714285714,1.0324153607054298,2418023.0
2025-03-14,2767748,-0.07336208699734992,100,411120.0,0.1593836298272641,2643053.0,9497125.0,2363324.285714286,421259.38096583984,2405790.0,14.787445624705747,3,0.3098349038318025,-0.433883739117558,12,25,2230119.0,-0.05341880113122659,0.0,2797431.1325862473,0.0,0.9504191778389416,-65487.0,4,17085397.0,7.0,1.060539041996436,1.0505264841574682,2491352.3333333335,0.9763260452185822,2683364.1428571427,2027490.0,-59512.42857142857,1.0324153607054298,2539904.5
2025-03-15,2487259,0.03908055835014124,130,59299.0,0.1335873996481731,2281542.0,12264873.0,2363324.285714286,304785.2629680921,2405790.0,14.640362526421603,3,0.2934339689665273,-0.9749279121818236,15,26,2230119.0,-0.05341880113122659,0.0,2494954.9500413225,0.0,0.9504191778389416,126320.0,5,17210092.0,7.0,1.0574943152086502,1.0524534862657473,2006876.1666666667,0.9763260452185822,2371783.8571428573,2297329.0,-42052.857142857145,1.0324153607054298,2049102.5
2025-03-16,2789837,0.045900406274596905,162,-280489.0,0.15618705137519484,2663677.0,14752132.0,2363324.285714286,416031.85644592484,2405790.0,14.795218432466074,3,0.27694620226893646,-0.7818314824680299,18,27,2230119.0,-0.05341880113122659,0.0,2847453.8908960815,0.0,0.9504191778389416,58488.0,6,17415809.0,7.0,1.062864883718132,1.0655542587768396,2401542.6666666665,0.9763260452185822,2699625.5,2708449.0,-22319.14285714286,1.0324153607054298,2363215.5
2025-03-17,2699013,0.06428351002634392,0,302578.0,0.1477685131780346,2463857.0,0.0,2505995.5714285714,364080.4855732928,2405790.0,14.717238972104752,3,0.2603764827344581,0.0,0,28,2230119.0,-0.05341880113122659,0.0,2700496.767380199,0.0,0.9504191778389416,131135.0,0,17541969.0,7.0,1.062864883718132,1.0655542587768396,2353911.3333333335,0.9763260452185822,2549709.6428571427,2767748.0,-6362.142857142857,1.0324153607054298,2382880.5
2025-03-18,2270253,0.052148774224979766,29,-90824.0,0.11970147103391297,2027490.0,2699013.0,2505995.5714285714,242693.5355065482,2405790.0,14.522309625997611,3,0.24372971360968387,0.7818314824680298,3,29,2230119.0,-0.05341880113122659,0.0,2337150.3825691096,0.0,0.9504191778389416,193787.0,1,17777125.0,7.0,1.0954422273695268,1.0849267657861812,1830343.8333333333,0.9763260452185822,2183591.5,2487259.0,24426.14285714286,1.0324153607054298,1816878.0
2025-03-19,2408377,0.05391165356592165,60,-428760.0,0.12885701938234878,2297329.0,4969266.0,2505995.5714285714,296026.96748063195,2405790.0,14.647258137003163,3,0.22701082094141847,0.9749279121818236,6,30,2230119.0,-0.05341880113122659,0.0,2587596.0526587693,0.0,0.9504191778389416,148684.0,2,18019888.0,7.0,1.106408834587931,1.103386976889288,1997993.8333333333,0.9763260452185822,2404119.9285714286,2789837.0,58189.42857142857,1.0324153607054298,2056372.0
2025-03-20,2768538,-0.01005387579145589,93,138124.0,0.1534060810230901,2708449.0,7377643.0,2505995.5714285714,415492.5467409074,2405790.0,14.811887073507258,3,0.2102247521189836,0.43388373911755823,9,31,2230119.0,-0.05341880113122659,0.0,2882487.537661734,0.0,0.9504191778389416,134352.0,3,18130936.0,7.0,1.086757270489857,1.1054530443478112,2436126.8333333335,0.9763260452185822,2685527.3571428573,2699013.0,70381.57142857143,1.1217671599682146,2514922.0
2025-03-21,2771173,-0.08292448390288842,120,360161.0,0.1573125679926869,2767748.0,10146181.0,2505995.5714285714,435401.54543662316,2405790.0,14.83354491241734,3,0.19337647441020586,-0.433883739117558,12,30,2230119.0,-0.05341880113122659,0.0,2922723.235572082,0.0,0.9504191778389416,112467.0,4,18191025.0,5.0,1.0683423667688905,1.0960823667545978,2510744.6666666665,0.9763260452185822,2733564.214285714,2270253.0,61654.857142857145,1.1217671599682146,2589567.0
2025-03-22,2501942,0.00029345358728782855,145,2635.0,0.13487107507066753,2487259.0,12917354.0,2505995.5714285714,335459.29530919343,2405790.0,14.726692260948097,3,0.17647097349152166,-0.9749279121818236,15,29,2230119.0,-0.05341880113122659,0.0,2578450.6257180446,0.0,0.9504191778389416,83025.0,5,18194450.0,3.0,1.053199164801788,1.0849947726683473,2063907.3333333333,0.9763260452185822,2431463.214285714,2408377.0,60767.28571428572,1.1217671599682146,2159912.0
2025-03-23,2832539,0.004854455066550134,168,-269231.0,0.15808327231925912,2789837.0,15419296.0,2505995.5714285714,441026.5621973449,2405790.0,14.84149408759561,3,0.15951325197263655,-0.7818314824680299,18,28,2230119.0,-0.05341880113122659,0.0,2884896.022335856,0.0,0.9504191778389416,62386.0,6,18209133.0,1.0,1.045224920709766,1.0875520040400664,2481151.5,0.9763260452185822,2746501.214285714,2768538.0,61146.57142857143,1.1217671599682146,2494804.0
2025-03-24,2617185,0.02617217187502674,0,330597.0,0.14439603461798423,2699013.0,0.0,2607405.0,389726.77458238945,2405790.0,14.808397079093025,3,0.14250832791617088,0.0,0,27,2230119.0,-0.05341880113122659,0.0,2718032.268316634,0.0,0.9504191778389416,137460.0,0,18251835.0,-1.0,1.045224920709766,1.0875520040400664,2392568.6666666665,0.9763260452185822,2603935.8214285714,2771173.0,64230.42857142857,1.1217671599682146,2382880.5
2025-03-25,2153871,0.022616385464260924,26,-215354.0,0.1175353612364641,2270253.0,2617185.0,2607405.0,266835.00645316637,2405790.0,14.635402277471016,3,0.12546123335273648,0.7818314824680298,3,26,2230119.0,-0.05341880113122659,0.0,2283711.62316599,0.0,0.9504191778389416,90628.0,1,18170007.0,-3.0,0.9696822505115759,1.0543991412310518,1911241.6666666667,0.9763260452185822,2243545.464285714,2501942.0,49011.857142857145,1.1217671599682146,1896181.0
2025-03-26,2339528,0.02829451915008452,50,-463314.0,0.13038054362451051,2408377.0,4771056.0,2607405.0,314005.50251276774,2405790.0,14.694464049835474,3,0.10837701279187609,0.9749279121818236,6,25,2230119.0,-0.05341880113122659,0.0,2437753.730702105,0.0,0.9504191778389416,-49727.0,2,18053625.0,-5.0,0.9601128214911417,1.0591322276989907,2082106.8333333333,0.9763260452185822,2450865.8928571427,2832539.0,26953.0,1.1217671599682146,2123491.0
2025-03-27,2703280,-0.04044039550500034,72,185657.0,0.15476381910678053,2768538.0,7110584.0,2607405.0,428469.51422224793,2405790.0,14.833830302196686,3,0.09126072172931188,0.43388373911755823,9,24,2230119.0,-0.05341880113122659,0.0,2639335.824829762,0.0,0.9504191778389416,-71432.0,3,17984776.0,-7.0,0.9638015827005997,1.0539874826661277,2519004.0,0.9763260452185822,2681653.6428571427,2617185.0,10167.42857142857,1.0803779014087613,2570144.0
2025-03-28,2715766,-0.10146525676230334,92,363752.0,0.15742223806765795,2771173.0,9813864.0,2607405.0,436244.2557326659,2405790.0,14.834781615089149,3,0.07411742515094437,-0.433883739117558,12,23,2230119.0,-0.05341880113122659,0.0,2701818.3789468384,0.0,0.9504191778389416,-121270.0,4,17919518.0,-7.0,0.9672470853811892,1.0434970949489983,2593190.8333333335,0.9763260452185822,2775080.714285714,2153871.0,-12881.57142857143,1.0803779014087613,2628424.5
2025-03-29,2348454,-0.0051170188210822865,110,12486.0,0.1370838229787122,2501942.0,12529630.0,2607405.0,342975.7742310051,2405790.0,14.732578187974905,3,0.056952196034039754,-0.9749279121818236,15,22,2230119.0,-0.05341880113122659,0.0,2382103.812119119,0.0,0.9504191778389416,-191034.0,5,17864111.0,-7.0,0.9699842552894347,1.034823884374466,2179930.0,0.9763260452185822,2459441.5,2339528.0,-15267.42857142857,1.0803779014087613,2161726.0
2025-03-30,2700604,-0.002027382196486016,126,-367312.0,0.15841818036789046,2832539.0,14878084.0,2607405.0,448725.67420108407,2405790.0,14.856684393585116,3,0.03977011384605572,-0.7818314824680299,18,21,2230119.0,-0.05341880113122659,0.0,2643469.549380697,0.0,0.9504191778389416,-83458.0,6,17710623.0,-7.0,0.9649003430506814,1.0285303748907413,2562410.8333333335,0.9763260452185822,2744938.785714286,2703280.0,-22698.0,1.0803779014087613,2597260.0
2025-03-31,2555126,0.020076791631121527,0,352150.0,0.14506095836316363,2617185.0,0.0,2511241.1428571427,379651.3643136964,2405790.0,14.777610252735231,3,0.022576263041545485,0.0,0,20,2230119.0,-0.05341880113122659,0.0,2469918.0277616126,0.0,0.9504191778389416,-316984.0,0,17578688.0,-7.0,0.9649003430506814,1.0285303748907413,2478294.5,0.9763260452185822,2585964.3928571427,2715766.0,-18716.14285714286,1.0803779014087613,2431728.5
2025-04-01,2181917,0.01399798348706982,19,-145478.0,0.11896307662387891,2153871.0,2555126.0,2511241.1428571427,256231.1208109507,2405790.0,14.582777710605942,4,0.005375731557583884,0.7818314824680298,4,19,2230119.0,-0.05341880113122659,0.0,2092950.972465926,0.0,0.9504191778389416,-359145.0,1,17516629.0,-7.0,0.9762878818272304,1.0073217443823392,1995236.1666666667,0.9763260452185822,2196733.8928571427,2348454.0,-34798.57142857143,1.0803779014087613,1972248.5
2025-04-02,2179265,0.03513439352781167,36,-373209.0,0.13128819605799064,2339528.0,4737043.0,2511241.1428571427,307152.4107471587,2405790.0,14.665460185022651,4,-0.011826390691832589,0.9749279121818236,8,18,2230119.0,-0.05341880113122659,0.0,2303146.9263551557,0.0,0.9504191778389416,-179897.0,2,17544675.0,-7.0,0.9928709702841467,1.0257122418251103,2168436.3333333335,0.9763260452185822,2398174.8214285714,2700604.0,-33336.857142857145,1.0803779014087613,2130508.5
2025-04-03,2619950,-0.03189914505822489,51,-2652.0,0.1539085812780448,2703280.0,6916308.0,2511241.1428571427,416057.98959731293,2405790.0,14.809976778419825,4,-0.029025013321975237,0.43388373911755823,12,17,2230119.0,-0.05341880113122659,0.0,2556045.0807567034,0.0,0.9504191778389416,-125347.0,3,17384412.0,-7.0,0.9726779122502456,1.0003709640215523,2599710.0,0.9763260452185822,2667245.535714286,2555126.0,-28186.714285714286,1.0503601609595443,2578343.5
2025-04-04,2657802,-0.09300612125538954,64,440685.0,0.15596662176337278,2715766.0,9536258.0,2511241.1428571427,423568.8485198278,2405790.0,14.814584976057313,4,-0.046215046983708354,-0.433883739117558,16,16,2230119.0,-0.05341880113122659,0.0,2601705.6424684236,0.0,0.9504191778389416,-58832.0,4,17301082.0,-7.0,0.9717128747657395,0.9930455370287873,2656087.6666666665,0.9763260452185822,2716055.75,2181917.0,-19283.714285714286,1.0503601609595443,2636939.0
2025-04-05,2240401,-0.010128541981094585,75,37852.0,0.13759455925605119,2348454.0,12194060.0,2511241.1428571427,323134.49306311045,2405790.0,14.669268223098907,4,-0.06339140486951038,-0.9749279121818236,20,15,2230119.0,-0.05341880113122659,0.0,2193357.28070408,0.0,0.9504191778389416,-168171.0,5,17243118.0,-7.0,0.9732178843269913,0.9891772663619652,2266592.8333333335,0.9763260452185822,2286435.8214285714,2179265.0,-28906.14285714286,1.0503601609595443,2222010.0
2025-04-06,2735362,-0.0021594542473586387,84,-417401.0,0.15721800665749808,2700604.0,14434461.0,2511241.1428571427,424583.57765126595,2734318.0,14.808986379947786,4,-0.08054900421874167,-0.7818314824680299,24,14,2487829.0,-0.03769804290443736,14.926974,2589540.6926138927,0.0,0.9982204010656358,-174637.0,6,17135065.0,-7.0,0.9701827869771403,0.979784844857223,2623938.1666666665,1.069732817422599,2698146.3214285714,2619950.0,-44929.0,1.0503601609595443,2631790.0
2025-04-07,2532641,0.026001910901858327,0,494961.0,0.14650753693333804,2555126.0,0.0,2452831.8571428573,374345.2168143323,2582796.0,14.753612486842542,4,-0.09768276782171598,0.0,0,13,2369255.0,-0.14244055620859722,0.0,2454943.7918507494,0.0,0.981380190062085,19769.0,0,17169823.0,-7.0,0.9701827869771403,0.979784844857223,2516823.6666666665,1.0536584508679705,2524567.25,2657802.0,-51421.28571428572,1.0503601609595443,2509491.5
2025-04-08,2087676,0.022720468841865626,12,-202721.0,0.1223925758168335,2181917.0,2532641.0,2452831.8571428573,267050.4418485379,2205546.0,14.59571486446735,4,-0.11478762552212701,0.7818314824680298,4,12,2031777.0,0.07763083720817386,2.031777,2069254.0729432392,0.0,0.9811187043175962,144428.0,1,17147338.0,-7.0,0.9912000425810704,0.9802018948676371,2066571.3333333333,1.05176767256758,2109778.5,2240401.0,-30258.428571428572,1.0503601609595443,2090680.5
2025-04-09,2302933,0.05196093972796145,22,-444965.0,0.13073187164292216,2179265.0,4620317.0,2452831.8571428573,284899.39225591277,2413710.0,14.594498680822321,4,-0.13185851571739118,0.9749279121818236,8,11,2202130.6666666665,0.0921957255358257,4.404261333333333,2225063.695321718,0.0,1.012272525056967,-91414.0,2,17053097.0,-7.0,0.9753588895013197,0.9743027360002092,2199943.0,1.0788035339650157,2292693.9285714286,2735362.0,-36803.0,1.0503601609595443,2157909.5
2025-04-10,2720572,-0.019668775124563886,30,215257.0,0.1531139383950049,2619950.0,6923250.0,2452831.8571428573,401150.86289799307,2690138.0,14.778666173272313,4,-0.1488903868564548,0.43388373911755823,12,10,2468145.3333333335,0.021830423798765413,7.404436,2574492.387294643,0.0,0.9886432072568047,-18072.0,3,17176765.0,-7.0,1.0010037146986515,0.9822577499242637,2625287.6666666665,1.060759713170173,2606817.1785714286,2532641.0,-26350.285714285714,1.0511030480761758,2599854.5
2025-04-11,2743057,-0.07419668191821849,36,417639.0,0.15472384684312626,2657802.0,9643822.0,2452831.8571428573,411225.3495873547,2732493.0,14.793010399632012,4,-0.16587819893463143,-0.433883739117558,16,9,2532143.3333333335,-0.1258108612843202,10.128573333333334,2685554.0110252574,0.0,1.0099087460492968,-2557.0,4,17277387.0,-7.0,1.0112794767087887,0.9892766545172689,2673536.3333333335,1.0893425022444057,2680216.8928571427,2087676.0,-12138.0,1.0511030480761758,2650427.5
2025-04-12,2271278,0.026898950276631695,40,22485.0,0.1357373592314071,2240401.0,12386879.0,2452831.8571428573,304106.11535940366,2422106.0,14.622165872015149,4,-0.1828169249850199,-0.9749279121818236,20,8,2211840.3333333335,0.1456276003044825,11.059201666666668,2178723.7430427577,0.0,1.061042184940147,45435.0,5,17362642.0,-7.0,1.015812534955544,0.9928184667962318,2280184.6666666665,1.1505257883257167,2149165.035714286,2302933.0,-1610.2857142857142,1.0511030480761758,2260971.5
2025-04-13,2747565,0.013989839212658728,42,-471779.0,0.15679287113736806,2735362.0,14658157.0,2452831.8571428573,428885.26158005337,2755433.0,14.821774708979987,4,-0.1997015525660636,-0.7818314824680299,24,7,2533945.3333333335,-0.04369702899710595,15.203672,2714067.479851535,1.0860356611668869,1.0096894729935872,166693.0,6,17393519.0,-7.0,1.0154973573311812,0.9856878255257092,2680666.6666666665,1.096558774375836,2669190.8928571427,2720572.0,23361.14285714286,1.0511030480761758,2682140.5
2025-04-14,2565091,0.031735826037312176,0,476287.0,0.14777034824328378,2532641.0,0.0,2486531.714285714,374249.2425452185,2607498.0,14.744773584609064,4,-0.21652708524481437,0.0,0,6,2400220.0,-0.13793916113245172,0.0,2548933.013846321,1.0867084167343408,0.9907347373096818,39574.0,0,17405722.0,-7.0,1.0154973573311812,0.9856878255257092,2544570.3333333335,1.0766397777855172,2517267.1428571427,2743057.0,23144.428571428572,1.0511030480761758,2543883.5
2025-04-15,2114573,0.01655032619884156,5,-182474.0,0.12348321348983249,2087676.0,2565091.0,2486531.714285714,257792.94120559952,2243576.0,14.551562522531805,4,-0.23328854407545518,0.7818314824680298,4,5,2069135.6666666667,0.07798557524206891,2.069135666666667,2178562.34240839,1.0889532125827197,0.9986186921826105,-122287.0,1,17438172.0,-7.0,1.0128127121056636,0.9861974737515937,2101958.1666666665,1.0874490329974078,2135533.0714285714,2271278.0,21311.428571428572,1.0511030480761758,2120773.5
2025-04-16,2359864,0.037846441970223355,8,-450518.0,0.131068645397653,2302933.0,4679664.0,2486531.714285714,301842.30875155324,2462360.0,14.649694520120347,4,-0.2499809690726521,0.9749279121818236,8,4,2241977.3333333335,0.10842293577255392,4.4839546666666665,2406800.266224961,1.0906832303435852,1.026292745041614,283931.0,2,17465069.0,-7.0,1.0128447896540431,0.9801532981856123,2230012.0,1.119360286440173,2336020.4285714286,2747565.0,34371.71428571428,1.0511030480761758,2238297.0
2025-04-17,2821542,-0.023794585516024647,9,245291.0,0.15359020843884413,2720572.0,7039528.0,2486531.714285714,417853.22055288305,2786223.0,14.816353077850811,4,-0.26659942067929354,0.43388373911755823,12,3,2557825.0,-0.02108337872695561,7.673475,2756263.7850731555,0.0,1.0180386433107111,183952.0,3,17522000.0,-7.0,1.0167952912288305,0.9940103682656445,2651489.6666666665,1.1136698102654143,2695007.214285714,2565091.0,37483.42857142857,1.0684373292707459,2661615.0
2025-04-18,2658132,-0.07025979307403052,8,461678.0,0.15467796920404986,2743057.0,9861070.0,2486531.714285714,424290.4861709534,2693787.0,14.824583914428239,4,-0.28313898122818354,-0.433883739117558,16,2,2495037.6666666665,-0.15597894113288593,9.980150666666667,2794130.8059628704,0.0,0.9889106280062395,143219.0,4,17622970.0,-7.0,1.022527168170462,1.0077709256166147,2693041.8333333335,1.0874357902030376,2733776.285714286,2114573.0,44213.71428571428,1.0684373292707459,2686784.0
2025-04-19,2156119,0.024758874566488398,5,-163410.0,0.13291267508107596,2271278.0,12519202.0,2486531.714285714,301881.63483279606,2320632.0,14.635853666910398,4,-0.2995947563972602,-0.9749279121818236,20,1,2105864.3333333335,0.13122128093688235,10.529321666666668,2253869.4093019273,0.0,1.0045815918639074,138930.0,5,17538045.0,-7.0,1.010682513327207,1.0009771542984105,2298568.6666666665,1.0988504381025506,2233596.5714285714,2359864.0,31037.0,1.0684373292707459,2276410.0
2025-04-20,2591393,-0.002986309300057277,0,-502013.0,0.15649694014526078,2747565.0,14675321.0,2486531.714285714,429985.51535021345,2595625.0,14.826225986809428,4,-0.31596187665790293,-0.7818314824680299,24,0,2399186.3333333335,0.029328980848655654,14.395118,2774826.863733206,0.0,0.9499881501581133,-22555.0,6,17422886.0,-7.0,1.0011709521190146,0.9884035355582939,2706158.0,1.032760928376066,2768454.9285714286,2821542.0,8739.714285714286,1.0684373292707459,2717983.0
2025-04-21,2783476,-0.010355660002275169,0,435274.0,0.1479405312300614,2565091.0,0.0,2466673.4285714286,379480.9251934494,2658016.0,14.75750490339018,4,-0.33223549871590435,0.0,0,1,2491268.3333333335,-0.13412103846140735,0.0,2555629.901692039,0.0,1.0243021406691617,54935.0,0,17266714.0,-5.0,1.0011709521190146,0.9884035355582939,2522250.0,1.103944260898192,2578816.25,2658132.0,-23195.285714285714,1.0684373292707459,2543883.5
2025-04-22,2266040,0.010500465138768122,2,192083.0,0.12300330449867397,2114573.0,2783476.0,2466673.4285714286,260099.46660367452,2261390.0,14.56436393173538,4,-0.3484108069446808,0.7818314824680298,4,2,2127461.6666666665,0.013370854838533175,2.1274616666666666,2161224.901666443,0.0,1.0254514053250345,121138.0,1,17485099.0,-3.0,1.0851373304105,1.084114642947454,2080422.3333333333,1.120783310836306,2159400.714285714,2156119.0,1245.2857142857142,1.0684373292707459,2101124.5
2025-04-23,2343680,0.06249789598910138,6,-517436.0,0.1322483179280436,2359864.0,5049516.0,2466673.4285714286,312088.04453894467,2266046.0,14.674114971975786,4,-0.3644830148102912,0.9749279121818236,8,3,2156296.6666666665,0.11215866066714919,4.312593333333333,2364612.93130607,0.0,0.9818181906487488,-66737.0,2,17636566.0,-1.0,1.0790338793554408,1.0739035563438692,2269245.5,1.082900536379329,2336323.6428571427,2591393.0,23470.0,1.0684373292707459,2300131.0
2025-04-24,2757877,0.02454915249250278,12,77640.0,0.15652117336792834,2821542.0,7393196.0,2466673.4285714286,441631.06454689126,2640572.0,14.852794456395706,4,-0.38044736628785164,0.43388373911755823,12,4,2457431.0,0.019517189113204145,7.372293,2743934.9147000075,0.0,0.9701258128954862,348.0,3,17620382.0,1.0,1.0502403002019454,1.056560652555032,2683424.6666666665,1.0689547483112865,2718587.5714285714,2783476.0,27347.714285714286,1.1216696386821599,2705864.5
2025-04-25,2766258,-0.056664927816451494,20,414197.0,0.15520687345411033,2658132.0,10151073.0,2466673.4285714286,412560.3569483212,2703180.0,14.79313455462576,4,-0.39629913726891813,-0.433883739117558,16,5,2515172.3333333335,-0.14959382551744244,10.060689333333334,2706756.2791623455,0.0,0.9935654830295592,-170180.0,4,17556717.0,3.0,1.029408877535602,1.0450206503593076,2697593.0,1.0910976400620538,2707225.214285714,2266040.0,19594.714285714286,1.1216696386821599,2686949.0
2025-04-26,2203462,0.018936234476391922,30,8381.0,0.12986079636134215,2156119.0,12917331.0,2466673.4285714286,279995.3303898207,2324739.0,14.583820868089228,4,-0.41203363695942635,-0.9749279121818236,20,6,2130232.3333333335,0.18002533542636837,10.651161666666669,2195295.676831194,0.0,1.0145020336058725,-146036.0,5,17664843.0,5.0,1.0318014678571366,1.0410953538351002,2297964.0,1.1214546465582071,2174632.1428571427,2343680.0,41717.28571428572,1.1216696386821599,2276410.0
2025-04-27,2829787,-0.00940331512074466,42,-562796.0,0.15521900315984025,2591393.0,15120793.0,2466673.4285714286,402233.4382553879,2675829.0,14.767706512823391,4,-0.42764620926777464,-0.7818314824680299,24,7,2521392.3333333335,-0.04460931433400275,15.128354,2740196.9321686816,0.0,0.9967515327731102,-168375.0,6,17712186.0,7.0,1.0303551792836423,1.0313260628090672,2706158.0,1.1045163243989027,2681042.214285714,2757877.0,60406.71428571428,1.1216696386821599,2717983.0
2025-04-28,2601001,0.001242144819928459,0,626325.0,0.1494853593024678,2783476.0,0.0,2564368.5714285714,416088.9099697959,2487391.0,14.839211423593296,4,-0.44313223418263453,0.0,0,8,2377364.3333333335,-0.13718791945085407,0.0,2663371.4490013043,0.0,0.9687242450404381,185935.0,0,17950580.0,7.0,1.0303551792836423,1.0313260628090672,2572152.1666666665,1.0870738359530165,2549664.3571428573,2766258.0,110242.0,1.1216696386821599,2560108.5
2025-04-29,2067463,0.0032331444476325633,9,-228786.0,0.12393087952419278,2266040.0,2601001.0,2564368.5714285714,280832.3302370018,2212961.0,14.633544813963331,4,-0.45848712914008766,0.7818314824680298,4,9,2051218.6666666667,0.0582319216121819,2.0512186666666667,2229396.7280823453,0.0,0.9833657068412035,124570.0,1,17768105.0,7.0,0.9344434800228204,0.9969021689033716,2138594.5,1.0908640329379178,2199916.4285714286,2203462.0,94721.57142857143,1.1216696386821599,2134222.0
2025-04-30,2300084,0.04123991854253495,20,-533538.0,0.1316168245177567,2343680.0,4668464.0,2564368.5714285714,308467.719285776,2316545.0,14.667233328267493,4,-0.47370635037968,0.9749279121818236,8,10,2181171.6666666665,0.10050111862339399,4.3623433333333335,2383848.2766525852,0.0,0.9889944392617196,-73115.0,2,17569528.0,7.0,0.9245369259152758,0.9783782707604417,2303766.5,1.083981264875204,2403166.6428571427,2829787.0,65267.28571428572,1.1216696386821599,2321230.5
2025-05-01,2744098,-0.034141768046488385,33,232621.0,0.15648505792093342,2757877.0,6968548.0,2564368.5714285714,431566.5420838101,2641708.0,14.829972101404126,5,-0.48878539428899265,0.43388373911755823,15,11,2481210.0,0.01571193769697993,7.44363,2667391.687268528,0.0,0.9608042728267318,-164635.0,3,17525932.0,7.0,0.9425623235201663,0.9859194245445062,2713111.0,1.0505204167675999,2688448.214285714,2601001.0,51834.71428571428,1.0565005117511588,2714510.5
2025-05-02,2659193,-0.09025631829852365,48,444014.0,0.15510990827577464,2766258.0,9712646.0,2564368.5714285714,429074.02464712784,2714741.0,14.833006423844138,5,-0.503719798736334,-0.433883739117558,20,12,2529172.6666666665,-0.18706066878242958,10.116690666666665,2700261.3125486732,0.0,0.967940806901019,193051.0,4,17512153.0,7.0,0.9568097874973415,0.9912829899952346,2718127.1666666665,1.0574636137434692,2713316.8571428573,2067463.0,55197.0,1.0565005117511588,2729411.5
2025-05-03,2102342,0.013916376053118018,65,-84905.0,0.12714952562529244,2203462.0,12371839.0,2564368.5714285714,280169.14803335816,2180816.0,14.60554077165508,5,-0.518505144391157,-0.9749279121818236,25,13,2041290.3333333333,0.21715620677774763,10.206451666666666,2166174.920758681,0.0,0.9526270402907969,162502.0,5,17405088.0,7.0,0.9577705332471546,0.9894013835805217,2305399.3333333335,1.0338327930491698,2216552.785714286,2300084.0,39816.28571428572,1.0565005117511588,2276410.0
2025-05-04,2762463,-0.013392201505811219,84,-556851.0,0.15622244483358222,2829787.0,14474181.0,2564368.5714285714,442076.24349828815,2689549.0,14.855712355152624,5,-0.533137056031809,-0.7818314824680299,30,14,2513006.6666666665,0.21715620677774763,15.07804,2680687.6306933905,0.0,1.018254051815858,394566.0,6,17303968.0,7.0,0.9572368988848667,0.9831545362532174,2744472.0,1.099031622683063,2757456.8571428573,2744098.0,20009.0,1.0565005117511588,2741463.5
2025-05-05,2588956,0.007927499597105259,0,660121.0,0.150006502478498,2601001.0,0.0,2462377.714285714,390167.0629530758,2689549.0,14.771407313365518,5,-0.5476112038402312,0.0,0,15,2513006.6666666665,0.21715620677774763,15.07804,2577320.1296239994,0.0,1.018254051815858,-400860.0,0,17236644.0,7.0,0.9572368988848667,0.9831545362532174,2595009.5,1.099031622683063,2703189.9285714286,2659193.0,279.85714285714283,1.0565005117511588,2583046.0
2025-05-06,2106907,0.012832722585499612,16,-173507.0,0.12214767974844574,2067463.0,2588956.0,2462377.714285714,252535.8084157609,2689549.0,14.541833293394651,5,-0.5619233046832195,0.7818314824680298,5,16,2513006.6666666665,0.21715620677774763,15.07804,2196691.700806786,0.0,1.018254051815858,-350044.0,1,17224599.0,7.0,0.9953690905924296,0.9879429040195631,2145256.6666666665,1.099031622683063,2281195.6428571427,2102342.0,-21696.285714285714,1.0565005117511588,2134222.0
2025-05-07,2288927,0.05478672177834376,34,-482049.0,0.13324617014489845,2300084.0,4695863.0,2462377.714285714,306477.3840115586,2689549.0,14.648456636738242,5,-0.5760691233798758,0.9749279121818236,10,17,2513006.6666666665,0.21715620677774763,15.07804,2419072.391892012,0.0,1.018254051815858,-27412.0,2,17264043.0,7.0,1.0058689539000407,0.9876690776682105,2323903.0,1.099031622683063,2470396.9285714286,2762463.0,-29311.428571428572,1.0565005117511588,2321230.5
2025-05-08,2730456,-0.014726044190126242,54,182020.0,0.15813781233041033,2744098.0,6984790.0,2462377.714285714,433945.6545402543,2689549.0,14.824963345894293,5,-0.5900444739548627,0.43388373911755823,15,18,2513006.6666666665,0.21715620677774763,15.07804,2748415.218550599,0.0,1.018254051815858,49886.0,3,17252886.0,7.0,1.0023307581435903,0.986394757164834,2733802.3333333335,1.099031622683063,2800939.5,2588956.0,-44279.71428571428,1.0586192087671995,2732335.0
2025-05-09,2711847,-0.07086320095346577,68,441529.0,0.15498006058368372,2659193.0,9715246.0,2462377.714285714,412121.89224370767,2689549.0,14.793533627323031,5,-0.6038452208771035,-0.433883739117558,20,17,2513006.6666666665,0.21715620677774763,15.07804,2731334.739131777,0.0,1.018254051815858,-215191.0,4,17239244.0,5.0,1.0002676922436997,0.987105793496245,2718359.0,1.099031622683063,2783606.0,2106907.0,-67415.0,1.0586192087671995,2729411.5
2025-05-10,2125020,0.0248185237499845,80,-18609.0,0.125020658121685,2102342.0,12427093.0,2462377.714285714,262836.1804368595,2689549.0,14.558562995032748,5,-0.6174672802835514,-0.9749279121818236,25,16,2513006.6666666665,0.21715620677774763,15.07804,2262016.2401464614,0.0,1.018254051815858,-148463.0,5,17291898.0,3.0,1.0044661104949717,0.9903002975321311,2284495.5,1.099031622683063,2277284.5,2288927.0,-76149.28571428571,1.0586192087671995,2255839.5
2025-05-11,2646042,-0.00501024769248537,90,-586827.0,0.15646111659237874,2762463.0,14552113.0,2462377.714285714,432218.04552513233,2689549.0,14.831633593049023,5,-0.6309066211876704,-0.7818314824680299,30,15,2513006.6666666665,0.21715620677774763,15.07804,2636920.4434151966,0.0,1.018254051815858,-305718.0,6,17314576.0,1.0,1.005384207921678,0.9877817934195862,2760936.3333333335,1.099031622683063,2642003.214285714,2730456.0,-90004.57142857143,1.0586192087671995,2755014.0
2025-05-12,2657759,0.004843500504347231,0,521022.0,0.15126415615963104,2588956.0,0.0,2456879.285714286,391616.24467441376,2717876.0,14.766765649866509,5,-0.6441592666722685,0.0,0,14,2532648.0,-0.13095166691638796,0.0,2653734.1609176695,0.0,1.0128546303741213,170430.0,0,17198155.0,-1.0,1.005384207921678,0.9877817934195862,2604395.3333333335,1.086931754787985,2667572.714285714,2711847.0,-100886.42857142857,1.0586192087671995,2594978.5
2025-05-13,2131356,0.006967982919483973,13,11717.0,0.12278912919315915,2106907.0,2657759.0,2456879.285714286,258705.27582097138,2343094.0,14.560732027855808,5,-0.6572212950663319,0.7818314824680298,5,13,2186401.3333333335,0.04901616698862305,2.1864013333333334,2290611.0532641695,0.0,1.0089720809387335,238021.0,1,17266958.0,-3.0,1.0265755771824627,1.008778458918915,2151830.6666666665,1.08757802515817,2281720.9285714286,2125020.0,-101049.85714285714,1.0586192087671995,2134222.0
2025-05-14,2366860,0.050722375633512895,24,-526403.0,0.1334417866832435,2288927.0,4789115.0,2456879.285714286,305438.5084675165,2463627.0,14.643594143656243,5,-0.6700888411055113,0.9749279121818236,10,12,2297792.3333333335,0.10323892975740118,4.595584666666667,2397044.316850498,0.0,1.0044263448093174,32439.0,2,17291407.0,-5.0,1.019858330619952,1.003297089424169,2322502.6666666665,1.084257038765567,2393163.3571428573,2646042.0,-111615.85714285714,1.0586192087671995,2321230.5
2025-05-15,2847916,0.002762195763587938,33,235504.0,0.1587531023078151,2730456.0,7155975.0,2456879.285714286,433468.3607149876,2807609.0,14.819979552418848,5,-0.6827580970759147,0.43388373911755823,15,11,2605256.6666666665,0.005732002355138468,7.81577,2743077.487750318,0.0,1.000837547428175,137.0,3,17369340.0,-7.0,1.0245082529324432,1.0083786895131843,2737470.1666666665,1.0848640813176749,2734427.285714286,2657759.0,-102083.71428571429,1.0842009446575491,2737277.0
2025-05-16,2834508,-0.05649050545399281,40,481056.0,0.15500188775198026,2711847.0,10003891.0,2456879.285714286,420341.4042945444,2855596.0,14.81314087927408,5,-0.6952253139408722,-0.433883739117558,20,10,2622686.0,-0.163865340087732,10.490744,2806197.459779252,0.0,1.0000256995050671,159719.0,4,17486800.0,-7.0,1.0297105189101747,1.0145925073342354,2709042.1666666665,1.0906247649105583,2778490.4285714286,2131356.0,-86796.14285714286,1.0842009446575491,2713806.5
2025-05-17,2311326,0.05007903154060189,45,-13408.0,0.12328831359789129,2125020.0,12838399.0,2456879.285714286,261990.13216179094,2365492.0,14.569292242644766,5,-0.7074868024503348,-0.9749279121818236,25,9,2192918.6666666665,0.1969908564134208,10.964593333333331,2335136.2072513355,0.0,1.025379444321833,123798.0,5,17609461.0,-7.0,1.033097523290443,1.0222578013361676,2224122.3333333335,1.1267370252005566,2288075.0,2366860.0,-78684.71428571429,1.0842009446575491,2221931.5
2025-05-18,2929839,0.025235198365663125,48,-523182.0,0.1554616243062797,2646042.0,15149725.0,2456879.285714286,411357.9873026369,2843144.0,14.788575874469815,5,-0.719538934232584,-0.7818314824680299,30,8,2626947.0,-0.020245135004546777,15.761682,2834874.54719628,0.0,1.0510047239754656,-49097.0,6,17795767.0,-7.0,1.0410670257989338,1.0302009397507155,2736970.5,1.1660934479335734,2767104.0,2847916.0,-62075.42857142857,1.0842009446575491,2741463.5
2025-05-19,2793452,0.03496764478817571,0,618513.0,0.15087578193580356,2657759.0,0.0,2582794.8571428573,400991.46732191934,2751841.0,14.792994220724903,5,-0.7313781428679254,0.0,0,7,2561417.3333333335,-0.1216549118899276,0.0,2810099.186936889,1.12628466644356,1.0203494972476224,80848.0,0,18079564.0,-7.0,1.0410670257989338,1.0302009397507155,2597519.6666666665,1.1492039931633924,2678763.9285714286,2834508.0,-45267.71428571428,1.0842009446575491,2594978.5
2025-05-20,2321388,0.035168917888460216,6,-136387.0,0.121644703026269,2131356.0,2793452.0,2582794.8571428573,259268.16766325658,2442301.0,14.572269424032314,5,-0.7430009249440493,0.7818314824680298,5,6,2249808.3333333335,0.06268578196645594,2.2498083333333336,2511921.205328797,1.1357059746059561,1.039300132641393,-14995.0,1,18215257.0,-7.0,1.0510554192460642,1.051039996267587,2129383.3333333335,1.1803393700495928,2376408.5,2311326.0,-30735.14285714286,1.0842009446575491,2122964.5
2025-05-21,2510246,0.07233978238524585,10,-472064.0,0.13200235409407884,2366860.0,5114840.0,2582794.8571428573,312431.09181111143,2591593.0,14.677075162648428,5,-0.7544038410927472,0.9749279121818236,10,5,2397725.0,0.08552827480151777,4.79545,2695427.594890994,1.148235057234517,1.0458467817399093,89090.0,2,18405289.0,-7.0,1.0680136100302458,1.0654275242387137,2322502.6666666665,1.2008779392896602,2526905.0,2929839.0,-17760.14285714286,1.0842009446575491,2321230.5
2025-05-22,2960413,0.0007250732129302495,12,188858.0,0.15728109133905083,2847916.0,7625086.0,2582794.8571428573,447923.33652194426,2897421.0,14.862098407830903,5,-0.765583517007675,0.43388373911755823,15,4,2656549.3333333335,0.013409782049275438,7.969648,3032028.0150249563,1.1565031619310664,1.0145778730827166,131102.0,3,18548675.0,-7.0,1.0655551479707517,1.070093303014131,2746304.1666666665,1.173362518245458,2838600.5,2793452.0,-15557.285714285714,1.1547234616152497,2737277.0
2025-05-23,3010183,-0.06546473182276502,12,450167.0,0.15571044249974866,2834508.0,10585499.0,2582794.8571428573,441362.4949490776,2951859.0,14.857379287904623,5,-0.7765366444428655,-0.433883739117558,20,3,2698127.6666666665,-0.18017086663677764,10.792510666666667,3098332.370197328,0.0,1.023622627644671,70007.0,4,18661172.0,-7.0,1.058138178434771,1.0697054300477964,2709042.1666666665,1.1902757952346696,2902302.6428571427,2321388.0,-12316.57142857143,1.1547234616152497,2713806.5
2025-05-24,2389262,0.035747211746248286,10,49770.0,0.12403093757334024,2311326.0,13595682.0,2582794.8571428573,286675.93081763823,2429201.0,14.6533323764341,5,-0.7872599821916922,-0.9749279121818236,25,2,2212003.6666666665,0.020791556855466336,11.060018333333332,2566880.671114603,0.0,1.0287654816081033,163628.0,5,18836847.0,-7.0,1.0589857816383492,1.0757213251668065,2217934.3333333335,1.208311647987852,2389372.6428571427,2510246.0,-972.0,1.1547234616152497,2221931.5
2025-05-25,2456295,0.00804981539102645,6,-620921.0,0.15845468953170888,2929839.0,15984944.0,2582794.8571428573,464246.72912289243,2413165.0,14.890458371993674,5,-0.7977503570459932,-0.7818314824680299,30,1,2257994.6666666665,0.10708783025253832,13.547968,2545616.953190132,0.0,0.8937735165104975,400218.0,6,18914783.0,-7.0,1.0551309677238365,1.0783003983418198,2736970.5,1.0536372896390505,2382657.5,2960413.0,1060.4285714285713,1.1547234616152497,2741463.5
2025-05-26,2863596,-0.017872727410801037,0,67033.0,0.14997959487617746,2793452.0,0.0,2634462.714285714,418960.79926604766,2771700.0,14.842789022968011,5,-0.8080046647350754,0.0,0,0,2562638.3333333335,-0.0709601042411507,0.0,2806553.977458808,0.0,1.014108096089465,66890.0,0,18441239.0,-7.0,1.0551309677238365,1.0783003983418198,2625234.8333333335,1.166801214975384,2746484.5714285714,3010183.0,-5163.142857142857,1.1547234616152497,2594978.5
2025-05-27,2509320,-0.02927089913590719,1,407301.0,0.12155534263297692,2321388.0,2863596.0,2634462.714285714,282177.113724081,2555425.0,14.657676271385574,5,-0.8180198708443175,0.7818314824680298,5,1,2339787.6666666665,-0.03931040259113846,2.3397876666666666,2586025.447791355,0.0,1.0762845540431367,165583.0,1,18511383.0,-5.0,1.0251101504518423,1.0764216860404798,2148078.1666666665,1.2434432632272359,2541067.6428571427,2389262.0,2020.4285714285713,1.1547234616152497,2122964.5
2025-05-28,2325817,0.026725849309424454,4,-354276.0,0.13339195882828292,2510246.0,5372916.0,2634462.714285714,334846.6310808619,2446571.0,14.735891712640878,5,-0.8277930117131022,0.9749279121818236,10,2,2243101.3333333335,0.07807922338929131,4.486202666666667,2488230.144979041,0.0,0.9729695957526409,65453.0,2,18699315.0,-3.0,1.0504563192592535,1.1153907753685566,2327058.0,1.1360636209352648,2444044.5714285714,2456295.0,12707.285714285714,1.1547234616152497,2323306.5
2025-05-29,2626367,0.014772850886630051,9,-183503.0,0.1590048437530498,2960413.0,7698733.0,2634462.714285714,470720.0065094974,2653600.0,14.90083968138493,5,-0.8373211953118121,0.43388373911755823,15,3,2453199.0,0.03125980126024581,7.359597,2645939.2449430535,0.0,0.929770821534065,-4963.0,3,18514886.0,-1.0,1.0096585140154484,1.0717096258042496,2770410.1666666665,1.0754231393388223,2649360.214285714,2863596.0,7077.714285714285,1.1648581207897293,2750987.5
2025-05-30,2698137,-0.08186013949216009,16,300550.0,0.1579921822966935,3010183.0,10325100.0,2634462.714285714,475585.3812824078,2775176.0,14.917511764424829,5,-0.8466016020976267,-0.433883739117558,20,4,2552450.3333333335,-0.11713890333381785,10.209801333333335,2691673.498600571,0.0,0.9603329602659233,53014.0,4,18180840.0,1.0,0.9754004038921548,1.0320640967070178,2728832.5,1.0922750959554086,2766111.9285714286,2509320.0,-5811.571428571428,1.1648581207897293,2727452.0
2025-05-31,2352801,-0.025811748060879935,25,71770.0,0.12573324773352693,2389262.0,13023237.0,2634462.714285714,300409.670946302,2415153.0,14.686495508151607,5,-0.8556314858488706,-0.9749279121818236,25,5,2209764.6666666665,0.1686302152391493,11.048823333333331,2260262.5100635584,0.0,1.0206304388181395,-108370.0,5,17868794.0,3.0,0.9578950875726573,1.0167847828898917,2217934.3333333335,1.1393094885527568,2402092.4285714286,2325817.0,-25149.14285714286,1.1648581207897293,2221931.5
2025-06-01,2825055,-0.026347440006137868,36,-345336.0,0.15234282987929246,2456295.0,15376038.0,2634462.714285714,374198.93131835666,2822822.0,14.714165082159715,6,-0.8644081744776648,-0.7818314824680299,36,6,2625493.6666666665,-0.03081351577012827,15.752962,2623228.3826180077,0.0,0.9765785857791418,-757341.0,6,17832333.0,5.0,0.9619075299857166,1.0223265874251382,2718768.6666666665,1.0881025607199146,2809176.714285714,2626367.0,-28351.0,1.1648581207897293,2741463.5
2025-06-02,2642700,-0.006647937949932681,0,472254.0,0.15158746707865828,2863596.0,0.0,2600156.1428571427,434085.2643765775,2719030.0,14.867589084871268,6,-0.8729290708206411,0.0,0,7,2521989.0,-0.10772658351620028,0.0,2656230.2499448354,0.0,0.9644827917755621,-65549.0,0,18201093.0,7.0,0.9619075299857166,1.0223265874251382,2664955.8333333335,1.095583066508659,2699351.714285714,2698137.0,-34193.42857142857,1.1648581207897293,2629380.0
2025-06-03,2213336,0.015120813045414128,8,-182355.0,0.12603550484289777,2509320.0,2642700.0,2600156.1428571427,316263.41301238025,2397066.0,14.735522756583105,6,-0.881191653407483,0.7818314824680298,6,8,2232500.0,0.05050304705946686,2.2325,2286158.453715807,0.0,0.9579824396347695,-2100.0,1,17980197.0,7.0,0.9228606269878852,0.9694634778837361,2171323.3333333335,1.0732285534708075,2368963.3571428573,2352801.0,-58225.71428571428,1.1648581207897293,2122964.5
2025-06-04,2364375,0.062039486225501594,18,-429364.0,0.13197769565851036,2325817.0,4856036.0,2600156.1428571427,306955.9681833896,2551287.0,14.65958236308364,6,-0.8891934772070711,0.9749279121818236,12,9,2360926.3333333335,0.08143737684226231,4.721852666666667,2347938.726777566,0.0,0.9806984713699463,-327815.0,2,17684213.0,7.0,0.903798979920773,0.9725330543129448,2333206.3333333335,1.0793706159151715,2518697.4285714286,2825055.0,-77886.42857142857,1.1648581207897293,2334748.5
2025-06-05,2798927,-0.008656393678520224,30,151039.0,0.15527879500586458,2626367.0,7220411.0,2600156.1428571427,407819.10300316755,2829183.0,14.781112461117226,6,-0.8969321743510065,0.43388373911755823,18,10,2622414.3333333335,0.00936601093876923,7.867243,2632428.2394350213,0.0,0.9996087653337118,-446543.0,3,17722771.0,7.0,0.9378700365371808,0.9802155699873448,2770410.1666666665,1.1023802136981062,2789053.0714285714,2642700.0,-87337.57142857143,1.0914746380937528,2750987.5
2025-06-06,2766521,-0.07504844443155312,44,434552.0,0.15648338671437206,2698137.0,10019338.0,2600156.1428571427,422213.6155793557,2842268.0,14.808072463441032,6,-0.9044054548343001,-0.433883739117558,24,11,2653684.6666666665,-0.11513928417918483,10.614738666666666,2719355.4209793317,0.0,0.9869949823462105,-487721.0,4,17895331.0,7.0,0.9703865337865977,0.986404440334045,2735500.0,1.0981219579237864,2795477.5,2213336.0,-87769.42857142857,1.0914746380937528,2727452.0
2025-06-07,2395746,0.011803274886251769,60,-32406.0,0.12755766834911508,2352801.0,12785859.0,2600156.1428571427,300117.8096494663,2499204.0,14.671117516272565,6,-0.9116111071930239,-0.9749279121818236,30,12,2325079.6666666665,0.15649485530890528,11.625398333333331,2445597.203266572,0.0,0.9822543404865537,-114397.0,5,17963715.0,7.0,0.9817727343823967,0.9857187354405931,2236667.6666666665,1.0972526786455659,2442837.0,2364375.0,-87584.85714285714,1.0914746380937528,2237370.0
2025-06-08,2927145,0.0072061114255295156,66,-370775.0,0.15107948235058188,2825055.0,15181605.0,2600156.1428571427,426807.8470119231,2915830.0,14.854038745375055,6,-0.9185469991587165,-0.7818314824680299,36,11,2701710.3333333335,-0.027297367623682525,16.210262,2860726.62870692,0.0,1.0012943375421695,842304.0,6,18006660.0,5.0,0.9873548049243895,0.9944909193515793,2733717.5,1.1208855161622229,2854925.9285714286,2798927.0,-93457.14285714286,1.0914746380937528,2755014.0
2025-06-09,2833198,0.033768096186146845,0,531399.0,0.1504369997808627,2642700.0,0.0,2586964.285714286,397559.85932088585,2815125.0,14.787312058166803,6,-0.925211078289358,0.0,0,10,2613558.6666666665,-0.027297367623682525,0.0,2715824.9764065766,0.0,0.9986838634371709,-291040.0,0,18108750.0,3.0,0.9873548049243895,0.9944909193515793,2677890.6666666665,1.1239194460473827,2751948.4285714286,2766521.0,-92159.71428571429,1.0914746380937528,2650229.5
2025-06-10,2363770,0.047010364901816315,9,-93947.0,0.1259647389128088,2213336.0,2833198.0,2586964.285714286,278802.29136632057,2815125.0,14.610011889409641,6,-0.9316013725767187,0.7818314824680298,6,9,2613558.6666666665,-0.027297367623682525,0.0,2464587.797596418,0.0,0.9986838634371709,-483916.0,1,18299248.0,1.0,1.0720846104362962,1.0342491225421986,2192266.6666666665,1.1239194460473827,2418866.3571428573,2395746.0,-78673.57142857143,1.0914746380937528,2172346.0
2025-06-11,2504337,0.0819122299263666,16,-469428.0,0.1313461723830142,2364375.0,5196968.0,2586964.285714286,310551.60632808914,2815125.0,14.676024697314094,6,-0.9377159910299093,0.9749279121818236,12,8,2613558.6666666665,-0.027297367623682525,0.0,2644144.5617680647,0.0,0.9986838634371709,222987.0,2,18449682.0,-1.0,1.07020788149017,1.032532063054779,2343446.6666666665,1.1239194460473827,2525275.8571428573,2927145.0,-70075.85714285714,1.0914746380937528,2351772.0
2025-06-12,2887798,0.010255006021579138,21,140567.0,0.1542282098676106,2798927.0,7701305.0,2586964.285714286,431673.50076012174,2815125.0,14.844747044694067,6,-0.9435531242349544,0.43388373911755823,18,7,2613558.6666666665,-0.027297367623682525,0.0,2928447.3037018767,1.1565258930648052,0.9986838634371709,506606.0,3,18589644.0,-3.0,1.0666020258403572,1.0372056354493175,2783469.3333333335,1.1239194460473827,2787858.1428571427,2833198.0,-56934.142857142855,1.1635744369569285,2778402.0
2025-06-13,2871959,-0.07046431457984736,24,383461.0,0.15525592983403091,2766521.0,10589103.0,2586964.285714286,429518.79026037303,2815125.0,14.833101493574965,6,-0.9491110448902284,-0.433883739117558,24,6,2613558.6666666665,-0.027297367623682525,0.0,2990289.37532619,1.1614998608091853,0.9986838634371709,380430.0,4,18678515.0,-5.0,1.0568665315013825,1.0347532607993564,2739410.6666666665,1.1239194460473827,2861262.3571428573,2363770.0,-48639.857142857145,1.1635744369569285,2739052.5
2025-06-14,2517202,0.007071972681253369,25,-15839.0,0.12974186157514855,2395746.0,13461062.0,2586964.285714286,310828.54590121587,2815125.0,14.689205639987756,6,-0.9543881083175908,-0.9749279121818236,30,5,2613558.6666666665,-0.027297367623682525,0.0,2679550.3940969133,1.1684460286601281,0.9986838634371709,79406.0,5,18783953.0,-7.0,1.0528085754738887,1.030646509112568,2256331.6666666665,1.1239194460473827,2550531.4285714286,2504337.0,-46034.28571428572,1.1635744369569285,2257394.0
2025-06-15,2888821,-0.004891974463151039,24,-354757.0,0.15302608764652423,2927145.0,15978264.0,2586964.285714286,447929.54732408514,2815125.0,14.889538444853677,6,-0.9593827529490743,-0.7818314824680299,36,4,2613558.6666666665,-0.027297367623682525,0.0,2936533.7457666625,1.1752693079260566,0.9986838634371709,-266670.0,6,18905409.0,-7.0,1.052475281763687,1.035997094743345,2763647.5,1.1239194460473827,2789335.3571428573,2887798.0,-45560.142857142855,1.1635744369569285,2793759.0
2025-06-16,2844254,0.012773405776779656,0,371619.0,0.15122767127037806,2833198.0,0.0,2695297.8571428573,428457.9357878926,2815125.0,14.856917019903756,6,-0.9640935007889755,0.0,0,3,2613558.6666666665,-0.027297367623682525,0.0,2845896.631064008,0.0,0.9986838634371709,411394.0,0,18867085.0,-7.0,1.052475281763687,1.035997094743345,2718597.6666666665,1.1239194460473827,2723324.0714285714,2871959.0,-42894.142857142855,1.1635744369569285,2720617.5
2025-06-17,2455696,0.02378583894019526,2,-44567.0,0.12781419071175065,2363770.0,2844254.0,2695297.8571428573,302123.3495787148,2815125.0,14.6757687831036,6,-0.9685189578512204,0.7818314824680298,6,2,2613558.6666666665,-0.027297367623682525,0.0,2565787.6334758215,0.0,0.9986838634371709,446418.0,1,18878141.0,-7.0,1.0039023040394635,1.0219232178077573,2233799.5,1.1239194460473827,2479673.714285714,2517202.0,-37847.0,1.1635744369569285,2239688.0
2025-06-18,2705355,0.06057382699318614,2,-388558.0,0.13180172534843693,2504337.0,5299950.0,2695297.8571428573,330075.93745392846,2815125.0,14.733534986118162,6,-0.9726578145718654,0.9749279121818236,12,1,2613558.6666666665,-0.027297367623682525,0.0,2714763.594483994,0.0,0.9986838634371709,101404.0,2,18970067.0,-7.0,1.0198157848961165,1.0320844993077178,2367525.5,1.1239194460473827,2635855.1428571427,2888821.0,-31945.85714285714,1.1635744369569285,2354027.5
2025-06-19,2980935,0.01813376068053807,0,249659.0,0.15311291684278225,2887798.0,8005305.0,2695297.8571428573,442159.1750327529,2815125.0,14.876005178234827,6,-0.976508846196619,0.43388373911755823,18,0,2613558.6666666665,-0.027297367623682525,0.0,2889496.7365978174,0.0,0.9986838634371709,-83689.0,3,19171085.0,-7.0,1.039473829435401,1.058708996220434,2794512.0,1.1239194460473827,2797176.6428571427,2844254.0,-15744.57142857143,1.20840703969935,2778402.0
2025-06-20,2891240,-0.05212191639696018,4,275580.0,0.15411616342184883,2871959.0,10986240.0,2695297.8571428573,442615.30258484953,2833516.0,14.87050528147666,6,-0.9800709131432666,-0.433883739117558,24,1,2571610.0,-0.02336914747311353,10.28644,2944040.2662923797,0.0,0.9503143287794926,37054.0,4,19264222.0,-5.0,1.0375043098551406,1.0584290966265115,2774871.6666666665,1.1367059288406147,2849741.714285714,2455696.0,1343.2857142857142,1.20840703969935,2766389.5
2025-06-21,2614464,0.01995901686419299,10,-89695.0,0.13113579459291014,2517202.0,13877480.0,2695297.8571428573,330095.28442086256,2873390.0,14.738658922434619,6,-0.9833429613388902,-0.9749279121818236,30,2,2511513.6666666665,0.0033401193759331985,12.557568333333332,2680459.3207144933,0.0,1.0556997880485262,78511.0,5,19283503.0,-3.0,1.0309350034937808,1.0500149056555235,2296269.5,1.263921026055314,2607820.214285714,2705355.0,12108.714285714286,1.20840703969935,2332063.5
2025-06-22,3096797,-0.004971950904054889,18,-276776.0,0.15079153781189314,2888821.0,16491944.0,2695297.8571428573,435609.761053291,2624783.0,14.876359364535329,6,-0.9863240225317866,-0.7818314824680299,36,3,2520162.6666666665,0.07675128836819393,15.120976,3064180.028732007,0.0,0.925020920403547,-140414.0,6,19380765.0,-1.0,1.0321486739735932,1.055132406946924,2813218.8333333335,1.1124997569960162,2986185.0,2980935.0,24940.14285714286,1.20840703969935,2827421.0
2025-06-23,2953905,0.014372587814549531,0,482333.0,0.14965763762035308,2844254.0,0.0,2798391.5714285714,425664.33443223976,2996495.0,14.86081172833309,6,-0.9890132145779883,0.0,0,4,2740701.0,-0.042585941820480776,0.0,3059716.591013652,0.0,1.0355687071329738,-179442.0,0,19588741.0,1.0,1.0321486739735932,1.055132406946924,2728727.3333333335,1.2580270544447167,2940047.214285714,2891240.0,34986.57142857143,1.20840703969935,2725605.5
2025-06-24,2508733,0.033294051453707674,5,-142892.0,0.1276847815195406,2455696.0,2953905.0,2798391.5714285714,313555.0072384098,2944001.0,14.713921189302797,6,-0.9914097417023038,0.7818314824680298,6,5,2623985.6666666665,-0.03535474119778822,2.6239856666666665,2732280.5726373335,0.0,1.1246352058916578,-58508.0,1,19698392.0,3.0,1.038551760848363,1.056499127126255,2265408.8333333335,1.3745509311195956,2607940.714285714,2614464.0,28772.428571428572,1.20840703969935,2267362.0
2025-06-25,2620696,0.06770154316334409,12,-445172.0,0.13229830524997918,2705355.0,5462638.0,2798391.5714285714,357913.8815995574,2612478.0,14.810744069736215,6,-0.9935128947338007,0.9749279121818236,12,6,2526727.6666666665,0.03196986918857694,5.053455333333333,2841747.1104175146,0.0,1.0400685303545008,61056.0,2,19751429.0,5.0,1.0306961386428173,1.0542646460679335,2395286.5,1.2746008123061916,2719002.0714285714,3096797.0,25700.0,1.20840703969935,2365617.5
2025-06-26,2931282,0.0016825188409095304,21,111963.0,0.1510238463754584,2980935.0,8083334.0,2798391.5714285714,450192.2694952271,2722125.0,14.907747903124138,6,-0.9953220513156602,0.43388373911755823,18,7,2626442.0,-0.02054010491363839,7.879326,3001176.5816069744,0.0,0.9835598115509729,4266.0,3,19666770.0,7.0,1.0097471614135876,1.0557564068463425,2828268.0,1.2003061192636073,2918099.1428571427,2953905.0,8568.857142857143,1.2187822477802286,2823421.5
2025-06-27,2988614,-0.08463147315296471,28,310586.0,0.15020765587082663,2891240.0,11014616.0,2798391.5714285714,434286.38295996876,2921687.0,14.877196379682474,6,-0.9968366760893436,-0.433883739117558,24,7,2562694.0,-0.0077892785316817075,10.250776,2992978.8061373904,1.2173991362608265,0.942986434580163,-86157.0,4,19617117.0,6.0,1.0025828672958172,1.0510184678684271,2795702.0,1.1479908709635667,2933403.5,2508733.0,-11120.285714285714,1.2187822477802286,2800514.5
2025-06-28,2624407,-0.010727737567708617,30,57332.0,0.1321125125814669,2614464.0,14003230.0,2798391.5714285714,345403.40809379227,2938292.0,14.776570045639861,6,-0.998056320853012,-0.9749279121818236,30,6,2541605.3333333335,0.002624157326330952,12.708026666666667,2718591.1616391046,1.2236781413825757,1.0617805757125394,-24194.0,5,19714491.0,4.0,1.0090614434320928,1.0539117467459231,2348559.5,1.2992776814440414,2651289.6428571427,2620696.0,-6481.428571428572,1.2187822477802286,2371031.5
2025-06-29,2959224,-0.017759648928605598,30,-364207.0,0.15701526078237518,3096797.0,16627637.0,2798391.5714285714,486244.3885450771,2648476.0,14.945879232417415,6,-0.9989806246941579,-0.7818314824680299,36,5,2548516.3333333335,0.058729369112860856,15.291098,2901734.640204148,1.2240489304590425,0.9279675777209588,246300.0,6,19724434.0,2.0,1.0082278353601006,1.0552564770136301,2829894.1666666665,1.1358777210100082,2843266.214285714,2931282.0,-8445.714285714286,1.2187822477802286,2856938.0
2025-06-30,2780012,0.00951098829924879,0,334817.0,0.14802752378008194,2953905.0,0.0,2798123.0,437259.2426316029,2835019.0,14.898638920307846,6,-0.999609314096404,0.0,0,4,2725130.0,-0.0386887427835228,0.0,2769481.7781444085,1.2156891156093563,1.022265665919448,98595.0,0,19586861.0,0.0,1.0082278353601006,1.0552564770136301,2772493.1666666665,1.2427572433194234,2769667.785714286,2988614.0,-5031.0,1.2187822477802286,2813325.0
2025-07-01,2402675,0.004772005900640641,3,-179212.0,0.12523878074454814,2508733.0,2780012.0,2798123.0,314190.6621336125,2754690.0,14.735288801394221,7,-0.9999422030204416,0.7818314824680298,7,3,2614796.6666666665,-0.0695339353391376,2.6147966666666664,2499596.5308035794,0.0,1.1172605299407254,-38889.0,1,19412968.0,-2.0,0.9411311467362694,0.9863395226758211,2332379.8333333335,1.3444897439571972,2550958.0,2624407.0,-2828.4285714285716,1.2187822477802286,2342579.0
2025-07-02,2718537,0.03200171962668774,4,-377337.0,0.13380185617991705,2620696.0,5182687.0,2798123.0,350653.9892832839,2537986.0,14.778950870891784,7,-0.9999791929590823,0.9749279121818236,14,2,2412261.3333333335,-0.00629614175943546,4.824522666666667,2711058.9144274327,0.0,0.9750189903314356,-285677.0,2,19306910.0,-4.0,0.9487516837103246,0.9959240169580572,2448721.8333333335,1.1663060625567674,2795715.0714285714,2959224.0,-7337.857142857143,1.2187822477802286,2435598.5
2025-07-03,2923234,-0.01225883231775371,3,315862.0,0.15236342471878014,2931282.0,7901224.0,2798123.0,446620.1643365153,2786534.0,14.890950769109091,7,-0.9997202729664083,0.43388373911755823,21,1,2392685.6666666665,-0.10533814982363325,7.178057,2181112.9559715455,0.0,0.9205304062289071,-142790.0,3,19404751.0,-6.0,0.9774709296931192,1.0191723377562107,2859465.3333333335,1.106222583957965,2225434.5,2780012.0,-2561.8571428571427,1.1898938451276004,2867857.0
2025-07-04,2162755,-0.07366659868341774,0,204697.0,0.15129320782231376,2988614.0,10824458.0,2798123.0,452156.9990026764,2222431.0,14.910320627349309,7,-0.9991655196610109,-0.433883739117558,28,0,2105575.3333333335,0.12201071517002116,8.422301333333333,2436703.2053229976,0.0,0.8078035112670514,78093.0,4,19396703.0,-7.0,0.9827358484399275,1.0161592668379391,2844114.8333333335,0.9702451278679032,2473770.9285714286,2402675.0,96182.14285714286,1.1898938451276004,2853233.5
2025-07-05,2457591,-0.050680550626903687,5,-760479.0,0.13329279236510186,2624407.0,12987213.0,2798123.0,349814.5373325199,2431240.0,14.780365904764018,7,-0.9983150972033183,-0.9749279121818236,35,1,2377731.3333333335,0.0156877191254168,11.888656666666668,2438237.9448486953,0.0,0.9862557052435217,-87319.0,5,18570844.0,-5.0,0.9274440968262322,0.9597473793006016,2430133.5,1.1298603229979882,2639232.4285714286,2718537.0,50638.28571428572,1.1898938451276004,2392504.0
2025-07-06,3041954,-0.08315595890687488,12,294836.0,0.15598241438925708,2959224.0,15444804.0,2798123.0,461586.9042386349,2617154.0,14.900437967693946,7,-0.9971692572470178,-0.7818314824680299,42,2,2431142.0,0.05670880962205989,14.586852,2765814.945522629,0.0,0.912580784247578,-345549.0,6,18404028.0,-3.0,0.9288634338120323,0.9611036808809036,2862687.6666666665,1.0366291337545768,3025040.1428571427,2923234.0,31282.0,1.1898938451276004,2907983.0
2025-07-07,2917942,-0.056444331223415745,0,584363.0,0.14913841909663847,2780012.0,0.0,2640965.4285714286,414606.5947496841,3013622.0,14.83796616191488,7,-0.9957283388645872,0.0,0,3,2604867.6666666665,-0.03950846895229343,0.0,2588961.9530485263,0.0,1.003692944666361,-283544.0,0,18486758.0,-1.0,0.9288634338120323,0.9611036808809036,2795378.5,1.1448875085300658,2791998.4285714286,2162755.0,17585.85714285714,1.1898938451276004,2813325.0
2025-07-08,2488332,0.06848289392430851,4,-124012.0,0.12717445135799008,2402675.0,2917942.0,2640965.4285714286,305558.8749165588,2785721.0,14.692093674167353,7,-0.993992768446958,0.7818314824680298,7,4,2501953.3333333335,-0.017268045711835208,2.5019533333333337,2461793.7641755654,0.0,1.0670152046613322,-159095.0,1,18624688.0,1.0,1.04961489374866,1.0228192603358983,2377599.6666666665,1.227129286194608,2595119.3571428573,2457591.0,32857.142857142855,1.1898938451276004,2383222.5
2025-07-09,2554687,0.11832562851761663,10,-429610.0,0.13792382363169858,2718537.0,5406274.0,2640965.4285714286,374951.01772424695,2580105.0,14.815604793767271,7,-0.9919630595773397,0.9749279121818236,14,5,2456913.3333333335,0.04318197211683686,4.913826666666667,2541399.777664039,0.0,0.9861069681033878,182500.0,2,18710345.0,3.0,1.0431411350907358,1.0228383052829353,2511978.1666666665,1.1394286352207899,2643604.5,3041954.0,39076.857142857145,1.1898938451276004,2507291.5
2025-07-10,2873682,0.05559604397663276,18,66355.0,0.15325434996606946,2923234.0,7960961.0,2640965.4285714286,447998.3264687131,2627735.0,14.888201437714278,7,-0.9896398128792412,0.43388373911755823,21,6,2586612.3333333335,-0.023810307703734566,7.759837,2704163.603960283,0.0,0.9856882254830676,41605.0,3,18546495.0,5.0,1.0075604741746342,1.0048176198491643,2891595.0,1.1293820929994307,2857147.714285714,2917942.0,38355.28571428572,1.1976472426611542,2905516.0
2025-07-11,2885953,-0.031928999446598993,28,318995.0,0.14234740904119486,2162755.0,10834643.0,2640965.4285714286,307862.5706408894,2839251.0,14.586893892284525,7,-0.9870237158387383,-0.433883739117558,28,7,2513277.3333333335,-0.02255912994718545,10.053109333333333,2690264.9103884324,0.0,0.9760888955319156,-923233.0,4,18496943.0,7.0,1.000940924709579,0.9982529996890204,2841829.8333333335,1.1157542140156658,2848737.714285714,2488332.0,-56840.71428571428,1.1976472426611542,2853233.5
2025-07-12,2589889,-0.012803930611367864,40,12271.0,0.1334528449077642,2457591.0,13720596.0,2640965.4285714286,327972.51056971715,2829067.0,14.714692566721858,7,-0.984115542601034,-0.9749279121818236,35,8,2453260.0,0.01781204667210578,12.2663,2727973.361119025,0.0,1.0162710690267802,-176759.0,5,19220141.0,7.0,1.0564696213113622,1.0101860728669971,2454511.0,1.2106798423910117,2603843.5714285714,2554687.0,-10359.142857142857,1.1976472426611542,2426668.5
2025-07-13,3007773,-0.022476774527558474,54,-296064.0,0.15670870199864437,3041954.0,16310485.0,2640965.4285714286,476700.66287958424,2583704.0,14.928010958792552,7,-0.9809161537413774,-0.7818314824680299,42,9,2499319.6666666665,0.06595264901765482,14.995918,3155039.5687892516,0.0,0.92938310712395,220303.0,6,19352439.0,7.0,1.0560499828939234,1.0108345568524775,2928673.0,1.1140294937892996,2960145.5714285714,2873682.0,13319.142857142857,1.1976472426611542,2928492.0
2025-07-14,2865292,0.012305141961811872,0,417884.0,0.14935832862518106,2917942.0,0.0,2759751.1428571427,435818.94014521805,2937845.0,14.88638947394673,7,-0.9774264960104055,0.0,0,10,2692928.6666666665,-0.03450764552044707,0.0,3047852.9950107294,0.0,1.0290946351400478,311823.0,0,19318258.0,7.0,1.0560499828939234,1.0108345568524775,2838742.3333333335,1.2312679935696162,2879222.6428571427,2885953.0,19261.428571428572,1.1976472426611542,2838726.0
2025-07-15,2557900,0.028964144696401295,11,-142481.0,0.12805492175529454,2488332.0,2865292.0,2759751.1428571427,318643.1595611956,2860799.0,14.727123566328837,7,-0.9736476020539838,0.7818314824680298,7,11,2598946.0,-0.03890929851822761,2.598946,2667500.3124351962,0.0,1.10387568513,191715.0,1,19265608.0,7.0,0.9819564610948401,0.9969602769214255,2423432.3333333335,1.3164664820500063,2553926.8571428573,2589889.0,1014.5714285714286,1.1976472426611542,2429185.5
2025-07-16,2614183,0.07290581161371823,24,-307392.0,0.13780040678117483,2554687.0,5423192.0,2759751.1428571427,352036.9077985792,2536991.0,14.753440660660546,7,-0.9695805901076308,0.9749279121818236,14,12,2491588.0,0.041303009598846516,4.983176,2786627.08508961,0.0,0.9983368451858825,-261691.0,2,19335176.0,7.0,1.0031293271484205,1.0159809951025098,2543282.6666666665,1.1950164990457037,2669419.4285714286,3007773.0,17112.0,1.1976472426611542,2532466.5
2025-07-17,2998225,0.010080489056746078,39,56283.0,0.15217800309143564,2873682.0,8037375.0,2759751.1428571427,437311.18827980297,2641325.0,14.871105040303183,7,-0.965226663665613,0.43388373911755823,21,13,2613972.6666666665,-0.012059885960720822,7.841918,3162003.506175384,0.0,0.9893949126448467,-41504.0,3,19394672.0,7.0,1.009598589918981,1.006218180789328,2895889.3333333335,1.1875991847357035,2988182.6428571427,2865292.0,23670.0,1.2078455362165255,2905516.0
2025-07-18,2962082,-0.0618387980108388,56,384042.0,0.14163973880523356,2885953.0,11035600.0,2759751.1428571427,408765.62912418024,2957170.0,14.875366079172986,7,-0.9605871111248129,-0.433883739117558,28,14,2577290.0,-0.012059885960720822,10.30916,2868769.3634304213,0.0,0.9929513906163592,1549057.0,4,19519215.0,7.0,1.018547634656721,1.0110500108829699,2850404.0,1.1987681858547194,2700191.785714286,2557900.0,24616.285714285714,1.2078455362165255,2878956.0
2025-07-19,2603307,0.0016606894636639336,75,-36143.0,0.13361451271985864,2589889.0,13997682.0,2759751.1428571427,346046.75673352194,2957170.0,14.76712596173133,7,-0.9556633054034704,-0.9749279121818236,35,15,2577290.0,-0.012059885960720822,10.30916,2678442.21990852,0.0,0.9929513906163592,299114.0,5,19595344.0,7.0,1.0201948953237892,1.025686884819132,2494025.6666666665,1.1987681858547194,2626717.8571428573,2614183.0,51600.857142857145,1.2078455362165255,2487396.5
2025-07-20,3043973,-0.007576357792451471,96,-358775.0,0.15735408822182173,3007773.0,16600989.0,2759751.1428571427,473285.3779932134,2957170.0,14.91671082825052,7,-0.9504567035349151,-0.7818314824680299,42,16,2577290.0,-0.012059885960720822,10.30916,2982804.210358678,0.0,0.9929513906163592,-116911.0,6,19608762.0,7.0,1.017810874416058,1.023569773627292,2941662.0,1.1987681858547194,2941085.9285714286,2998225.0,50318.71428571428,1.2078455362165255,2943184.5
2025-07-21,2886647,0.01138319916116548,0,440666.0,0.1495221721633688,2865292.0,0.0,2806423.1428571427,428424.68372232333,2957170.0,14.86818117166279,7,-0.9449688462364056,0.0,0,17,2577290.0,-0.012059885960720822,10.30916,2956777.3945956076,0.0,0.9929513906163592,-190580.0,0,19644962.0,7.0,1.017810874416058,1.023569773627292,2850715.6666666665,1.1987681858547194,2904001.0714285714,2962082.0,59572.71428571428,1.2078455362165255,2853925.0
2025-07-22,2452271,0.014454080958091975,18,-157326.0,0.12926586820351754,2557900.0,2886647.0,2806423.1428571427,330649.16427777754,2957170.0,14.754697558260954,7,-0.939201357453208,0.7818314824680298,7,18,2577290.0,-0.012059885960720822,10.30916,2693313.4871692723,0.0,0.9929513906163592,-16089.0,1,19666317.0,7.0,1.0074529925745788,1.0025559272427704,2454754.3333333335,1.1987681858547194,2635195.6428571427,2603307.0,62082.71428571428,1.2078455362165255,2472014.0
2025-07-23,2630151,0.051895857778600396,38,-434376.0,0.1365413492397181,2614183.0,5338918.0,2806423.1428571427,356944.07397953403,2957170.0,14.77646256089561,7,-0.9331559438780432,0.9749279121818236,14,19,2577290.0,-0.012059885960720822,10.30916,2776398.2070668135,0.0,0.9929513906163592,223346.0,2,19560688.0,7.0,0.9844604432223679,0.9944530775642939,2560605.5,1.1987681858547194,2746245.285714286,3043973.0,37470.57142857143,1.2078455362165255,2584435.0
2025-07-24,2968866,-0.011181581726123158,60,177880.0,0.15228915775659585,2998225.0,7969069.0,2806423.1428571427,456597.1600147696,2957170.0,14.91353133839254,7,-0.9268343944460494,0.43388373911755823,21,20,2577290.0,-0.012059885960720822,10.30916,2977639.5936158197,0.0,0.9929513906163592,174095.0,3,19576656.0,7.0,0.9915014541439213,0.9966664054853823,2899309.6666666665,1.1987681858547194,2950643.9285714286,2886647.0,28661.85714285714,1.1962366463658438,2905516.0
2025-07-25,2970569,-0.08144196549209015,84,338715.0,0.14243566739186547,2962082.0,10937935.0,2806423.1428571427,421906.1265394317,2957170.0,14.901403295024306,7,-0.9202385798054075,-0.433883739117558,28,21,2577290.0,-0.012059885960720822,10.30916,2904453.367111462,0.0,0.9929513906163592,-647069.0,4,19547297.0,7.0,0.9911500054369495,1.000970571102724,2845982.0,1.1987681858547194,2903894.1428571427,2452271.0,29138.0,1.1962366463658438,2878956.0
2025-07-26,2670276,0.0040116805361165575,110,1703.0,0.13337703851442215,2603307.0,13908504.0,2806423.1428571427,347221.3780038648,2957170.0,14.772293501986455,7,-0.9133704517637858,-0.9749279121818236,35,22,2577290.0,-0.012059885960720822,10.30916,2598070.311484669,0.0,0.9929513906163592,-118880.0,5,19555784.0,7.0,0.9936290880161444,1.0169131170147443,2529699.8333333335,1.1987681858547194,2612449.1428571427,2630151.0,7391.428571428572,1.1962366463658438,2553545.5
2025-07-27,3017861,-0.0015093980136784424,138,-300293.0,0.15656874673051208,3043973.0,16578780.0,2806423.1428571427,476591.03769151703,2957170.0,14.928674456534331,7,-0.9062320427107697,-0.7818314824680299,42,23,2577290.0,-0.012059885960720822,10.30916,2954920.013636414,0.0,0.9929513906163592,70381.0,6,19622753.0,7.0,0.9986621881383091,1.0204851462088733,2978148.3333333335,1.1987681858547194,2957597.714285714,2968866.0,20264.714285714286,1.1962366463658438,2983498.5
2025-07-28,2929749,0.021388344464421838,0,347585.0,0.14864532639374045,2886647.0,0.0,2799520.1428571427,429086.5854985117,2957170.0,14.875606525336899,7,-0.898825465016444,0.0,0,24,2577290.0,-0.012059885960720822,10.30916,2817868.039754921,0.0,0.9929513906163592,74005.0,0,19596641.0,7.0,0.9986621881383091,1.0204851462088733,2854557.5,1.1987681858547194,2832439.214285714,2970569.0,14671.714285714286,1.1962366463658438,2854773.0
2025-07-29,2438933,0.02859703433492422,25,-88112.0,0.12852958581858287,2452271.0,2929749.0,2799520.1428571427,315189.37594492204,2957170.0,14.71252549973916,7,-0.8911529104063088,0.7818314824680298,7,25,2577290.0,-0.012059885960720822,10.30916,2468697.4426628007,0.0,0.9929513906163592,-175197.0,1,19639743.0,7.0,1.0149315105033625,1.023502665046739,2445246.1666666665,1.1987681858547194,2483524.5714285714,2670276.0,30724.428571428572,1.1962366463658438,2453983.5
2025-07-30,2574917,0.04899970088592265,52,-490816.0,0.13664527583845346,2630151.0,5368682.0,2799520.1428571427,359397.7088917842,2957170.0,14.782552197160705,7,-0.8832166493127127,0.9749279121818236,14,26,2577290.0,-0.012059885960720822,10.30916,2667392.6724894242,0.0,0.9929513906163592,-43528.0,2,19626405.0,7.0,1.0055749123698847,1.0057916064257386,2604901.5,1.1987681858547194,2663744.5,3017861.0,52608.42857142857,1.1962366463658438,2617439.5
2025-07-31,2882829,-0.013811134035323747,81,135984.0,0.1527499557187128,2968866.0,7943599.0,2799520.1428571427,453494.150034792,2957170.0,14.90369095651483,7,-0.8750190302029955,0.43388373911755823,21,27,2577290.0,-0.012059885960720822,10.30916,2911963.258771167,0.0,0.9929513906163592,-153902.0,3,19571171.0,7.0,0.9968038926504463,0.9970430795752149,2927632.8333333335,1.1987681858547194,2915757.5,2929749.0,59039.142857142855,1.1911566328171883,2927258.0
2025-08-01,2999166,-0.09911234215526998,112,307912.0,0.1421864249612429,2970569.0,10826428.0,2799520.1428571427,422374.58621069434,2957170.0,14.90426441155667,8,-0.8665624788845385,-0.433883739117558,32,28,2577290.0,-0.012059885960720822,10.30916,2831388.427703043,0.0,0.9929513906163592,-67642.0,4,19485134.0,7.0,0.9898054797363488,0.9925073516071777,2891387.3333333335,1.1987681858547194,2845143.1428571427,2438933.0,54258.28571428572,1.1911566328171883,2888596.5
2025-08-02,2640741,-0.00866028385233708,145,116337.0,0.13394548537258094,2670276.0,13825594.0,2799520.1428571427,357671.4148987539,2957170.0,14.797692770313612,8,-0.8578494977869301,-0.9749279121818236,40,29,2577290.0,-0.012059885960720822,10.30916,2580816.179568715,0.0,0.9929513906163592,53551.0,5,19513731.0,7.0,0.9940388987917033,1.0126044798590546,2567810.0,1.1987681858547194,2593835.6428571427,2574917.0,68853.85714285714,1.1911566328171883,2596598.0
2025-08-03,2983755,-0.005125904238471701,174,-358425.0,0.15729794589668653,3017861.0,16466335.0,2799520.1428571427,474703.3363017203,2957170.0,14.920059191618359,8,-0.8488826652214553,-0.7818314824680299,48,29,2577290.0,-0.012059885960720822,10.30916,2818859.5978600164,0.0,0.9929513906163592,-62312.0,6,19484196.0,6.0,0.9932175347040011,1.0143263443300536,2999655.0,1.1987681858547194,2844494.3571428573,2882829.0,68526.0,1.1911566328171883,3012817.0
2025-08-04,2855684,0.024888002156071565,0,343014.0,0.14870795494061184,2929749.0,0.0,2778584.285714286,435676.9822793026,2957170.0,14.890427653120849,8,-0.8396646346181327,0.0,0,28,2577290.0,-0.012059885960720822,10.30916,2721786.477498961,0.0,0.9929513906163592,21747.0,0,19450090.0,4.0,0.9932175347040011,1.0143263443300536,2879513.6666666665,1.1987681858547194,2749212.785714286,2999166.0,81111.85714285714,1.1911566328171883,2875969.5
2025-08-05,2364019,0.023966535244991816,27,-128071.0,0.12738635576214502,2438933.0,2855684.0,2778584.285714286,310686.78681803565,2957170.0,14.707071616561318,8,-0.8301981337405212,0.7818314824680298,8,27,2577290.0,-0.012059885960720822,10.30916,2420568.5812846445,0.0,0.9929513906163592,92291.0,1,19376025.0,2.0,0.9747196773511997,0.9847500308199486,2457773.3333333335,1.1987681858547194,2471077.785714286,2640741.0,83959.14285714286,1.1911566328171883,2453983.5
2025-08-06,2447464,0.04084413667948694,52,-491665.0,0.1329784411689012,2574917.0,5219703.0,2778584.285714286,342408.44879930356,2957170.0,14.761328246912727,8,-0.8204859638785327,0.9749279121818236,16,26,2577290.0,-0.012059885960720822,10.30916,2559164.5237306803,0.0,0.9929513906163592,-71202.0,2,19301111.0,0.0,0.9722503586541352,0.9694362268286683,2616664.8333333335,1.1987681858547194,2620296.1428571427,2983755.0,76597.85714285714,1.1911566328171883,2617439.5
2025-08-07,2893814,-0.030228926651623578,75,83445.0,0.15027268344738595,2882829.0,7667167.0,2778584.285714286,433210.4497499442,2957170.0,14.874283008527463,8,-0.8105309990194823,0.43388373911755823,24,25,2577290.0,-0.012059885960720822,10.30916,2798909.201154781,0.0,0.9929513906163592,-56678.0,3,19173658.0,-2.0,0.9652006603052344,0.9610687272641124,2929157.3333333335,1.1987681858547194,2872126.5714285714,2855684.0,67392.0,1.148531107884308,2927258.0
2025-08-08,2854458,-0.10759485406577962,96,446350.0,0.15148858439932625,2999166.0,10560981.0,2778584.285714286,454339.4117185897,2957170.0,14.91384514140919,8,-0.8003361849976323,-0.433883739117558,32,24,2577290.0,-0.012059885960720822,10.30916,2765389.636976163,0.0,0.9929513906163592,20110.0,4,19184643.0,-4.0,0.9754815715765163,0.9681289204261406,2928402.8333333335,1.1987681858547194,2822902.5,2364019.0,77960.71428571429,1.148531107884308,2926661.0
2025-08-09,2462226,-0.016816902247183352,115,-39356.0,0.1346535367978303,2640741.0,13415439.0,2778584.285714286,355585.11541703914,2957170.0,14.786570496238427,8,-0.7899045386224707,-0.9749279121818236,40,23,2577290.0,-0.012059885960720822,10.30916,2454511.816931391,0.0,0.9929513906163592,-96504.0,5,19039935.0,-6.0,0.970333643530976,0.9677088678761032,2598335.0,1.1987681858547194,2541862.285714286,2447464.0,63952.71428571428,1.148531107884308,2608885.5
2025-08-10,2960755,-0.011285923312159829,132,-392232.0,0.15451244348379944,2983755.0,15877665.0,2778584.285714286,461027.275807004,2957170.0,14.908693467525488,8,-0.7792391467859886,-0.7818314824680299,48,22,2577290.0,-0.012059885960720822,10.30916,2793671.8948509404,0.0,0.9929513906163592,-7994.0,6,18861420.0,-7.0,0.9642500896526155,0.9629160780282315,3009090.0,1.1987681858547194,2909294.714285714,2893814.0,49915.42857142857,1.148531107884308,3012817.0
2025-08-11,2763999,0.013440408297375583,0,498529.0,0.14884357567183673,2855684.0,0.0,2691202.8571428573,425050.2175488534,2957170.0,14.864822302241121,8,-0.7683431655492202,0.0,0,21,2577290.0,-0.012059885960720822,10.30916,2654914.461715136,0.0,0.9929513906163592,-117167.0,0,18838420.0,-7.0,0.9642500896526155,0.9629160780282315,2883261.3333333335,1.1987681858547194,2765716.1428571427,2854458.0,39490.42857142857,1.148531107884308,2875969.5
2025-08-12,2256579,0.021615233545757118,20,-196756.0,0.1265568491074048,2364019.0,2763999.0,2691202.8571428573,299182.795870038,2957170.0,14.675874117709224,8,-0.7572198192083127,0.7818314824680298,8,20,2577290.0,-0.012059885960720822,10.30916,2217235.601750283,0.0,0.9929513906163592,-61576.0,1,18746735.0,-7.0,0.9678938566031816,0.9582768068846181,2457773.3333333335,1.1987681858547194,2321229.4285714286,2462226.0,25807.714285714286,1.148531107884308,2453983.5
2025-08-13,2331562,0.047885706945594464,38,-507420.0,0.13239760403691597,2447464.0,5020578.0,2691202.8571428573,324038.36956660653,2957170.0,14.710563352978117,8,-0.7458723993404063,0.9749279121818236,16,19,2577290.0,-0.012059885960720822,10.30916,2323135.825988144,0.0,0.9929513906163592,-72219.0,2,18639295.0,-7.0,0.961851277745113,0.9406017050190171,2616664.8333333335,1.1987681858547194,2434636.3571428573,2960755.0,31514.85714285714,1.148531107884308,2617439.5
2025-08-14,2835968,-0.036295861872756685,54,74983.0,0.15148709216442602,2893814.0,7352140.0,2691202.8571428573,438375.4681247063,2957170.0,14.878086258767434,8,-0.734304263829602,0.43388373911755823,24,18,2577290.0,-0.012059885960720822,10.30916,2667943.329537065,0.0,0.9929513906163592,97022.0,3,18523393.0,-7.0,0.9589122031644804,0.9301440576192523,2930160.0,1.1987681858547194,2786395.785714286,2763999.0,39973.57142857143,1.100471057907764,2927258.0
2025-08-15,2796277,-0.10263515243300492,68,504406.0,0.15202190885019246,2854458.0,10188108.0,2691202.8571428573,433940.15389270266,2957170.0,14.864392890997259,8,-0.722518835873311,-0.433883739117558,32,17,2577290.0,-0.012059885960720822,10.30916,2679258.581639454,0.0,0.9929513906163592,-173305.0,4,18465547.0,-7.0,0.9646933367269575,0.9398419001209937,2925486.0,1.1987681858547194,2809097.0,2256579.0,42595.28571428572,1.100471057907764,2926661.0
2025-08-16,2360294,-0.010394354264290584,80,-39691.0,0.13381304900932478,2462226.0,12984385.0,2691202.8571428573,329477.96841003373,2957170.0,14.716576782938468,8,-0.7105196029692745,-0.9749279121818236,40,16,2577290.0,-0.012059885960720822,10.30916,2290522.71074596,0.0,0.9929513906163592,-148980.0,5,18407366.0,-7.0,0.9678688114492563,0.9417979898496786,2589172.3333333335,1.1987681858547194,2393966.785714286,2331562.0,35422.857142857145,1.100471057907764,2608885.5
2025-08-17,2907660,-0.007067886821385816,90,-435983.0,0.15487992115989926,2960755.0,15344679.0,2691202.8571428573,458561.50097377755,2957170.0,14.90095519909524,8,-0.6983101158835584,-0.7818314824680299,48,15,2577290.0,-0.012059885960720822,10.30916,2740034.370453782,0.0,0.9929513906163592,11106.0,6,18305434.0,-7.0,0.9664317139831329,0.936739704335384,3009345.1666666665,1.1987681858547194,2841579.285714286,2835968.0,39601.142857142855,1.100471057907764,3012817.0
2025-08-18,2705168,0.01973385247916548,0,547366.0,0.15023827816858995,2763999.0,0.0,2607477.0,415258.45061970444,2686909.0,14.832189463869698,8,-0.6858939875998223,0.0,0,14,2478307.3333333335,-0.14804496143929372,0.0,2622839.7769032605,0.0,0.9909246080655474,-17620.0,0,18252339.0,-7.0,0.9664317139831329,0.936739704335384,2872554.3333333335,1.11450396272406,2726466.0714285714,2796277.0,39623.71428571428,1.100471057907764,2875969.5
2025-08-19,2187411,0.025277585084899412,13,-202492.0,0.12491332609059844,2256579.0,2705168.0,2607477.0,281876.7884761965,2252171.0,14.629360950756132,8,-0.673274892250183,0.7818314824680298,8,13,2104706.6666666665,0.023555409279870838,2.1047066666666665,2195959.1634266353,0.0,0.9790338266019882,-32526.0,1,18193508.0,-7.0,0.9787152600272286,0.9461872377761643,2442493.8333333335,1.0970733708701266,2282006.3571428573,2360294.0,33863.0,1.100471057907764,2445602.0
2025-08-20,2294086,0.05207593487735385,24,-517757.0,0.13106486143473847,2331562.0,4892579.0,2607477.0,305585.8504565017,2310258.0,14.662049416096412,8,-0.6604565640279754,0.9749279121818236,16,12,2158968.0,0.10758331276609859,4.317936,2257265.849462336,0.0,0.9633541015484088,11551.0,2,18124340.0,-7.0,0.9745051267005512,0.9342384559087384,2573683.0,1.0750814235313182,2339018.8571428573,2907660.0,26006.85714285714,1.100471057907764,2594550.0
2025-08-21,2731931,-0.03441054912228214,33,106675.0,0.15217585176566362,2835968.0,7186665.0,2607477.0,431565.8459801655,2654402.0,14.857894235685837,8,-0.6474427960827475,0.43388373911755823,24,11,2473354.0,0.003579336206714227,7.420062,2612271.710978457,0.0,0.944689887764904,-68831.0,3,18086864.0,-7.0,0.9774929476315739,0.9293509386322729,2912284.5,1.05210350148554,2689738.3571428573,2705168.0,30699.14285714286,1.0751311660841312,2908524.0
2025-08-22,2667258,-0.10245204854306045,40,437845.0,0.15262697832962951,2796277.0,9918596.0,2607477.0,426787.30908264144,2660166.0,14.84379980514716,8,-0.6342374393978054,-0.433883739117558,32,10,2484779.6666666665,-0.1629292804073785,9.939118666666666,2610782.9828406894,0.0,0.9377936388616389,86527.0,4,17982827.0,-7.0,0.9735464131318592,0.9332195371949565,2909658.8333333335,1.0388119158375146,2694975.6428571427,2187411.0,27024.0,1.0751311660841312,2924017.5
2025-08-23,2185460,-0.015067087208920249,45,-64673.0,0.13301225199760305,2360294.0,12585854.0,2607477.0,313948.0203164305,2185822.0,14.674297169189943,8,-0.620844401650647,-0.9749279121818236,40,9,2046027.0,0.2087911727221588,10.230135,2130018.1937772105,0.0,0.9000781289179937,76583.0,5,17853808.0,-7.0,0.969306902098174,0.9299790988726071,2563026.8333333335,0.9892348621991165,2214162.1428571427,2294086.0,21257.428571428572,1.0751311660841312,2596598.0
2025-08-24,2786648,-0.025703858846230387,48,-481798.0,0.15596845221317696,2907660.0,14771314.0,2607477.0,453503.2297621661,2702492.0,14.882859535874546,8,-0.6072676460566135,-0.7818314824680299,48,8,2520226.3333333335,-0.06321137201584989,15.121358,2623256.2958780825,0.0,0.9457669384718526,-30095.0,6,17678974.0,-7.0,0.9626342786317003,0.9193650553385034,2995220.3333333335,1.0299739559851233,2731751.5,2731931.0,18917.85714285714,1.0751311660841312,2995764.0
2025-08-25,2506611,0.0022098933032550505,0,601188.0,0.15193017219184993,2705168.0,0.0,2508280.285714286,410996.6400478823,2463227.0,14.810674945205758,8,-0.593511190196115,0.0,0,7,2304405.0,-0.17689777727988265,0.0,2379860.9902584646,1.0818320693856727,0.9167145239951565,32854.0,0,17557962.0,-7.0,0.9626342786317003,0.9193650553385034,2844929.3333333335,0.991731170529582,2490591.8571428573,2667258.0,15106.0,1.0751311660841312,2860488.0
2025-08-26,1950994,0.0055170486295392784,6,-280037.0,0.12477456870347611,2187411.0,2506611.0,2508280.285714286,272933.2641022394,1980342.0,14.598229667833287,8,-0.5795791048257612,0.7818314824680298,8,6,1879058.6666666667,0.09298092785825617,1.8790586666666667,1893608.46565598,1.068099328623585,0.8731713895118106,38272.0,1,17359405.0,-7.0,0.9266008617579389,0.8908751976969417,2400468.1666666665,0.9326337749108877,2006621.142857143,2185460.0,18695.285714285714,1.0751311660841312,2420804.0
2025-08-27,2229905,0.030388313560207658,10,-555617.0,0.13017573540356767,2294086.0,4457605.0,2508280.285714286,298634.3321290289,2221120.0,14.645845500974113,8,-0.5654755126737576,0.9749279121818236,16,5,2081729.3333333333,0.15523647253100206,4.163458666666666,2097745.21014751,1.0525636877952855,0.9275992102210815,78426.0,2,17122988.0,-7.0,0.9110951504308873,0.8697111661161877,2525494.0,0.9763572455062959,2246000.5,2786648.0,23754.14285714286,1.0751311660841312,2564802.0
2025-08-28,2833316,-0.04661195898449977,12,278911.0,0.15319992073361727,2731931.0,6687510.0,2508280.285714286,418531.6126497118,2746266.0,14.820519609172715,8,-0.5512045872199277,0.43388373911755823,24,4,2563350.6666666665,0.04448180496778038,7.690052,2594040.35671101,1.0487781796942115,0.9765676956025983,-46191.0,3,17058807.0,-7.0,0.9305442788831816,0.8872444652695058,2896398.8333333335,1.0242028901422637,2775275.285714286,2506611.0,27319.428571428572,1.0000617040592128,2888321.5
2025-08-29,2971455,-0.08100394561585122,12,603411.0,0.1527084715960875,2667258.0,9520826.0,2508280.285714286,407312.89253243717,2913547.0,14.796561911309896,8,-0.5367705514607103,-0.433883739117558,32,3,2712029.0,-0.2368977836866504,10.848116,2785213.0842171134,0.0,1.0231599307656756,-70838.0,4,17160192.0,-7.0,0.9598965418089415,0.9178001708338722,2856099.5,1.0788920508603457,2941398.785714286,1950994.0,28679.571428571428,1.0000617040592128,2870205.5
2025-08-30,2223191,0.06088225027689487,10,138139.0,0.13006456254298507,2185460.0,12492281.0,2508280.285714286,284250.8988551921,2163592.0,14.597337348239531,8,-0.522177676659508,-0.9749279121818236,40,2,2052697.3333333333,0.019887815901418856,10.263486666666665,2131715.154729377,0.0,0.9050666479649213,-72902.0,5,17464389.0,-7.0,0.9925652244178266,0.9461829285232894,2519008.0,0.9726367772666258,2192190.214285714,2229905.0,35939.0,1.0000617040592128,2526057.5
2025-08-31,2343216,0.051818230008374044,6,-748264.0,0.15714656882841643,2786648.0,14715472.0,2508280.285714286,437912.171732569,2219496.0,14.84035035665976,8,-0.5074302810827518,-0.7818314824680299,48,1,2093521.0,0.18138383297643712,12.561126,2217133.5056838593,0.0,0.7833970694610791,-67917.0,6,17502120.0,-7.0,0.9962195644883048,0.9423934453530919,2986626.3333333335,0.8435044702509633,2251207.3571428573,2833316.0,44504.857142857145,1.0000617040592128,2995764.0
2025-09-01,2836013,0.024513876847989113,0,120025.0,0.15100801251544724,2506611.0,0.0,2436955.4285714286,378518.3452593577,2748226.0,14.734442598509466,9,-0.49253272872205434,0.0,0,0,2601058.6666666665,-0.12112487878771665,0.0,2695983.600888915,0.0,1.0527974649822411,-139726.0,0,17058688.0,-7.0,0.9962195644883048,0.9423934453530919,2832455.3333333335,1.1061505659492052,2780857.4285714286,2971455.0,50156.857142857145,1.0000617040592128,2860488.0
2025-09-02,2276201,-0.0026772832767245625,1,492797.0,0.12201834115774553,1950994.0,2836013.0,2436955.4285714286,238057.05148871458,2272637.0,14.483850056813651,9,-0.4774894280028391,0.7818314824680298,9,1,2201537.0,-0.1208903143373966,2.201537,2317497.933863306,0.0,1.088788424862683,-167249.0,1,17388090.0,-5.0,1.1314132906940886,1.047324174705132,2364590.8333333335,1.1687388164805834,2310234.714285714,2223191.0,56500.142857142855,1.0000617040592128,2401476.0
2025-09-03,1965954,0.03022724615144967,4,-559812.0,0.12975917088946073,2229905.0,5112214.0,2436955.4285714286,289350.62396226294,1965339.0,14.617469990081494,9,-0.46230483047981086,0.9749279121818236,18,2,1922682.0,0.12125328227873781,3.845364,2081997.1019275323,0.0,0.9479727280873754,-26705.0,2,17713297.0,-3.0,1.1468521773463554,1.0438167751505643,2469483.1666666665,1.037772288371374,2007817.0,2343216.0,61201.857142857145,1.0000617040592128,2501075.5
2025-09-04,2305882,-0.010243927671864217,9,-310247.0,0.15766879924244281,2833316.0,7078168.0,2436955.4285714286,446725.5315944011,2277401.0,14.856958668069938,9,-0.4469834295196741,0.43388373911755823,27,3,2227022.3333333335,0.03503375870326416,6.681067,2387036.80055902,0.0,0.9201753821667131,205422.0,3,17449346.0,-1.0,1.0584160621815892,0.9798982344876259,2881412.5,0.9932170111666413,2321078.0714285714,2836013.0,60034.71428571428,1.0584810287983015,2878255.5
2025-09-05,2427350,-0.13200325371250743,16,339928.0,0.15770648978004365,2971455.0,9384050.0,2436955.4285714286,468617.7375893596,2404754.0,14.90456262634286,9,-0.43152975897147144,-0.433883739117558,36,4,2344947.6666666665,-0.14063531886218913,9.379790666666667,2430430.7826194605,0.0,0.9375985356038594,433216.0,4,16921912.0,1.0,0.9856340195693105,0.9340032528201904,2906799.0,0.9839169693257371,2444927.6428571427,2276201.0,51667.71428571428,1.0584810287983015,2924017.5
2025-09-06,1923040,-0.06784061384684004,25,121468.0,0.12870353949645358,2223191.0,11811400.0,2436955.4285714286,286132.55067666015,1944006.0,14.61445455898726,9,-0.4159483918249421,-0.9749279121818236,45,5,1919976.3333333333,0.2552563973397719,9.599881666666667,1854362.6720827417,0.0,0.9605158223393772,212565.0,5,16377807.0,3.0,0.9454958626050759,0.9177830846013145,2479941.3333333335,0.973231736110449,1985287.0714285714,1965954.0,46623.142857142855,1.0584810287983015,2526057.5
2025-09-07,2673762,-0.061636791357269294,36,-504310.0,0.15313564691840648,2343216.0,13734440.0,2436955.4285714286,358829.89802956075,2635080.0,14.667035329505191,9,-0.4002439388573056,-0.7818314824680299,54,6,2519918.3333333335,-0.04099517053394416,15.11951,2460761.5691761207,0.0,1.0171933395192865,-322420.0,6,16077656.0,5.0,0.9333332970903006,0.9049340684012438,2944075.3333333335,1.0134044746419923,2674889.3571428573,2305882.0,35113.857142857145,1.0584810287983015,2972255.0
2025-09-08,2456693,-0.01935925001181127,0,750722.0,0.15632123341540483,2836013.0,0.0,2344028.8571428573,443329.0501421225,2447809.0,14.857910103152294,9,-0.38442104726885545,0.0,0,7,2360293.6666666665,-0.1683713047111074,0.0,2395744.5483288215,0.0,0.9453592365392568,527959.0,0,16408202.0,7.0,0.9333332970903006,0.9049340684012438,2818800.5,0.9600492209392957,2484370.214285714,2427350.0,22965.571428571428,1.0584810287983015,2845848.5
2025-09-09,1896803,0.02561400933379543,8,-217069.0,0.12532687259746067,2276201.0,2456693.0,2344028.8571428573,285269.15273321257,1947530.0,14.638018822486952,9,-0.3684843993077793,0.7818314824680298,9,8,1918641.3333333333,0.04784810915402815,1.9186413333333332,1807565.5148953388,0.0,0.9397919348439833,561624.0,1,16028882.0,7.0,0.8662488500581627,0.9088940028529964,2329235.6666666665,0.9297484905883121,1981626.9285714286,1923040.0,11693.714285714286,1.0584810287983015,2320110.0
2025-09-10,2107833,0.0863296125820413,18,-559890.0,0.12723331350998057,1965954.0,4353496.0,2344028.8571428573,250134.84162820035,1999757.0,14.491488690312336,9,-0.35243871088460327,0.9749279121818236,18,9,2029680.6666666667,0.15668276711074955,4.059361333333333,1761226.0981723105,0.0,1.0030963513165219,-199770.0,2,15649484.0,7.0,0.8515871988144471,0.89380513531403,2415352.8333333335,0.9674988043143403,2032326.857142857,2673762.0,3937.8571428571427,1.0584810287983015,2389513.0
2025-09-11,2610925,-0.003453359186377014,30,211030.0,0.15439878072236954,2305882.0,6461329.0,2344028.8571428573,356025.3692896589,2630964.0,14.65097424131668,9,-0.33628873017668287,0.43388373911755823,27,10,2527871.6666666665,0.0004366380836945241,7.583615,2388398.360830124,0.0,1.0480186204900686,-628819.0,3,15791363.0,7.0,0.9128532976329469,0.9131174026390095,2857787.3333333335,1.019463054409722,2670626.0714285714,2456693.0,19289.428571428572,0.9659436820980986,2859398.5
2025-09-12,2669713,-0.07095410565337834,44,503092.0,0.15680947573129642,2427350.0,9072254.0,2344028.8571428573,380631.4809163624,2629323.0,14.70231109724319,9,-0.32003923622313857,-0.433883739117558,36,11,2529427.6666666665,-0.19478753227486498,10.117710666666666,2506226.7361604306,0.0,1.013350407054408,-848302.0,4,16096406.0,7.0,0.9667738343252646,0.9302113885159227,2870349.8333333335,1.003251323582181,2661335.8571428573,1896803.0,12358.0,0.9659436820980986,2908270.0
2025-09-13,2020113,0.036501541160322004,60,58788.0,0.12532792945124646,1923040.0,11741967.0,2344028.8571428573,241010.621451925,2039797.0,14.469418345196464,9,-0.30369503751065885,-0.9749279121818236,45,12,1968692.0,0.29386592611207074,9.84346,2051861.184903654,0.0,0.9875641541470298,-337882.0,5,16338769.0,7.0,0.9941215266606838,0.9417320314906067,2412536.5,0.9937109809166345,2070558.5714285714,2107833.0,14900.0,0.9659436820980986,2411260.0
2025-09-14,2810804,0.013801157675502607,78,-649600.0,0.15458239457224154,2673762.0,13762080.0,2344028.8571428573,413316.5324762657,2751418.0,14.798997401452018,9,-0.28726097055059635,-0.7818314824680299,54,13,2583261.0,-0.042167663861603005,15.499566,2822782.38104122,0.0,1.0368895195774763,773978.0,6,16435842.0,7.0,1.0020124591901818,0.9399380065927436,2888406.8333333335,1.049010229566573,2776516.5,2610925.0,15083.142857142857,0.9659436820980986,2934207.5
2025-09-15,2590221,0.045724522971612336,0,790691.0,0.15552200956505818,2456693.0,0.0,2367554.8571428573,382069.83224441146,2568141.0,14.714327101622759,9,-0.2707418984477642,0.0,0,14,2430335.3333333335,-0.042167663861603005,0.0,2599306.4180620247,0.0,0.9744541397346574,-708722.0,0,16572884.0,7.0,1.0020124591901818,0.9399380065927436,2759020.3333333335,0.9936684115906205,2588644.214285714,2669713.0,18040.85714285714,0.9659436820980986,2800006.0
2025-09-16,2004769,0.03906256431388777,15,-220583.0,0.12303184230149218,1896803.0,2590221.0,2367554.8571428573,233367.16757299728,2568141.0,14.455680922545955,9,-0.2541427094613622,0.7818314824680298,9,15,2430335.3333333335,-0.042167663861603005,0.0,2141920.287143275,0.0,0.9744541397346574,-704605.0,1,16706412.0,7.0,1.054352741673461,0.9863295535192825,2245689.5,0.9936684115906205,2063172.857142857,2020113.0,19926.0,0.9659436820980986,2266390.0
2025-09-17,2219220,0.07169373389249856,32,-585452.0,0.12709461311379167,2107833.0,4594990.0,2367554.8571428573,267894.2196434828,2568141.0,14.561171437914549,9,-0.23746831555846842,0.9749279121818236,18,16,2430335.3333333335,-0.042167663861603005,0.0,2373407.112319862,0.0,0.9744541397346574,405830.0,2,16814378.0,7.0,1.055471281011858,0.9768316084263655,2330961.1666666665,0.9936684115906205,2217104.8571428573,2810804.0,21087.85714285714,0.9659436820980986,2312824.0
2025-09-18,2788191,-0.020047647741097352,51,214451.0,0.15494037802269103,2610925.0,6814210.0,2367554.8571428573,404537.7064888946,2568141.0,14.775215505648076,9,-0.2207236509605022,0.43388373911755823,27,17,2430335.3333333335,-0.042167663861603005,0.0,2924965.406817056,0.0,0.9744541397346574,832477.0,3,16925765.0,7.0,1.0546143061280426,0.9942790590038431,2798130.5,0.9936684115906205,2733882.785714286,2590221.0,7738.142857142857,1.0188778147943618,2834642.0
2025-09-19,2788902,-0.07860410425006248,72,568971.0,0.15878152572940832,2669713.0,9602401.0,2367554.8571428573,423901.1033996359,2568141.0,14.797481908534223,9,-0.20391367068311472,-0.433883739117558,36,18,2430335.3333333335,-0.042167663861603005,0.0,2935907.736361713,0.0,0.9744541397346574,786468.0,4,17103031.0,7.0,1.058436084351254,1.0135603154825428,2821621.6666666665,0.9936684115906205,2763207.8571428573,2004769.0,20289.714285714286,1.0188778147943618,2825367.5
2025-09-20,2140805,0.03910670412886619,95,711.0,0.12347244460011778,2020113.0,12391303.0,2367554.8571428573,249428.29047847772,2568141.0,14.518664503428521,9,-0.18704334906991657,-0.9749279121818236,45,19,2430335.3333333335,-0.042167663861603005,0.0,2242480.615143111,0.0,0.9744541397346574,397224.0,5,17222220.0,7.0,1.0553004449765528,1.0191996948809026,2315337.5,0.9936684115906205,2131275.1428571427,2219220.0,20522.285714285714,1.0188778147943618,2291742.5
2025-09-21,2848945,0.01595786745148331,120,-648097.0,0.15715718666744083,2810804.0,14532108.0,2367554.8571428573,441738.04891358933,2568141.0,14.848981477151593,9,-0.17011767832049052,-0.7818314824680299,54,20,2430335.3333333335,-0.042167663861603005,0.0,3016431.050226458,0.0,0.9744541397346574,-193504.0,6,17342912.0,7.0,1.0559528792159325,1.0200958154305755,2853897.3333333335,0.9936684115906205,2855909.5,2788191.0,27225.85714285714,1.0188778147943618,2859232.0
2025-09-22,2598440,0.03553162690083922,0,708140.0,0.15426071513349143,2590221.0,0.0,2483007.5714285714,399569.34381378733,2568141.0,14.767254144288176,9,-0.15314166701312007,0.0,0,21,2430335.3333333335,-0.042167663861603005,0.0,2775813.2584773493,0.0,0.9744541397346574,512848.0,0,17381053.0,7.0,1.0559528792159325,1.0200958154305755,2709616.0,0.9936684115906205,2644363.0714285714,2788902.0,20769.285714285714,1.0188778147943618,2734583.5
2025-09-23,1975026,0.02033017845944962,20,-250505.0,0.12072182298327355,2004769.0,2598440.0,2483007.5714285714,242019.36834035433,2568141.0,14.511039898925784,9,-0.13612033862266704,0.7818314824680298,9,20,2430335.3333333335,-0.042167663861603005,0.0,2162108.9377680435,0.0,0.9744541397346574,487364.0,1,17389272.0,5.0,1.003173088319491,1.0004063703313852,2173328.8333333335,0.9936684115906205,2080538.357142857,2140805.0,13826.714285714286,1.0188778147943618,2221995.0
2025-09-24,2165846,0.041658136650462474,38,-623414.0,0.12635024730876168,2219220.0,4573466.0,2483007.5714285714,280398.9958325501,2568141.0,14.612666791367435,9,-0.11905873003404988,0.9749279121818236,18,19,2430335.3333333335,-0.042167663861603005,0.0,2329552.8477242934,0.0,0.9744541397346574,-30492.0,2,17359529.0,3.0,0.9953157678253924,0.9878800462569334,2271678.3333333335,0.9936684115906205,2259875.5714285714,2848945.0,7249.285714285715,1.0188778147943618,2261995.5
2025-09-25,2739357,-0.05299589431783058,54,190820.0,0.15614551436963336,2788191.0,6739312.0,2483007.5714285714,435363.5178557824,2568141.0,14.840903915062377,9,-0.10196189005174576,0.43388373911755823,27,18,2430335.3333333335,-0.042167663861603005,0.0,2604228.5664644693,0.0,0.9744541397346574,-127777.0,3,17306155.0,1.0,0.9890085571181398,0.9968947773319522,2780526.6666666665,0.9936684115906205,2550971.5,2598440.0,-6249.142857142857,1.0075808314877688,2810753.5
2025-09-26,2741844,-0.10675711319150938,68,573511.0,0.16091773876890636,2788902.0,9478669.0,2483007.5714285714,448783.8034880805,2568141.0,14.841158886513949,9,-0.08483487790576538,-0.433883739117558,36,17,2430335.3333333335,-0.042167663861603005,0.0,2621822.0656977864,0.0,0.9744541397346574,-123174.0,4,17257321.0,-1.0,0.9871144727240614,1.008918285861524,2791343.8333333335,0.9936684115906205,2600639.1428571427,1975026.0,11080.57142857143,1.0075808314877688,2792589.5
2025-09-27,2083134,0.019345885981723487,80,2487.0,0.12314687556638967,2140805.0,12220513.0,2483007.5714285714,263633.4469469048,2568141.0,14.576692951602702,9,-0.06768276175455162,-0.9749279121818236,45,16,2430335.3333333335,-0.042167663861603005,0.0,2104236.104911068,0.0,0.9744541397346574,23619.0,5,17210263.0,-3.0,0.9862169458692116,1.009189286088631,2232014.8333333335,0.9936684115906205,2114977.5714285714,2165846.0,27490.85714285714,1.0075808314877688,2204325.5
2025-09-28,2843311,0.005893610026570073,90,-658710.0,0.15845708586954396,2848945.0,14303647.0,2483007.5714285714,451435.5225026079,2568141.0,14.86245965928146,9,-0.050510617185222886,-0.7818314824680299,54,15,2430335.3333333335,-0.042167663861603005,0.0,2735527.573452735,0.0,0.9744541397346574,-98901.0,6,17152592.0,-5.0,0.9842788809441824,1.0082913994582696,2831429.0,0.9936684115906205,2769791.785714286,2739357.0,22479.714285714286,1.0075808314877688,2829874.5
2025-09-29,2577248,0.0337706715238042,0,760177.0,0.15541046087826066,2598440.0,0.0,2449565.4285714286,403824.7579645076,2568141.0,14.770422207765897,9,-0.033323525711631344,0.0,0,14,2430335.3333333335,-0.042167663861603005,0.0,2531718.9955425076,0.0,0.9744541397346574,-125309.0,0,17146958.0,-7.0,0.9842788809441824,1.0082913994582696,2666742.0,0.9936684115906205,2572117.5,2741844.0,34505.71428571428,1.0075808314877688,2651804.0
2025-09-30,2005123,0.024564071363559536,13,-266063.0,0.12092501649220802,1975026.0,2577248.0,2449565.4285714286,238830.05162253964,2568141.0,14.49609262710999,9,-0.016126573270657762,0.7818314824680298,9,13,2430335.3333333335,-0.042167663861603005,0.0,1985861.229238432,0.0,0.9744541397346574,-137709.0,1,17125766.0,-7.0,0.9918443373716538,0.9835541489960231,2108496.6666666665,0.9936684115906205,2027752.9285714286,2083134.0,42975.142857142855,1.0075808314877688,2096090.0
2025-10-01,2199312,0.054366874551380784,24,-572125.0,0.12524804568566722,2165846.0,4582371.0,2449565.4285714286,271267.9787561196,2568141.0,14.58832206692904,10,0.001075151282798226,0.9749279121818236,20,12,2430335.3333333335,-0.042167663861603005,0.0,2149321.4760581185,0.0,0.9744541397346574,-164761.0,2,17155863.0,-7.0,1.0019471009514447,0.9836492816474856,2224742.0,0.9936684115906205,2183538.5714285714,2843311.0,56461.857142857145,1.0075808314877688,2224562.5
2025-10-02,2673111,-0.04006768226464863,33,194189.0,0.15456185207265333,2739357.0,6781683.0,2449565.4285714286,423400.0914081874,2568141.0,14.823234144340837,10,0.018276557681691223,0.43388373911755823,30,11,2430335.3333333335,-0.042167663861603005,0.0,2653832.831574619,0.0,0.9744541397346574,-226100.0,3,17189329.0,-7.0,1.0062871402896914,1.0012443426847337,2756614.6666666665,0.9936684115906205,2674611.785714286,2577248.0,74674.71428571429,1.0138762180169552,2763774.0
2025-10-03,2697756,-0.09844530044195621,40,473799.0,0.15734586960180202,2741844.0,9454794.0,2449565.4285714286,431417.82849248324,2568141.0,14.824141609424933,10,0.03547255575312556,-0.433883739117558,40,10,2430335.3333333335,-0.042167663861603005,0.0,2677327.7115585776,0.0,0.9744541397346574,-166247.0,4,17123083.0,-7.0,0.9974811864408389,1.0075072379863332,2753075.3333333335,0.9936684115906205,2700433.9285714286,2005123.0,52329.28571428572,1.0138762180169552,2765373.0
2025-10-04,2091602,0.016051062993271747,45,24645.0,0.1209371413640724,2083134.0,12152550.0,2449565.4285714286,251928.2710383056,2568141.0,14.549384528512666,10,0.052658056924614005,-0.9749279121818236,50,9,2430335.3333333335,-0.042167663861603005,0.0,2114514.4449395523,0.0,0.9744541397346574,-178363.0,5,17078995.0,-7.0,0.9944386131744224,1.0092393918652816,2168832.8333333335,0.9936684115906205,2138687.0,2199312.0,34063.142857142855,1.0138762180169552,2163132.5
2025-10-05,2901606,-0.004553464965714404,48,-606154.0,0.16557161390533637,2843311.0,14244152.0,2449565.4285714286,470771.59110479587,2568141.0,14.860480127840773,10,0.06982797572987089,-0.7818314824680299,60,8,2430335.3333333335,-0.042167663861603005,0.0,2845882.3559582937,0.0,0.9744541397346574,-43775.0,6,17087463.0,-7.0,0.9958405712892663,1.0114380787923087,2811855.0,0.9936684115906205,2858109.3571428573,2673111.0,32853.0,1.0138762180169552,2827057.5
2025-10-06,2686873,0.03631446440267583,0,810004.0,0.14977867356438507,2577248.0,0.0,2449394.0,386016.7868864643,2568141.0,14.76223310894808,10,0.0869772313136861,0.0,0,7,2430335.3333333335,-0.042167663861603005,0.0,2679031.9387481585,1.0546504534602064,0.9744541397346574,-29411.0,0,17145758.0,-7.0,0.9958405712892663,1.0114380787923087,2623614.5,0.9936684115906205,2682452.8571428573,2697756.0,28966.0,1.0138762180169552,2594330.5
2025-10-07,2104449,0.04257790760228475,6,-214733.0,0.11548060495877062,2005123.0,2686873.0,2449394.0,231552.81705674503,2568141.0,14.511216462196993,10,0.1041007489354256,0.7818314824680298,10,6,2430335.3333333335,-0.042167663861603005,0.0,2137896.0913076866,1.0622381521503115,0.9744541397346574,59840.0,1,17255383.0,-7.0,1.0425356814710884,1.0513460271660777,2063317.0,0.9936684115906205,2129114.5714285714,2091602.0,29450.0,1.0138762180169552,2004946.0
2025-10-08,2417075,0.08209351293389067,10,-582424.0,0.12736208885949285,2199312.0,4791322.0,2449394.0,280108.9703737489,2568141.0,14.60365559683399,10,0.121193461470736,0.9749279121818236,20,5,2430335.3333333335,-0.042167663861603005,0.0,2166659.2751246104,1.0687448682269571,0.9744541397346574,86840.0,2,17354709.0,-7.0,1.0455988831982395,1.0586028541359984,2202700.3333333335,0.9936684115906205,2147752.5,2901606.0,30275.14285714286,1.0138762180169552,2209266.0
2025-10-09,2975982,-0.0016517365556210084,12,312626.0,0.15840505596293447,2673111.0,7208397.0,2449394.0,423434.2975501357,2568141.0,14.7987538947296,10,0.1382503109109819,0.43388373911755823,30,4,2430335.3333333335,-0.042167663861603005,0.0,2651051.5232987646,1.081255831990842,0.9744541397346574,-17412.0,3,17572472.0,-7.0,1.0629215491198867,1.0760193090643737,2729471.8333333335,0.9936684115906205,2586921.9285714286,2686873.0,68141.14285714286,1.0775945897731412,2735644.0
2025-10-10,3017612,-0.058806629824351475,12,558907.0,0.15969769817945706,2697756.0,10184379.0,2449394.0,430825.4234498194,2568141.0,14.807931244977501,10,0.15526624985999563,-0.433883739117558,40,3,2430335.3333333335,-0.042167663861603005,0.0,3077540.437545692,0.0,0.9744541397346574,2970.0,4,17875343.0,-7.0,1.0771656156654497,1.08321070466754,2726958.3333333335,0.9936684115906205,2931203.214285714,2104449.0,129249.14285714286,1.0775945897731412,2719800.0
2025-10-11,2381106,0.06598914120204014,10,41630.0,0.1221345292848171,2091602.0,13201991.0,2449394.0,255456.82572118202,2568141.0,14.553441315603747,10,0.172236243027682,-0.9749279121818236,50,2,2430335.3333333335,-0.042167663861603005,0.0,2490098.4312103204,0.0,0.9744541397346574,66139.0,5,18195199.0,-7.0,1.086355620836779,1.0886818428430778,2124050.8333333335,0.9936684115906205,2338194.785714286,2417075.0,150416.42857142858,1.0775945897731412,2116203.5
2025-10-12,2951273,0.038287189662321364,6,-636506.0,0.16714134919014287,2901606.0,15583097.0,2449394.0,484978.3416582137,2568141.0,14.88077527941001,10,0.18915526872004093,-0.7818314824680299,60,1,2430335.3333333335,-0.042167663861603005,0.0,3118351.9512731056,0.0,0.9744541397346574,63929.0,6,18484703.0,-7.0,1.093999628759929,1.0965905889250493,2810846.0,0.9936684115906205,2861775.214285714,2975982.0,172053.42857142858,1.0775945897731412,2827057.5
2025-10-13,2874884,0.04649177517319636,0,570167.0,0.14896151275639585,2686873.0,0.0,2647767.1428571427,400240.6666643156,2568141.0,14.803888994053038,10,0.20601832032517084,0.0,0,0,2430335.3333333335,-0.042167663861603005,0.0,3117841.2712898995,0.0,0.9744541397346574,130817.0,0,18534370.0,-7.0,1.093999628759929,1.0965905889250493,2610760.1666666665,0.9936684115906205,2863030.4285714286,3017612.0,189308.85714285713,1.0775945897731412,2594330.5
2025-10-14,2413133,0.02793454602840817,1,-76389.0,0.11525331932769728,2104449.0,2874884.0,2647767.1428571427,242544.7326058532,2568141.0,14.559564708298025,10,0.22282040779479959,0.7818314824680298,10,1,2430335.3333333335,-0.042167663861603005,0.0,2658001.0442454997,0.0,0.9744541397346574,69229.0,1,18722381.0,-5.0,1.0699739064704583,1.100141187293488,2037962.0,0.9936684115906205,2446668.0714285714,2381106.0,201428.14285714287,1.0775945897731412,2004946.0
2025-10-15,2438918,0.06286756792604842,4,-461751.0,0.12816828204213832,2417075.0,5288017.0,2647767.1428571427,309792.35031700146,2568141.0,14.698069103130036,10,0.23955655912092708,0.9749279121818236,20,2,2430335.3333333335,-0.042167663861603005,0.0,2754383.2264420884,0.0,0.9744541397346574,184297.0,2,19031065.0,-3.0,1.1036655436641494,1.1407560148502744,2202700.3333333335,0.9936684115906205,2501512.1428571427,2951273.0,211479.14285714287,1.0775945897731412,2209266.0
2025-10-16,2901650,-0.013458864629985134,9,25785.0,0.1591609571217612,2975982.0,7726935.0,2647767.1428571427,473660.14349713316,2568141.0,14.906084962553212,10,0.2562218218071163,0.43388373911755823,30,3,2430335.3333333335,-0.042167663861603005,0.0,3196019.877143038,0.0,0.9744541397346574,369117.0,3,19052908.0,-1.0,1.0719352721555153,1.1221386367694393,2729471.8333333335,0.9936684115906205,2912371.1428571427,2874884.0,175135.14285714287,1.1546568522740621,2735644.0
2025-10-17,2878950,-0.0895814661929577,16,462732.0,0.16012831364002494,3017612.0,10628585.0,2647767.1428571427,483205.12077990297,2790733.0,14.91997667947138,10,0.27281126433401914,-0.433883739117558,40,4,2433102.3333333335,-0.0200598927322133,9.732409333333335,3161092.281448596,0.0,0.9183998166045664,363944.0,4,18978576.0,1.0,1.043616405084689,1.0979874274032837,2756154.6666666665,1.0731903948722137,2937445.214285714,2413133.0,125199.28571428571,1.1546568522740621,2719800.0
2025-10-18,2268485,-0.0029526817702394403,25,-22700.0,0.12377880211150925,2381106.0,13507535.0,2647767.1428571427,294730.4483805274,2810221.0,14.683076063560486,10,0.28931997761869527,-0.9749279121818236,50,5,2382344.0,-0.01293360136635056,11.91172,2455151.1288324413,0.0,1.1306394483352133,281036.0,5,18839914.0,3.0,1.0231437818735067,1.0813303839621529,2124050.8333333335,1.3106616061560767,2374889.0714285714,2438918.0,109703.71428571429,1.1546568522740621,2116203.5
2025-10-19,2988255,-0.025619018803797244,36,-610465.0,0.16454881300047314,2951273.0,15776020.0,2647767.1428571427,485628.46899034537,2244829.0,14.89774749949619,10,0.3057430764672831,-0.7818314824680299,60,6,2350047.6666666665,0.10508760332536697,14.100286,3142622.463966675,0.0,0.8852957910234491,-8628.0,6,18727293.0,5.0,1.012380273317942,1.0757048854845552,2810846.0,1.0205246005243414,3066939.6428571427,2901650.0,93775.85714285714,1.1546568522740621,2827057.5
2025-10-20,2794820,-0.001748202696894685,0,719770.0,0.15000775061154048,2874884.0,0.0,2680610.714285714,431254.8821091079,2934025.0,14.871523231413567,10,0.3220757010206104,0.0,0,7,2678563.0,-0.09148645824000197,0.0,2948267.814922335,0.0,1.072768628153036,78386.0,0,18764275.0,7.0,1.012380273317942,1.0757048854845552,2632567.6666666665,1.2387878646004755,2887721.1428571427,2878950.0,74101.42857142857,1.1546568522740621,2594330.5
2025-10-21,2141971,0.006820503241343756,8,-193435.0,0.11856839708561664,2413133.0,2794820.0,2680610.714285714,286121.31176440534,2756016.0,14.696436875597412,10,0.3383130181923076,0.7818314824680298,10,8,2431103.3333333335,-0.045085886070299695,2.4311033333333336,2270892.4974960797,0.0,1.1713541325377523,209358.0,1,18684211.0,7.0,0.9721505285082807,1.0411489884232237,2052760.3333333333,1.345977277952449,2294283.285714286,2268485.0,62360.42857142857,1.1546568522740621,2004946.0
2025-10-22,2278249,0.05320054580110134,18,-652849.0,0.12874234693129455,2438918.0,4936791.0,2680610.714285714,313992.02729297907,2162389.0,14.707065466314479,10,0.3544502230989869,0.9749279121818236,20,9,2312757.3333333335,0.0377469341910669,4.625514666666667,2304148.891458887,0.0,1.0397267220365378,-195920.0,2,18413049.0,7.0,0.9335807732842009,1.026617276597833,2223198.5,1.1761624495442318,2412904.0714285714,2988255.0,47743.0,1.1546568522740621,2209266.0
2025-10-23,2780271,-0.03919140922031028,24,136278.0,0.15771630626461453,2901650.0,7215040.0,2680610.714285714,457637.52007271873,2283293.0,14.880790443305877,10,0.3704825404820963,0.43388373911755823,30,8,2435745.0,-0.011509753115061288,7.307235,2701369.7057889476,0.0,0.9353918268207235,-377203.0,3,18252380.0,5.0,0.9337518692728747,1.0141913255354424,2757758.3333333335,1.0493695049700222,2841425.714285714,2794820.0,38696.28571428572,1.0773215035098411,2763774.0
2025-10-24,2773635,-0.11569473069581393,28,502022.0,0.15837099971800678,2878950.0,9995311.0,2680610.714285714,455942.1896381556,2734510.0,14.872936549650934,10,0.3864052261209853,-0.433883739117558,40,7,2398612.0,-0.026355816052005997,9.594448,2685422.554241269,1.114893736277211,0.9001786687720352,-458518.0,4,18131001.0,3.0,0.940417844896569,1.005907876952059,2791436.6666666665,1.0036035593443002,2834589.785714286,2141971.0,29388.285714285714,1.0773215035098411,2765373.0
2025-10-25,2126979,-0.006123345135344405,30,-6636.0,0.12321003622577169,2268485.0,12768946.0,2680610.714285714,279500.1190276197,2757296.0,14.634623206588161,10,0.40221356823680365,-0.9749279121818236,50,6,2329998.0,-0.021695634198900884,11.64999,2079697.9122493425,1.107845536007129,1.1005275185990935,-402125.0,5,18025686.0,1.0,0.9453202231199105,0.9998667843558203,2137888.3333333335,1.2192144987330085,2204424.8571428573,2278249.0,21904.0,1.0773215035098411,2116203.5
2025-10-26,2859222,-0.024189432015217616,30,-646656.0,0.16338416316315535,2988255.0,14895925.0,2680610.714285714,488233.5424931148,2138621.0,14.910200497602347,10,0.41790288888678667,-0.7818314824680299,60,5,2275535.6666666665,0.09347131313564086,13.653214,2703051.9663614198,1.0997476382728804,0.8509333070718784,-12685.0,6,17884180.0,-1.0,0.9442131158555833,0.9946046963926503,2838283.5,0.93581189478003,2852517.6428571427,2780271.0,16861.428571428572,1.0773215035098411,2846128.0
2025-10-27,2636402,0.0076956335707856205,0,732243.0,0.1514751475609357,2794820.0,0.0,2536449.5714285714,423345.7719062543,2797199.0,14.84327861958669,10,0.4334685453485363,0.0,0,4,2574360.3333333335,-0.1020067402242994,0.0,2451358.7819781965,1.0920786190672938,1.0238485004903217,-268075.0,0,17755147.0,-3.0,0.9442131158555833,0.9946046963926503,2680602.5,1.1181230565495899,2617497.0714285714,2773635.0,17974.714285714286,1.0773215035098411,2642656.5
2025-10-28,1945466,0.012440503105489054,3,-222820.0,0.11993268309081248,2141971.0,2636402.0,2536449.5714285714,256892.3291327107,2571459.0,14.577237458008968,10,0.4489059314938798,0.7818314824680298,10,3,2299907.3333333335,-0.07580509883713804,2.2999073333333335,1852068.7531664763,0.0,1.1060564025683233,-579846.0,1,17596729.0,-5.0,0.9433172798248187,0.9644939442509827,2084589.8333333333,1.195797592740814,1998378.642857143,2126979.0,21708.85714285714,1.0773215035098411,2054786.0
2025-10-29,2087383,0.04266150415219405,4,-690936.0,0.12924335883842963,2278249.0,4581868.0,2536449.5714285714,294448.5530302935,1956344.0,14.638918162358372,10,0.4642104791518923,0.9749279121818236,20,2,2102294.6666666665,0.04000397981429865,4.204589333333333,2050045.3240743869,0.0,0.9437665969701858,-182512.0,2,17400224.0,-7.0,0.9281065372222563,0.9351466216727493,2231255.8333333335,1.008166469338264,2195602.3571428573,2859222.0,23071.714285714286,1.0773215035098411,2209266.0
2025-10-30,2532054,-0.05595935818965203,3,141917.0,0.1569242990223626,2780271.0,6669251.0,2536449.5714285714,436292.0777672031,2160195.0,14.838059322607249,10,0.4793776594606945,0.43388373911755823,30,1,2231473.3333333335,-0.09830548603452918,6.69442,2039112.928583934,0.0,0.8535469126258766,-47047.0,3,17209358.0,-7.0,0.924353988335477,0.9220570056292233,2748917.5,0.9023475816741301,2187472.4285714286,2636402.0,13390.57142857143,0.9954396501451628,2759814.0
2025-10-31,2280607,-0.13263637146046048,0,444671.0,0.15744929470533633,2773635.0,9201305.0,2536449.5714285714,436706.8745200355,2161429.0,14.835669652789917,10,0.49440298420761813,-0.433883739117558,40,0,1917433.3333333333,0.1398569490663855,7.669733333333333,2424548.027363383,0.0,0.7177606654587061,33347.0,4,16961141.0,-7.0,0.9205621515928819,0.9141185933938617,2758466.6666666665,0.7487046055943138,2610318.0,1945466.0,59799.71428571428,0.9954396501451628,2757739.5
2025-11-01,2029708,-0.043668457239824265,5,-251447.0,0.122787030565441,2126979.0,11481912.0,2536449.5714285714,261165.43548505113,2565724.0,14.570213691223262,11,0.5092820071573356,-0.9749279121818236,55,1,2233915.3333333335,-0.04452316681772085,11.169576666666668,1818159.0927570388,0.0,1.0068760268312134,-28885.0,5,16468113.0,-5.0,0.8992059328937565,0.8895359073078197,2121853.0,1.0173192400022435,2017120.2857142857,2087383.0,16734.571428571428,0.9954396501451628,2109290.5
2025-11-02,2678442,-0.05143221641666529,12,-250899.0,0.16218818621668224,2859222.0,13511620.0,2536449.5714285714,463732.0301708346,1997801.0,14.866060467563116,11,0.5240103253675756,-0.7818314824680299,66,2,2103592.6666666665,0.11752336670716666,12.621556,2416509.0954621425,0.0,0.8056328624494027,-166015.0,6,16370842.0,-3.0,0.9070682082515856,0.8933421493185513,2869193.5,0.8095092758327717,2666715.6428571427,2532054.0,22955.85714285714,0.9954396501451628,2854083.5
2025-11-03,2492532,-0.008575899044162671,0,648734.0,0.15460682979595042,2636402.0,0.0,2312866.0,407605.7552877033,2646807.0,14.784926046075393,11,0.5385835804920232,0.0,0,3,2467566.3333333335,-0.08617662418557534,0.0,2185942.1019383627,0.0,1.0126211402252097,-78354.0,0,16190062.0,-1.0,0.9070682082515856,0.8933421493185513,2647334.0,1.0067307248834478,2421527.714285714,2280607.0,18614.714285714286,0.9954396501451628,2617421.0
2025-11-04,2015706,0.04847902916261049,4,-185910.0,0.12073730564300703,1945466.0,2492532.0,2312866.0,234890.3230600783,2403233.0,14.481012609042377,11,0.5529974600700271,0.7818314824680298,11,4,2240567.3333333335,-0.028192993230852604,2.2405673333333334,1742296.238999884,0.0,1.0574999361316078,74657.0,1,16046192.0,1.0,0.9454294147857573,0.9069541568304642,2029467.3333333333,1.0409263507565596,1931960.5,2029708.0,22094.14285714286,0.9954396501451628,2004946.0
2025-11-05,2162311,0.08494556097380324,10,-476826.0,0.12940795910433214,2087383.0,4508238.0,2312866.0,270123.97389907815,1910059.0,14.551422165300865,11,0.5672476988027229,0.9749279121818236,22,5,2168106.0,0.05315465343253851,4.336212,1967689.7554733837,0.0,0.9948423916255096,-30197.0,2,16116432.0,3.0,0.9839301350453571,0.9201425574183649,2231255.8333333335,0.9838549562498046,2137350.1428571427,2678442.0,38740.57142857143,0.9954396501451628,2209266.0
2025-11-06,2704209,0.00579428247874092,15,146605.0,0.15704691859614836,2532054.0,6670549.0,2312866.0,397651.27841905184,2106444.0,14.744541783969211,11,0.5813300798152042,0.43388373911755823,33,5,2331577.6666666665,-0.022682675142125866,6.994733,2472026.7145182304,0.9932550031145182,1.048081138396378,-126838.0,3,16191360.0,4.0,1.0001946245537918,0.9258343178188001,2748917.5,1.0410118343821622,2632916.9285714286,2492532.0,57123.28571428572,0.995656089843423,2759814.0
2025-11-07,2645578,-0.04891172356546203,16,541898.0,0.15332983200681613,2280607.0,9374758.0,2312866.0,349685.0881835689,2597660.0,14.639952632048054,11,0.5952404359043674,-0.433883739117558,44,4,2261646.0,-0.002217492072324131,9.046584,2602824.748652875,1.0030329119933314,0.9185526535427563,-387713.0,4,16363515.0,4.0,1.0188509129954937,0.9372513283068705,2758466.6666666665,0.9213385429021925,2702233.9285714286,2015706.0,19398.14285714286,0.995656089843423,2757739.5
2025-11-08,2080116,0.028908064641058218,15,-58631.0,0.1236315432726463,2029708.0,12020336.0,2312866.0,250935.9324328364,2662635.0,14.523402990988718,11,0.6089746507720486,-0.9749279121818236,55,3,2256343.3333333335,-0.007136741196026178,11.281716666666668,2186031.8807586837,0.0,1.023209220395143,44235.0,5,16728486.0,2.0,1.0468932352033355,0.9435043503596833,2123452.1666666665,1.0511692032935147,2149891.5,2162311.0,57692.42857142857,0.995656089843423,2109290.5
2025-11-09,2631788,0.00929644296654919,12,-565462.0,0.16123961158109962,2678442.0,14100452.0,2312866.0,431870.9477225036,2112678.0,14.800746213509235,11,0.6225286602431057,-0.7818314824680299,66,2,2238940.0,0.08000822948254814,13.43364,2773556.4667798183,0.0,0.855770506347931,-51747.0,6,16778894.0,0.0,1.0435796743839747,0.943700151766883,2869193.5,0.8815583134231375,2696191.214285714,2704209.0,48482.57142857143,0.995656089843423,2854083.5
2025-11-10,2488335,0.015054532532620568,0,551672.0,0.15560652373122896,2492532.0,0.0,2390320.0,387854.2398088476,2660472.0,14.728810020449643,11,0.6358984534680745,0.0,0,1,2485168.0,-0.05525070071894003,0.0,2827301.893892836,0.0,1.0180536722074285,14548.0,0,16732240.0,-2.0,1.0435796743839747,0.943700151766883,2647334.0,1.0459413878037438,2726807.1428571427,2645578.0,39865.57142857143,0.995656089843423,2617421.0
2025-11-11,2054768,0.0052169041670218075,0,-143453.0,0.12246863908156339,2015706.0,2488335.0,2390320.0,246860.77060854182,2697567.0,14.51648056030932,11,0.6490800741100398,0.7818314824680298,11,0,2344082.3333333335,-0.0415461244881633,2.3440823333333336,2190240.972512687,0.0,1.110213195553913,266745.0,1,16728043.0,-4.0,0.9983161700632128,0.9217217949152476,2041174.0,1.140330865501433,2095276.2142857143,2080116.0,-2781.714285714286,0.995656089843423,2010414.5
2025-11-12,1996069,0.04317783952622278,2,-433567.0,0.12911290794135274,2162311.0,4543103.0,2390320.0,279182.2610835744,2085620.0,14.586688577592797,11,0.6620696215153815,0.9749279121818236,22,1,2238246.0,0.0360649280674437,4.476492,2187741.708426679,0.0,1.027561829193248,265794.0,2,16767105.0,-4.0,1.007733620097253,0.9408487141076579,2240335.5,1.0580722418489887,2096968.5,2631788.0,-22281.571428571428,0.995656089843423,2209266.0
2025-11-13,2434496,-0.03810084989527385,6,-58699.0,0.15730969066707642,2704209.0,6539172.0,2390320.0,425398.28128912405,2088739.0,14.810320375851292,11,0.6748632518680403,0.43388373911755823,33,2,2344481.6666666665,-0.021609705941920822,7.033445,2645517.268747294,0.0,1.0378991683123464,420372.0,3,16600863.0,-3.0,0.9803049194301698,0.9248601970703748,2764464.8333333335,1.0587354538376323,2568779.0714285714,2488335.0,-43501.142857142855,0.9760676572137649,2759814.0
2025-11-14,2456308,-0.10272554729058314,12,438427.0,0.15215506133812057,2645578.0,8973668.0,2390320.0,402538.0828647823,2636505.0,14.788400502910324,11,0.6874571793269664,-0.433883739117558,44,3,2512495.3333333335,-0.19311048117228372,10.049981333333333,2614424.446059232,0.0,1.015033186428589,857999.0,4,16331150.0,-1.0,0.9572159622680394,0.9156813658912245,2754444.1666666665,1.0199445696617415,2607737.714285714,2054768.0,-76932.71428571429,0.9760676572137649,2757739.5
2025-11-15,1902157,-0.023329099009327336,20,21812.0,0.122593565126944,2080116.0,11429976.0,2390320.0,255008.83631759824,1949769.0,14.547934700095528,11,0.699847677146407,-0.9749279121818236,55,4,1973553.0,0.2819064857228868,9.867765,1868084.188042204,0.0,0.8983653421794666,147679.0,5,16141880.0,1.0,0.9508865642358084,0.9184626630382627,2131853.5,0.891437936749419,1928496.0,1996069.0,-100238.42857142857,0.9760676572137649,2109290.5
2025-11-16,2604321,-0.031091882975018748,30,-554151.0,0.16075361211371392,2631788.0,13332133.0,2390320.0,423069.42731752695,2663030.0,14.783174401040533,11,0.7120310787787131,-0.7818314824680299,66,5,2586060.3333333335,-0.04893281785666183,15.516362,2510153.562135842,0.0,0.9880291093008765,134126.0,6,15963921.0,3.0,0.9455110375185136,0.9149769481400021,2847133.1666666665,0.9704819735010942,2636077.0714285714,2434496.0,-102388.42857142857,0.9760676572137649,2854083.5
2025-11-17,2349327,0.005320531729322564,0,702164.0,0.1563391659507444,2488335.0,0.0,2276636.285714286,389024.2185060456,2455375.0,14.727124771954527,11,0.7240037789593305,0.0,0,6,2406159.6666666665,-0.18735276522059624,0.0,2311465.008482871,0.0,0.9843272082676517,139673.0,0,15936454.0,5.0,0.9455110375185136,0.9149769481400021,2631052.5,0.9652531601623906,2421968.9285714286,2456308.0,-106677.71428571429,0.9760676572137649,2617421.0
2025-11-18,1816617,0.011739008017592756,7,-254994.0,0.1225517802092441,2054768.0,2349327.0,2276636.285714286,251815.47631698806,1885832.0,14.53567399083501,11,0.7357622347736527,0.7818314824680298,11,7,1938068.6666666667,0.07712325790583265,1.9380686666666667,1747755.9368516593,0.0,0.9195591978552097,-31178.0,1,15797446.0,7.0,0.9441361392256268,0.9025381938245054,2049507.1666666667,0.8929391028907073,1838472.5714285714,1902157.0,-91937.14285714286,0.9760676572137649,2035237.0
2025-11-19,2073637,0.054979095220306196,16,-532710.0,0.12793168155358253,1996069.0,4165944.0,2276636.285714286,255360.46366697794,2070826.0,14.506690805378884,11,0.7473029667054297,0.9749279121818236,22,8,2110117.3333333335,0.11636588585146265,4.220234666666667,1869776.6585255377,0.0,0.9738283848478461,-241170.0,2,15559295.0,7.0,0.9169820715048723,0.8973492730210016,2218362.6666666665,0.9304953298903997,2010976.4285714286,2604321.0,-97417.57142857143,0.9760676572137649,2182579.0
2025-11-20,2493511,-0.026176761294788298,21,257020.0,0.1568411356196782,2434496.0,6239581.0,2276636.285714286,381829.1173015641,2550762.0,14.705250722318244,11,0.75862255966641,0.43388373911755823,33,7,2475635.6666666665,0.04939943257857068,7.426907,2333858.4824514617,0.9599754190021922,1.0903095619481513,-441868.0,3,15636863.0,5.0,0.9541851781846387,0.9211749075773643,2721775.3333333335,1.0466703785732732,2487122.714285714,2349327.0,-83777.42857142857,0.9314596479117759,2721783.0
2025-11-21,2792495,-0.0792418888785189,24,419874.0,0.15233111417925904,2456308.0,8733092.0,2276636.285714286,374172.1344074274,2754798.0,14.714170374667459,11,0.769717664006921,-0.433883739117558,44,6,2635119.3333333335,-0.09748223161660931,10.540477333333333,2558414.4493628014,0.9633234383260012,1.0651169111267624,-554241.0,4,15695878.0,3.0,0.9731908958521756,0.9304122765397359,2699011.8333333335,1.0260520850458026,2679458.714285714,1816617.0,-73745.85714285714,0.9314596479117759,2719800.0
2025-11-22,2482593,0.05381461502790108,25,298984.0,0.1222098238694068,1902157.0,11525587.0,2276636.285714286,232462.27194195925,2493313.0,14.458499589089469,11,0.7805849965070866,-0.9749279121818236,55,5,2362576.3333333335,0.07980722739258224,11.812881666666668,2403671.8376594344,0.9857702754426614,1.0845416927488605,-228367.0,5,16032065.0,1.0,1.0083649344495562,0.966482541203916,2113337.3333333335,1.0691089631900945,2421884.714285714,2073637.0,-42618.142857142855,0.9314596479117759,2087368.0
2025-11-23,2617142,0.06914471793440358,24,-309902.0,0.16179529861808492,2604321.0,14008180.0,2276636.285714286,421366.89389234956,2659301.0,14.772682930579814,11,0.7912213413483807,-0.7818314824680299,66,4,2551127.0,-0.04802798199307654,15.306762,2676151.5053568105,1.0184542356765103,0.9750071220514382,19187.0,6,16612501.0,-1.0,1.050708089995802,1.0034489532886117,2810940.3333333335,0.9930001332680515,2589432.8571428573,2493511.0,-37347.857142857145,0.9314596479117759,2851266.5
2025-11-24,2563877,0.09716518019336973,0,134549.0,0.15231445634838292,2349327.0,0.0,2375046.0,357836.4647895774,2506373.0,14.669639887779907,11,0.801623551065242,0.0,0,3,2413306.6666666665,0.061151529953689915,0.0,2527144.999622451,0.0,0.9898193494102553,-134811.0,0,16625322.0,-3.0,1.050708089995802,1.0034489532886117,2612701.6666666665,1.0088563639154748,2435542.3571428573,2792495.0,-34983.57142857143,0.9314596479117759,2606825.0
2025-11-25,2675261,0.06149231376357167,2,-53265.0,0.11970893986994306,1816617.0,2563877.0,2375046.0,217465.29521971635,2694504.0,14.41248708862166,11,0.8117885474764613,0.7818314824680298,11,2,2570772.0,0.026366145095171854,2.570772,2801389.620187903,0.0,1.2303762618263268,-277213.0,1,16839872.0,-5.0,1.0913240259870167,1.0289880316208262,2044580.5,1.2723622715533252,2642725.9285714286,2482593.0,-11619.0,0.9314596479117759,2035237.0
2025-11-26,2753036,0.08799674065100827,2,111384.0,0.1270348767258617,2073637.0,5239138.0,2375046.0,263424.2206691857,2726845.0,14.544815110589465,11,0.821713322596059,0.9749279121818236,22,1,2644597.3333333335,-0.4115555519928195,5.289194666666667,3028330.3244191287,0.0,1.2235887400249112,243810.0,2,17698516.0,-7.0,1.2576112400934818,1.1773904072851107,2202994.5,1.3342395447030468,2675896.1428571427,2617142.0,-4480.142857142857,0.9314596479117759,2180811.5
2025-11-27,1559165,0.061599031910334334,0,77775.0,0.1551894205654881,2493511.0,7992174.0,2375046.0,386966.5272636708,1551896.0,14.729202716469267,11,0.8313949395234058,0.43388373911755823,33,0,1508503.3333333333,0.44363229083917854,4.52551,1753243.2476744945,0.0,0.660317047600676,328728.0,3,18377915.0,-7.0,1.2808831234020361,1.2239841923861556,2680801.0,0.7458331966858308,1509437.2142857143,2563877.0,-1140.142857142857,1.1934939110854226,2688660.0
2025-11-28,2392036,-0.09315866541641349,4,-1193871.0,0.15526874974076754,2792495.0,9551339.0,2375046.0,433587.20730734465,2377911.0,14.84244637751623,11,0.8408305333122887,-0.433883739117558,44,1,2187316.0,0.10135419516630274,8.749264,2611375.2257047603,0.0,0.877058133646735,525457.0,4,17443569.0,-5.0,1.0936949937089864,1.052987415009025,2707453.6666666665,0.944405466281557,2345076.5714285714,2675261.0,8077.0,1.1934939110854226,2735695.5
2025-11-29,2696816,-0.10470333156225442,10,832871.0,0.12959255997546243,2482593.0,11943375.0,2375046.0,321725.5822471632,2811101.0,14.72481453923999,11,0.8500173118187018,-0.9749279121818236,55,2,2584373.6666666665,0.09768052734272523,12.921868333333332,2966574.6744208923,0.0,1.1766926815956935,758395.0,5,17043110.0,-3.0,1.0362487394351367,1.0283200816327742,2162999.3333333335,1.2355728877765342,2792146.714285714,2753036.0,4709.571428571428,1.1934939110854226,2109290.5
2025-11-30,3134613,-0.13180849172043763,18,304780.0,0.16089099677409424,2617142.0,14640191.0,2375046.0,421074.58507934655,3088836.0,14.777593822740096,11,0.8589525565270845,-0.7818314824680299,66,3,2879079.0,-0.08780530968619134,17.274474,3192715.939046514,0.0,1.1003297435136872,40288.0,6,17257333.0,-1.0,1.04511728147411,1.0656637377977316,2773245.5,1.1686414153994347,3065119.3571428573,1559165.0,-10085.42857142857,1.1934939110854226,2768832.0
2025-12-01,2893451,0.06025996264804556,0,437797.0,0.1476648186979154,2563877.0,0.0,2539257.714285714,378594.4323687552,2829000.0,14.757031513987368,12,0.8676336233547726,0.0,0,4,2617311.6666666665,-0.1835798436945797,0.0,3014549.002128277,0.0,1.0992761545400187,353558.0,0,17774804.0,1.0,1.04511728147411,1.0656637377977316,2610473.1666666665,1.2007119280182492,2812746.6428571427,2392036.0,2476.8571428571427,1.1934939110854226,2600139.5
2025-12-02,2233828,0.13181236559625642,5,-241162.0,0.12729503941994297,2675261.0,2893451.0,2539257.714285714,340547.454453636,2283750.0,14.799557877441284,12,0.8760579434344281,0.7818314824680298,12,5,2136826.0,-0.06447811000776352,2.136826,2462283.273724179,0.0,1.0151590449718713,1096795.0,1,18104378.0,3.0,1.1285451681184393,1.169771674369428,2112582.1666666665,1.1316124242544032,2279675.1428571427,2696816.0,3469.285714285714,1.1934939110854226,2079608.5
2025-12-03,2125688,0.1476919144338349,12,-659623.0,0.13352344869157204,2753036.0,5127279.0,2539257.714285714,367594.86109205073,2120703.0,14.828215223918193,12,0.8842230238742036,0.9749279121818236,24,6,1987564.0,0.10413963683002983,3.975128,2107964.2213347536,0.0,0.902612701474833,601831.0,2,17662945.0,5.0,0.9786493503320585,1.1112183547158623,2242928.8333333335,0.9798699810755257,2118006.214285714,3134613.0,-913.4285714285714,1.1934939110854226,2220280.0
2025-12-04,2437542,0.04210720665568357,21,-108140.0,0.13801995373399553,1559165.0,7252967.0,2539257.714285714,215195.88116366515,2443620.0,14.259661620883346,12,0.8921264484954345,0.43388373911755823,36,7,2278014.0,0.012853311065776214,6.834042,2246197.057729233,0.0,0.9319469247309418,-993361.0,3,17035597.0,7.0,0.9075086453322964,1.0572269509118242,2641031.8333333335,0.9782942330622342,2441078.5,2893451.0,-3942.8571428571427,1.0820796903468128,2618131.5
2025-12-05,2456311,-0.1516841714051449,32,311854.0,0.15369622767045066,2392036.0,9690509.0,2539257.714285714,367646.9096519141,2522641.0,14.687655862160453,12,0.8997658785476209,-0.433883739117558,48,8,2321191.3333333335,-0.14489466190593195,9.284765333333334,2580175.1463724487,0.0,0.9282836359937738,-736646.0,4,17913974.0,7.0,1.0145707319151795,1.0581221115240889,2656500.3333333335,1.0204299708121705,2523754.714285714,2233828.0,-5849.571428571428,1.0820796903468128,2709606.5
2025-12-06,1987785,-0.11660321693654452,45,18769.0,0.13618099855887433,2696816.0,12146820.0,2539257.714285714,367255.09580954927,2012382.0,14.807582746649548,12,0.9071390534005044,-0.9749279121818236,60,9,1888682.3333333333,0.21027916740218433,9.443411666666666,2114262.3237612904,0.0,0.8636057776624192,-366213.0,5,17978249.0,7.0,1.0170341297999936,1.035550550078844,2228164.5,0.9528453524349333,2006065.2142857143,2125688.0,-17343.14285714286,1.0820796903468128,2197732.0
2025-12-07,2597892,-0.10140791955714656,60,-468526.0,0.16361951322724905,3134613.0,14134605.0,2539257.714285714,512883.8532158068,2603322.0,14.95801659847172,12,0.9142437912130223,-0.7818314824680299,72,10,2395504.6666666665,-0.0306614024918276,14.373028,2598331.3464532364,0.0,0.9882268816616552,504650.0,6,17269218.0,7.0,0.9654658877059732,1.0081572075911116,2787687.0,1.0507507399193183,2596014.0,2437542.0,-4530.571428571428,1.0820796903468128,2768832.0
2025-12-08,2470751,-0.03671045261459305,0,610107.0,0.15365437177809804,2893451.0,0.0,2390356.714285714,444591.3956757096,2438070.0,14.877960810952263,12,0.9210779895789526,0.0,0,11,2279679.3333333335,-0.15015558572951043,0.0,2285732.781193665,0.0,0.9429713598539379,115024.0,0,16732497.0,7.0,0.9654658877059732,1.0081572075911116,2641808.3333333335,0.9729391149689957,2433385.5,2456311.0,-11845.857142857143,1.0820796903468128,2600139.5
2025-12-09,1977202,0.008899487124709005,12,-127141.0,0.1305535345450875,2233828.0,2470751.0,2390356.714285714,291634.14096578374,2013749.0,14.619227711366488,12,0.9276396261490467,0.7818314824680298,12,12,1866652.6666666667,0.060616911843464474,1.8666526666666667,1783004.6243509115,0.0,0.8829432277324186,-1300077.0,1,16309797.0,7.0,0.8539114711118315,0.9599818941057737,2134145.3333333335,0.8852507920501044,2007291.4285714286,1987785.0,-16384.428571428572,1.0820796903468128,2098369.5
2025-12-10,2160994,0.06676649303690729,26,-493549.0,0.1329757687462884,2125688.0,4447953.0,2390356.714285714,282664.9959147603,2148651.0,14.569606543081868,12,0.9339267592294762,0.9749279121818236,24,13,2010205.6666666667,0.12167275950872235,4.020411333333334,1927367.2327988371,0.0,0.9153354621024273,-1306747.0,2,16053171.0,7.0,0.8675075025174172,0.9327066434661825,2194364.3333333335,0.9023665314364129,2140957.4285714286,2597892.0,-14473.714285714286,1.0820796903468128,2143999.5
2025-12-11,2584914,0.0015201718883874893,42,183792.0,0.13403506529377102,2437542.0,6608947.0,2390356.714285714,326716.1011263092,2588225.0,14.706501122724179,12,0.9399375283564133,0.43388373911755823,36,14,2397969.0,0.12167275950872235,7.193907,2418758.6579427174,0.0,0.9812166138499412,1812723.0,3,16088477.0,7.0,0.9112059933541681,0.9433302880748835,2563680.5,0.9693205189459587,2579542.285714286,2470751.0,-13422.57142857143,0.9856028748441448,2512782.5
2025-12-12,2651654,-0.06357749434742455,52,423920.0,0.1508677849858553,2456311.0,9193861.0,2390356.714285714,370578.1998063912,2588225.0,14.714171596011422,12,0.9456701548465688,-0.433883739117558,48,13,2236720.0,-0.014149232591018105,8.94688,2371186.7918666443,0.0,0.8955576700830332,464734.0,4,16235849.0,5.0,0.9487490285598001,0.9953133823065811,2586060.5,0.8921587219983178,2645580.5714285714,1977202.0,-13027.285714285714,0.9856028748441448,2550944.5
2025-12-13,2157148,0.03210120955186957,60,66740.0,0.13480100503958856,1987785.0,11845515.0,2390356.714285714,267955.41580261855,2655019.0,14.502532014529171,12,0.9511229423235357,-0.9749279121818236,60,12,2198342.0,0.00609719255297492,10.99171,1935535.1004434945,0.0,1.0113394086452663,-923254.0,5,16431192.0,3.0,0.9751947423276216,1.007148402200258,2162611.0,1.0206772817630032,2136206.285714286,2160994.0,-4032.285714285714,0.9856028748441448,2103547.5
2025-12-14,2586427,0.01514704806155942,66,-494506.0,0.1631124696113112,2597892.0,14002663.0,2390356.714285714,423748.5799034685,2146894.0,14.770211289837206,12,0.9562942772197719,-0.7818314824680299,72,11,2214187.0,0.09096592058652563,13.285122,2479767.4014985585,0.0,0.9090806697023911,-1054192.0,6,16600555.0,1.0,0.990665321033025,0.998138522728344,2729861.6666666665,0.9261241068594308,2597561.9285714286,2584914.0,946.4285714285714,0.9856028748441448,2655115.0
2025-12-15,2503757,0.0280214105829395,0,429279.0,0.15185368101993482,2470751.0,0.0,2369870.0,375192.634233685,2599354.0,14.720033115708912,12,0.9611826292540837,0.0,0,10,2506869.6666666665,-0.04911955848619867,0.0,2361290.8671547463,0.0,1.0354277615630498,-752274.0,0,16589090.0,-1.0,0.990665321033025,0.998138522728344,2574452.8333333335,1.0541399586099145,2395252.785714286,2651654.0,-124.57142857142857,0.9856028748441448,2528204.5
2025-12-16,2047653,0.01714659671053531,9,-82670.0,0.1281164859179196,1977202.0,2503757.0,2369870.0,253312.17218988246,2401238.0,14.497193777710978,12,0.9657865518844574,0.7818314824680298,12,9,2369116.3333333335,-0.033994270002061976,2.3691163333333334,2156396.4037285387,0.0,1.1254724749110507,184807.0,1,16622096.0,-3.0,1.013358691345263,0.974470406248425,2061490.1666666667,1.148413283104999,2118761.9285714286,2157148.0,9852.285714285714,0.9856028748441448,2035237.0
2025-12-17,2271960,0.04218839178685818,16,-456104.0,0.13422932136344318,2160994.0,4551410.0,2369870.0,290068.75809047255,2122028.0,14.586079321742709,12,0.9701046827361175,0.9749279121818236,24,8,2283822.6666666665,0.02515885794748024,4.567645333333333,2227258.1832023426,0.0,1.0411155119479147,662654.0,2,16692547.0,-5.0,1.023259463398107,0.9591853959844922,2148043.6666666665,1.067145258417242,2143638.285714286,2586427.0,4448.285714285715,0.9856028748441448,2143341.0
2025-12-18,2637016,-0.010945519935391612,21,224307.0,0.13479941632109085,2584914.0,6823370.0,2369870.0,348444.89844021626,2351328.0,14.765203183372435,12,0.974135744004672,0.43388373911755823,36,7,2358229.6666666665,0.01610350243692979,7.074689,2752736.774388009,1.031369506769139,0.961257408767091,-731005.0,3,16803513.0,-7.0,1.0324443515737076,0.9715171058646701,2531121.0,0.9914115795582953,2654876.0,2503757.0,-8653.285714285714,1.0176512436117193,2512782.5
2025-12-19,2824905,-0.06923620475891601,24,365056.0,0.1522957460470029,2651654.0,9460386.0,2369870.0,403835.62418851943,2651437.0,14.79069453132765,12,0.9778785428342386,-0.433883739117558,48,6,2402552.0,0.05087762403578719,9.610208,2938600.890386162,1.0342731947927424,0.9582601005632823,131068.0,4,16855615.0,-7.0,1.0289894528533767,1.0180996691284177,2562587.0,0.9911027356520006,2848699.0714285714,2047653.0,-10240.42857142857,1.0176512436117193,2550944.5
2025-12-20,2748731,0.04402659986027446,25,187889.0,0.1374698239787691,2157148.0,12285291.0,2369870.0,296542.75585615385,2845856.0,14.584298000407903,12,0.9813319716704275,-0.9749279121818236,60,5,2525466.6666666665,0.0364927934111188,12.627333333333333,2863601.430937324,1.045772286165754,1.1623849326904039,878394.0,5,17028866.0,-7.0,1.0371259502014054,1.0353944604590135,2144054.8333333335,1.2155899484642696,2779629.4285714286,2271960.0,-12752.714285714286,1.0176512436117193,2103547.5
2025-12-21,2769228,0.06608278788638056,24,-76174.0,0.1612355253518395,2586427.0,15034022.0,2369870.0,417023.91612918215,2773545.0,14.765788331193097,12,0.9844950085880858,-0.7818314824680299,72,4,2617628.0,0.011136723638279392,15.705768,2958866.275292607,1.0790374476864726,1.070579212290589,525256.0,6,17620449.0,-7.0,1.073654489863821,1.0590016958336947,2664801.1666666665,1.1551950607762316,2807030.9285714286,2637016.0,-17762.428571428572,1.0176512436117193,2624465.0
2025-12-22,2795090,0.08570669921888197,0,20497.0,0.15168484667237878,2503757.0,0.0,2543321.4285714286,379781.99664989504,2800962.0,14.73330336116425,12,0.9873667175937016,0.0,0,3,2647587.6666666665,-0.05941173121191492,0.0,2942973.536243843,0.0,1.091220843695638,455706.0,0,17803250.0,-7.0,1.073654489863821,1.0590016958336947,2525942.3333333335,1.1890903635776484,2762489.0714285714,2824905.0,-20449.14285714286,1.0176512436117193,2498144.5
2025-12-23,2822653,0.07706916455390056,2,25862.0,0.12955338746786804,2047653.0,2795090.0,2543321.4285714286,265280.3825087424,2758299.0,14.532205305556168,12,0.9899462489023779,0.7818314824680298,12,2,2487127.3333333335,-0.2102785964704447,2.4871273333333335,2243893.6546916547,0.0,1.183549918740197,327077.0,1,18094583.0,-7.0,1.1163583366916199,1.0717538120806347,2045770.5,1.3134515939523297,2073300.642857143,2748731.0,-29838.85714285714,1.0176512436117193,2031679.5
2025-12-24,2236205,0.09671410784507595,2,27563.0,0.13495113947294632,2271960.0,5617743.0,2543321.4285714286,306603.5908369551,2068817.0,14.636153893182893,12,0.9922328391893008,0.9749279121818236,24,1,1958559.0,-0.0012934571684608744,3.917118,2368765.7116222144,0.0,0.890718722184354,75660.0,2,18869583.0,-7.0,1.2342862980922396,1.160344277379997,2146995.5,1.0336420958285883,2100281.5714285714,2769228.0,88477.0,1.0176512436117193,2143341.0
2025-12-25,2066118,0.022296853356233548,0,-586448.0,0.1343337170192589,2637016.0,7853948.0,2543321.4285714286,354240.16111925803,2039342.0,14.785158912034401,12,0.9942258118156161,0.43388373911755823,36,0,1956023.6666666667,0.23727626454899228,5.868071,3183298.3673248244,0.0,0.7935960964416199,-95270.0,3,18833828.0,-7.0,1.1510365112840135,1.095487333640241,2519922.1666666665,0.9192690362791724,2817914.5714285714,2795090.0,127938.57142857143,1.1712538623330133,2512782.5
2025-12-26,2716278,-0.12290229712119771,4,-170087.0,0.14997254254141487,2824905.0,9920066.0,2543321.4285714286,423658.18528795557,2743795.0,14.853985647672792,12,0.9959245770286599,-0.433883739117558,48,1,2542324.6666666665,0.006081511743750315,10.169298666666666,3146755.0170751074,0.0,1.0065061807859683,-22092.0,4,18262930.0,-5.0,1.0485899835376695,1.0470805501200058,2565730.3333333335,1.1334452212522368,2874106.5714285714,2822653.0,33187.71428571428,1.1712538623330133,2550944.5
2025-12-27,2804814,-0.12638119654298452,10,650160.0,0.13873704641902335,2748731.0,12636344.0,2543321.4285714286,381350.8203404085,2848156.0,14.826650272398561,12,0.9973286321364752,-0.9749279121818236,60,2,2563464.0,-0.020201953541232893,12.81732,2967287.5316191344,0.0,1.161754131416939,422220.0,5,18154303.0,-3.0,1.0285750659060497,1.048202545608707,2239027.6666666665,1.2996163351209513,2758643.0714285714,2236205.0,17341.0,1.1712538623330133,2118632.0
2025-12-28,2924593,-0.06204582674393477,18,88536.0,0.16076732040710978,2769228.0,15441158.0,2543321.4285714286,445201.36515633983,2741872.0,14.834079500069754,12,0.9984375616565666,-0.7818314824680299,72,3,2509606.0,0.0120828239583006,15.057636,2954438.346011087,0.0,1.018456605266078,194266.0,6,18210386.0,-1.0,1.0270809767339704,1.0683800333708802,2649802.1666666665,1.142457144270906,2825935.5,2066118.0,29877.571428571428,1.1712538623330133,2624465.0
2025-12-29,2811757,0.05538958538708494,0,119779.0,0.15367188084133332,2795090.0,0.0,2623678.714285714,429526.73742080235,2805401.0,14.843375222180867,12,0.9992510374388481,0.0,0,3,2540146.3333333335,0.012162685115647536,0.0,2917680.396342259,0.0,1.0376593787509758,258327.0,0,18365751.0,0.0,1.0270809767339704,1.0683800333708802,2552390.3333333335,1.1732850409304079,2795711.5714285714,2716278.0,51438.42857142857,1.1712538623330133,2498144.5
2025-12-30,2827572,0.08528971994881407,2,-112836.0,0.13034901774018848,2822653.0,2811757.0,2623678.714285714,367930.0459713962,2765740.0,14.853188135076428,12,0.999768818762748,0.7818314824680298,12,2,2571041.3333333335,-0.18548654041646742,2.5710413333333335,2245742.7286297833,0.0,1.199269783474101,704549.0,1,18382418.0,0.0,1.0059629564700958,1.0547666056866098,2167403.0,1.3569931602318388,2198837.714285714,2804814.0,52756.42857142857,1.1712538623330133,2051210.5
2025-12-31,2291360,0.1488363558514718,2,15815.0,0.12666997330337237,2236205.0,5639329.0,2623678.714285714,283260.0276508678,2172902.0,14.62029123781496,12,0.9999907524084426,0.9749279121818236,24,1,2075010.0,-0.04002763819135235,4.15002,2432810.892433433,0.0,0.9426777729095078,-146721.0,2,18387337.0,0.0,1.003842468407686,1.142467390095969,2171799.1666666665,1.0669380203079584,2496610.3571428573,2924593.0,38589.857142857145,1.1712538623330133,2161652.5
2026-01-01,2334465,0.0558131869834968,0,-536212.0,0.1405288963756462,2066118.0,7930689.0,2623678.714285714,290349.28232185735,2317817.0,14.541182526228505,1,0.9998520419557735,0.43388373911755823,3,0,2071281.0,0.12074536258234866,6.213843,2638633.9537584353,0.0,1.0133382659494516,-623000.0,3,18442492.0,0.0,1.0097710094337269,1.1115490423848826,2442266.1666666665,1.150239431332208,2672276.0,2811757.0,-7710.571428571428,1.1817252380863568,2465526.5
2026-01-02,2578209,-0.10342818223434369,4,43105.0,0.15330368295735408,2716278.0,10265154.0,2623678.714285714,416415.4213360358,2612162.0,14.814773486979906,1,0.9994082116062598,-0.433883739117558,4,1,2390494.75,-0.0371590765701978,9.561979,2696257.1903148126,0.0,1.1421307374886616,-281878.0,4,18710839.0,0.0,1.0347868653293235,1.073064340923891,2619770.6666666665,1.3136445415419549,2605059.5714285714,2827572.0,49429.42857142857,1.1817252380863568,2648616.0
2026-01-03,2604749,-0.1275914429202356,10,243744.0,0.1389866790808487,2804814.0,12843363.0,2623678.714285714,389831.78329947154,2563751.0,14.846848141109707,1,0.9986686402879997,-0.9749279121818236,5,2,2279211.25,-0.06117718265946938,11.39605625,2672077.007842542,0.0,1.308592441952065,-535500.0,5,18572770.0,0.0,1.0163828240193524,1.0502817906622586,2358864.8333333335,1.4928033784426582,2587140.785714286,2291360.0,70334.57142857143,1.1817252380863568,2319870.5
2026-01-04,2817509,-0.08296926000204885,18,26540.0,0.15648986970125686,2924593.0,15448112.0,2623678.714285714,457669.1774992079,2543303.0,14.888666225595205,1,0.9976335468520451,-0.7818314824680299,6,3,2121042.25,-0.009674298014805733,12.7262535,2677712.254497456,0.0,1.01935811354635,-27436.0,6,18372705.0,0.0,1.0004503548244243,1.0542546866494982,2690827.3333333335,1.1512793076521042,2629256.214285714,2334465.0,70120.85714285714,1.1817252380863568,2624465.0
2026-01-05,2508517,-0.00023002983913178454,0,212760.0,0.14892514929460537,2811757.0,0.0,2609374.4285714286,418741.33100515173,2579257.0,14.849320468465386,1,0.9963032375991965,0.0,0,4,2098003.0,-0.044008332339833006,0.0,2288272.5676411474,0.0,1.042714889610939,-274666.0,0,18265621.0,1.0,1.0004503548244243,1.0542546866494982,2605594.5,1.1710264287820733,2291450.9285714286,2578209.0,87129.42857142857,1.1817252380863568,2533817.0
2026-01-06,1941589,0.024232674212407712,5,-308992.0,0.13567416262578666,2827572.0,2508517.0,2609374.4285714286,383628.46336412086,2222167.0,14.854929304499437,1,0.9946781061893646,0.7818314824680298,1,5,2002164.25,-0.029741195023826054,2.00216425,1944138.6446876226,0.0,1.1889857700609794,-770081.0,1,17962381.0,3.0,0.8921528425109282,0.9482781742035874,2301894.1666666665,1.3101649279028864,2002557.5714285714,2604749.0,121462.71428571429,1.1817252380863568,2144298.0
2026-01-07,1900237,0.037216579114922155,12,-566928.0,0.12627174838707184,2291360.0,4450106.0,2609374.4285714286,289334.03338420094,1915448.0,14.644656522134472,1,0.9927586335250793,0.9749279121818236,2,6,1932740.75,0.0021795508260911154,3.8654815,1755899.9629935797,0.0,1.1010998517617112,90910.0,2,17076398.0,5.0,0.7891197693910038,0.87875403544602,2193307.3333333335,1.1494391107171142,1920899.357142857,2817509.0,31672.85714285714,1.1817252380863568,2198599.5
2026-01-08,2151117,-0.06770371720853607,21,-41352.0,0.13606123974131945,2334465.0,6350343.0,2609374.4285714286,317630.20203271933,1885768.0,14.663293729140573,1,0.9905453876091833,0.43388373911755823,3,7,1939086.0,-0.019441950321280196,5.817258,1828428.1907010826,0.0,0.9412338240195713,839245.0,3,16685275.0,7.0,0.8007303022473835,0.8694052090440365,2391841.0,0.9613617546004609,2055567.2142857143,2508517.0,51917.0,0.9454211645484533,2436019.0
2026-01-09,2206079,-0.17633249231990222,32,250880.0,0.15189170234304628,2578209.0,8501460.0,2609374.4285714286,391608.554006163,2033464.0,14.762605917658664,1,0.988039023376751,-0.433883739117558,4,8,1881063.75,-0.044732678415906016,7.524255,1784750.5028754955,0.0,0.8873073824941953,-29442.0,4,16501927.0,7.0,0.8281863087489969,0.8755485753705117,2608542.5,0.8971129304421693,2079438.5,1941589.0,108395.57142857143,0.9454211645484533,2614931.5
2026-01-10,1971751,-0.10756067433765026,45,54962.0,0.1449381894984789,2604749.0,10707539.0,2609374.4285714286,377527.6041579734,2000526.0,14.77284725927443,1,0.985240282501282,-0.9749279121818236,5,9,1766662.75,-0.005843039741771083,8.83331375,1653626.2088963867,0.0,0.9871427629516677,-256148.0,5,16129797.0,7.0,0.8337021230342863,0.8633282223870573,2446303.6666666665,0.9735911781251896,1961200.7142857143,1900237.0,135694.85714285713,0.9454211645484533,2543671.0
2026-01-11,2411470,-0.06925005968415043,48,-234328.0,0.15623780810969146,2817509.0,12679290.0,2609374.4285714286,440201.4304893287,1858186.0,14.851364074135555,1,0.9821499931752291,-0.7818314824680299,6,8,1752978.0,0.10211256643301975,10.517868,2072455.718450752,0.0,0.8270563635047109,-262449.0,6,15496799.0,5.0,0.8207663175927259,0.8463304422933268,2721780.8333333335,0.7862415715629187,2429409.6428571427,2151117.0,143140.42857142858,0.9454211645484533,2693185.0
2026-01-12,2140851,-0.000328875911515647,0,439719.0,0.15324774032712446,2508517.0,0.0,2155822.8571428573,384424.56182217726,2322779.0,14.73520269848365,1,0.9787690698649216,0.0,0,7,2018480.75,-0.02487787173562943,0.0,1841006.130009187,0.9269735100751296,0.9909664093795165,-319907.0,0,15090760.0,3.0,0.8207663175927259,0.8463304422933268,2608958.1666666665,0.9185996108690783,2168430.0,2206079.0,121774.57142857143,0.9454211645484533,2536197.0
2026-01-13,1688866,0.02724436167813382,6,-270619.0,0.1380426365930781,1941589.0,2140851.0,2155822.8571428573,268022.06474011793,2063978.0,14.479017782989835,1,0.975098513039961,0.7818314824680298,1,6,1959600.5,-0.05076836261184083,1.9596005,1474925.7699616628,0.9017960409170674,1.1544124194707597,-890902.0,1,14723094.0,1.0,0.8534329247120909,0.8064136381909576,2283031.0,1.041044549464224,1757900.0,1971751.0,91849.28571428571,0.9454211645484533,2140740.5
2026-01-14,1903860,0.04336981915419391,10,-451985.0,0.12518539521198285,1900237.0,3829717.0,2155822.8571428573,237881.91984143265,1651244.0,14.45748969944979,1,0.9711394088771653,0.9749279121818236,2,5,1828202.75,0.016894552853249558,3.6564055,1616604.202918337,0.8853276957656894,1.0370362041399643,-446278.0,2,14470371.0,-1.0,0.8605900623490766,0.756166619312264,2193307.3333333335,0.9181168730368316,1907363.142857143,2411470.0,93489.42857142857,0.9454211645484533,2198599.5
2026-01-15,2460511,-0.028449930518375743,12,214994.0,0.13274253612561673,2151117.0,5733577.0,2155822.8571428573,285544.7260829283,1844782.0,14.581498264950696,1,0.9668929289391521,0.43388373911755823,3,4,1879730.5,0.016894552853249558,5.6391915,2123595.075514157,0.8856055153199061,0.9103071689805217,-451695.0,3,14473994.0,-3.0,0.9028767422484109,0.7919756477837998,2344611.1666666665,0.8061730494843997,2445451.5714285714,2140851.0,99862.14285714286,0.8538206884281054,2386003.5
2026-01-16,2608430,-0.06532269312787342,12,556651.0,0.14847774127250407,2206079.0,8194088.0,2155822.8571428573,327553.6269887045,1844782.0,14.606727742870582,1,0.9623603298276545,-0.433883739117558,4,3,1879730.5,0.016894552853249558,5.6391915,2360663.046875072,0.0,0.9103071689805217,-234061.0,4,14783388.0,-5.0,0.9638447984228591,0.8592102994238141,2597830.5,0.8061730494843997,2628920.4285714286,1688866.0,96047.28571428571,0.8538206884281054,2614931.5
2026-01-17,2002239,0.05267075232723806,10,147919.0,0.1450945276870752,1971751.0,10802518.0,2155822.8571428573,286090.2800615182,1844782.0,14.494433045587098,1,0.9575429528116719,-0.9749279121818236,5,2,1879730.5,0.016894552853249558,5.6391915,1919928.6137124088,0.0,0.9103071689805217,-432933.0,5,15185739.0,-7.0,1.008870292230549,0.8914340918446253,2446303.6666666665,0.8061730494843997,2046381.642857143,1903860.0,78358.42857142857,0.8538206884281054,2543671.0
2026-01-18,2231469,0.05703150206413665,6,-606191.0,0.15720942278261854,2411470.0,12804757.0,2155822.8571428573,379105.80675760115,1844782.0,14.695747492708715,1,0.9524422234305676,-0.7818314824680299,6,1,1879730.5,0.016894552853249558,5.6391915,2176239.628544584,0.0,0.9103071689805217,-298955.0,6,15216227.0,-7.0,1.0098954278985652,0.8740063364443567,2718798.5,0.8061730494843997,2220469.3571428573,2460511.0,71118.28571428571,0.8538206884281054,2693185.0
2026-01-19,2556438,0.047546630969802384,0,229230.0,0.15368391932683817,2140851.0,0.0,2148032.285714286,329014.3723747808,1844782.0,14.576714438606102,1,0.9470596510722283,0.0,0,0,1879730.5,0.016894552853249558,5.6391915,2568468.3703668527,0.0,0.9103071689805217,-64426.0,0,15036226.0,-7.0,1.0098954278985652,0.8740063364443567,2608958.1666666665,0.8061730494843997,2565618.1428571427,2608430.0,75323.71428571429,0.8538206884281054,2536197.0
2026-01-20,1952569,0.025925266553325277,1,324969.0,0.13736866696977745,1688866.0,2556438.0,2148032.285714286,231997.27111058016,1844782.0,14.339568447869981,1,0.9413968285264122,0.7818314824680298,1,1,1879730.5,0.016894552853249558,5.6391915,1917652.868562914,0.0,0.9103071689805217,633260.0,1,15451813.0,-5.0,1.1941223373322105,0.9970298009548357,2283031.0,0.8061730494843997,1842880.0714285714,2002239.0,77108.85714285714,0.8538206884281054,2140740.5
2026-01-21,1802833,0.0446467616244024,4,-603869.0,0.12493622191485802,1903860.0,4509007.0,2148032.285714286,237861.0754548216,1844782.0,14.459394487466831,1,0.9354554315134164,0.9749279121818236,2,2,1879730.5,0.016894552853249558,5.6391915,1938891.0779342328,0.0,0.9103071689805217,394746.0,2,15715516.0,-3.0,1.1773734194980987,0.9231778130557594,2165011.1666666665,0.8061730494843997,1807425.0,2231469.0,99472.57142857143,0.8538206884281054,2198599.5
2026-01-22,2235021,-0.010373168519770215,9,-149736.0,0.13662227261738752,2460511.0,6311840.0,2148032.285714286,336160.6046200808,1844782.0,14.715880016333786,1,0.9292372181882051,0.43388373911755823,3,3,1879730.5,0.016894552853249558,5.6391915,2439652.5578043954,0.0,0.9103071689805217,492742.0,3,15614489.0,-1.0,1.1008555392209785,0.9059442869611082,2339111.1666666665,0.8061730494843997,2260285.0,2556438.0,104159.85714285714,0.9405848649169261,2386003.5
2026-01-23,2243481,-0.1136178840629648,16,432188.0,0.15217844615376022,2608430.0,8546861.0,2148032.285714286,396946.8243008528,1844782.0,14.774259449110826,1,0.9227440286201427,-0.433883739117558,4,4,1879730.5,0.016894552853249558,5.6391915,2476646.6547341584,0.0,0.9103071689805217,774481.0,4,15388999.0,1.0,1.0430521371017738,0.926972128129219,2567153.0,0.8061730494843997,2356861.1428571427,1952569.0,102131.0,0.9405848649169261,2593319.5
2026-01-24,1616945,-0.04153721561362844,25,8460.0,0.13978605455766888,2002239.0,10790342.0,2148032.285714286,279885.0900914924,1844782.0,14.509777111792136,1,0.9159777842484877,-0.9749279121818236,5,5,1879730.5,0.016894552853249558,5.6391915,1849996.5224591026,0.0,0.9103071689805217,663486.0,5,15024050.0,3.0,0.9988728553842724,0.9185270221829588,2366244.6666666665,0.8061730494843997,1869239.0,1802833.0,88413.57142857143,0.9405848649169261,2380948.5
2026-01-25,1313323,-0.05062799872243884,36,-626536.0,0.15542441845970972,2231469.0,12407287.0,2148032.285714286,346824.77163587,1844782.0,14.618171119089256,1,0.908940487313808,-0.7818314824680299,6,6,1879730.5,0.016894552853249558,5.6391915,2304167.3656653683,0.0,0.9103071689805217,226038.0,6,14638756.0,5.0,0.9689591922751833,0.8803659362460435,2684519.8333333335,0.8061730494843997,2365490.3571428573,2235021.0,55300.42857142857,0.9405848649169261,2683560.0
2026-01-26,1830079,-0.11223408097152021,0,-303622.0,0.16221658690140384,2556438.0,0.0,1960087.142857143,414696.64698505105,1844782.0,14.754125832470404,1,0.901634220265486,0.0,0,7,1879730.5,0.016894552853249558,5.6391915,1932946.8775939243,0.0,0.9103071689805217,783253.0,0,13720610.0,7.0,0.9689591922751833,0.8803659362460435,2607718.3333333335,0.8061730494843997,2075085.4285714286,2243481.0,-102854.85714285714,0.9405848649169261,2532477.5
2026-01-27,1765468,-0.11543267832497972,8,516756.0,0.1345231842089083,1952569.0,1830079.0,1960087.142857143,262665.79926760384,1844782.0,14.484657011525801,1,0.8940611451454876,0.7818314824680298,1,8,1879730.5,0.016894552853249558,5.6391915,1339652.8760209694,0.0,0.9103071689805217,516426.0,1,12994251.0,7.0,0.715870676308207,0.7307481869592435,2162582.3333333335,0.8061730494843997,1561693.7857142857,1616945.0,-152589.2857142857,0.9405848649169261,2012427.5
2026-01-28,1879610,-0.04521129143417568,18,-64611.0,0.12734533732346284,1802833.0,3595547.0,1960087.142857143,229582.3765228705,1844782.0,14.404870429172599,1,0.88622350294858,0.9749279121818236,2,9,1879730.5,0.016894552853249558,5.6391915,1510306.0504867444,0.0,0.9103071689805217,-104650.0,2,12807150.0,7.0,0.7974143752715398,0.7804462724681288,2099824.0,0.8061730494843997,1764083.0714285714,1313323.0,-156608.42857142858,0.9405848649169261,2143341.0
2026-01-29,2235355,0.024856026780474938,30,114142.0,0.14922145790985483,2235021.0,5475157.0,1960087.142857143,333513.09207914164,1844782.0,14.619761629381808,1,0.8781236129591848,0.43388373911755823,3,10,1879730.5,0.016894552853249558,5.6391915,1871762.4593747049,0.0,0.9103071689805217,-534884.0,3,12883927.0,7.0,0.8674422989175898,0.8318868982292295,2367261.6666666665,0.8061730494843997,2192467.5714285714,1830079.0,-157312.7142857143,0.8161318267144487,2386003.5
2026-01-30,2238006,0.02534227409136558,44,355745.0,0.15608161012049024,2243481.0,7710512.0,1960087.142857143,350166.12675472756,1844782.0,14.62353968118792,1,0.8697638720650646,-0.433883739117558,4,11,1879730.5,0.016894552853249558,5.6391915,1913051.5815608772,0.0,0.9103071689805217,-767300.0,4,12884261.0,7.0,0.9021454777373822,0.8686050349329804,2542393.8333333335,0.8061730494843997,2241163.285714286,1765468.0,-165946.42857142858,0.8161318267144487,2593319.5
2026-01-31,1729865,0.10145818629536796,60,2651.0,0.1310680757310523,1616945.0,9948518.0,1960087.142857143,211929.86971294638,1844782.0,14.29604974282536,1,0.8611467540480452,-0.9749279121818236,5,12,1879730.5,0.016894552853249558,5.6391915,1532681.1187690748,0.0,0.9103071689805217,-415782.0,5,12878786.0,7.0,0.9219835664152257,0.8814965841792273,2245400.5,0.8061730494843997,1750872.7142857143,1879610.0,-168914.14285714287,0.8161318267144487,2079693.5
2026-02-01,2303445,0.06908200825977151,78,-508141.0,0.1395437478048276,1313323.0,11678383.0,1960087.142857143,183266.0134982796,1844782.0,14.08807188598177,2,0.8522748088519838,-0.7818314824680299,12,13,1879730.5,0.016894552853249558,5.6391915,2049874.4250347817,0.0,0.9103071689805217,-738145.0,6,12991706.0,7.0,0.9412519433136349,0.8757783498538774,2568999.1666666665,0.8061730494843997,2282322.4285714286,2235355.0,-153535.57142857142,0.8161318267144487,2592159.5
2026-02-02,2150084,0.03089239543726907,0,573580.0,0.15645476404780223,1830079.0,0.0,1997404.0,286324.57813383784,2102830.0,14.419870239709088,2,0.8431506618282,0.0,0,14,1973969.25,-0.1923471038698758,0.0,2068677.0178066532,0.0,0.8929829093629433,-1141946.0,0,13981828.0,7.0,0.9412519433136349,0.8757783498538774,2495900.6666666665,0.764542917379386,2043275.0,2238006.0,-16255.142857142857,0.8161318267144487,2506137.0
2026-02-03,1666150,0.007730300307848492,13,-153361.0,0.12738963540213544,1765468.0,2150084.0,1997404.0,224902.32483413725,1649904.0,14.383926935431198,2,0.8337770129585915,0.7818314824680298,2,13,1552580.0,0.10198324235295009,1.55258,1737353.8065931946,0.0,0.8798374353876113,-450804.0,1,14301833.0,5.0,1.1748585716791462,0.9517978593131718,2084522.3333333333,0.7727260633133427,1587340.7857142857,1729865.0,27462.85714285714,0.8161318267144487,1964885.5
2026-02-04,1839311,0.041875991378861555,24,-483934.0,0.12959177560952742,1879610.0,3816234.0,1997404.0,243581.99735342382,1821551.0,14.446575398502675,2,0.8241566360566663,0.9749279121818236,4,12,1722211.0,0.16518853871537212,3.444422,1914080.4563093213,0.0,0.9276334271636919,177804.0,2,14202515.0,3.0,1.0613778654541297,0.9316763157976651,2058811.0,0.8087279890092302,1746279.0714285714,2303445.0,6064.571428571428,0.8161318267144487,2032427.0
2026-02-05,2324236,-0.021654963640054925,33,173161.0,0.15723876739306572,2235355.0,5655545.0,1997404.0,351484.4648859264,2211186.0,14.619911057461769,2,0.8142923779467267,0.43388373911755823,6,11,2115516.5,0.039583976434678564,6.3465495,2301546.703584227,0.0,0.9494566107112001,225824.0,3,14162216.0,1.0,1.032946635137586,0.947687933396107,2333563.8333333335,0.8255909102811041,2130619.1428571427,2150084.0,-3821.0,0.8437489743865834,2284910.0
2026-02-06,2351379,-0.06585516958795246,40,484925.0,0.1608102170332549,2238006.0,7979781.0,1997404.0,359894.23058172665,2338385.0,14.621096295641788,2,0.804187157621448,-0.433883739117558,8,10,2220388.25,-0.2051500452679841,8.881553,2448038.15196911,0.0,0.9591205322706523,359474.0,4,14251097.0,-1.0,1.0349223242243835,0.9686280618340328,2506009.6666666665,0.8388679927854813,2260411.214285714,1666150.0,9998.857142857143,0.8437489743865834,2593319.5
2026-02-07,1873708,0.035311931473567704,45,27143.0,0.12634769220396816,1729865.0,10331160.0,1997404.0,218564.45057441737,1828477.0,14.363554506826642,2,0.7938439653781019,-0.9749279121818236,10,9,1764875.5,0.17828708030679785,8.8243775,1929780.643934782,0.0,0.9395794799067368,498214.0,5,14364470.0,-3.0,1.0384622111554707,0.9781230605272083,2202413.8333333335,0.8289708247866308,1752452.142857143,1839311.0,16864.428571428572,0.8437489743865834,2079693.5
2026-02-08,2274639,0.025682439709687865,48,-477671.0,0.14216714831024613,2303445.0,12204868.0,1997404.0,327474.2069394949,2186024.0,14.64991682049596,2,0.7832658619336791,-0.7818314824680299,12,8,2079530.0,0.00966673232518196,12.47718,2330827.898308939,0.0,0.9256607100448245,1908268.0,6,14508313.0,-5.0,1.0450820117819393,0.9848648520628028,2519924.6666666665,0.8242327323961195,2125294.785714286,2324236.0,32077.14285714286,0.8437489743865834,2498948.5
2026-02-09,2386224,0.03136939886439294,0,400931.0,0.1520204758962457,2150084.0,0.0,2068501.0,326856.7928969035,2323951.0,14.581017934206084,2,0.7724559775191742,0.0,0,7,2104757.0,-0.1947132952271212,0.0,2423521.2826326936,0.8888207869443308,0.9536826916739045,1046364.0,0,14479507.0,-7.0,1.0450820117819393,0.9848648520628028,2442456.1666666665,0.8476530005087873,2340191.285714286,2351379.0,48735.71428571428,0.8437489743865834,2506137.0
2026-02-10,1852752,0.034286645780922664,6,111585.0,0.12399182098907696,1666150.0,2386224.0,2068501.0,206588.97254095058,1753906.0,14.32602673385621,2,0.7614175109532997,0.7818314824680298,2,6,1681106.5,0.14493534466733665,1.6811065,1838335.7277009725,0.9052096965892853,0.9558100872796617,87783.0,1,14715647.0,-7.0,1.1098282671746778,1.0999652893499152,2036466.3333333333,0.8652085591034008,1793078.0714285714,1873708.0,50881.28571428572,0.8437489743865834,1947079.0
2026-02-11,2074130,0.05942067181691457,10,-533472.0,0.12986877609866526,1839311.0,4238976.0,2068501.0,238869.0684348121,1990225.0,14.424902146618777,2,0.7501537286959042,0.9749279121818236,4,5,1924758.25,0.17209885237389858,3.8495165,2117109.4679619237,0.9175408280839542,1.0372983655577113,-117076.0,2,14902249.0,-7.0,1.1107746537555088,1.0765308159960585,2005197.1666666667,0.9517636013039547,2024597.9285714286,2274639.0,62681.28571428572,0.8437489743865834,1902048.5
2026-02-12,2701700,0.01548502178470701,12,221378.0,0.16173219119970011,2324236.0,6313106.0,2068501.0,375903.7811452262,2563360.0,14.658902371100353,2,0.7386679638813748,0.43388373911755823,6,4,2351385.0,0.05451653686021522,7.054155,2766940.2898631017,0.9311360431390188,1.0527931425580286,88547.0,3,15137068.0,-7.0,1.1162683702454848,1.0895881230157647,2290117.5,0.9802936410053756,2597514.785714286,2386224.0,72130.57142857143,0.9425384822756315,2279795.5
2026-02-13,2759407,-0.03342366212109449,12,627570.0,0.1648617618836975,2351379.0,9014806.0,2068501.0,387652.4847963267,2626024.0,14.670512947808456,2,0.726963615332308,-0.433883739117558,8,3,2498863.0,-0.17832270116448962,9.995452,2887412.32539391,0.0,1.078414526196999,118848.0,4,15514532.0,-7.0,1.1297059405515013,1.1118668844073254,2455963.8333333335,1.0271618419516095,2668895.1428571427,1852752.0,75743.42857142857,0.9425384822756315,2464794.0
2026-02-14,2186932,0.08285801520134017,10,57707.0,0.12603385218555094,1873708.0,11774213.0,2068501.0,236150.63711088427,2160974.0,14.443430446905378,2,0.7150441465537444,-0.9749279121818236,10,2,2053259.0,0.1271758701654297,10.266295,2430312.165873084,0.0,1.0932678063018042,30923.0,5,15922560.0,-7.0,1.1396796681108414,1.1247670728724397,2155173.8333333335,1.0710166321769952,2215877.1428571427,2074130.0,92941.85714285714,0.9425384822756315,1986995.0
2026-02-15,2536292,0.0732677585431033,6,-572475.0,0.1414911217470635,2274639.0,13961145.0,2068501.0,321841.22367961874,2394991.0,14.637332356087398,2,0.7029130847082615,-0.7818314824680299,12,1,2314384.0,0.06601441115465576,13.886304,2725718.2758167502,0.0,1.0294857510236621,-1018928.0,6,16235784.0,-7.0,1.1438997128031207,1.1374731529772864,2467960.0,1.0267650936643056,2456123.8571428573,2701700.0,90188.57142857143,0.9425384822756315,2357457.5
2026-02-16,2766705,0.04795470554551806,0,349360.0,0.15258611594482524,2386224.0,0.0,2356776.714285714,364104.65193432465,2721332.0,14.685223177277848,2,0.6905740195722294,0.0,0,0,2507160.75,-0.15361870330255772,0.0,3159924.3214962403,0.0,1.13091235389779,-83865.0,0,16497437.0,-7.0,1.1438997128031207,1.1374731529772864,2422867.3333333335,1.145221745002958,2794557.4285714286,2759407.0,97715.14285714286,0.9425384822756315,2447370.5
2026-02-17,2247910,0.038898636582235246,1,230413.0,0.12398823047256208,1852752.0,2766705.0,2356776.714285714,229719.44198450033,2243788.0,14.432183199026975,2,0.6780306024735382,0.7818314824680298,2,1,2088133.0,-0.03657238308096276,2.088133,2627295.3352439953,0.0,1.1837173645385162,285920.0,1,16877918.0,-5.0,1.1594489871864502,1.24028208555026,2003982.8333333333,1.229804381647477,2316879.0714285714,2186932.0,95300.85714285714,0.9425384822756315,1897170.5
2026-02-18,2229730,0.06967612702479542,4,-518795.0,0.12964531837028032,2074130.0,5014615.0,2356776.714285714,268901.2441913495,2122519.0,14.54505282874702,2,0.6652865452111116,0.9749279121818236,4,2,2011765.0,0.12556177396794957,4.02353,2513819.7663533636,0.0,1.077139208128104,275118.0,2,17273076.0,-3.0,1.182977917308331,1.241259463937716,1972225.5,1.1470575907816873,2194744.0714285714,2536292.0,81768.85714285714,0.9425384822756315,1902048.5
2026-02-19,2644354,0.015556978226941132,9,-18180.0,0.16176368224599819,2701700.0,7244345.0,2356776.714285714,437036.9403240133,2466484.0,14.809392132607867,2,0.6523456189565257,0.43388373911755823,6,3,2322663.5,0.03010961875357285,6.9679905,2917534.219637338,0.0,1.0285844539322981,288583.0,3,17428676.0,-1.0,1.147508849051481,1.219810126838047,2290117.5,1.104539880609725,2545098.4285714286,2766705.0,85098.28571428571,1.0818603900990305,2279795.5
2026-02-20,2650675,-0.0777328228897427,16,414624.0,0.16330836014441383,2759407.0,9888699.0,2356776.714285714,450634.2321410165,2553110.0,14.830526721932848,2,0.6392116531380588,-0.433883739117558,8,4,2409440.0,-0.1456783575210297,9.63776,2959173.934895185,0.0,1.028913299956656,294655.0,4,17371330.0,1.0,1.0969397455696772,1.1895478040993674,2455963.8333333335,1.1015003991821197,2636354.4285714286,2247910.0,90745.42857142857,1.0818603900990305,2464794.0
2026-02-21,2284819,-0.004529790665215971,25,6321.0,0.12588408151779176,2186932.0,12539374.0,2356776.714285714,275299.9261618674,2162478.0,14.598010663615781,2,0.6258885343075018,-0.9749279121818236,10,5,2042196.25,0.1806570900001107,10.21098125,2434759.747312941,0.0,1.0775333663652125,169381.0,5,17262598.0,3.0,1.064986169351616,1.170694221553692,2061540.6666666667,1.1457610522108383,2251763.214285714,2229730.0,85628.57142857143,1.0818603900990305,1986995.0
2026-02-22,2475455,-0.009896788681158064,36,-365856.0,0.14282421130412853,2536292.0,14824193.0,2356776.714285714,362243.9045369708,2594617.0,14.746214124143055,2,0.612380204990065,-0.7818314824680299,12,6,2427283.25,-0.058190176011631345,14.5636995,2894766.187916644,0.0,1.0724696009196402,290459.0,6,17360485.0,5.0,1.0618178523323123,1.1799957426301524,2429137.3333333335,1.146294893614012,2689410.0714285714,2644354.0,99397.57142857143,1.0818603900990305,2357457.5
2026-02-23,1996320,-0.017074512710907097,0,190636.0,0.1459879614956966,2766705.0,0.0,2471378.285714286,403905.62300995126,2399600.0,14.833168000865127,2,0.5986906625177214,0.0,0,7,2256249.75,-0.16291767982256158,0.0,2614276.9299097657,0.0,1.0046209993260147,144341.0,0,17299648.0,7.0,1.0618178523323123,1.1799957426301524,2418136.5,1.0701184855547656,2479551.8571428573,2650675.0,62188.57142857143,1.0818603900990305,2447370.5
2026-02-24,1958051,-0.05378206358043747,8,-479135.0,0.12089584058632394,2247910.0,1996320.0,2471378.285714286,271762.96901240345,1917007.0,14.625511898464653,2,0.5848239578463322,0.7818314824680298,2,8,1845418.75,0.06751035609480184,1.84541875,1905031.4009422935,0.0,1.0312405195119931,208556.0,1,16529263.0,7.0,0.7215514483835465,0.8743238324983478,1908192.3333333333,1.0437144724235434,1963705.0714285714,2284819.0,-1904.7142857142858,1.0818603900990305,1897170.5
2026-02-25,2258729,-0.03530408380901229,18,-38269.0,0.1290185107292919,2229730.0,3954371.0,2471378.285714286,287676.44392842404,2124463.0,14.617391508357493,2,0.5707841943569036,0.9749279121818236,4,9,2018081.25,0.12530373648338308,4.0361625,2008586.3163114423,0.0,1.0696086801908424,-79219.0,2,16239404.0,7.0,0.7885692121927605,0.9491227678566071,1971146.3333333333,1.0621703197562362,2167032.3571428573,2475455.0,3369.8571428571427,1.0818603900990305,1902048.5
2026-02-26,2647330,-0.06981801756725436,30,300678.0,0.15925387716550332,2644354.0,6213100.0,2471378.285714286,421123.62709810736,2579759.0,14.787937737204043,2,0.5565755266413303,0.43388373911755823,6,10,2375388.25,0.0211861575147549,7.12616475,2423434.0005687117,0.0,1.043013383933681,-434810.0,3,16268403.0,7.0,0.8576482760001076,1.0066528670654302,2372323.6666666665,1.0374631600045712,2625925.5714285714,1996320.0,7234.857142857143,0.9275041898542006,2329350.5
2026-02-27,2625251,-0.04232364674598721,44,388601.0,0.16073575318770483,2650675.0,8860430.0,2471378.285714286,426058.2425808195,2630825.0,14.790325259770999,2,0.5422021592729844,-0.433883739117558,8,11,2437031.5,-0.1555754365953126,9.748126,2475795.4153255057,0.0,1.033519441657172,-516760.0,4,16271379.0,7.0,0.8960157448416621,1.0245108097121918,2445030.0,1.0281601159939093,2671936.6428571427,1958051.0,-8522.142857142857,0.9275041898542006,2464794.0
2026-02-28,2190541,0.06578610291507436,60,-22079.0,0.1294403953124535,2284819.0,11485681.0,2471378.285714286,295747.8745774047,2158850.0,14.64179780459049,2,0.527668345562516,-0.9749279121818236,10,12,2040792.75,0.1871578886987108,10.20396375,2036120.2352533233,0.0,1.0652683367483222,-215337.0,5,16245955.0,7.0,0.9159692501396003,1.030261498008724,2008219.0,1.0578946863203278,2190036.1428571427,2258729.0,-23256.285714285714,0.9275041898542006,1986995.0
2026-03-01,2687408,0.055057490382456664,78,-434710.0,0.15466766152302586,2475455.0,13676222.0,2471378.285714286,382872.836055482,2599903.0,14.721935179438619,3,0.512978386299228,-0.7818314824680299,18,13,2443323.5,-0.058067218491093114,14.659941,2424017.003604966,0.0,0.9515039751304678,-322490.0,6,16151677.0,7.0,0.9225609785301635,1.0386624938822644,2372128.3333333335,0.9398726291567994,2631498.6428571427,2647330.0,-36206.28571428572,0.9275041898542006,2357457.5
2026-03-02,2432452,0.060594209455995474,0,496867.0,0.14376485079928328,1996320.0,0.0,2337661.4285714286,287000.6469476252,2366161.0,14.50681654456642,3,0.4981366284784055,0.0,0,14,2264129.5,-0.058067218491093114,0.0,2240840.6447819974,0.0,0.9420286923452211,-1150866.0,0,16363630.0,7.0,0.9225609785301635,1.0386624938822644,2289739.0,0.9422922133371054,2393914.0714285714,2625251.0,-6682.428571428572,0.9275041898542006,2268154.0
2026-03-03,1910452,0.01492222412900479,15,-254956.0,0.11924333177898346,1958051.0,2432452.0,2337661.4285714286,233484.52503317033,2366161.0,14.487460659431894,3,0.4831474640149687,0.7818314824680298,3,15,2264129.5,-0.058067218491093114,0.0,1935530.9924287768,0.0,0.9420286923452211,-685017.0,1,16799762.0,7.0,1.2184679810851968,1.046290954415763,1859882.5,0.9422922133371054,1904602.2142857143,2190541.0,60399.142857142855,0.9275041898542006,1897170.5
2026-03-04,2133462,0.022525054037520587,32,-522000.0,0.12991879628803948,2258729.0,4342904.0,2337661.4285714286,293451.3528208871,2366161.0,14.630313266394477,3,0.4680153284438345,0.9749279121818236,6,16,2264129.5,-0.058067218491093114,0.0,2242213.8622574727,0.0,0.9420286923452211,-126601.0,2,16752163.0,7.0,1.0982540586100797,1.020407424820532,1971146.3333333333,0.9422922133371054,2168013.714285714,2687408.0,59549.57142857143,0.9275041898542006,1902048.5
2026-03-05,2615896,-0.049225956223328926,51,223010.0,0.15973027909190632,2647330.0,6476366.0,2337661.4285714286,422858.7597483764,2366161.0,14.789062520614758,3,0.45274469960737107,0.43388373911755823,9,17,2264129.5,-0.058067218491093114,0.0,2671277.077677598,0.0,0.9420286923452211,60322.0,3,16626896.0,7.0,1.042372728589593,1.0188533859071405,2424467.8333333335,0.9422922133371054,2600508.9285714286,2432452.0,39927.0,0.9671281733429684,2392373.5
2026-03-06,2696932,-0.0941386793589517,72,482434.0,0.1608274361154048,2625251.0,9092262.0,2337661.4285714286,422212.38748940255,2366161.0,14.780687449400157,3,0.4373400963303323,-0.433883739117558,12,18,2264129.5,-0.058067218491093114,0.0,2723648.287144013,0.0,0.9420286923452211,83308.0,4,16595462.0,7.0,1.026164870102241,1.017494879379637,2452870.3333333335,0.9422922133371054,2656712.3571428573,1910452.0,35840.857142857145,0.9671281733429684,2479904.5
2026-03-07,2338542,0.025900798172109107,95,81036.0,0.13197641259833323,2190541.0,11789194.0,2337661.4285714286,289099.7428295655,2366161.0,14.59965955975691,3,0.4218060770826634,-0.9749279121818236,15,19,2264129.5,-0.058067218491093114,0.0,2363004.1090883906,0.0,0.9420286923452211,-192165.0,5,16667143.0,7.0,1.0264253377749217,1.022248828907462,1992506.0,0.9422922133371054,2292080.9285714286,2133462.0,44334.142857142855,0.9671281733429684,1986995.0
2026-03-08,2781523,0.0379127854336625,120,-358390.0,0.15453889332804943,2687408.0,14127736.0,2337661.4285714286,415309.0582409467,2366161.0,14.804088090379661,3,0.40614723863057883,-0.7818314824680299,18,20,2264129.5,-0.058067218491093114,0.0,2788974.5851841844,0.0,0.9420286923452211,272790.0,6,16815144.0,7.0,1.0330145269651223,1.0337412936510137,2372128.3333333335,0.9422922133371054,2669548.714285714,2615896.0,47949.71428571428,0.9671281733429684,2357457.5
2026-03-09,2563627,0.067481164452458,0,442981.0,0.14260528539265416,2432452.0,0.0,2415608.4285714286,346880.5116639324,2366161.0,14.704410771170123,3,0.3903682146763026,0.0,0,21,2264129.5,-0.058067218491093114,0.0,2578888.8044522307,0.0,0.9420286923452211,1206517.0,0,16909259.0,7.0,1.0330145269651223,1.0337412936510137,2277061.5,0.9422922133371054,2486657.8571428573,2696932.0,52284.142857142855,0.9671281733429684,2268154.0
2026-03-10,2056174,0.052936795503896183,22,-217896.0,0.11872159972483592,1910452.0,2563627.0,2415608.4285714286,226811.91763751223,2366161.0,14.462850944676665,3,0.374473674486883,0.7818314824680298,3,22,2264129.5,-0.058067218491093114,0.0,2109884.241872076,0.0,0.9420286923452211,242260.0,1,17040434.0,7.0,1.053927066186712,1.0702179080728986,1854693.0,0.9422922133371054,2086223.0,2338542.0,57066.857142857145,0.9671281733429684,1881602.0
2026-03-11,2372082,0.05077764474751123,46,-507453.0,0.12970446237610705,2133462.0,4619801.0,2415608.4285714286,276719.5417098541,2366161.0,14.573257039064686,3,0.35846832151248087,0.9749279121818236,6,23,2264129.5,-0.058067218491093114,0.0,2419426.941118745,0.0,0.9420286923452211,-154266.0,2,17186156.0,7.0,1.0637584897110322,1.0528941420896267,2010017.1666666667,0.9422922133371054,2355179.1428571427,2781523.0,56150.71428571428,0.9671281733429684,1988995.0
2026-03-12,2788748,-0.022768572281312016,72,315908.0,0.15827602607066835,2615896.0,6991883.0,2415608.4285714286,414033.62349415704,2366161.0,14.777117617695401,3,0.342356891994542,0.43388373911755823,9,24,2264129.5,-0.058067218491093114,0.0,2904447.8949750923,0.0,0.9420286923452211,-34410.0,3,17424776.0,7.0,1.0795997323190196,1.0655549373665487,2487947.0,0.9422922133371054,2762048.214285714,2563627.0,67271.42857142857,1.0442687804644568,2538203.5
2026-03-13,2854704,-0.0777712453449344,92,416666.0,0.16010263898765012,2696932.0,9780631.0,2415608.4285714286,431785.9303702412,2366161.0,14.807625759395789,3,0.3261441535642696,-0.433883739117558,12,23,2264129.5,-0.058067218491093114,0.0,3001278.0603577634,0.0,0.9420286923452211,97105.0,4,17597628.0,5.0,1.0757093229385604,1.0614910702805285,2529358.0,0.9422922133371054,2822256.3571428573,2056174.0,73175.85714285714,1.0442687804644568,2616840.5
2026-03-14,2568085,0.03851383504982464,110,65956.0,0.13420025424270365,2338542.0,12635335.0,2415608.4285714286,313832.9309572407,2366161.0,14.665038643834487,3,0.3098349038318025,-0.9749279121818236,15,22,2264129.5,-0.058067218491093114,0.0,2717844.2435265617,0.0,0.9420286923452211,242279.0,5,17755400.0,3.0,1.071772591069415,1.0620502927789512,2044684.0,0.9422922133371054,2548376.6428571427,2372082.0,77901.14285714286,1.0442687804644568,2094585.5
2026-03-15,2765657,0.04395382274481907,126,-286619.0,0.1563897332053807,2781523.0,15203420.0,2415608.4285714286,435001.6398746301,2366161.0,14.838509536898153,3,0.2934339689665273,-0.7818314824680299,18,21,2264129.5,-0.058067218491093114,0.0,3065330.3557339627,0.0,0.9420286923452211,-117838.0,6,17984943.0,1.0,1.0761398712433472,1.0746498772488706,2418118.0,0.9422922133371054,2854464.285714286,2788748.0,81304.85714285714,1.0442687804644568,2389450.0
2026-03-16,2474964,0.055113914808177844,0,197572.0,0.14211196419864783,2563627.0,0.0,2567011.0,364322.0684426869,2366161.0,14.756934000693303,3,0.27694620226893646,0.0,0,20,2264129.5,-0.058067218491093114,0.0,2938951.7304473696,0.0,0.9420286923452211,-304957.0,0,17969077.0,-1.0,1.0761398712433472,1.0746498772488706,2347524.1666666665,0.9422922133371054,2755662.785714286,2854704.0,61015.42857142857,1.0442687804644568,2409338.0
2026-03-17,2424806,0.017284684410295847,19,-290693.0,0.11925235619114333,2056174.0,2474964.0,2567011.0,245203.59423896793,2366161.0,14.536358018666487,3,0.2603764827344581,0.7818314824680298,3,19,2264129.5,-0.058067218491093114,0.0,2417894.1814536015,0.0,0.9420286923452211,193321.0,1,17880414.0,-3.0,0.9654150155229291,1.014422635520638,1915911.0,0.9422922133371054,2306164.214285714,2568085.0,14755.57142857143,1.0442687804644568,1931510.5
2026-03-18,2573056,0.02684719084851439,36,-50158.0,0.13127564737413858,2372082.0,4899770.0,2567011.0,311396.6001745414,2366161.0,14.67927903005586,3,0.24372971360968387,0.9749279121818236,6,18,2264129.5,-0.058067218491093114,0.0,2609626.34912512,0.0,0.9420286923452211,363887.0,2,18249046.0,-5.0,1.060601960993558,1.092985597398483,2069162.0,0.9422922133371054,2452820.785714286,2765657.0,32736.85714285714,1.0442687804644568,2103796.0
2026-03-19,2817785,-0.01537339750605815,51,148250.0,0.15613408414625468,2788748.0,7472826.0,2567011.0,435418.6148946994,2366161.0,14.84110366614522,3,0.22701082094141847,0.43388373911755823,9,17,2264129.5,-0.058067218491093114,0.0,3008265.46728652,0.0,0.9420286923452211,204286.0,3,18450020.0,-7.0,1.068785905027301,1.1101405222832883,2528145.1666666665,0.9422922133371054,2824965.4285714286,2474964.0,45583.42857142857,1.115874190197849,2630125.0
2026-03-20,2766291,-0.0443860593323282,64,244729.0,0.15800384473816909,2854704.0,10290611.0,2567011.0,451054.20758943027,2366161.0,14.864479068237973,3,0.2102247521189836,-0.433883739117558,12,16,2264129.5,-0.058067218491093114,0.0,2988560.4408836,0.0,0.9420286923452211,86091.0,4,18479057.0,-7.0,1.052141830113006,1.0941050430516468,2554520.8333333335,0.9422922133371054,2828334.6428571427,2424806.0,41147.42857142857,1.115874190197849,2637963.0
2026-03-21,2498514,0.017938226611873498,75,-51494.0,0.13678900113902112,2568085.0,13056902.0,2567011.0,351285.7819901031,2366161.0,14.758671432327814,3,0.19337647441020586,-0.9749279121818236,15,15,2264129.5,-0.058067218491093114,0.0,2652060.954834613,0.0,0.9420286923452211,81542.0,5,18390644.0,-7.0,1.0333641332026415,1.077978461074093,2100734.5,0.9422922133371054,2554906.4285714286,2573056.0,28027.714285714286,1.115874190197849,2188736.5
2026-03-22,2865969,0.0040944875132145064,84,-267777.0,0.1564331022126254,2765657.0,15555416.0,2567011.0,432640.30416606297,2735362.0,14.832789139310632,3,0.17647097349152166,-0.7818314824680299,18,14,2549712.25,-0.047923485098893305,15.2982735,2948258.2360879537,0.0,0.9832523991311586,-109981.0,6,18321073.0,-7.0,1.0231524222839334,1.0759117022776366,2507149.3333333335,1.1033874655559193,2881187.1428571427,2817785.0,15991.42857142857,1.115874190197849,2505873.5
2026-03-23,2641500,0.018486636627057074,0,367455.0,0.13571805567878648,2474964.0,0.0,2631626.4285714286,335897.3019549921,2532641.0,14.721736812470796,3,0.15951325197263655,0.0,0,13,2410101.5,-0.15117610191935899,0.0,2736068.8105505514,0.0,0.9973545353977151,-219838.0,0,18421385.0,-7.0,1.0231524222839334,1.0759117022776366,2333945.1666666665,1.1250466403486425,2659803.4285714286,2766291.0,24221.428571428572,1.115874190197849,2409338.0
2026-03-24,2193195,0.003717998221758556,12,-224469.0,0.11967493435506926,2424806.0,2641500.0,2631626.4285714286,290188.4988737781,2087676.0,14.701262491557591,3,0.14250832791617088,0.7818314824680298,3,12,2045751.75,0.0818074792840567,2.04575175,2284914.5533275045,0.0,1.0193915437339403,222910.0,1,18587921.0,-7.0,1.0672882514654758,1.1160446684044967,1965134.5,1.1614555430855142,2191099.785714286,2498514.0,59702.0,1.115874190197849,1934251.5
2026-03-25,2379710,0.02627427609958155,22,-448305.0,0.13397287563141505,2573056.0,4834695.0,2631626.4285714286,344719.7114806663,2302933.0,14.760605244147149,3,0.12546123335273648,0.9749279121818236,6,11,2227331.25,0.10441942575674201,4.4546625,2388788.24150038,0.0,1.015006398860303,-37646.0,2,18356310.0,-7.0,0.9867187643501634,1.0854210672304179,2157957.1666666665,1.140909436634175,2377516.785714286,2865969.0,43240.71428571428,1.115874190197849,2181596.0
2026-03-26,2723798,-0.03306427700605008,30,186515.0,0.1561607764067059,2817785.0,7214405.0,2631626.4285714286,440027.4933471698,2720572.0,14.851462028173895,3,0.10837701279187609,0.43388373911755823,9,10,2531252.0,0.01758903236999347,7.593756,2694817.861279134,0.0,1.008572458302173,-143815.0,3,18162964.0,-7.0,0.9654185712339616,1.062732342264127,2620377.3333333335,1.1223474363655017,2738799.4285714286,2641500.0,25455.428571428572,1.0767185577824159,2645842.0
2026-03-27,2744893,-0.09411233956935683,36,344088.0,0.1572403566755026,2766291.0,9938203.0,2631626.4285714286,434972.5835082327,2743057.0,14.833018353241625,3,0.09126072172931188,-0.433883739117558,12,9,2584871.75,-0.13169098315604993,10.339487,2684068.845737458,0.0,1.0005796544054786,-246185.0,4,18068977.0,-7.0,0.9657544143880281,1.0454681517172841,2641655.8333333335,1.1080934537715654,2747015.3571428573,2193195.0,21351.285714285714,1.0767185577824159,2673803.5
2026-03-28,2426467,-0.004128353297493392,40,21095.0,0.13767850620716537,2498514.0,12683096.0,2631626.4285714286,343991.6752576896,2271278.0,14.731207113350537,3,0.07411742515094437,-0.9749279121818236,15,8,2226699.75,0.15512393376978384,11.13349875,2328291.8767237943,0.0,0.9828101523368833,-299114.0,5,18047579.0,-7.0,0.9713710036270472,1.036050155459444,2228842.6666666665,1.0868930346219123,2375572.714285714,2379710.0,26209.714285714286,1.0767185577824159,2237680.0
2026-03-29,2758600,-0.001255771746285106,42,-318426.0,0.15955449504535535,2865969.0,15109563.0,2631626.4285714286,457278.23661064205,2747565.0,14.868417419764876,3,0.056952196034039754,-0.7818314824680299,18,7,2587350.25,-0.047746349871117776,15.5241015,2677117.8232569257,1.1017652121503578,0.9930178994487153,116178.0,6,17975532.0,-7.0,0.9713377642873711,1.0320247357050623,2591630.0,1.0940725766552166,2727521.785714286,2723798.0,37844.142857142855,1.0767185577824159,2611850.0
2026-03-30,2533621,0.02304623551331586,0,332133.0,0.1421769025494441,2641500.0,0.0,2552594.714285714,375560.2880843566,2565091.0,14.786857874159217,3,0.03977011384605572,0.0,0,6,2441437.75,-0.14230164181141855,0.0,2506738.4440302183,1.0954367453166651,1.0058622646804671,255199.0,0,17868163.0,-7.0,0.9713377642873711,1.0320247357050623,2441475.1666666665,1.1018584854584208,2587913.5,2744893.0,41353.57142857143,1.0767185577824159,2453708.0
2026-03-31,2154213,0.013261652499544141,5,-224979.0,0.12044604760400292,2193195.0,2533621.0,2552594.714285714,264161.6693748612,2114573.0,14.60087039869129,3,0.022576263041545485,0.7818314824680298,3,5,2080495.0,0.08113948470803059,2.080495,2110026.012649582,1.0879674212161172,1.032139869303311,-600243.0,1,17760284.0,-7.0,0.9591599469998107,1.0021696817506733,2036422.3333333333,1.1229345519402636,2229171.9285714286,2426467.0,34807.857142857145,1.0767185577824159,2007112.5
2026-04-01,2360739,0.026666507741360146,8,-379408.0,0.1327598949702989,2379710.0,4687834.0,2552594.714285714,315930.04965977,2359864.0,14.682489609703183,4,0.005375731557583884,0.9749279121818236,8,4,2271449.0,0.11658247707273457,4.542898,2123599.4110007603,1.08535208018002,1.0273350611385237,-394320.0,2,17721302.0,-7.0,0.969623523303952,1.0028970159655177,2241307.1666666665,1.1150202456485647,2213501.5714285714,2758600.0,25232.428571428572,1.0767185577824159,2244229.5
2026-04-02,2710611,-0.03067780256884478,9,206526.0,0.15382509469929595,2723798.0,7048573.0,2552594.714285714,418988.4852917529,2821542.0,14.817538154982776,4,-0.011826390691832589,0.43388373911755823,12,3,2623754.25,-0.027609249906198872,7.87126275,2582505.387033809,0.0,1.0300730037908246,-123024.0,3,17702331.0,-7.0,0.977013766208024,1.0013784883084926,2686971.0,1.1168033043916037,2655386.214285714,2533621.0,45417.0,1.0516037966034684,2674515.0
2026-04-03,2659561,-0.0807188826600218,8,349872.0,0.15553714101082144,2744893.0,9759184.0,2552594.714285714,426932.8096006167,2658132.0,14.825253016515319,4,-0.029025013321975237,-0.433883739117558,16,2,2535811.25,-0.15567318110245804,10.143245,2635223.915338195,0.0,0.9962827569495328,67015.0,4,17689144.0,-7.0,0.9819867837274002,0.9983384101364168,2707241.5,1.0793721847900037,2696196.3571428573,2154213.0,55437.42857142857,1.0516037966034684,2720912.5
2026-04-04,2274101,0.00615534436655496,5,-51050.0,0.13816148134068318,2426467.0,12418745.0,2552594.714285714,335244.2751442835,2156119.0,14.701947260021512,4,-0.046215046983708354,-0.9749279121818236,20,1,2118428.0,0.14403557689755933,10.59214,2212186.2433378682,0.0,1.006120384510259,-2476.0,5,17603812.0,-7.0,0.9791572183952562,0.9902411718144976,2320969.1666666665,1.0842470460452835,2279269.714285714,2360739.0,51527.71428571428,1.0516037966034684,2311680.5
2026-04-05,2561932,-0.003920033717705662,0,-385460.0,0.15709343782545349,2758600.0,14692846.0,2552594.714285714,433357.957585296,2591393.0,14.83023422512621,4,-0.06339140486951038,-0.7818314824680299,24,0,2447238.0,0.037962352090903394,14.683428,2691539.9979295717,0.0,0.9607307873337474,-207681.0,6,17451446.0,-7.0,0.9724203142076313,0.979586168342344,2667489.1666666665,1.027044997127324,2776882.714285714,2710611.0,45197.28571428572,1.0516037966034684,2723004.0
2026-04-06,2705640,0.0005773220452245376,0,287831.0,0.1429225650856172,2533621.0,0.0,2464968.285714286,362111.6122747866,2783476.0,14.745160457465362,4,-0.08054900421874167,0.0,0,1,2564320.25,-0.14566787596753208,0.0,2465640.8762710188,0.0,1.0412388595468292,-274415.0,0,17254778.0,-5.0,0.9724203142076313,0.979586168342344,2505398.0,1.1011306924217616,2559386.0,2659561.0,12136.42857142857,1.0516037966034684,2504292.5
2026-04-07,2207180,0.012474855501888094,2,143708.0,0.12341223131799178,2154213.0,2705640.0,2464968.285714286,265856.23306422506,2266040.0,14.582936481810007,4,-0.09768276782171598,0.7818314824680298,4,2,2162106.25,0.01861538033288199,2.16210625,2081800.7481364838,0.0,1.0370355186662816,192629.0,1,17426797.0,-3.0,1.0678945272398674,1.0596108447154178,2086665.8333333333,1.108927275122661,2125041.285714286,2274101.0,39922.71428571428,1.0516037966034684,2105193.5
2026-04-08,2278770,0.047950207600092165,6,-498460.0,0.13542122221126346,2360739.0,4912820.0,2464968.285714286,319694.1607017959,2343680.0,14.674485687174377,4,-0.11478762552212701,0.9749279121818236,8,3,2203142.5,0.1196272245298109,4.406285,2316901.873535434,0.0,0.9927065296309265,174375.0,2,17479764.0,-1.0,1.0479935936298086,1.0319912194558374,2289075.3333333335,1.0649180284154227,2346025.4285714286,2561932.0,60952.42857142857,1.0516037966034684,2309734.0
2026-04-09,2691308,0.009928881369112741,12,71590.0,0.15442293669208998,2710611.0,7191590.0,2464968.285714286,418580.51084988273,2757877.0,14.812684997618373,4,-0.13185851571739118,0.43388373911755823,12,4,2532542.5,0.014808900985448292,7.5976275,2721744.0570373037,0.0,0.9905246327683357,80800.0,3,17397795.0,1.0,1.0202902062587704,1.0013461926120262,2702756.8333333335,1.057846607058688,2759068.3571428573,2705640.0,31575.714285714286,1.072691707851175,2706155.5
2026-04-10,2688395,-0.0699465636177311,20,412538.0,0.1541972318104662,2659561.0,9882898.0,2464968.285714286,410096.94403107534,2766258.0,14.793672005545528,4,-0.1488903868564548,-0.433883739117558,16,5,2577943.75,-0.16250522121613217,10.311775,2739810.788521995,0.0,1.0103156933119404,-63934.0,4,17378492.0,3.0,1.0126766746072213,0.9940395983980237,2712959.8333333335,1.0778524412932928,2777997.5,2207180.0,14443.57142857143,1.072691707851175,2720912.5
2026-04-11,2269365,0.005692035123426864,30,-2913.0,0.13653546645351877,2274101.0,12571293.0,2464968.285714286,310495.44079741347,2203462.0,14.637095807167935,4,-0.16587819893463143,-0.9749279121818236,20,6,2148539.75,0.2040922045525178,10.74269875,2281224.0505185523,0.0,1.016140134610967,-80319.0,5,17407326.0,5.0,1.0122836888912687,0.9899809973910738,2335497.3333333335,1.0859616996724,2300233.5714285714,2278770.0,6383.428571428572,1.072691707851175,2311680.5
2026-04-12,2822290,-0.0022280690632805467,42,-419030.0,0.15308834642905256,2561932.0,14840658.0,2464968.285714286,392201.93354367546,2829787.0,14.756272609652678,4,-0.1828169249850199,-0.7818314824680299,24,7,2598491.0,-0.05230587240123551,15.590946,2776180.3082538783,0.0,1.0197831597685003,-89299.0,6,17402590.0,7.0,1.0100601340271314,0.9802082503422774,2681902.0,1.0895780011010534,2770811.5714285714,2691308.0,1295.857142857143,1.072691707851175,2723004.0
2026-04-13,2606811,0.01353348167158086,0,552925.0,0.14555077956872606,2705640.0,0.0,2523278.285714286,393808.01123232796,2601001.0,14.81084941076681,4,-0.1997015525660636,0.0,0,8,2433273.5,-0.1553437170133156,0.0,2661925.910760289,0.0,0.9826436190837762,279898.0,0,17662948.0,7.0,1.0100601340271314,0.9802082503422774,2558634.0,1.0647531583194205,2589532.5,2688395.0,36746.57142857143,1.072691707851175,2548624.0
2026-04-14,2044781,0.023750368902904162,9,-215479.0,0.12604536868115837,2207180.0,2606811.0,2523278.285714286,278204.81684567913,2067463.0,14.60722669365679,4,-0.21652708524481437,0.7818314824680298,4,9,2055279.75,0.06993625548017593,2.05527975,2158260.2852584324,0.0,0.9827632333348987,91949.0,1,17564119.0,7.0,0.9634729675788353,1.0069062281974464,2136120.5,1.0581513456554,2143530.5714285714,2269365.0,17992.428571428572,1.072691707851175,2173704.0
2026-04-15,2251197,0.04905291650617638,20,-562030.0,0.134672477143074,2278770.0,4651592.0,2523278.285714286,306887.6007393228,2300084.0,14.639146820511263,4,-0.23328854407545518,0.9749279121818236,8,10,2210899.75,0.11011768519185951,4.4217995,2371539.5320000993,0.0,0.9947995277584364,-62998.0,2,17401720.0,7.0,0.9468272804621378,0.9623094639345121,2313293.3333333335,1.0604980925952987,2385815.285714286,2822290.0,-9049.857142857143,1.072691707851175,2319754.5
2026-04-16,2738409,-0.0312042464193536,33,206416.0,0.15371623589278505,2691308.0,6902789.0,2523278.285714286,413697.73538813955,2744098.0,14.805538250318689,4,-0.2499809690726521,0.43388373911755823,12,11,2546932.0,0.004618079244558199,7.640796,2667375.6894846503,0.0,0.9932489936710373,-6116.0,3,17374147.0,7.0,0.959841843041664,0.9544985628501482,2701024.8333333335,1.0572195762654204,2675487.9285714286,2606811.0,-21121.85714285714,1.029278870009803,2700959.5
2026-04-17,2705217,-0.09273710885369868,48,487212.0,0.15253166863809703,2688395.0,9641198.0,2523278.285714286,410065.37530831684,2659193.0,14.804455291203013,4,-0.26659942067929354,-0.433883739117558,16,12,2561677.75,-0.1913245118532553,10.246711,2695244.547960024,0.0,1.0011165968712847,114166.0,4,17421248.0,7.0,0.9755436107910858,0.9672416692115472,2701124.5,1.0682062504939038,2704048.3571428573,2044781.0,-28817.428571428572,1.029278870009803,2692663.5
2026-04-18,2069600,0.011089213860619562,65,-33192.0,0.13292665510753293,2269365.0,12346415.0,2523278.285714286,301659.0986681065,2102342.0,14.635011055293244,4,-0.28313898122818354,-0.9749279121818236,20,13,2056553.25,0.24181048522278617,10.28276625,2252468.482766237,0.0,0.9690847127039804,147630.0,5,17438070.0,7.0,0.9821117843645837,0.9734994077276035,2348634.6666666665,1.0350667911074678,2259674.6785714286,2251197.0,-14282.142857142857,1.029278870009803,2311680.5
2026-04-19,2796984,-0.008347331177239736,84,-635617.0,0.1545568149686265,2822290.0,14416015.0,2523278.285714286,436204.15331780486,2762463.0,14.85305952443434,4,-0.2995947563972602,-0.7818314824680299,24,14,2575370.75,0.24181048522278617,15.4522245,2703815.1750747403,0.0,1.005017282165597,457026.0,6,17238305.0,7.0,0.9713865112988925,0.9578988892460961,2729568.3333333335,1.062091536635509,2737037.714285714,2738409.0,-26368.714285714286,1.029278870009803,2762128.5
2026-04-20,2571543,0.014413249811580542,0,727384.0,0.14982366948812975,2606811.0,0.0,2458999.8571428573,390561.989682021,2762463.0,14.773638576774864,4,-0.31596187665790293,0.0,0,15,2575370.75,0.24181048522278617,15.4522245,2501744.6992804697,0.0,1.005017282165597,-270848.0,0,17212999.0,7.0,0.9713865112988925,0.9578988892460961,2542162.5,1.062091536635509,2564745.25,2705217.0,-7673.571428571428,1.029278870009803,2548624.0
2026-04-21,2055863,0.012061208731485529,16,-225441.0,0.12283609047297864,2044781.0,2571543.0,2458999.8571428573,251172.90391342773,2762463.0,14.530801740309707,4,-0.33223549871590435,0.7818314824680298,4,16,2575370.75,0.24181048522278617,15.4522245,2037157.7442055044,0.0,1.005017282165597,-215366.0,1,17177731.0,7.0,0.986470825848134,0.9807963177749817,2102265.6666666665,1.062091536635509,2089648.642857143,2069600.0,-43909.71428571428,1.029278870009803,2105193.5
2026-04-22,2302381,0.053998740116807165,34,-515680.0,0.13244923777738898,2251197.0,4627406.0,2458999.8571428573,298169.3267367447,2762463.0,14.626973076926799,4,-0.3484108069446808,0.9749279121818236,8,17,2575370.75,0.24181048522278617,15.4522245,2231796.881764282,0.0,1.005017282165597,54396.0,2,17188813.0,7.0,0.9948004898108003,0.9697532988654389,2316871.1666666665,1.062091536635509,2276791.964285714,2796984.0,-63964.71428571428,1.029278870009803,2319754.5
2026-04-23,2740418,-0.020494123918444185,54,246518.0,0.15524795618092416,2738409.0,6929787.0,2458999.8571428573,425132.40043744835,2762463.0,14.8228880179589,4,-0.3644830148102912,0.43388373911755823,12,18,2575370.75,0.24181048522278617,15.4522245,2666791.786735795,0.0,1.005017282165597,66404.0,3,17239997.0,7.0,1.0039111727158399,0.9774940591254678,2716700.6666666665,1.062091536635509,2715383.6785714286,2571543.0,-54340.71428571428,1.0331695126402352,2717204.5
2026-04-24,2704682,-0.07369568813074567,76,438037.0,0.15428014593255074,2705217.0,9670205.0,2458999.8571428573,417361.27353921713,2762463.0,14.810693058512626,4,-0.38044736628785164,-0.433883739117558,16,19,2575370.75,0.24181048522278617,15.4522245,2630422.053682392,0.0,1.005017282165597,-12012.0,4,17242006.0,7.0,1.0030086509995957,0.9862151311310692,2710214.8333333335,1.062091536635509,2686841.3214285714,2055863.0,-44958.71428571428,1.0331695126402352,2701074.5
2026-04-25,2093949,0.029551418507388183,100,-35736.0,0.12907754094320573,2069600.0,12374887.0,2458999.8571428573,267138.8787360586,2762463.0,14.542866393038997,4,-0.39629913726891813,-0.9749279121818236,20,20,2575370.75,0.24181048522278617,15.4522245,2126897.331211017,0.0,1.005017282165597,-195029.0,5,17241471.0,7.0,1.0023060945221751,0.9896040446106381,2332921.6666666665,1.062091536635509,2176684.8214285714,2302381.0,-60481.71428571428,1.0331695126402352,2306321.5
2026-04-26,2768606,-0.006158491407148858,126,-610733.0,0.156285359204822,2796984.0,14468836.0,2458999.8571428573,437127.64913013985,2762463.0,14.844052609280906,4,-0.41203363695942635,-0.7818314824680299,24,21,2575370.75,0.24181048522278617,15.4522245,2654281.8359170444,0.0,1.005017282165597,-285664.0,6,17265820.0,7.0,1.003664050016596,0.9799567152093559,2768743.6666666665,1.062091536635509,2687631.035714286,2740418.0,-63766.57142857143,1.0331695126402352,2773590.0
2026-04-27,2539040,0.012664984187071848,0,674657.0,0.15016136796202934,2571543.0,0.0,2462491.714285714,386146.4146531808,2762463.0,14.76001705468654,4,-0.42764620926777464,0.0,0,22,2575370.75,0.24181048522278617,15.4522245,2565295.363381921,0.0,1.005017282165597,63561.0,0,17237442.0,7.0,1.003664050016596,0.9799567152093559,2565344.3333333335,1.062091536635509,2605995.214285714,2704682.0,-101876.85714285714,1.0331695126402352,2567585.0
2026-04-28,2020266,0.004934348304238556,23,-229566.0,0.12196712012387656,2055863.0,2539040.0,2462491.714285714,250747.68947923323,2762463.0,14.536206755509404,4,-0.44313223418263453,0.7818314824680298,4,23,2575370.75,0.24181048522278617,15.4522245,2066539.3977025927,0.0,1.005017282165597,173481.0,1,17204939.0,7.0,0.9873605069018873,0.9749026048668529,2118567.6666666665,1.062091536635509,2092766.5357142857,2093949.0,-80452.28571428571,1.0331695126402352,2105193.5
2026-04-29,2264608,0.04135416876869025,48,-518774.0,0.13254599536131745,2302381.0,4559306.0,2462491.714285714,305171.3813459854,2762463.0,14.649454797155563,4,-0.45848712914008766,0.9749279121818236,8,24,2575370.75,0.24181048522278617,15.4522245,2264845.04569551,0.0,1.005017282165597,78757.0,2,17169342.0,7.0,0.9852833315252649,0.9659724660179118,2324146.5,1.062091536635509,2299451.8571428573,2768606.0,-57169.42857142857,1.0331695126402352,2331560.0
2026-04-30,2748380,-0.029285526482810242,75,244342.0,0.15688344007369592,2740418.0,6823914.0,2462491.714285714,429926.20307987765,2762463.0,14.823621386381255,4,-0.47370635037968,0.43388373911755823,12,25,2575370.75,0.24181048522278617,15.4522245,2662046.755181899,0.0,1.005017282165597,-45092.0,3,17131569.0,7.0,0.9847220412402286,0.9723189461491449,2732215.3333333335,1.062091536635509,2718897.8928571427,2539040.0,-56337.57142857143,1.0172348306183878,2731103.5
2026-05-01,2643938,-0.07668325282477462,96,483772.0,0.15510219161046906,2704682.0,9572294.0,2462491.714285714,419502.1058093867,2762463.0,14.810495273007218,5,-0.48878539428899265,-0.433883739117558,20,24,2575370.75,0.24181048522278617,15.4522245,2586404.0423033177,0.0,1.005017282165597,-17357.0,4,17139531.0,5.0,0.9898749819678073,0.9829460958371247,2717735.0,1.062091536635509,2629431.035714286,2020266.0,-53231.71428571428,1.0172348306183878,2704949.5
2026-05-02,2042664,0.02675260534489854,115,-104442.0,0.12549714991479732,2093949.0,12216232.0,2462491.714285714,262784.63156693993,2762463.0,14.554562792381601,5,-0.503719798736334,-0.9749279121818236,25,23,2575370.75,0.24181048522278617,15.4522245,2033092.2830562491,0.0,1.005017282165597,224114.0,5,17078787.0,3.0,0.9871792768693565,0.9829734623930878,2316823.0,1.062091536635509,2071148.4285714286,2264608.0,-46614.42857142857,1.0172348306183878,2306321.5
2026-05-03,2741375,-0.006335318082630881,132,-601274.0,0.15784273495381435,2768606.0,14258896.0,2462491.714285714,437004.3430495401,2762463.0,14.833854863586255,5,-0.518505144391157,-0.7818314824680299,30,22,2575370.75,0.24181048522278617,15.4522245,2662288.0544057563,0.0,1.005017282165597,-3072.0,6,17027502.0,1.0,0.9854901942353897,0.9763298538618556,2782276.6666666665,1.062091536635509,2740309.535714286,2748380.0,-39495.142857142855,1.0172348306183878,2775064.5
2026-05-04,2540806,0.007704600803909445,0,698711.0,0.15079061920325326,2539040.0,0.0,2428610.1428571427,382863.4137818282,2762463.0,14.747297008646235,5,-0.533137056031809,0.0,0,21,2575370.75,0.24181048522278617,15.4522245,2479426.395904642,0.0,1.005017282165597,2765.0,0,17000271.0,-1.0,0.9854901942353897,0.9763298538618556,2576023.6666666665,1.062091536635509,2561862.5714285714,2643938.0,-33767.57142857143,1.0172348306183878,2567585.0
2026-05-05,2040845,0.007257125316612489,20,-200569.0,0.1204646076045383,2020266.0,2540806.0,2428610.1428571427,243370.55094679017,2762463.0,14.518740238860438,5,-0.5476112038402312,0.7818314824680298,5,20,2575370.75,0.24181048522278617,15.4522245,2031176.9879200633,0.0,1.005017282165597,-46679.0,1,17002037.0,-3.0,1.0006955384712333,0.9750734766863468,2118567.6666666665,1.062091536635509,2075606.8214285714,2042664.0,-31794.571428571428,1.0172348306183878,2105193.5
2026-05-06,2251410,0.04991180743432233,38,-499961.0,0.1316443886573047,2264608.0,4581651.0,2428610.1428571427,298122.9357084415,2762463.0,14.63291267506596,5,-0.5619233046832195,0.9749279121818236,10,19,2575370.75,0.24181048522278617,15.4522245,2224848.393082063,0.0,1.005017282165597,-88957.0,2,17022616.0,-5.0,1.004900965190755,0.9773602905084516,2326381.6666666665,1.062091536635509,2255867.285714286,2741375.0,-34489.57142857143,1.0172348306183878,2331560.0
2026-05-07,2701890,-0.020288424736381927,54,210565.0,0.15802680947947526,2748380.0,6833061.0,2428610.1428571427,434317.7226372002,2762463.0,14.826522569002078,5,-0.5760691233798758,0.43388373911755823,15,18,2575370.75,0.24181048522278617,15.4522245,2658039.1217207415,0.0,1.005017282165597,5953.0,3,17009418.0,-7.0,1.0013404330711084,0.9814767840368169,2741727.3333333335,1.062091536635509,2694255.714285714,2540806.0,-34781.142857142855,1.018520693120117,2739413.5
2026-05-08,2569907,-0.0711363268343822,68,450480.0,0.15544932393547062,2643938.0,9534951.0,2428610.1428571427,410998.3746273003,2762463.0,14.787780408583185,5,-0.5900444739548627,-0.433883739117558,20,17,2575370.75,0.24181048522278617,15.4522245,2631035.338831334,0.0,1.005017282165597,-60209.0,4,16962928.0,-7.0,0.9960988452715723,0.983831672603694,2711506.5,1.062091536635509,2673028.9285714286,2040845.0,-39473.71428571428,1.018520693120117,2704949.5
2026-05-09,2088463,0.018736699656775935,80,-131983.0,0.12258698838242457,2042664.0,12104858.0,2428610.1428571427,250404.0280371969,2762463.0,14.52976588580723,5,-0.6038452208771035,-0.9749279121818236,25,16,2575370.75,0.24181048522278617,15.4522245,2055384.163849594,0.0,1.005017282165597,-75634.0,5,16888897.0,-7.0,0.9908831135492515,0.9779959440364039,2271999.3333333335,1.062091536635509,2075809.2857142857,2251410.0,-57571.57142857143,1.018520693120117,2271733.0
2026-05-10,2587640,-0.01198958986063392,90,-481444.0,0.16103726273753333,2741375.0,14193321.0,2428610.1428571427,441463.5261371054,2762463.0,14.823970542090187,5,-0.6174672802835514,-0.7818314824680299,30,15,2575370.75,0.24181048522278617,15.4522245,2579576.205787983,0.0,1.005017282165597,1147.0,6,16934696.0,-7.0,0.9954011166081862,0.9791129873627228,2775585.3333333335,1.062091536635509,2600853.0,2701890.0,-54268.57142857143,1.018520693120117,2767131.5
2026-05-11,2661314,-0.005385333702461859,0,499177.0,0.1503477102420458,2540806.0,0.0,2397280.1428571427,382004.3642692514,2657759.0,14.747992305068943,5,-0.6309066211876704,0.0,0,14,2563925.75,-0.14368640010493414,0.0,2571694.2829081123,0.0,1.0072659035063176,34269.0,0,16780961.0,-7.0,0.9954011166081862,0.9791129873627228,2572220.1666666665,1.0353414090367357,2603801.75,2569907.0,-59599.142857142855,1.018520693120117,2556174.5
2026-05-12,2143904,0.016715102709636165,13,73674.0,0.1196285260957421,2040845.0,2661314.0,2397280.1428571427,244143.27933986476,2131356.0,14.528874985736033,5,-0.6441592666722685,0.7818314824680298,5,13,2172640.0,0.06347464234890837,2.17264,2083206.349219334,0.0,0.9945277814645458,56176.0,1,16901469.0,-7.0,1.0474290441694485,1.0377313758749098,2116012.8333333335,1.0305066441292587,2083675.357142857,2088463.0,-52212.71428571428,1.018520693120117,2105038.0
2026-05-13,2399389,0.06375538601004771,24,-517410.0,0.13293199060088487,2251410.0,4805218.0,2397280.1428571427,299284.4129587382,2366860.0,14.62706768873971,5,-0.6572212950663319,0.9749279121818236,10,12,2315059.25,0.11822330295154891,4.6301185,2330809.826774581,0.0,1.004953188908909,24575.0,2,17004528.0,-7.0,1.0487961653997653,1.0434809422715745,2306269.6666666665,1.0480706045698216,2327137.464285714,2587640.0,-40982.71428571428,1.018520693120117,2290575.5
2026-05-14,2858330,0.02497567970426373,33,255485.0,0.16018655750506397,2701890.0,7204607.0,2397280.1428571427,432806.4578573573,2847916.0,14.809462456200055,5,-0.6700888411055113,0.43388373911755823,15,11,2665921.5,0.003183045097484144,7.9977645,2836523.832568618,0.0,1.0093612976399673,-54452.0,3,17152507.0,-7.0,1.0543747523986688,1.048341167885936,2727251.0,1.0611986977652148,2815037.3571428573,2661314.0,-30976.14285714286,1.0738148921849415,2731103.5
2026-05-15,2796834,-0.036175175629018286,40,458941.0,0.15568404128753172,2569907.0,10062937.0,2397280.1428571427,400093.5074931168,2834508.0,14.75938065856528,5,-0.6827580970759147,-0.433883739117558,20,10,2675641.5,-0.1693504155919244,10.702566,2855554.7802896807,0.0,1.007851408333351,-13287.0,4,17308947.0,-7.0,1.0553737507408272,1.0477138081485846,2691114.3333333335,1.0684652414056792,2802067.3571428573,2143904.0,-25407.571428571428,1.0738148921849415,2696538.5
2026-05-16,2260950,0.05319910987615284,45,-61496.0,0.12158015033354616,2088463.0,12859771.0,2397280.1428571427,253915.6455060488,2311326.0,14.551939425519189,5,-0.6952253139408722,-0.9749279121818236,25,9,2222520.5,0.21139028703769136,11.1126025,2372576.1808270426,0.0,1.0268056975464268,97084.0,5,17535874.0,-7.0,1.0623644655724174,1.048869802272287,2203657.5,1.1040057027249972,2277284.0,2399389.0,-10512.42857142857,1.0738148921849415,2181657.0
2026-05-17,2887942,0.01819021818095501,48,-535884.0,0.15964102393518542,2587640.0,15120721.0,2397280.1428571427,413093.4991756432,2929839.0,14.766257207824708,5,-0.7074868024503348,-0.7818314824680299,30,8,2702670.0,-0.02436343448611669,16.21602,3029572.872542226,0.0,1.0652111988179,-126504.0,6,17708361.0,-7.0,1.0653405922405335,1.0548653098201672,2745915.8333333335,1.1556087347757449,2896461.4285714286,2858330.0,-12486.57142857143,1.0738148921849415,2763603.0
2026-05-18,2782578,0.01856450787528252,0,626992.0,0.14943154288520802,2661314.0,0.0,2572666.1428571427,397684.2571220045,2793452.0,14.794330919504045,5,-0.719538934232584,0.0,0,7,2619426.0,-0.13427474187092897,0.0,2959960.440094132,1.1023055077605772,1.0267326279192814,118742.0,0,18008663.0,-7.0,1.0653405922405335,1.0548653098201672,2593502.3333333335,1.1317730307529152,2758588.0714285714,2796834.0,-10128.714285714286,1.0738148921849415,2589177.0
2026-05-19,2313392,0.024955579929784033,6,-105364.0,0.11969243721763109,2143904.0,2782578.0,2572666.1428571427,256609.09492062818,2321388.0,14.578139490489633,5,-0.7313781428679254,0.7818314824680298,5,6,2267703.25,0.06719660726547282,2.26770325,2462404.450302358,1.1106208356058669,1.0390107021339459,82480.0,1,18129927.0,-7.0,1.0455654612721386,1.0792817363207299,2105466.8333333335,1.1539469342074413,2289186.6428571427,2260950.0,-12190.0,1.0738148921849415,2099883.5
2026-05-20,2557265,0.07084601121593392,10,-469186.0,0.13354463072738343,2399389.0,5095970.0,2572666.1428571427,320425.5179763458,2510246.0,14.690725096345686,5,-0.7430009249440493,0.9749279121818236,10,5,2425855.25,0.10126351792210471,4.8517105,2678793.5950671094,1.1216503952060404,1.0508653510991002,161177.0,2,18299415.0,-7.0,1.0605075565770377,1.0974663421124877,2306269.6666666665,1.17870353636864,2482192.214285714,2887942.0,-15124.857142857143,1.0738148921849415,2290575.5
2026-05-21,2955843,0.011784817750194687,12,243873.0,0.16009409003977398,2858330.0,7653235.0,2572666.1428571427,457601.7403833872,2960413.0,14.865748446021303,5,-0.7544038410927472,0.43388373911755823,15,4,2732515.25,0.014137498023995684,8.19754575,3168730.3388078306,1.1306240155836769,1.0303395503216066,202930.0,3,18457291.0,-7.0,1.062269600548649,1.1015268805217908,2727251.0,1.1649266397992948,2938397.5,2782578.0,-13054.857142857143,1.1403117411974986,2731103.5
2026-05-22,2976209,-0.05277351051845458,12,398578.0,0.15521995110565787,2796834.0,10609078.0,2572666.1428571427,434124.4367306415,3010183.0,14.84399897866711,5,-0.765583517007675,-0.433883739117558,20,3,2776141.5,-0.1872466695231493,11.104566,3213982.453020556,0.0,1.0430500190131873,300958.0,4,18554804.0,-7.0,1.0542725250093488,1.0925821104717623,2691114.3333333335,1.1849376607235518,2989881.5,2313392.0,-15195.42857142857,1.1403117411974986,2696538.5
2026-05-23,2380377,0.04168245028642792,10,20366.0,0.12290844948417633,2260950.0,13585287.0,2572666.1428571427,277889.8588612485,2389262.0,14.631296079198645,5,-0.7765366444428655,-0.9749279121818236,25,2,2256318.25,0.022714659157678667,11.28159125,2550922.124731264,0.0,1.0401029197093414,126688.0,5,18734179.0,-7.0,1.0564174898604337,1.096565992707849,2176071.3333333335,1.1938948520088886,2376672.3571428573,2557265.0,-14666.857142857143,1.1403117411974986,2177449.5
2026-05-24,2418371,0.004252192035599123,6,-595832.0,0.15910889854016927,2887942.0,15965664.0,2572666.1428571427,459497.2706678935,2456295.0,14.876055041957974,5,-0.7872599821916922,-0.7818314824680299,30,1,2307569.75,0.11448446919234712,13.8454185,2617564.0856964085,0.0,0.9032462648519827,454037.0,6,18853606.0,-7.0,1.0558798089059378,1.1002878030571568,2745915.8333333335,1.0427895868638455,2445681.9285714286,2955843.0,-8739.57142857143,1.1403117411974986,2763603.0
2026-05-25,2818586,-0.027142715476787593,0,37994.0,0.14997525067185585,2782578.0,0.0,2626290.714285714,417317.83306399133,2863596.0,14.838888753462852,5,-0.7977503570459932,0.0,0,0,2637877.75,-0.07876757098766554,0.0,2924934.718747542,0.0,1.029519419740291,756.0,0,18384035.0,-7.0,1.0558798089059378,1.1002878030571568,2604192.3333333335,1.1603152788300533,2854445.6428571427,2976209.0,-8172.0,1.1403117411974986,2589177.0
2026-05-26,2507199,-0.0368674044661943,1,400215.0,0.12133486718131184,2313392.0,2818586.0,2626290.714285714,280695.1110583094,2509320.0,14.654225835989461,5,-0.8080046647350754,0.7818314824680298,5,1,2382170.75,-0.047066492157368724,2.38217075,2545111.4005763126,0.0,1.088350455969446,66429.0,1,18420043.0,-5.0,1.0129405177500865,1.071325036788259,2107797.6666666665,1.2292113340358033,2496700.714285714,2380377.0,-13048.57142857143,1.1403117411974986,2099883.5
2026-05-27,2374930,0.02133167444361095,4,-311387.0,0.13492810255392043,2557265.0,5325785.0,2626290.714285714,345046.91417755134,2325817.0,14.754449277020768,5,-0.8180198708443175,0.9749279121818236,10,2,2263780.25,0.08659793966781223,4.5275605,2361392.261739937,0.0,0.9756475559589542,9897.0,2,18613850.0,-3.0,1.045097400494901,1.1187363608459027,2309549.5,1.1141753753633137,2312149.9285714286,2418371.0,-12209.285714285714,1.1403117411974986,2290575.5
2026-05-28,2661047,0.02117665266872737,9,-132269.0,0.16054473940595776,2955843.0,7700715.0,2626290.714285714,474545.0441599244,2626367.0,14.899294785638688,5,-0.8277930117131022,0.43388373911755823,15,3,2496491.0,0.029528408627045994,7.489473,2616822.4525852217,0.0,0.9362358520308246,-58927.0,3,18431515.0,-1.0,1.006203912463161,1.0802404939158474,2749673.0,1.0592624614688202,2613884.5,2818586.0,-11910.142857142857,1.1466835451811839,2739413.5
2026-05-29,2689872,-0.06575846261966878,16,286117.0,0.1564658430884618,2976209.0,10361762.0,2626290.714285714,465675.05039246776,2698137.0,14.90616123696169,5,-0.8373211953118121,-0.433883739117558,20,4,2588872.0,-0.11858052788357115,10.355488,2630821.0231099008,0.0,0.9674903402037014,-47552.0,4,18136719.0,1.0,0.9766882664073164,1.041926069011842,2699771.1666666665,1.0784936265977791,2687387.785714286,2507199.0,-6303.0,1.1466835451811839,2696538.5
2026-05-30,2307047,-0.01414522302334964,25,28825.0,0.12490941895356591,2380377.0,13051634.0,2626290.714285714,297331.5079604324,2352801.0,14.682769856565947,5,-0.8466016020976267,-0.9749279121818236,25,5,2245523.75,0.17301263586349447,11.22761875,2223401.1105580684,0.0,1.0303534259175844,-53060.0,5,17850382.0,3.0,0.9607183123919282,1.0283730016309294,2176071.3333333335,1.128965693027817,2344152.4285714286,2374930.0,-2630.285714285714,1.1466835451811839,2177449.5
2026-05-31,2818994,-0.025711171265683452,36,-382825.0,0.1518417781449264,2418371.0,15358681.0,2626290.714285714,367209.75285412377,2825055.0,14.698605144477614,5,-0.8556314858488706,-0.7818314824680299,30,6,2675384.0,-0.03570083739123226,16.052304,2639941.2989066094,0.0,1.0498877468094394,-769873.0,6,17777052.0,5.0,0.9619819758201099,1.0318469352034836,2713137.8333333335,1.1460774775121847,2816736.5714285714,2661047.0,-7897.285714285715,1.1466835451811839,2754990.5
2026-06-01,2674187,-0.01468313060853843,0,511947.0,0.1514014132933152,2818586.0,0.0,2596810.714285714,426737.9038887521,2642700.0,14.851746253510079,6,-0.8644081744776648,0.0,0,7,2552166.75,-0.12041478975387043,0.0,2605327.8830755632,0.0,0.9549754604686593,-85256.0,0,18177675.0,7.0,0.9619819758201099,1.0318469352034836,2644782.0,1.064648347432327,2636941.285714286,2689872.0,-3345.4285714285716,1.1466835451811839,2634062.5
2026-06-02,2218178,0.008909499456097869,8,-144807.0,0.12610739046534192,2507199.0,2674187.0,2596810.714285714,316176.3232673148,2213336.0,14.734677150583893,6,-0.8729290708206411,0.7818314824680298,6,8,2227709.0,0.05407945047825292,2.227709,2156919.699947231,0.0,0.9503230061879581,24319.0,1,18033276.0,7.0,0.948768992679308,0.9901385541655667,2134327.5,1.0498701009473461,2210603.0714285714,2307047.0,7582.714285714285,1.1466835451811839,2099883.5
2026-06-03,2400663,0.06393585975321536,18,-456009.0,0.13428830513158305,2374930.0,4892365.0,2596810.714285714,318925.3245061505,2364375.0,14.680478942397263,6,-0.881191653407483,0.9749279121818236,12,9,2361788.5,0.0961703903785019,4.723577,2230560.383179039,0.0,0.9676925655062217,-340211.0,2,17744255.0,7.0,0.9186185698446332,0.987926268881675,2311914.6666666665,1.0507180352854144,2362559.0714285714,2818994.0,8577.42857142857,1.1466835451811839,2290575.5
2026-06-04,2773608,0.0009236540890729117,30,182485.0,0.15672576671374794,2661047.0,7293028.0,2596810.714285714,417054.6313363188,2798927.0,14.794230588128592,6,-0.8891934772070711,0.43388373911755823,18,10,2666542.5,0.004643687733465901,7.9996275,2673486.6960553597,0.0,0.9931850469359725,-392309.0,3,17769988.0,7.0,0.9470585523552034,0.9925316802906189,2746455.8333333335,1.0798230553216912,2796344.5714285714,2674187.0,6745.285714285715,1.0852843133061927,2739413.5
2026-06-05,2710489,-0.07076014344024739,44,372945.0,0.15457919176452534,2689872.0,10066636.0,2596810.714285714,415798.2397100273,2766521.0,14.805004538567594,6,-0.8969321743510065,-0.433883739117558,24,11,2681893.75,-0.11784976137987886,10.727575,2704537.9793967176,0.0,0.9810935382809917,-465712.0,4,17882549.0,7.0,0.9715177785399819,0.9925513070067171,2704823.0,1.0728382639006113,2762456.5,2218178.0,-1826.0,1.0852843133061927,2697277.0
2026-06-06,2359070,0.007799460994831087,60,-63119.0,0.1265998478598642,2307047.0,12777125.0,2596810.714285714,292071.7992055561,2395746.0,14.651479343181316,6,-0.9044054548343001,-0.9749279121818236,30,12,2342746.25,0.17045665715617375,11.71373125,2389199.6751067084,0.0,0.9731883067621615,-192757.0,5,17903166.0,7.0,0.9789674610857154,0.9904450544605734,2181562.3333333335,1.0654694073260582,2390105.9285714286,2400663.0,-8649.857142857143,1.0852843133061927,2177449.5
2026-06-07,2865564,-0.007391331376825239,72,-351419.0,0.1502980847716224,2818994.0,15136195.0,2596810.714285714,423689.3991826949,2927145.0,14.851890996416067,6,-0.9116111071930239,-0.7818314824680299,36,12,2758069.0,-0.027186417528038995,16.548414,2937006.3045952553,0.0,0.9999638246293766,870194.0,6,17955189.0,6.0,0.9855139904266519,0.9984563078829917,2755981.5,1.0976427382893388,2919519.8571428573,2773608.0,-7353.0,1.0852843133061927,2782795.0
2026-06-08,2764691,0.0157351510034498,0,506494.0,0.15068675985667293,2674187.0,0.0,2571679.8571428573,402964.5742808366,2833198.0,14.799156340829322,6,-0.9185469991587165,0.0,0,11,2668468.5,-0.027186417528038995,0.0,2783478.5292269876,0.0,0.9984583818497236,-180407.0,0,18001759.0,4.0,0.9855139904266519,0.9984563078829917,2639539.8333333335,1.0986319330017245,2823883.0714285714,2710489.0,-15284.42857142857,1.0852843133061927,2634062.5
2026-06-09,2360445,0.034392600184512956,10,-100873.0,0.1265082343929095,2218178.0,2764691.0,2571679.8571428573,280617.7823491952,2833198.0,14.612197146972449,6,-0.925211078289358,0.7818314824680298,6,10,2668468.5,-0.027186417528038995,0.0,2359161.964848383,0.0,0.9984583818497236,-482828.0,1,18092263.0,2.0,1.0338435569389874,1.0111641894489773,2136160.5,1.0986319330017245,2352776.714285714,2359070.0,-29569.285714285714,1.0852843133061927,2099883.5
2026-06-10,2517148,0.07610574788743585,18,-404246.0,0.13408645251806084,2400663.0,5125136.0,2571679.8571428573,321896.3853613655,2833198.0,14.691255923719677,6,-0.9316013725767187,0.9749279121818236,12,9,2668468.5,-0.027186417528038995,0.0,2569680.807708709,0.0,0.9984583818497236,208068.0,2,18234530.0,0.0,1.047578420661582,1.0189472436916165,2332230.1666666665,1.0986319330017245,2493257.714285714,2865564.0,-30736.0,1.0852843133061927,2338655.5
2026-06-11,2809243,0.01716758524446238,24,156703.0,0.15499202260587006,2773608.0,7642284.0,2571679.8571428573,429887.11383582203,2833198.0,14.835659918227986,6,-0.9377159910299093,0.43388373911755823,18,8,2668468.5,-0.027186417528038995,0.0,2974617.074156038,0.0,0.9984583818497236,407357.0,3,18351015.0,-2.0,1.0478890249701496,1.0240372831124378,2760172.5,1.0986319330017245,2874125.714285714,2764691.0,-34089.857142857145,1.1368378047320709,2744399.0
2026-06-12,2873210,-0.060006615302124366,28,292095.0,0.15393514158920252,2710489.0,10451527.0,2571679.8571428573,417239.5079909759,2833198.0,14.812639988319518,6,-0.9435531242349544,-0.433883739117558,24,7,2668468.5,-0.027186417528038995,0.0,2937398.254972126,1.1242886543054855,0.9984583818497236,306954.0,4,18386650.0,-4.0,1.0382343217734307,1.0171700221114566,2708505.3333333335,1.0986319330017245,2850198.5,2360445.0,-41695.0,1.1368378047320709,2704949.5
2026-06-13,2534457,0.012564478576715166,30,63967.0,0.12824792877260596,2359070.0,13324737.0,2571679.8571428573,302545.8413295915,2833198.0,14.673778455435832,6,-0.9491110448902284,-0.9749279121818236,30,6,2668468.5,-0.027186417528038995,0.0,2598623.5374682965,1.1349725892504412,0.9984583818497236,125353.0,5,18549371.0,-6.0,1.0428587808290206,1.0196107929137832,2196513.1666666665,1.0986319330017245,2496121.214285714,2517148.0,-33511.71428571428,1.1368378047320709,2177449.5
2026-06-14,2891326,-0.002168456969164012,30,-338753.0,0.15154346026467821,2865564.0,15859194.0,2571679.8571428573,434257.4841698924,2833198.0,14.868276096366982,6,-0.9543881083175908,-0.7818314824680299,36,5,2668468.5,-0.027186417528038995,0.0,3007747.283725172,1.144738002450113,0.9984583818497236,-354053.0,6,18724758.0,-7.0,1.0477662318700307,1.0301311627899272,2763193.8333333335,1.0986319330017245,2872240.8571428573,2809243.0,-25807.285714285714,1.1368378047320709,2782795.0
2026-06-15,2849377,0.020917211154795945,0,356869.0,0.1506033705519079,2764691.0,0.0,2678645.714285714,416371.78313452477,2833198.0,14.832439794328915,6,-0.9593827529490743,0.0,0,4,2668468.5,-0.027186417528038995,0.0,2958483.553272484,1.1461455259316133,0.9984583818497236,234903.0,0,18750520.0,-7.0,1.0477662318700307,1.0301311627899272,2665853.1666666665,1.0986319330017245,2828285.714285714,2873210.0,-16652.14285714286,1.1368378047320709,2667750.5
2026-06-16,2482257,0.028410222265993657,3,-41949.0,0.12821784097982747,2360445.0,2849377.0,2678645.714285714,302651.16165162885,2833198.0,14.674361142197593,6,-0.9640935007889755,0.7818314824680298,6,3,2668468.5,-0.027186417528038995,0.0,2551342.254795026,0.0,0.9984583818497236,431288.0,1,18835206.0,-7.0,1.0306312712704602,1.032379043485523,2188771.1666666665,1.0986319330017245,2437844.5714285714,2534457.0,-6133.571428571428,1.1368378047320709,2181041.0
2026-06-17,2638190,0.06704146981397563,4,-367120.0,0.13433867866274263,2517148.0,5331634.0,2678645.714285714,338150.3363185653,2833198.0,14.738637469822644,6,-0.9685189578512204,0.9749279121818236,12,2,2668468.5,-0.027186417528038995,0.0,2808754.423913608,0.0,0.9984583818497236,90752.0,2,18957018.0,-7.0,1.0402912234914352,1.0434105820681536,2376519.8333333335,1.0986319330017245,2689054.9285714286,2891326.0,-1864.142857142857,1.1368378047320709,2387159.5
2026-06-18,2988204,0.020568644171421235,3,155933.0,0.15276762646347422,2809243.0,7969824.0,2678645.714285714,429161.3852691297,2833198.0,14.848425965966497,6,-0.9726578145718654,0.43388373911755823,18,1,2668468.5,-0.027186417528038995,0.0,3086663.802555257,0.0,0.9984583818497236,-76926.0,3,19078060.0,-7.0,1.0428589149526504,1.0524949733010993,2771978.1666666665,1.0986319330017245,2957245.4285714286,2849377.0,-13289.285714285714,1.184862586092497,2760994.0
2026-06-19,2881272,-0.05469023093287584,0,350014.0,0.15341731537137562,2873210.0,10958028.0,2678645.714285714,440800.1646981902,2833198.0,14.870940777659376,6,-0.976508846196619,-0.433883739117558,24,0,2668468.5,-0.027186417528038995,0.0,3019197.576174904,0.0,0.9984583818497236,142104.0,4,19257021.0,-7.0,1.0484619137471491,1.05647542313803,2736504.1666666665,1.0986319330017245,2869878.1428571427,2482257.0,-1028.7142857142858,1.184862586092497,2707585.5
2026-06-20,2563971,0.010763600906202875,5,-106932.0,0.1306527741341579,2534457.0,13839300.0,2678645.714285714,331133.83797373547,2891240.0,14.745490365441395,6,-0.9800709131432666,-0.9749279121818236,30,1,2651517.5,-0.04155253204986085,13.2575875,2706737.6968669994,0.0,1.0995555012628047,123364.0,5,19265083.0,-5.0,1.038617122424255,1.04964879451238,2248309.3333333335,1.2940622964839843,2596392.4285714286,2638190.0,-2631.4285714285716,1.184862586092497,2283998.5
2026-06-21,2981485,-0.008103409378043658,12,-317301.0,0.15000239383651426,2891326.0,16403271.0,2678645.714285714,433705.82136175345,2614464.0,14.877226124252708,6,-0.9833429613388902,-0.7818314824680299,36,2,2537251.25,0.042971688686851375,15.2235075,3179966.440382586,0.0,0.9159102401548136,-20808.0,6,19294597.0,-3.0,1.0343067245409823,1.0528460214544562,2778353.5,1.0793707579897684,3077738.5,2988204.0,-12309.714285714286,1.184862586092497,2793800.0
2026-06-22,2876770,8.658594373933681e-06,0,417514.0,0.14951142331894882,2849377.0,0.0,2769250.8571428573,426014.4108422764,3096797.0,14.86261128281176,6,-0.9863240225317866,0.0,0,3,2664321.25,0.04856364893017371,0.0,3040594.8899740935,0.0,0.9919167416083454,-5818.0,0,19384756.0,-1.0,1.0343067245409823,1.0528460214544562,2707027.0,1.1740240698577575,2931008.5714285714,2881272.0,-29140.714285714286,1.184862586092497,2719439.0
2026-06-23,2571215,0.014578585584282377,4,-104715.0,0.12877159132501392,2482257.0,2876770.0,2769250.8571428573,319644.18396765506,2953905.0,14.724679187773113,6,-0.9890132145779883,0.7818314824680298,6,4,2794002.0,-0.06850921733537653,2.794002,2572081.0520496173,0.0,1.1911395757400183,-20455.0,1,19412149.0,1.0,1.0096136804641858,1.0360353587487208,2259836.8333333335,1.4118676968860688,2485220.285714286,2563971.0,-40891.857142857145,1.184862586092497,2265785.0
2026-06-24,2656150,0.06494180009837147,10,-305555.0,0.13358708575567285,2638190.0,5447985.0,2769250.8571428573,352428.11376975855,2508733.0,14.785604012974263,6,-0.9914097417023038,0.9749279121818236,12,5,2595172.5,-0.014904526541410857,5.190345,2686249.650931053,0.0,1.0582418624927923,4557.0,2,19501107.0,3.0,1.0218227657787462,1.0540277785839074,2419000.5,1.2603327828484403,2601883.785714286,2981485.0,-35760.28571428572,1.184862586092497,2400026.0
2026-06-25,2910453,0.014568641314229858,18,84935.0,0.15110990542293287,2988204.0,8104135.0,2769250.8571428573,451547.2238244297,2620696.0,14.91018343064583,6,-0.9935128947338007,0.43388373911755823,18,6,2550219.75,0.05313021945596461,7.65065925,2989058.646453999,0.0,0.9412362044984683,143326.0,3,19519067.0,5.0,1.016852442412781,1.0591615309111972,2807882.3333333335,1.121829353094714,2914087.1428571427,2876770.0,-21100.428571428572,1.203875257967128,2791425.5
2026-06-26,2904610,-0.06068396161716594,28,254303.0,0.15010356874349448,2881272.0,11014588.0,2769250.8571428573,432489.2097207058,2931282.0,14.873742768341655,6,-0.9953220513156602,-0.433883739117558,24,7,2702652.0,-0.012064788810951813,10.810608,3009057.0461617857,0.0,0.9839317240392201,-154659.0,4,19441316.0,7.0,1.0051615126371278,1.0530714062420787,2765935.8333333335,1.168336639181947,2975542.4285714286,2571215.0,-25114.428571428572,1.203875257967128,2753661.5
2026-06-27,2575625,-0.006192667734600921,30,-5843.0,0.13134945537742382,2563971.0,13919198.0,2769250.8571428573,336776.1944535087,2988614.0,14.757068176526252,6,-0.9968366760893436,-0.9749279121818236,30,6,2669174.0,-0.03891789996320541,13.34587,2639551.9311365057,1.1888058906631735,1.103387944926962,-145873.0,5,19464654.0,5.0,1.0057732688792063,1.0506483183110398,2321727.3333333335,1.3117140886159055,2605245.785714286,2656150.0,-35691.0,1.203875257967128,2333058.5
2026-06-28,2930672,-0.024855128731711362,30,-328985.0,0.1555669700565132,2981485.0,16494823.0,2769250.8571428573,463820.5877189433,2624407.0,14.907932391911265,6,-0.998056320853012,-0.7818314824680299,36,5,2562305.75,0.02990075328552171,15.3738345,2967854.335444463,1.1893544093757935,0.9216072643007595,64397.0,6,19476308.0,3.0,1.0055813258221484,1.051339826523243,2798806.8333333335,1.0961176635088705,2935345.8571428573,2910453.0,-35446.57142857143,1.203875257967128,2842279.0
2026-06-29,2690919,-0.005333879250813078,0,355047.0,0.1477701558610415,2876770.0,0.0,2775070.714285714,425100.75127636833,2959224.0,14.872179042563467,6,-0.9989806246941579,0.0,0,4,2651193.25,0.03242675040238964,0.0,2763410.4818413947,1.1862782412273556,0.983702887196315,-57293.0,0,19425495.0,1.0,1.0055813258221484,1.051339826523243,2758455.5,1.1669453309135165,2753915.5,2904610.0,-23052.285714285714,1.203875257967128,2773634.5
2026-06-30,2477905,-0.009528118777171857,3,-239753.0,0.1273804744278275,2571215.0,2690919.0,2775070.714285714,327522.58655594644,2780012.0,14.759889496721382,6,-0.999609314096404,0.7818314824680298,6,3,2738850.5,-0.05822399378491962,2.7388505,2347700.895769287,0.0,1.162040229746069,-32854.0,1,19239644.0,-1.0,0.9353959475383851,0.9640530137639638,2337562.5,1.3634787537263349,2369848.785714286,2575625.0,-24760.571428571428,1.203875257967128,2336918.5
2026-07-01,2654017,0.03690331302541505,4,-213014.0,0.13510816882732105,2656150.0,5168824.0,2775070.714285714,358867.5626306888,2402675.0,14.792388640372064,7,-0.9999422030204416,0.9749279121818236,14,2,2561766.25,-0.023608959725198747,5.1235325,2628243.0263939444,0.0,1.0189250513304144,-103082.0,2,19146334.0,-3.0,0.9487588530438318,0.9941422658521949,2481264.1666666665,1.189202644156175,2689187.1428571427,2930672.0,-22939.428571428572,1.203875257967128,2458905.5
2026-07-02,2901753,-0.005699135273094402,3,176112.0,0.15196878253857596,2910453.0,7822841.0,2775070.714285714,442297.999045746,2718537.0,14.8838196407245,7,-0.9999791929590823,0.43388373911755823,21,1,2488830.25,0.01302272283887463,7.46649075,2823094.034329615,0.0,0.923039871440593,-256712.0,3,19144201.0,-5.0,0.9652900648866288,1.009097053587619,2834894.5,1.0770814333931817,2894073.0714285714,2690919.0,-37221.42857142857,1.1610772236627096,2833786.5
2026-07-03,2572397,-0.05601452169679444,0,247736.0,0.15049081420275187,2904610.0,10724594.0,2775070.714285714,437117.1238414551,2923234.0,14.881810032245,7,-0.9997202729664083,-0.433883739117558,28,0,2525322.75,-0.1562611099236591,10.101291,2095470.6762781648,0.0,0.9568509629582741,15276.0,4,19135501.0,-7.0,0.9736718250378498,1.0095925989024583,2809381.1666666665,1.115975822015015,2131540.5,2477905.0,-37314.57142857143,1.1610772236627096,2835022.0
2026-07-04,1882467,-0.015001752609361763,5,-329356.0,0.13276781106616897,2575625.0,13296991.0,2775070.714285714,341960.09337730147,2162755.0,14.76160316933042,7,-0.9991655196610109,-0.9749279121818236,35,1,2119870.25,0.11307561847860538,10.59935125,2356437.131530016,0.0,0.8657792861471533,-17860.0,5,18803288.0,-5.0,0.9552986457984145,0.9875159393661683,2400978.6666666665,0.990659206448585,2456348.6428571427,2654017.0,33206.28571428572,1.1610772236627096,2369723.5
2026-07-05,2914375,-0.08443786526296604,12,-689930.0,0.1545137930763132,2930672.0,15179458.0,2775070.714285714,452829.24698254495,2457591.0,14.890742647450654,7,-0.9983150972033183,-0.7818314824680299,42,2,2397696.25,0.04901857739994709,14.3861775,2753605.2926359256,0.0,0.8735135394749657,-140972.0,6,18110130.0,-3.0,0.9202558887718892,0.9502977322428956,2830356.3333333335,0.9655346890010603,3003238.0,2901753.0,-41985.42857142857,1.1610772236627096,2876753.0
2026-07-06,2898957,-0.06798056076073156,0,1031908.0,0.14781235637003287,2690919.0,0.0,2584833.285714286,397751.07819089247,3041954.0,14.805393700541755,7,-0.9971692572470178,0.0,0,3,2583845.0,0.038214021034718465,0.0,2646395.750590839,0.0,0.9702841418246968,-213244.0,0,18093833.0,-1.0,0.9202558887718892,0.9502977322428956,2763389.6666666665,1.07151612063894,2878349.785714286,2572397.0,-56132.142857142855,1.1610772236627096,2773634.5
2026-07-07,2583561,-0.014838580007677349,4,-15418.0,0.13081232929373413,2477905.0,2898957.0,2584833.285714286,324140.52481859026,2917942.0,14.722924406634124,7,-0.9957283388645872,0.7818314824680298,7,4,2683136.25,-0.06805121509862751,2.68313625,2326485.0830512918,0.0,1.1293493578966856,-182268.0,1,18301871.0,1.0,1.0773111342258908,1.037030942453856,2393229.3333333335,1.2630928114644882,2452893.3571428573,1882467.0,-46116.71428571428,1.1610772236627096,2419175.0
2026-07-08,2533297,0.12509164285546648,10,-315396.0,0.13843907272118652,2654017.0,5482518.0,2584833.285714286,367419.6524662653,2488332.0,14.791585276066815,7,-0.993992768446958,0.9749279121818236,14,5,2498548.0,-0.006065565038594054,4.997096,2423638.562121051,0.0,0.9908799013136267,-20093.0,2,18407527.0,3.0,1.0606896268861157,1.0406429776356452,2527778.6666666665,1.1148989560674114,2521587.4285714286,2914375.0,-43259.71428571428,1.1610772236627096,2537206.5
2026-07-09,2705781,0.07528494276293385,18,-50264.0,0.153543335108961,2901753.0,8015815.0,2584833.285714286,445544.8332824329,2554687.0,14.880825939708423,7,-0.9919630595773397,0.43388373911755823,21,6,2481356.75,0.06166793159709,7.44407025,2702714.596474422,0.0,0.9163896978942152,69051.0,3,18286807.0,5.0,1.024668020224366,1.0166198866143354,2868205.0,1.0246664513857213,2836522.1428571427,2898957.0,-37098.28571428572,1.1889037838397614,2880041.5
2026-07-10,2787804,-0.02314128163495832,28,172484.0,0.14839126737367825,2572397.0,10721596.0,2584833.285714286,381721.2510182478,2873682.0,14.760349095758482,7,-0.9896398128792412,-0.433883739117558,28,7,2658379.75,-0.018036655074431193,10.633519,2674634.1324005,0.0,1.0086850482201004,-355551.0,4,18090835.0,7.0,0.99972045561818,0.993919798857612,2809381.1666666665,1.1167895067226994,2838288.0,2583561.0,-58015.42857142857,1.1889037838397614,2835022.0
2026-07-11,2502489,-0.0008302119252727724,40,82023.0,0.12601593892038596,1882467.0,13509400.0,2584833.285714286,237220.84649164218,2885953.0,14.448094239839728,7,-0.9870237158387383,-0.9749279121818236,35,8,2606446.25,-0.043440921921836066,13.03223125,2491956.61196406,0.0,1.0776141639372971,-704812.0,5,18306242.0,7.0,1.0159742155198872,0.9936994377331201,2400978.6666666665,1.2085223637406193,2541213.6428571427,2533297.0,-130557.0,1.1889037838397614,2369723.5
2026-07-12,2916003,-0.046650413563327,54,-285315.0,0.15498570021202124,2914375.0,16011889.0,2584833.285714286,451686.4500554094,2589889.0,14.885166289671407,7,-0.984115542601034,-0.7818314824680299,42,9,2487417.25,0.04772218581666583,14.9245035,3108336.2608644525,0.0,0.9032646748434279,34516.0,6,18926264.0,7.0,1.054839309809349,1.0017331191674972,2884812.1666666665,1.0442676661950423,2956339.214285714,2705781.0,-60882.142857142855,1.1889037838397614,2889634.0
2026-07-13,2764785,-0.005625669175863601,0,413514.0,0.14924031769286714,2898957.0,0.0,2703984.5714285714,432641.26365796104,3007773.0,14.879861920044446,7,-0.9809161537413774,0.0,0,10,2626433.0,0.041724460513555835,0.0,2959364.674775318,0.0,0.9816981853459854,393889.0,0,18927892.0,7.0,1.054839309809349,1.0017331191674972,2797153.5,1.1349126354169938,2809342.6428571427,2787804.0,-55766.57142857143,1.1889037838397614,2800582.0
2026-07-14,2443857,0.015728719406263858,11,-151218.0,0.13346433073192396,2583561.0,2764785.0,2703984.5714285714,344813.2397701002,2865292.0,14.76467962487313,7,-0.9774264960104055,0.7818314824680298,7,11,2736019.5,-0.0510575695066097,2.7360195,2582362.075081199,0.0,1.1463328657535232,198966.0,1,18793720.0,7.0,0.9537171472360576,0.9772991801094784,2452068.8333333335,1.3144952610197662,2501135.3571428573,2502489.0,-67412.57142857143,1.1889037838397614,2480081.0
2026-07-15,2601382,0.06933608759271803,24,-320928.0,0.13833787078895915,2533297.0,5208642.0,2703984.5714285714,350450.9130560578,2557900.0,14.745032569122763,7,-0.9736476020539838,0.9749279121818236,14,12,2588684.5,-0.021512405719286833,5.177369,2583933.0388080725,0.0,1.0263872552128361,-118587.0,2,18654016.0,7.0,0.9500455812456977,0.9721714299232779,2550096.6666666665,1.1675098321699504,2543898.8571428573,2916003.0,-97308.57142857143,1.1889037838397614,2545281.0
2026-07-16,2850229,0.01772096850866789,39,157525.0,0.15182581352350763,2705781.0,7810024.0,2703984.5714285714,410807.40154145,2614183.0,14.810901522752893,7,-0.9695805901076308,0.43388373911755823,21,13,2522236.75,0.06642378061917116,7.56671025,2999404.752234115,0.0,0.9315227896968921,-187272.0,3,18722101.0,7.0,0.9743268775539355,0.9789262334033109,2842780.1666666665,1.063178747586933,2931635.0714285714,2764785.0,-96081.57142857143,1.157454438865045,2855498.0
2026-07-17,2834256,-0.059109337804542195,56,248847.0,0.1469042376358667,2787804.0,10660253.0,2703984.5714285714,409540.22129821975,2998225.0,14.840765105805263,7,-0.965226663665613,-0.433883739117558,28,14,2710035.75,-0.013181881816698217,10.840143,3009037.8327363627,0.0,1.0251668930372813,547620.0,4,18866549.0,7.0,0.9942785570357249,0.9820862416161329,2807876.1666666665,1.1782875041935763,2886455.285714286,2443857.0,-93238.0,1.157454438865045,2830507.0
2026-07-18,2507667,0.0029004377570029938,75,-15973.0,0.12527704400272704,2502489.0,13494509.0,2703984.5714285714,313504.4245693404,2962082.0,14.732796794159533,7,-0.9605871111248129,-0.9749279121818236,35,15,2673488.0,-0.013181881816698217,13.36744,2571160.9026365215,0.0,1.1034212464993252,1313180.0,5,18913001.0,7.0,0.9988977304691549,0.9892448603716577,2441235.1666666665,1.2714762475975014,2489289.714285714,2601382.0,-97477.57142857143,1.157454438865045,2441433.0
2026-07-19,2939611,-0.01698059688420206,96,-326589.0,0.1549503856241484,2916003.0,16002176.0,2703984.5714285714,451835.7893311736,2962082.0,14.885724743851858,7,-0.9556633054034704,-0.7818314824680299,42,16,2673488.0,-0.013181881816698217,13.36744,2948744.777225993,0.0,1.1034212464993252,17925.0,6,18918179.0,7.0,0.9993933882504431,0.9987402449024325,2889489.0,1.2714762475975014,2964204.5714285714,2850229.0,-98654.71428571429,1.157454438865045,2902850.5
2026-07-20,2856844,0.006988561016865624,0,431944.0,0.14898321788791025,2764785.0,0.0,2705969.5714285714,411906.56606822595,2962082.0,14.832473793921645,7,-0.9504567035349151,0.0,0,17,2673488.0,-0.013181881816698217,13.36744,2801603.1777689885,0.0,1.1034212464993252,-342210.0,0,18941787.0,7.0,0.9993933882504431,0.9987402449024325,2794188.0,1.2714762475975014,2808536.9285714286,2834256.0,-100453.57142857143,1.157454438865045,2791685.5
2026-07-21,2377339,0.0203106838193452,18,-82767.0,0.1337061647194252,2443857.0,2856844.0,2705969.5714285714,326758.74659272033,2962082.0,14.709088496112672,7,-0.9449688462364056,0.7818314824680298,7,18,2673488.0,-0.013181881816698217,13.36744,2416393.4869437506,0.0,1.1034212464993252,-245360.0,1,19033846.0,7.0,1.033296983309733,1.017446129527039,2473813.0,1.2714762475975014,2373388.214285714,2507667.0,-90353.0,1.157454438865045,2480081.0
2026-07-22,2657138,0.05830416370826441,38,-479505.0,0.1386477459921383,2601382.0,5234183.0,2705969.5714285714,360675.7507645207,2962082.0,14.771553784647702,7,-0.939201357453208,0.9749279121818236,14,19,2673488.0,-0.013181881816698217,13.36744,2590662.972358607,0.0,1.1034212464993252,188805.0,2,18967328.0,7.0,1.0049035813941523,0.9825775511499947,2557449.5,1.2714762475975014,2539113.8571428573,2939611.0,-84765.71428571429,1.157454438865045,2567339.5
2026-07-23,2903099,0.011667628984437961,60,279799.0,0.15090601743552817,2850229.0,7891321.0,2705969.5714285714,430116.707169248,2962082.0,14.862910250743008,7,-0.9331559438780432,0.43388373911755823,21,20,2673488.0,-0.013181881816698217,13.36744,2926176.697251236,0.0,1.1034212464993252,340420.0,3,19023084.0,7.0,1.0104093150033855,0.994094035442212,2825177.8333333335,1.2714762475975014,2881284.3571428573,2856844.0,-79081.71428571429,1.1687262862082548,2829736.0
2026-07-24,2870012,-0.06765214620748417,84,245961.0,0.14715269791494862,2834256.0,10794420.0,2705969.5714285714,417068.4169816306,2962082.0,14.857290379665981,7,-0.9268343944460494,-0.433883739117558,28,21,2673488.0,-0.013181881816698217,13.36744,2920841.706566369,0.0,1.1034212464993252,-168955.0,4,19075954.0,7.0,1.0125857238097444,1.001313720908018,2796150.5,1.2714762475975014,2890282.6428571427,2377339.0,-67334.71428571429,1.1687262862082548,2811030.0
2026-07-25,2507361,0.01065794177137036,110,-33087.0,0.12530722003111897,2507667.0,13664432.0,2705969.5714285714,314228.780533776,2962082.0,14.734863795576885,7,-0.9202385798054075,-0.9749279121818236,35,22,2673488.0,-0.013181881816698217,13.36744,2623765.640027435,0.0,1.1034212464993252,-614844.0,5,19111710.0,7.0,1.0125920105725965,1.0080713612874694,2462450.1666666665,1.2714762475975014,2589817.6428571427,2657138.0,-63439.142857142855,1.1687262862082548,2505078.0
2026-07-26,2924624,-0.016382832325658514,138,-362651.0,0.1552969360189305,2939611.0,16171793.0,2705969.5714285714,456512.5813875443,2962082.0,14.893788157816575,7,-0.9133704517637858,-0.7818314824680299,42,23,2673488.0,-0.013181881816698217,13.36744,2958441.1896811114,0.0,1.1034212464993252,21980.0,6,19111404.0,7.0,1.0105996209515506,1.0156830262164447,2909591.8333333335,1.2714762475975014,2932008.714285714,2903099.0,-73049.85714285714,1.1687262862082548,2915189.0
2026-07-27,2749024,0.0008284920684262786,0,417263.0,0.14936035645939136,2856844.0,0.0,2728059.5714285714,426699.23818887345,2962082.0,14.865228427028542,7,-0.9062320427107697,0.0,0,24,2673488.0,-0.013181881816698217,13.36744,2865554.2186482456,0.0,1.1034212464993252,226231.0,0,19096417.0,7.0,1.0105996209515506,1.0156830262164447,2800564.3333333335,1.2714762475975014,2843791.9285714286,2870012.0,-71460.57142857143,1.1687262862082548,2807081.0
2026-07-28,2332028,0.005128991188535492,25,-175600.0,0.1317382788185138,2377339.0,2749024.0,2728059.5714285714,313186.54802812677,2962082.0,14.681492773555606,7,-0.898825465016444,0.7818314824680298,7,25,2673488.0,-0.013181881816698217,13.36744,2348646.8106517787,0.0,1.1034212464993252,73186.0,1,18988597.0,7.0,0.9622590522968703,0.9807867899983098,2452169.6666666665,1.2714762475975014,2347246.0714285714,2507361.0,-93020.85714285714,1.1687262862082548,2460881.0
2026-07-29,2638603,0.03481361332755162,52,-416996.0,0.13924975112268292,2657138.0,5081052.0,2728059.5714285714,370005.80519862345,2962082.0,14.792760538014159,7,-0.8911529104063088,0.9749279121818236,14,26,2673488.0,-0.013181881816698217,13.36744,2483147.315158401,0.0,1.1034212464993252,-12329.0,2,18943286.0,7.0,0.9707440492623204,0.9634989615849727,2600030.6666666665,1.2714762475975014,2483739.9285714286,2924624.0,-97588.42857142857,1.1687262862082548,2619786.0
2026-07-30,2862797,-0.007981888223752787,81,306575.0,0.1514552119424037,2903099.0,7719655.0,2728059.5714285714,439689.4743347802,2962082.0,14.881289689537144,7,-0.8832166493127127,0.43388373911755823,21,27,2673488.0,-0.013181881816698217,13.36744,2774266.458734966,0.0,1.1034212464993252,-91578.0,3,18924751.0,7.0,0.9782462277228363,0.9790304064987189,2858064.1666666665,1.2714762475975014,2797115.285714286,2749024.0,-92345.71428571429,1.1424921292363994,2875991.0
2026-07-31,2866606,-0.0700923408835048,112,224194.0,0.14734393281790467,2870012.0,10582452.0,2728059.5714285714,422878.8553145802,2962082.0,14.86982711734227,7,-0.8750190302029955,-0.433883739117558,28,28,2673488.0,-0.013181881816698217,13.36744,2879999.351323289,0.0,1.1034212464993252,-10696.0,4,18884449.0,7.0,0.980363187646951,0.9866889624108494,2826173.8333333335,1.2714762475975014,2922592.5714285714,2332028.0,-85812.14285714286,1.1424921292363994,2852134.0
2026-08-01,2599098,0.01717207257092701,145,3809.0,0.12498475677279351,2507361.0,13449058.0,2728059.5714285714,313381.90472658834,2962082.0,14.734741762408438,8,-0.8665624788845385,-0.9749279121818236,40,29,2673488.0,-0.013181881816698217,13.36744,2528992.5979920314,0.0,1.1034212464993252,-5484.0,5,18881043.0,7.0,0.9842383496072138,0.9968665068158943,2495835.8333333335,1.2714762475975014,2563829.4285714286,2638603.0,-90384.0,1.1424921292363994,2507514.0
2026-08-02,2883744,-0.0005497153045714853,180,-267508.0,0.15586771206631006,2924624.0,16048156.0,2728059.5714285714,455854.45153422,2962082.0,14.888676825300909,8,-0.8578494977869301,-0.7818314824680299,48,30,2673488.0,-0.013181881816698217,13.36744,2876844.9114791923,0.0,1.1034212464993252,-38595.0,6,18972780.0,7.0,0.9923547747612154,1.0130561646690124,2919435.1666666665,1.2714762475975014,2910700.3571428573,2862797.0,-73059.42857142857,1.1424921292363994,2920313.5
2026-08-03,2726966,0.017872798925116173,0,284646.0,0.14848177960302722,2749024.0,0.0,2704557.1428571427,408179.9756914323,2962082.0,14.82675686132211,8,-0.8488826652214553,0.0,0,31,2673488.0,-0.013181881816698217,13.36744,2749438.233396244,0.0,1.1034212464993252,-199879.0,0,18931900.0,7.0,0.9923547747612154,1.0130561646690124,2810248.5,1.2714762475975014,2782940.1428571427,2866606.0,-74027.14285714286,1.1424921292363994,2807081.0
2026-08-04,2381852,0.013381508104519213,32,-156778.0,0.12829636105720493,2332028.0,2726966.0,2704557.1428571427,299190.7062835115,2962082.0,14.662249262052727,8,-0.8396646346181327,0.7818314824680298,8,32,2673488.0,-0.013181881816698217,13.36744,2283775.9492429476,0.0,1.1034212464993252,21207.0,1,18909842.0,7.0,0.9919760613221275,0.9679007525548798,2452169.6666666665,1.2714762475975014,2284209.785714286,2599098.0,-66597.57142857143,1.1424921292363994,2460881.0
2026-08-05,2430800,0.03237327941930501,66,-345114.0,0.13742290996634865,2638603.0,5108818.0,2704557.1428571427,362604.5025059375,2962082.0,14.785760547386095,8,-0.8301981337405212,0.9749279121818236,16,33,2673488.0,-0.013181881816698217,13.36744,2385767.0514352308,0.0,1.1034212464993252,-74291.0,2,18959666.0,7.0,1.0054646163825915,0.972811946076421,2620273.1666666665,1.2714762475975014,2374280.8571428573,2883744.0,-48777.857142857145,1.1424921292363994,2638396.5
2026-08-06,2794275,-0.02179241053507841,96,48948.0,0.14916596879756538,2862797.0,7539618.0,2704557.1428571427,427031.88797576376,2962082.0,14.867310026229596,8,-0.8204859638785327,0.43388373911755823,24,32,2673488.0,-0.013181881816698217,13.36744,2786967.272877505,0.0,1.1034212464993252,-93172.0,3,18751863.0,5.0,0.9766781028426789,0.95933611595195,2872929.0,1.2714762475975014,2817512.9285714286,2726966.0,-60256.42857142857,1.1151821721480366,2882275.0
2026-08-07,2719283,-0.08773475349533033,124,363475.0,0.14965565489240665,2866606.0,10333893.0,2704557.1428571427,429003.79824850225,2962082.0,14.868639658385526,8,-0.8105309990194823,-0.433883739117558,32,31,2673488.0,-0.013181881816698217,13.36744,2742226.102023151,0.0,1.1034212464993252,-39162.0,4,18683341.0,3.0,0.9765121542719967,0.966716754694323,2852193.3333333335,1.2714762475975014,2775744.6428571427,2381852.0,-71614.57142857143,1.1151821721480366,2868309.0
2026-08-08,2441898,-0.02120030568994391,150,-74992.0,0.1332966433496105,2599098.0,13053176.0,2704557.1428571427,346451.03913668595,2962082.0,14.770675404471843,8,-0.8003361849976323,-0.9749279121818236,40,30,2673488.0,-0.013181881816698217,13.36744,2340344.801027763,0.0,1.1034212464993252,92043.0,5,18536018.0,1.0,0.9705643324610541,0.9648043875870679,2531928.3333333335,1.2714762475975014,2381039.9285714286,2430800.0,-71988.14285714286,1.1151821721480366,2521062.0
2026-08-09,2855622,-0.01781993900463652,174,-277385.0,0.15368068233383664,2883744.0,15495074.0,2704557.1428571427,443175.7455961074,2962082.0,14.874600354615108,8,-0.7899045386224707,-0.7818314824680299,48,29,2673488.0,-0.013181881816698217,13.36744,2785006.8177466984,0.0,1.1034212464993252,-25893.0,6,18378818.0,-1.0,0.965536102714854,0.9649139473052393,2919435.1666666665,1.2714762475975014,2889753.714285714,2794275.0,-68943.14285714286,1.1151821721480366,2920313.5
2026-08-10,2690569,0.005015952762235321,0,413724.0,0.14734301015178192,2726966.0,0.0,2621528.0,401799.37902156415,2962082.0,14.818700560544384,8,-0.7792391467859886,0.0,0,28,2673488.0,-0.013181881816698217,13.36744,2601065.785385418,0.0,1.1034212464993252,85762.0,0,18350696.0,-3.0,0.965536102714854,0.9649139473052393,2803961.0,1.2714762475975014,2692148.0,2719283.0,-69674.85714285714,1.1151821721480366,2807081.0
2026-08-11,2238634,0.0184544944491416,27,-165053.0,0.12662170139665968,2381852.0,2690569.0,2621528.0,301594.15271503665,2962082.0,14.68338931414672,8,-0.7683431655492202,0.7818314824680298,8,27,2673488.0,-0.013181881816698217,13.36744,2126828.42377345,0.0,1.1034212464993252,95135.0,1,18314299.0,-5.0,0.9866529322331118,0.9697824371155651,2455737.5,1.2714762475975014,2192391.9285714286,2441898.0,-61776.57142857143,1.1151821721480366,2460881.0
2026-08-12,2350055,0.048725761264600154,52,-451935.0,0.13707897947885792,2430800.0,4929203.0,2621528.0,333211.5833172078,2962082.0,14.70373139063045,8,-0.7572198192083127,0.9749279121818236,16,26,2673488.0,-0.013181881816698217,13.36744,2174774.7245513406,0.0,1.1034212464993252,-189268.0,2,18171081.0,-7.0,0.9648421611417749,0.9556101129784548,2620273.1666666665,1.2714762475975014,2273729.214285714,2855622.0,-66887.71428571429,1.1151821721480366,2638396.5
2026-08-13,2708863,-0.01963975770080384,75,111421.0,0.15149565363026127,2794275.0,7279258.0,2621528.0,423320.5175476983,2962082.0,14.843083597026972,8,-0.7458723993404063,0.43388373911755823,24,25,2673488.0,-0.013181881816698217,13.36744,2662209.1120238416,0.0,1.1034212464993252,-28220.0,3,18090336.0,-7.0,0.9654677465091733,0.9404538371940767,2870434.3333333335,1.2714762475975014,2774907.1428571427,2690569.0,-61865.28571428572,1.0761559437777433,2882275.0
2026-08-14,2656068,-0.08987125581541666,96,358808.0,0.14988032757409459,2719283.0,9988121.0,2621528.0,407567.02680666663,2962082.0,14.815879168325571,8,-0.734304263829602,-0.433883739117558,32,24,2673488.0,-0.013181881816698217,13.36744,2615231.6965387557,0.0,1.1034212464993252,-143917.0,4,18004924.0,-7.0,0.966540005784848,0.9429200874994318,2826538.8333333335,1.2714762475975014,2727568.0714285714,2238634.0,-65803.28571428571,1.0761559437777433,2850431.0
2026-08-15,2285991,-0.017010953330179435,115,-52795.0,0.13351081875664297,2441898.0,12644189.0,2621528.0,326019.80130020896,2962082.0,14.708286573256098,8,-0.722518835873311,-0.9749279121818236,40,23,2673488.0,-0.013181881816698217,13.36744,2219410.023768168,0.0,1.1034212464993252,-248937.0,5,17941709.0,-7.0,0.968667625411624,0.9425204722035997,2516501.8333333335,1.2714762475975014,2291038.714285714,2350055.0,-66522.42857142857,1.0761559437777433,2507514.0
2026-08-16,2766554,-0.023269512606558518,132,-370077.0,0.15406950901170163,2855622.0,14930180.0,2621528.0,439964.27946301346,2962082.0,14.864800590927356,8,-0.7105196029692745,-0.7818314824680299,48,22,2673488.0,-0.013181881816698217,13.36744,2731208.44228093,0.0,1.1034212464993252,12758.0,6,17785802.0,-7.0,0.9635436397399586,0.937277861194118,2918171.5,1.2714762475975014,2836071.8571428573,2708863.0,-74233.14285714286,1.0761559437777433,2920313.5
2026-08-17,2621049,0.0021485549613844412,0,480563.0,0.14886185935594182,2690569.0,0.0,2528104.8571428573,400523.104065457,2962082.0,14.805263625042034,8,-0.6983101158835584,0.0,0,21,2673488.0,-0.013181881816698217,13.36744,2528955.885151736,0.0,1.1034212464993252,-14339.0,0,17696734.0,-7.0,0.9635436397399586,0.937277861194118,2777551.3333333335,1.2714762475975014,2630644.5,2656068.0,-79372.14285714286,1.0761559437777433,2756904.5
2026-08-18,2118686,0.0165200316237768,20,-145505.0,0.12599182423562427,2238634.0,2621049.0,2528104.8571428573,282049.58145589253,2962082.0,14.621376863086814,8,-0.6858939875998223,0.7818314824680298,8,20,2673488.0,-0.013181881816698217,13.36744,2042324.817060582,0.0,1.1034212464993252,-193042.0,1,17627214.0,-7.0,0.9741615992750976,0.951085250171839,2430699.3333333335,1.2714762475975014,2116073.1428571427,2285991.0,-80899.14285714286,1.0761559437777433,2412854.5
2026-08-19,2207912,0.047449905420488436,38,-502363.0,0.13594406839359713,2350055.0,4739735.0,2528104.8571428573,319476.0376487149,2962082.0,14.66994971562365,8,-0.673274892250183,0.9749279121818236,16,19,2673488.0,-0.013181881816698217,13.36744,2139237.2388913673,0.0,1.1034212464993252,127058.0,2,17507266.0,-7.0,0.9615621430077033,0.9314942041705759,2585708.1666666665,1.2714762475975014,2216565.4285714286,2766554.0,-88153.42857142857,1.0761559437777433,2619992.5
2026-08-20,2595226,-0.02427828793464082,54,89226.0,0.15214522204303002,2708863.0,6947647.0,2528104.8571428573,412140.5626191484,2962082.0,14.812039916780071,8,-0.6604565640279754,0.43388373911755823,24,18,2673488.0,-0.013181881816698217,13.36744,2532563.4085108214,0.0,1.1034212464993252,-16890.0,3,17365123.0,-7.0,0.9544443952941357,0.913267274517142,2836836.0,1.2714762475975014,2649445.4285714286,2621049.0,-103105.85714285714,1.0268065383745528,2856513.0
2026-08-21,2557929,-0.09663826475132165,68,387314.0,0.14999488323865603,2656068.0,9542873.0,2528104.8571428573,398396.60953393066,2962082.0,14.792357768156679,8,-0.6474427960827475,-0.433883739117558,32,17,2673488.0,-0.013181881816698217,13.36744,2465733.00140419,0.0,1.1034212464993252,84108.0,4,17251486.0,-7.0,0.9554222460861257,0.9154079559823253,2789004.8333333335,1.2714762475975014,2582117.714285714,2118686.0,-104477.28571428571,1.0268065383745528,2811030.0
2026-08-22,2149863,-0.018430813102955357,80,-37297.0,0.13270776363471526,2285991.0,12100802.0,2528104.8571428573,303368.75329908635,2962082.0,14.642310623768214,8,-0.6342374393978054,-0.9749279121818236,40,16,2673488.0,-0.013181881816698217,13.36744,2016542.4052921778,0.0,1.1034212464993252,1293.0,5,17153347.0,-7.0,0.9570247644985377,0.9165389956288342,2470171.8333333335,1.2714762475975014,2102165.8571428573,2207912.0,-100065.85714285714,1.0268065383745528,2504925.0
2026-08-23,2660363,-0.02462550195269153,90,-408066.0,0.15435437909843544,2766554.0,14250665.0,2528104.8571428573,427029.72491229296,2962082.0,14.833113421838389,8,-0.620844401650647,-0.7818314824680299,48,15,2673488.0,-0.013181881816698217,13.36744,2572787.1720032142,0.0,1.1034212464993252,-60946.0,6,17017219.0,-7.0,0.9544871528675475,0.9099285702689798,2904173.3333333335,1.2714762475975014,2702263.214285714,2595226.0,-94536.42857142857,1.0268065383745528,2915189.0
2026-08-24,2455847,0.002208569552279105,0,510500.0,0.15020922696004893,2621049.0,0.0,2415861.1428571427,393705.7441144093,2705168.0,14.779085558811873,8,-0.6072676460566135,0.0,0,14,2535022.5,-0.15538962607115447,0.0,2520330.2943823626,0.0,0.9987198573706753,-33123.0,0,16911028.0,-7.0,0.9544871528675475,0.9099285702689798,2746517.8333333335,1.0276468390245141,2648687.8571428573,2557929.0,-92419.14285714286,1.0268065383745528,2737995.0
2026-08-25,1938948,0.011895183991780023,13,-204516.0,0.12619005372082454,2118686.0,2455847.0,2415861.1428571427,267357.10015755886,2187411.0,14.566307115155544,8,-0.593511190196115,0.7818314824680298,8,13,2125382.75,0.028135698794839785,2.12538275,2034917.271447997,0.0,0.985841595646212,23270.0,1,16745826.0,-7.0,0.9369710371687061,0.9106178125864418,2375269.1666666665,1.003280061166397,2121434.6071428573,2149863.0,-87654.14285714286,1.0268065383745528,2379595.5
2026-08-26,2096064,0.03726935564748346,24,-516899.0,0.13379837066255773,2207912.0,4394795.0,2415861.1428571427,295415.0281663092,2294086.0,14.607558283428924,8,-0.5795791048257612,0.9749279121818236,16,12,2192747.5,0.11035017255831038,4.385495,2109780.7935454613,0.0,0.9720799711599745,-61398.0,2,16566088.0,-7.0,0.9272237793885101,0.8852082159211168,2534692.3333333335,0.9779402845453363,2193327.75,2660363.0,-79557.14285714286,1.0268065383745528,2567339.5
2026-08-27,2502263,-0.036699808292665725,33,157116.0,0.15250529618074332,2595226.0,6490859.0,2415861.1428571427,395785.7097859658,2731931.0,14.769184546671553,8,-0.5654755126737576,0.43388373911755823,24,11,2537998.25,-0.0022684568030063986,7.61399475,2531517.6775971367,0.0,0.9593858667989241,-28225.0,3,16454240.0,-7.0,0.9342528484823711,0.8805290397419429,2803949.6666666665,0.959038040329944,2647649.464285714,2455847.0,-86366.71428571429,0.9591906829785185,2822252.0
2026-08-28,2487127,-0.09605225568079312,40,406199.0,0.1502367435740565,2557929.0,8993122.0,2415861.1428571427,384294.9232536428,2667258.0,14.754708895617487,8,-0.5512045872199277,-0.433883739117558,32,10,2530399.25,-0.1606748764871451,10.121597,2473887.7431317703,0.0,0.9494826163011754,-34924.0,4,16361277.0,-7.0,0.942391458002218,0.8893659975999905,2739402.3333333335,0.9442058204445766,2584425.9285714286,1938948.0,-114130.71428571429,0.9591906829785185,2753543.5
2026-08-29,1981161,-0.0033240662316734726,45,-15136.0,0.13166471263564677,2149863.0,11480249.0,2415861.1428571427,283061.0941010095,2185460.0,14.58091514228916,8,-0.5367705514607103,-0.9749279121818236,40,9,2080885.25,0.21858244258742926,10.40442625,2044977.5960879708,0.0,0.9109227253488562,19779.0,5,16290475.0,-7.0,0.9487180271191943,0.8960679529476961,2399211.5,0.9016265870950758,2118076.035714286,2096064.0,-167702.0,0.9591906829785185,2472193.5
2026-08-30,2551084,-0.01480756679407047,48,-505966.0,0.15539559626612223,2660363.0,13461410.0,2415861.1428571427,413408.69466932974,2786648.0,14.793973513501118,8,-0.522177676659508,-0.7818314824680299,48,8,2586831.75,-0.06418991950083837,15.5209905,2541949.8725619754,0.0,0.9654535893849537,-17123.0,6,16121773.0,-7.0,0.9446162687846497,0.8867263931150866,2876820.3333333335,0.9465008538577053,2676823.535714286,2502263.0,-197192.42857142858,0.9591906829785185,2899059.5
2026-08-31,2338573,0.009543048493583783,0,569923.0,0.15225041493391797,2455847.0,0.0,2287499.1428571427,373903.7247642176,2506611.0,14.713982677083138,8,-0.5074302810827518,0.0,0,7,2354956.5,-0.18645966175454673,0.0,2557917.1785068144,0.9740521041878074,0.9292163357050912,-95682.0,0,16012494.0,-7.0,0.9446162687846497,0.8867263931150866,2734872.8333333335,0.9051051270392282,2654613.6785714286,2487127.0,-149456.2857142857,0.9591906829785185,2737995.0
2026-09-01,1847635,0.008200098112566945,6,-212511.0,0.12566752269449194,1938948.0,2338573.0,2287499.1428571427,243662.79179343977,1950994.0,14.477656631661242,9,-0.49253272872205434,0.7818314824680298,9,6,1897042.5,0.10274457440049775,1.8970425,2037972.8573894084,0.9661029212409736,0.9368928391923339,-59790.0,1,15895220.0,-7.0,0.9522470251607694,0.8913577115329073,2315399.3333333335,0.9051349088334636,2065278.75,1981161.0,-213267.14285714287,0.9591906829785185,2354683.5
2026-09-02,2050689,0.03604164249178077,10,-490938.0,0.13168046976497946,2096064.0,4186208.0,2287499.1428571427,276010.6921774619,2229905.0,14.555572335392606,9,-0.4774894280028391,0.9749279121818236,18,5,2118773.25,0.16784912175165603,4.2375465,1749870.391007801,0.9602036424422823,1.0336330124735877,30295.0,2,15803907.0,-7.0,0.9525377179140324,0.8733752748916929,2460341.5,0.9924981835257279,1729328.8214285714,2551084.0,-272770.0,0.9591906829785185,2482048.5
2026-09-03,2702095,-0.03302496922380249,12,203054.0,0.15376877019803833,2502263.0,6236897.0,2287499.1428571427,384769.904222054,2833316.0,14.732706480030146,9,-0.46230483047981086,0.43388373911755823,27,4,2630842.0,0.0427904022133352,7.892526,2073352.0179362723,0.957619225008194,1.067223920805306,20674.0,3,15758532.0,-7.0,0.9608738997411591,0.8828697577149929,2752861.8333333335,1.0219941439517832,2081464.607142857,2338573.0,-241544.85714285713,0.9218161015544027,2751569.0
2026-09-04,2815644,-0.06411329190479942,12,651406.0,0.15121360342200144,2487127.0,8938992.0,2287499.1428571427,376087.4358381522,2971455.0,14.726639189092813,9,-0.4469834295196741,-0.433883739117558,36,3,2776885.5,-0.245442150927721,11.107542,2257366.9863573336,0.0,1.0951300045611485,27337.0,4,15958364.0,-7.0,0.9939809556681206,0.9201698419494422,2736991.0,1.0609646824221723,2240998.1785714286,1847635.0,-137649.7142857143,0.9218161015544027,2753543.5
2026-09-05,2097779,0.06662000908110866,10,113549.0,0.12827452563576727,1981161.0,11754636.0,2287499.1428571427,254132.48748308234,2223191.0,14.499194099217505,9,-0.43152975897147144,-0.9749279121818236,45,2,2095320.75,0.028933040442614813,10.47660375,1864291.3724440997,0.0,1.0429728562004958,-32574.0,5,16286881.0,-7.0,1.023900788214611,0.9541407337443638,2399211.5,1.0330315750256929,1772232.6785714286,2050689.0,-12989.42857142857,0.9218161015544027,2472193.5
2026-09-06,2149009,0.0604138773305235,6,-717865.0,0.1571446933508036,2551084.0,13852415.0,2287499.1428571427,400889.31289214146,2343216.0,14.752029316835403,9,-0.4159483918249421,-0.7818314824680299,54,1,2155944.75,0.1741196481776488,12.9356685,2654148.1570793614,0.0,0.8448440074689886,-3088.0,6,16403499.0,-7.0,1.0290463628995774,0.9530823130866573,2834485.0,0.8422865900519524,2537978.6785714286,2702095.0,46549.0,0.9218161015544027,2869683.0
2026-09-07,2781221,0.02138177918513373,0,51230.0,0.15163665002493604,2338573.0,0.0,2285917.714285714,354613.37555876473,2836013.0,14.665051899863789,9,-0.4002439388573056,0.0,0,0,2659797.25,-0.1261432341257543,0.0,2371624.368890681,0.0,1.059759274198154,47928.0,0,16001424.0,-7.0,1.0290463628995774,0.9530823130866573,2668040.0,1.0319345937103306,2292447.6785714286,2815644.0,-58111.142857142855,0.9218161015544027,2708767.5
2026-09-08,2279729,0.0019214644129383895,1,632212.0,0.1220851814689794,1847635.0,2781221.0,2285917.714285714,225568.85426343774,2276201.0,14.429417542085718,9,-0.38442104726885545,0.7818314824680298,9,1,2220203.0,-0.12755494764099792,2.220203,1922586.7175996301,0.0,1.1018488966196294,88425.0,1,16444072.0,-5.0,1.1892812411671563,1.1008155718393302,2231247.8333333335,1.1062930914464437,1775648.0,2097779.0,59312.857142857145,0.9218161015544027,2285331.0
2026-09-09,2025542,0.04612010112849374,4,-501492.0,0.13060372375033658,2050689.0,5060950.0,2285917.714285714,267827.61965385394,1965954.0,14.533686879848299,9,-0.3684843993077793,0.9749279121818236,18,2,1933500.0,0.13117005681556967,3.867,2239995.7892214847,0.0,0.9432251599941678,66473.0,2,16876166.0,-3.0,1.208958083305942,1.1092529011463654,2387469.3333333335,0.9735109008639311,2034247.5,2149009.0,175240.2857142857,0.9218161015544027,2390427.5
2026-09-10,2420875,0.026709625413746663,9,-254187.0,0.15791754949282516,2702095.0,7086492.0,2285917.714285714,426708.2208968154,2305882.0,14.809538326108735,9,-0.35243871088460327,0.43388373911755823,27,3,2246737.25,0.03804239713181054,6.74021175,2781716.231256402,0.0,0.9065670040690668,292795.0,3,16851019.0,-1.0,1.136220784149554,1.0516165645711515,2752247.5,0.9343434193591087,2546944.4285714286,2781221.0,151379.42857142858,1.047722331029863,2751569.0
2026-09-11,2403791,-0.08489958410667697,16,395333.0,0.1581580785747142,2815644.0,9507367.0,2285917.714285714,445316.8449904226,2427350.0,14.850701922972258,9,-0.33628873017668287,-0.433883739117558,36,4,2365548.25,-0.16167149277014067,9.462193,2781683.8752536993,0.0,0.9275193768134646,399319.0,4,16569799.0,1.0,1.0635837911030686,1.0151178060293342,2741631.0,0.9413086724112224,2612277.8928571427,2279729.0,67627.57142857143,1.047722331029863,2767463.5
2026-09-12,1964375,-0.03409704987124884,25,-17084.0,0.12778230221696843,2097779.0,11911158.0,2285917.714285714,268059.0301624098,1923040.0,14.556390200666883,9,-0.32003923622313857,-0.9749279121818236,45,5,1920742.25,0.28341535882050134,9.60371125,2015905.7244832981,0.0,0.9537324056647026,285320.0,5,16157946.0,3.0,1.0133157674980322,0.993012820625047,2331759.8333333335,0.9420980170984824,1961157.7857142857,2025542.0,-25831.85714285714,1.047722331029863,2363944.5
2026-09-13,2655404,-0.040191599177923254,36,-439416.0,0.15181651447124017,2149009.0,13875533.0,2285917.714285714,326255.05594732537,2673762.0,14.58051782894095,9,-0.30369503751065885,-0.7818314824680299,54,6,2558379.25,-0.04744554182863455,15.3502755,2781985.8615820655,0.0,1.0114157800959318,-292796.0,6,16024542.0,5.0,1.0016688786756678,0.9824312983862017,2773665.1666666665,0.9916270955532259,2768704.3571428573,2420875.0,-58757.142857142855,1.047722331029863,2811088.0
2026-09-14,2542694,-0.02669474053981924,0,691029.0,0.15568809883663687,2781221.0,0.0,2361562.4285714286,433003.00993453,2456693.0,14.83840095743028,9,-0.28726097055059635,0.0,0,7,2384393.5,-0.18637645372330805,0.0,2672779.0594160687,0.0,0.9446519692741016,559922.0,0,16530937.0,7.0,1.0016688786756678,0.9824312983862017,2670779.3333333335,0.95376913743627,2558169.214285714,2403791.0,-5992.428571428572,1.047722331029863,2708767.5
2026-09-15,1948803,0.025496056972927783,8,-112710.0,0.1249369274511703,2279729.0,2542694.0,2361562.4285714286,284822.336681329,1896803.0,14.639567572865666,9,-0.2707418984477642,0.7818314824680298,9,8,1913181.75,0.06421214407176269,1.91318175,1997792.1751738552,0.0,0.9429586459293061,523407.0,1,16292410.0,7.0,0.9142365888938707,0.9974585870512882,2214227.3333333335,0.9366483670083292,2004853.857142857,1964375.0,-59143.142857142855,1.047722331029863,2259181.5
2026-09-16,2176546,0.08637879101041468,18,-593891.0,0.12803732576344282,2025542.0,4491497.0,2361562.4285714286,259344.98090153548,2107833.0,14.521348370725637,9,-0.2541427094613622,0.9749279121818236,18,9,2049218.75,0.16868036985208473,4.0984375,2124707.3785487316,0.0,1.0003364608613154,20228.0,2,15961484.0,7.0,0.8874810065303945,0.9773851019558161,2295687.1666666665,0.9722001546900043,2245919.1428571427,2655404.0,-121842.0,1.047722331029863,2278983.5
2026-09-17,2700658,0.00881820683009138,30,227743.0,0.15626099068719634,2420875.0,6668043.0,2361562.4285714286,378288.32582986646,2610925.0,14.699640016103732,9,-0.23746831555846842,0.43388373911755823,27,10,2548635.0,0.004811662585537632,7.645905,2686312.467994253,0.0,1.0296393879148216,-481052.0,3,16112488.0,7.0,0.9409511786649869,0.9966473599870264,2694253.1666666665,1.009553142644089,2805789.5,2542694.0,-116182.42857142857,0.9856635697934758,2705479.0
2026-09-18,2669918,-0.05954051723889553,44,524112.0,0.15698898541974543,2403791.0,9368701.0,2361562.4285714286,377368.71025111526,2669713.0,14.692558048431389,9,-0.2207236509605022,-0.433883739117558,36,11,2564499.0,-0.21803284587990837,10.257996,2736206.623388245,0.0,1.0084254579534295,-740370.0,4,16392271.0,7.0,0.9854148893168845,1.0133158100211792,2683776.1666666665,1.0045512486125296,2771947.214285714,1948803.0,-101537.14285714286,0.9856635697934758,2687675.5
2026-09-19,2030699,0.03764288316586639,60,-30740.0,0.1251958916738083,1964375.0,12038619.0,2361562.4285714286,245931.67970673717,2020113.0,14.490685195601609,9,-0.20391367068311472,-0.9749279121818236,45,12,1981547.25,0.3190651622301757,9.90773625,2164113.1924005095,0.0,0.985200423980523,-250022.0,5,16658398.0,7.0,1.0107009746659392,1.0192104044195966,2244008.8333333335,0.9987292685499871,2087616.0714285714,2176546.0,-80546.0,0.9856635697934758,2217927.0
2026-09-20,2713974,0.008982691421246525,78,-639219.0,0.15289178016799998,2655404.0,14069318.0,2361562.4285714286,405989.4446252278,2810804.0,14.792107743397652,9,-0.18704334906991657,-0.7818314824680299,54,13,2640146.75,-0.04697015234599492,15.8408805,2880954.703603217,0.0,1.0410142254074786,908470.0,6,16724722.0,7.0,1.0139659499926958,1.0151018876741809,2728795.1666666665,1.0591441628023097,2775410.0,2700658.0,-88312.85714285714,0.9856635697934758,2713458.5
2026-09-21,2566118,0.019632472652879596,0,683275.0,0.15481584548022678,2542694.0,0.0,2397613.1428571427,393649.3214074998,2590221.0,14.748735100129043,9,-0.17011767832049052,0.0,0,14,2470306.75,-0.04697015234599492,0.0,2590077.484677074,0.0,0.9783287874746218,-681175.0,0,16783292.0,7.0,1.0139659499926958,1.0151018876741809,2631024.8333333335,0.9986620561735263,2552746.5714285714,2669918.0,-85394.42857142857,0.9856635697934758,2655809.0
2026-09-22,2077346,0.016670764181724973,15,-147856.0,0.12264477155349304,1948803.0,2566118.0,2397613.1428571427,239010.4987377619,2590221.0,14.482726409040765,9,-0.15314166701312007,0.7818314824680298,9,15,2470306.75,-0.04697015234599492,0.0,1982713.511782514,0.0,0.9783287874746218,-763020.0,1,16806716.0,7.0,1.009212276428072,1.01444279122998,2142804.6666666665,0.9986620561735263,1903843.2857142857,2030699.0,-83222.28571428571,0.9856635697934758,2178660.0
2026-09-23,2190871,0.05865797833895803,32,-488772.0,0.12781852592935125,2176546.0,4643464.0,2397613.1428571427,278202.90133742575,2590221.0,14.593250234044115,9,-0.13612033862266704,0.9749279121818236,18,16,2470306.75,-0.04697015234599492,0.0,2212621.2305180393,0.0,0.9783287874746218,176151.0,2,16935259.0,7.0,1.033834376378299,1.0242869393303535,2218677.6666666665,0.9986620561735263,2074620.0,2713974.0,-60610.0,0.9856635697934758,2192229.0
2026-09-24,2718551,-0.017106487600898612,51,113525.0,0.15812348013606597,2700658.0,6834335.0,2397613.1428571427,427037.44161730766,2590221.0,14.809006375267401,9,-0.11905873003404988,0.43388373911755823,27,17,2470306.75,-0.04697015234599492,0.0,2788199.1084868847,0.0,0.9783287874746218,561003.0,3,16949584.0,7.0,1.0249386514154153,1.0322875766299826,2667230.0,0.9986620561735263,2655796.4285714286,2566118.0,-50938.71428571428,1.0103035686181403,2701376.5
2026-09-25,2686828,-0.07234654753642267,68,527680.0,0.15894494997928538,2669918.0,9552886.0,2397613.1428571427,424369.98295879364,2590221.0,14.797558692837603,9,-0.10196189005174576,-0.433883739117558,36,17,2470306.75,-0.04697015234599492,0.0,2764949.082879446,0.0,0.9783287874746218,677980.0,4,16967477.0,6.0,1.0196596091603307,1.0381263600576633,2650994.8333333335,0.9986620561735263,2670372.285714286,2077346.0,-41406.28571428572,1.0103035686181403,2662993.0
2026-09-26,1961406,0.02447103346980839,80,-31723.0,0.12366274200679628,2030699.0,12239714.0,2397613.1428571427,251121.8065304592,2590221.0,14.523891119164809,9,-0.08483487790576538,-0.9749279121818236,45,16,2470306.75,-0.04697015234599492,0.0,2079487.5007888065,0.0,0.9783287874746218,199728.0,5,16984387.0,4.0,1.0167041585085466,1.0376010746882112,2164565.1666666665,0.9986620561735263,2026727.0,2190871.0,-32268.0,1.0103035686181403,2123821.0
2026-09-27,2668686,-0.00750836101082708,90,-725422.0,0.1539896849147813,2713974.0,14201120.0,2397613.1428571427,417924.00112690864,2590221.0,14.813924907838578,9,-0.06768276175455162,-0.7818314824680299,54,15,2470306.75,-0.04697015234599492,0.0,2810910.116591543,0.0,0.9783287874746218,-447825.0,6,16915094.0,2.0,1.0093680447055073,1.0279739601433808,2700500.1666666665,0.9986620561735263,2782190.4285714286,2718551.0,-33928.28571428572,1.0103035686181403,2687168.5
2026-09-28,2590470,0.0007172295223409897,0,707280.0,0.15450144471862126,2566118.0,0.0,2409972.285714286,396468.93831845897,2590221.0,14.757905198764396,9,-0.050510617185222886,0.0,0,14,2470306.75,-0.04697015234599492,0.0,2531616.9746718844,0.0,0.9783287874746218,261951.0,0,16869806.0,0.0,1.0093680447055073,1.0279739601433808,2600540.5,0.9986620561735263,2514754.214285714,2686828.0,-39593.142857142855,1.0103035686181403,2593583.5
2026-09-29,1974631,-0.0010781634077166036,13,-78216.0,0.12315731971475359,2077346.0,2590470.0,2409972.285714286,255840.3654801645,2590221.0,14.546602156790339,9,-0.033323525711631344,0.7818314824680298,9,13,2470306.75,-0.04697015234599492,0.0,1973044.8155104045,0.0,0.9783287874746218,459469.0,1,16894158.0,-2.0,1.009489820811046,1.0130295369672075,2100357.6666666665,0.9986620561735263,1946968.4285714286,1961406.0,-33086.857142857145,1.0103035686181403,2098016.0
