type,pct,ticker,price,best_ask,target_shares,exposure_before,shares,dry_run,response,side,model_prob,market_prob,limit_price,available_shares
passive_limit,0.1,KXTSAW-26JUN07-A2.55,0.9263823238573864,0.96,13,0,13,False,"{'order': {'action': 'buy', 'book_side': 'bid', 'client_order_id': '48d02de0-2971-48e8-9968-4c1e0f9591e8', 'created_time': '2026-06-05T13:27:54.402486Z', 'expiration_time': '2026-06-05T23:59:00Z', 'fill_count_fp': '0.00', 'initial_count_fp': '13.00', 'last_update_time': '2026-06-05T13:27:54.402486Z', 'maker_fees_dollars': '0.000000', 'maker_fill_cost_dollars': '0.000000', 'no_price_dollars': '0.0700', 'order_id': '94aae35f-3126-4e30-8739-c854f0b03c15', 'outcome_side': 'yes', 'remaining_count_fp': '13.00', 'side': 'yes', 'status': 'resting', 'subaccount_number': 0, 'taker_fees_dollars': '0.000000', 'taker_fill_cost_dollars': '0.000000', 'ticker': 'KXTSAW-26JUN07-A2.55', 'type': 'limit', 'user_id': '6db6972a-11ba-4203-a80d-b435f9c20a3f', 'yes_price_dollars': '0.9300'}}",yes,0.9985908541416648,0.955,,
passive_limit,0.15,KXTSAW-26JUN07-A2.55,0.9223813631974617,0.96,20,13,7,False,"{'order': {'action': 'buy', 'book_side': 'bid', 'client_order_id': '387c1e24-84e9-4479-88c5-cbafab359cee', 'created_time': '2026-06-05T13:27:55.602899Z', 'expiration_time': '2026-06-05T23:59:00Z', 'fill_count_fp': '0.00', 'initial_count_fp': '7.00', 'last_update_time': '2026-06-05T13:27:55.602899Z', 'maker_fees_dollars': '0.000000', 'maker_fill_cost_dollars': '0.000000', 'no_price_dollars': '0.0800', 'order_id': '5a87275a-46d8-4a81-b434-3d1b26b2c7cb', 'outcome_side': 'yes', 'remaining_count_fp': '7.00', 'side': 'yes', 'status': 'resting', 'subaccount_number': 0, 'taker_fees_dollars': '0.000000', 'taker_fill_cost_dollars': '0.000000', 'ticker': 'KXTSAW-26JUN07-A2.55', 'type': 'limit', 'user_id': '6db6972a-11ba-4203-a80d-b435f9c20a3f', 'yes_price_dollars': '0.9200'}}",yes,0.9985908541416648,0.955,,
passive_limit,0.2,KXTSAW-26JUN07-A2.55,0.9179205220019135,0.96,27,20,7,False,"{'order': {'action': 'buy', 'book_side': 'bid', 'client_order_id': '3a9fae0f-c03d-4c33-b2b2-f6c3195ff1d5', 'created_time': '2026-06-05T13:27:56.811683Z', 'expiration_time': '2026-06-05T23:59:00Z', 'fill_count_fp': '0.00', 'initial_count_fp': '7.00', 'last_update_time': '2026-06-05T13:27:56.811683Z', 'maker_fees_dollars': '0.000000', 'maker_fill_cost_dollars': '0.000000', 'no_price_dollars': '0.0800', 'order_id': '8b15f437-50e0-4417-9bba-18c72433cd6d', 'outcome_side': 'yes', 'remaining_count_fp': '7.00', 'side': 'yes', 'status': 'resting', 'subaccount_number': 0, 'taker_fees_dollars': '0.000000', 'taker_fill_cost_dollars': '0.000000', 'ticker': 'KXTSAW-26JUN07-A2.55', 'type': 'limit', 'user_id': '6db6972a-11ba-4203-a80d-b435f9c20a3f', 'yes_price_dollars': '0.9200'}}",yes,0.9985908541416648,0.955,,
passive_limit,0.25,KXTSAW-26JUN07-A2.55,0.912915675782518,0.96,34,27,7,False,"{'order': {'action': 'buy', 'book_side': 'bid', 'client_order_id': 'c6dadca0-aba9-4376-90d2-e27dbbad2f99', 'created_time': '2026-06-05T13:27:58.002659Z', 'expiration_time': '2026-06-05T23:59:00Z', 'fill_count_fp': '0.00', 'initial_count_fp': '7.00', 'last_update_time': '2026-06-05T13:27:58.002659Z', 'maker_fees_dollars': '0.000000', 'maker_fill_cost_dollars': '0.000000', 'no_price_dollars': '0.0900', 'order_id': '6407f699-4458-4df1-9a0c-8117bc879d37', 'outcome_side': 'yes', 'remaining_count_fp': '7.00', 'side': 'yes', 'status': 'resting', 'subaccount_number': 0, 'taker_fees_dollars': '0.000000', 'taker_fill_cost_dollars': '0.000000', 'ticker': 'KXTSAW-26JUN07-A2.55', 'type': 'limit', 'user_id': '6db6972a-11ba-4203-a80d-b435f9c20a3f', 'yes_price_dollars': '0.9100'}}",yes,0.9985908541416648,0.955,,
passive_limit,0.3,KXTSAW-26JUN07-A2.55,0.9072608495346296,0.96,41,34,7,False,"{'order': {'action': 'buy', 'book_side': 'bid', 'client_order_id': '3b939cc8-5618-4a36-8a1e-19f30e7d2af3', 'created_time': '2026-06-05T13:27:59.176511Z', 'expiration_time': '2026-06-05T23:59:00Z', 'fill_count_fp': '0.00', 'initial_count_fp': '7.00', 'last_update_time': '2026-06-05T13:27:59.176511Z', 'maker_fees_dollars': '0.000000', 'maker_fill_cost_dollars': '0.000000', 'no_price_dollars': '0.0900', 'order_id': '020ac632-23fb-4a28-bd09-cebd10495fd1', 'outcome_side': 'yes', 'remaining_count_fp': '7.00', 'side': 'yes', 'status': 'resting', 'subaccount_number': 0, 'taker_fees_dollars': '0.000000', 'taker_fill_cost_dollars': '0.000000', 'ticker': 'KXTSAW-26JUN07-A2.55', 'type': 'limit', 'user_id': '6db6972a-11ba-4203-a80d-b435f9c20a3f', 'yes_price_dollars': '0.9100'}}",yes,0.9985908541416648,0.955,,
passive_limit,0.35,KXTSAW-26JUN07-A2.55,0.9008206307523122,0.96,48,41,7,False,"{'order': {'action': 'buy', 'book_side': 'bid', 'client_order_id': '9b1dea73-c8d2-4d9c-9f00-de3e42d33ecb', 'created_time': '2026-06-05T13:28:00.36298Z', 'expiration_time': '2026-06-05T23:59:00Z', 'fill_count_fp': '0.00', 'initial_count_fp': '7.00', 'last_update_time': '2026-06-05T13:28:00.36298Z', 'maker_fees_dollars': '0.000000', 'maker_fill_cost_dollars': '0.000000', 'no_price_dollars': '0.1000', 'order_id': 'a78046de-ad1e-48cf-9924-f254f6740fd2', 'outcome_side': 'yes', 'remaining_count_fp': '7.00', 'side': 'yes', 'status': 'resting', 'subaccount_number': 0, 'taker_fees_dollars': '0.000000', 'taker_fill_cost_dollars': '0.000000', 'ticker': 'KXTSAW-26JUN07-A2.55', 'type': 'limit', 'user_id': '6db6972a-11ba-4203-a80d-b435f9c20a3f', 'yes_price_dollars': '0.9000'}}",yes,0.9985908541416648,0.955,,
passive_limit,0.4,KXTSAW-26JUN07-A2.55,0.8934191852860668,0.96,55,48,7,False,"{'order': {'action': 'buy', 'book_side': 'bid', 'client_order_id': 'c4626976-dc85-4080-8272-4b3348392091', 'created_time': '2026-06-05T13:28:01.554081Z', 'expiration_time': '2026-06-05T23:59:00Z', 'fill_count_fp': '0.00', 'initial_count_fp': '7.00', 'last_update_time': '2026-06-05T13:28:01.554081Z', 'maker_fees_dollars': '0.000000', 'maker_fill_cost_dollars': '0.000000', 'no_price_dollars': '0.1100', 'order_id': 'd905cd79-a2d8-485a-ac8f-dc32e2a67e7e', 'outcome_side': 'yes', 'remaining_count_fp': '7.00', 'side': 'yes', 'status': 'resting', 'subaccount_number': 0, 'taker_fees_dollars': '0.000000', 'taker_fill_cost_dollars': '0.000000', 'ticker': 'KXTSAW-26JUN07-A2.55', 'type': 'limit', 'user_id': '6db6972a-11ba-4203-a80d-b435f9c20a3f', 'yes_price_dollars': '0.8900'}}",yes,0.9985908541416648,0.955,,
passive_limit,0.2,KXTSAW-26JUN07-A2.60,0.6634067060413356,0.83,36,30,6,False,"{'order': {'action': 'buy', 'book_side': 'ask', 'client_order_id': '1b2153c0-b1ec-4296-a975-41e16e06fcfb', 'created_time': '2026-06-05T13:28:03.582879Z', 'expiration_time': '2026-06-05T23:59:00Z', 'fill_count_fp': '0.00', 'initial_count_fp': '6.00', 'last_update_time': '2026-06-05T13:28:03.582879Z', 'maker_fees_dollars': '0.000000', 'maker_fill_cost_dollars': '0.000000', 'no_price_dollars': '0.6600', 'order_id': 'f0af589e-2ef1-4505-af59-98a3e3fec5f2', 'outcome_side': 'no', 'remaining_count_fp': '6.00', 'side': 'no', 'status': 'resting', 'subaccount_number': 0, 'taker_fees_dollars': '0.000000', 'taker_fill_cost_dollars': '0.000000', 'ticker': 'KXTSAW-26JUN07-A2.60', 'type': 'limit', 'user_id': '6db6972a-11ba-4203-a80d-b435f9c20a3f', 'yes_price_dollars': '0.3400'}}",no,0.777163834255962,0.81,,
passive_limit,0.25,KXTSAW-26JUN07-A2.60,0.6428827247023927,0.83,47,36,11,False,"{'order': {'action': 'buy', 'book_side': 'ask', 'client_order_id': 'ef1a9a8a-fe0a-4945-a834-39ca779f77fa', 'created_time': '2026-06-05T13:28:04.785348Z', 'expiration_time': '2026-06-05T23:59:00Z', 'fill_count_fp': '0.00', 'initial_count_fp': '11.00', 'last_update_time': '2026-06-05T13:28:04.785348Z', 'maker_fees_dollars': '0.000000', 'maker_fill_cost_dollars': '0.000000', 'no_price_dollars': '0.6400', 'order_id': '86b0e135-5f73-408f-9e70-61d52d755b96', 'outcome_side': 'no', 'remaining_count_fp': '11.00', 'side': 'no', 'status': 'resting', 'subaccount_number': 0, 'taker_fees_dollars': '0.000000', 'taker_fill_cost_dollars': '0.000000', 'ticker': 'KXTSAW-26JUN07-A2.60', 'type': 'limit', 'user_id': '6db6972a-11ba-4203-a80d-b435f9c20a3f', 'yes_price_dollars': '0.3600'}}",no,0.777163834255962,0.81,,
passive_limit,0.3,KXTSAW-26JUN07-A2.60,0.6196932912415092,0.83,58,47,11,False,"{'order': {'action': 'buy', 'book_side': 'ask', 'client_order_id': '73a46e2b-cdd5-482b-9c33-61479217cdeb', 'created_time': '2026-06-05T13:28:05.983737Z', 'expiration_time': '2026-06-05T23:59:00Z', 'fill_count_fp': '0.00', 'initial_count_fp': '11.00', 'last_update_time': '2026-06-05T13:28:05.983737Z', 'maker_fees_dollars': '0.000000', 'maker_fill_cost_dollars': '0.000000', 'no_price_dollars': '0.6200', 'order_id': 'f3088135-79e1-4509-9f89-9273081a696e', 'outcome_side': 'no', 'remaining_count_fp': '11.00', 'side': 'no', 'status': 'resting', 'subaccount_number': 0, 'taker_fees_dollars': '0.000000', 'taker_fill_cost_dollars': '0.000000', 'ticker': 'KXTSAW-26JUN07-A2.60', 'type': 'limit', 'user_id': '6db6972a-11ba-4203-a80d-b435f9c20a3f', 'yes_price_dollars': '0.3800'}}",no,0.777163834255962,0.81,,
passive_limit,0.35,KXTSAW-26JUN07-A2.60,0.5932831031332806,0.83,71,58,13,False,"{'order': {'action': 'buy', 'book_side': 'ask', 'client_order_id': '90fe76a8-c536-4a7e-8afd-4e6e620eb068', 'created_time': '2026-06-05T13:28:07.164607Z', 'expiration_time': '2026-06-05T23:59:00Z', 'fill_count_fp': '0.00', 'initial_count_fp': '13.00', 'last_update_time': '2026-06-05T13:28:07.164607Z', 'maker_fees_dollars': '0.000000', 'maker_fill_cost_dollars': '0.000000', 'no_price_dollars': '0.5900', 'order_id': '2d72d196-1aa6-4f7e-a572-8f912a463edb', 'outcome_side': 'no', 'remaining_count_fp': '13.00', 'side': 'no', 'status': 'resting', 'subaccount_number': 0, 'taker_fees_dollars': '0.000000', 'taker_fill_cost_dollars': '0.000000', 'ticker': 'KXTSAW-26JUN07-A2.60', 'type': 'limit', 'user_id': '6db6972a-11ba-4203-a80d-b435f9c20a3f', 'yes_price_dollars': '0.4100'}}",no,0.777163834255962,0.81,,
passive_limit,0.4,KXTSAW-26JUN07-A2.60,0.5629310959044209,0.83,86,71,15,False,"{'order': {'action': 'buy', 'book_side': 'ask', 'client_order_id': '77d2a67b-2657-49bb-a74d-deb3a8d7d5f8', 'created_time': '2026-06-05T13:28:08.357279Z', 'expiration_time': '2026-06-05T23:59:00Z', 'fill_count_fp': '0.00', 'initial_count_fp': '15.00', 'last_update_time': '2026-06-05T13:28:08.357279Z', 'maker_fees_dollars': '0.000000', 'maker_fill_cost_dollars': '0.000000', 'no_price_dollars': '0.5600', 'order_id': '34e0c2a9-413c-4d1a-a586-85645272188f', 'outcome_side': 'no', 'remaining_count_fp': '15.00', 'side': 'no', 'status': 'resting', 'subaccount_number': 0, 'taker_fees_dollars': '0.000000', 'taker_fill_cost_dollars': '0.000000', 'ticker': 'KXTSAW-26JUN07-A2.60', 'type': 'limit', 'user_id': '6db6972a-11ba-4203-a80d-b435f9c20a3f', 'yes_price_dollars': '0.4400'}}",no,0.777163834255962,0.81,,
passive_limit,0.15,KXTSAW-26JUN07-A2.65,0.9239095564558241,,20,4,16,False,"{'order': {'action': 'buy', 'book_side': 'ask', 'client_order_id': '82b52cfb-2413-466b-bfb5-f04788141e40', 'created_time': '2026-06-05T13:28:09.360593Z', 'expiration_time': '2026-06-05T23:59:00Z', 'fill_count_fp': '0.00', 'initial_count_fp': '16.00', 'last_update_time': '2026-06-05T13:28:09.360593Z', 'maker_fees_dollars': '0.000000', 'maker_fill_cost_dollars': '0.000000', 'no_price_dollars': '0.9200', 'order_id': 'b0306846-c566-4c14-8573-e37da3b80238', 'outcome_side': 'no', 'remaining_count_fp': '16.00', 'side': 'no', 'status': 'resting', 'subaccount_number': 0, 'taker_fees_dollars': '0.000000', 'taker_fill_cost_dollars': '0.000000', 'ticker': 'KXTSAW-26JUN07-A2.65', 'type': 'limit', 'user_id': '6db6972a-11ba-4203-a80d-b435f9c20a3f', 'yes_price_dollars': '0.0800'}}",no,0.9999967919393582,0.97,,
passive_limit,0.2,KXTSAW-26JUN07-A2.65,0.9195365424590324,,27,20,7,False,"{'order': {'action': 'buy', 'book_side': 'ask', 'client_order_id': '47bfc3ea-1d04-426d-85c2-2ff67d77d8bd', 'created_time': '2026-06-05T13:28:10.72685Z', 'expiration_time': '2026-06-05T23:59:00Z', 'fill_count_fp': '0.00', 'initial_count_fp': '7.00', 'last_update_time': '2026-06-05T13:28:10.72685Z', 'maker_fees_dollars': '0.000000', 'maker_fill_cost_dollars': '0.000000', 'no_price_dollars': '0.9200', 'order_id': 'fca1a3e4-8a43-48a3-ae20-e0b93212ff4d', 'outcome_side': 'no', 'remaining_count_fp': '7.00', 'side': 'no', 'status': 'resting', 'subaccount_number': 0, 'taker_fees_dollars': '0.000000', 'taker_fill_cost_dollars': '0.000000', 'ticker': 'KXTSAW-26JUN07-A2.65', 'type': 'limit', 'user_id': '6db6972a-11ba-4203-a80d-b435f9c20a3f', 'yes_price_dollars': '0.0800'}}",no,0.9999967919393582,0.97,,
passive_limit,0.25,KXTSAW-26JUN07-A2.65,0.914630234072388,,33,27,6,False,"{'order': {'action': 'buy', 'book_side': 'ask', 'client_order_id': '6ff91fd5-59db-4f93-94c5-163c3f190887', 'created_time': '2026-06-05T13:28:11.917171Z', 'expiration_time': '2026-06-05T23:59:00Z', 'fill_count_fp': '0.00', 'initial_count_fp': '6.00', 'last_update_time': '2026-06-05T13:28:11.917171Z', 'maker_fees_dollars': '0.000000', 'maker_fill_cost_dollars': '0.000000', 'no_price_dollars': '0.9100', 'order_id': '466aa65a-66e5-4bfd-8358-bf0454a877e2', 'outcome_side': 'no', 'remaining_count_fp': '6.00', 'side': 'no', 'status': 'resting', 'subaccount_number': 0, 'taker_fees_dollars': '0.000000', 'taker_fill_cost_dollars': '0.000000', 'ticker': 'KXTSAW-26JUN07-A2.65', 'type': 'limit', 'user_id': '6db6972a-11ba-4203-a80d-b435f9c20a3f', 'yes_price_dollars': '0.0900'}}",no,0.9999967919393582,0.97,,
passive_limit,0.3,KXTSAW-26JUN07-A2.65,0.9090867427783872,,40,33,7,False,"{'order': {'action': 'buy', 'book_side': 'ask', 'client_order_id': '7d09fc4d-2f44-4318-b4c5-64a5ea345458', 'created_time': '2026-06-05T13:28:13.082462Z', 'expiration_time': '2026-06-05T23:59:00Z', 'fill_count_fp': '0.00', 'initial_count_fp': '7.00', 'last_update_time': '2026-06-05T13:28:13.082462Z', 'maker_fees_dollars': '0.000000', 'maker_fill_cost_dollars': '0.000000', 'no_price_dollars': '0.9100', 'order_id': '61a0158e-9f19-4ca7-8781-940d7d3a48cf', 'outcome_side': 'no', 'remaining_count_fp': '7.00', 'side': 'no', 'status': 'resting', 'subaccount_number': 0, 'taker_fees_dollars': '0.000000', 'taker_fill_cost_dollars': '0.000000', 'ticker': 'KXTSAW-26JUN07-A2.65', 'type': 'limit', 'user_id': '6db6972a-11ba-4203-a80d-b435f9c20a3f', 'yes_price_dollars': '0.0900'}}",no,0.9999967919393582,0.97,,
passive_limit,0.35,KXTSAW-26JUN07-A2.65,0.9027733221379974,,48,40,8,False,"{'order': {'action': 'buy', 'book_side': 'ask', 'client_order_id': '8a2ff43b-1af0-48ed-a504-91d42770c675', 'created_time': '2026-06-05T13:28:14.275246Z', 'expiration_time': '2026-06-05T23:59:00Z', 'fill_count_fp': '0.00', 'initial_count_fp': '8.00', 'last_update_time': '2026-06-05T13:28:14.275246Z', 'maker_fees_dollars': '0.000000', 'maker_fill_cost_dollars': '0.000000', 'no_price_dollars': '0.9000', 'order_id': '7b608ca8-a008-49bc-97ba-fa3be0d94fc9', 'outcome_side': 'no', 'remaining_count_fp': '8.00', 'side': 'no', 'status': 'resting', 'subaccount_number': 0, 'taker_fees_dollars': '0.000000', 'taker_fill_cost_dollars': '0.000000', 'ticker': 'KXTSAW-26JUN07-A2.65', 'type': 'limit', 'user_id': '6db6972a-11ba-4203-a80d-b435f9c20a3f', 'yes_price_dollars': '0.1000'}}",no,0.9999967919393582,0.97,,
passive_limit,0.4,KXTSAW-26JUN07-A2.65,0.8955175999094898,,55,48,7,False,"{'order': {'action': 'buy', 'book_side': 'ask', 'client_order_id': '3dd434bd-8692-4058-9033-e7bc3d0d8d8f', 'created_time': '2026-06-05T13:28:15.503102Z', 'expiration_time': '2026-06-05T23:59:00Z', 'fill_count_fp': '0.00', 'initial_count_fp': '7.00', 'last_update_time': '2026-06-05T13:28:15.503102Z', 'maker_fees_dollars': '0.000000', 'maker_fill_cost_dollars': '0.000000', 'no_price_dollars': '0.9000', 'order_id': '68df68f6-ea47-4468-a0f0-0bbc2e8d791f', 'outcome_side': 'no', 'remaining_count_fp': '7.00', 'side': 'no', 'status': 'resting', 'subaccount_number': 0, 'taker_fees_dollars': '0.000000', 'taker_fill_cost_dollars': '0.000000', 'ticker': 'KXTSAW-26JUN07-A2.65', 'type': 'limit', 'user_id': '6db6972a-11ba-4203-a80d-b435f9c20a3f', 'yes_price_dollars': '0.1000'}}",no,0.9999967919393582,0.97,,
passive_limit,0.1,KXTRUFTSA-26JUN05-T1700000,0.9278350515463917,,5,0,5,False,"{'order': {'action': 'buy', 'book_side': 'bid', 'client_order_id': 'a9708591-c5fe-4531-b3e2-2e8cd7b7308f', 'created_time': '2026-06-05T13:28:24.561207Z', 'expiration_time': '2026-06-05T23:59:00Z', 'fill_count_fp': '0.00', 'initial_count_fp': '5.00', 'last_update_time': '2026-06-05T13:28:24.561207Z', 'maker_fees_dollars': '0.000000', 'maker_fill_cost_dollars': '0.000000', 'no_price_dollars': '0.0700', 'order_id': 'fbe0980f-5996-4629-8a67-2eba7fcea7b8', 'outcome_side': 'yes', 'remaining_count_fp': '5.00', 'side': 'yes', 'status': 'resting', 'subaccount_number': 0, 'taker_fees_dollars': '0.000000', 'taker_fill_cost_dollars': '0.000000', 'ticker': 'KXTRUFTSA-26JUN05-T1700000', 'type': 'limit', 'user_id': '6db6972a-11ba-4203-a80d-b435f9c20a3f', 'yes_price_dollars': '0.9300'}}",yes,1.0,0.91,,
passive_limit,0.15,KXTRUFTSA-26JUN05-T1700000,0.9239130434782608,,8,5,3,False,"{'order': {'action': 'buy', 'book_side': 'bid', 'client_order_id': 'ce2d8e6b-9fd4-4cde-bd17-144479d869d8', 'created_time': '2026-06-05T13:28:25.739683Z', 'expiration_time': '2026-06-05T23:59:00Z', 'fill_count_fp': '0.00', 'initial_count_fp': '3.00', 'last_update_time': '2026-06-05T13:28:25.739683Z', 'maker_fees_dollars': '0.000000', 'maker_fill_cost_dollars': '0.000000', 'no_price_dollars': '0.0800', 'order_id': 'e484efc3-fe3e-4716-b0f9-a143bb04028f', 'outcome_side': 'yes', 'remaining_count_fp': '3.00', 'side': 'yes', 'status': 'resting', 'subaccount_number': 0, 'taker_fees_dollars': '0.000000', 'taker_fill_cost_dollars': '0.000000', 'ticker': 'KXTRUFTSA-26JUN05-T1700000', 'type': 'limit', 'user_id': '6db6972a-11ba-4203-a80d-b435f9c20a3f', 'yes_price_dollars': '0.9200'}}",yes,1.0,0.91,,
passive_limit,0.2,KXTRUFTSA-26JUN05-T1700000,0.9195402298850575,,10,8,2,False,"{'order': {'action': 'buy', 'book_side': 'bid', 'client_order_id': '0f1f162c-c0fc-4484-ac27-ea2bd8c9905c', 'created_time': '2026-06-05T13:28:26.960106Z', 'expiration_time': '2026-06-05T23:59:00Z', 'fill_count_fp': '0.00', 'initial_count_fp': '2.00', 'last_update_time': '2026-06-05T13:28:26.960106Z', 'maker_fees_dollars': '0.000000', 'maker_fill_cost_dollars': '0.000000', 'no_price_dollars': '0.0800', 'order_id': '2264d489-46c3-4246-96b7-161967f2e636', 'outcome_side': 'yes', 'remaining_count_fp': '2.00', 'side': 'yes', 'status': 'resting', 'subaccount_number': 0, 'taker_fees_dollars': '0.000000', 'taker_fill_cost_dollars': '0.000000', 'ticker': 'KXTRUFTSA-26JUN05-T1700000', 'type': 'limit', 'user_id': '6db6972a-11ba-4203-a80d-b435f9c20a3f', 'yes_price_dollars': '0.9200'}}",yes,1.0,0.91,,
passive_limit,0.25,KXTRUFTSA-26JUN05-T1700000,0.9146341463414633,,13,10,3,False,"{'order': {'action': 'buy', 'book_side': 'bid', 'client_order_id': 'b962e04a-dbb8-4b2d-9b4b-681aad5da090', 'created_time': '2026-06-05T13:28:28.147227Z', 'expiration_time': '2026-06-05T23:59:00Z', 'fill_count_fp': '0.00', 'initial_count_fp': '3.00', 'last_update_time': '2026-06-05T13:28:28.147227Z', 'maker_fees_dollars': '0.000000', 'maker_fill_cost_dollars': '0.000000', 'no_price_dollars': '0.0900', 'order_id': '9857b2d2-79ed-4eed-bca6-73133eebe2a0', 'outcome_side': 'yes', 'remaining_count_fp': '3.00', 'side': 'yes', 'status': 'resting', 'subaccount_number': 0, 'taker_fees_dollars': '0.000000', 'taker_fill_cost_dollars': '0.000000', 'ticker': 'KXTRUFTSA-26JUN05-T1700000', 'type': 'limit', 'user_id': '6db6972a-11ba-4203-a80d-b435f9c20a3f', 'yes_price_dollars': '0.9100'}}",yes,1.0,0.91,,
passive_limit,0.3,KXTRUFTSA-26JUN05-T1700000,0.9090909090909091,,16,13,3,False,"{'order': {'action': 'buy', 'book_side': 'bid', 'client_order_id': 'f8d871f9-e669-460c-a591-db192b5ef0c1', 'created_time': '2026-06-05T13:28:29.336102Z', 'expiration_time': '2026-06-05T23:59:00Z', 'fill_count_fp': '0.00', 'initial_count_fp': '3.00', 'last_update_time': '2026-06-05T13:28:29.336102Z', 'maker_fees_dollars': '0.000000', 'maker_fill_cost_dollars': '0.000000', 'no_price_dollars': '0.0900', 'order_id': 'cc7dc957-8ecb-4aff-9e05-de7f714372b2', 'outcome_side': 'yes', 'remaining_count_fp': '3.00', 'side': 'yes', 'status': 'resting', 'subaccount_number': 0, 'taker_fees_dollars': '0.000000', 'taker_fill_cost_dollars': '0.000000', 'ticker': 'KXTRUFTSA-26JUN05-T1700000', 'type': 'limit', 'user_id': '6db6972a-11ba-4203-a80d-b435f9c20a3f', 'yes_price_dollars': '0.9100'}}",yes,1.0,0.91,,
passive_limit,0.35,KXTRUFTSA-26JUN05-T1700000,0.9027777777777777,,19,16,3,False,"{'order': {'action': 'buy', 'book_side': 'bid', 'client_order_id': '5913e0ea-f872-48e3-ad2d-4e9d05812648', 'created_time': '2026-06-05T13:28:30.525446Z', 'expiration_time': '2026-06-05T23:59:00Z', 'fill_count_fp': '0.00', 'initial_count_fp': '3.00', 'last_update_time': '2026-06-05T13:28:30.525446Z', 'maker_fees_dollars': '0.000000', 'maker_fill_cost_dollars': '0.000000', 'no_price_dollars': '0.1000', 'order_id': '9afef5ac-aa6d-4213-8fc8-0047fa33790a', 'outcome_side': 'yes', 'remaining_count_fp': '3.00', 'side': 'yes', 'status': 'resting', 'subaccount_number': 0, 'taker_fees_dollars': '0.000000', 'taker_fill_cost_dollars': '0.000000', 'ticker': 'KXTRUFTSA-26JUN05-T1700000', 'type': 'limit', 'user_id': '6db6972a-11ba-4203-a80d-b435f9c20a3f', 'yes_price_dollars': '0.9000'}}",yes,1.0,0.91,,
passive_limit,0.4,KXTRUFTSA-26JUN05-T1700000,0.8955223880597014,,22,19,3,False,"{'order': {'action': 'buy', 'book_side': 'bid', 'client_order_id': '0ea3d476-dfdb-4577-84cf-11dc64ef6638', 'created_time': '2026-06-05T13:28:31.731982Z', 'expiration_time': '2026-06-05T23:59:00Z', 'fill_count_fp': '0.00', 'initial_count_fp': '3.00', 'last_update_time': '2026-06-05T13:28:31.731982Z', 'maker_fees_dollars': '0.000000', 'maker_fill_cost_dollars': '0.000000', 'no_price_dollars': '0.1000', 'order_id': 'c67a829a-7c51-4d4d-a209-3f8c136caae5', 'outcome_side': 'yes', 'remaining_count_fp': '3.00', 'side': 'yes', 'status': 'resting', 'subaccount_number': 0, 'taker_fees_dollars': '0.000000', 'taker_fill_cost_dollars': '0.000000', 'ticker': 'KXTRUFTSA-26JUN05-T1700000', 'type': 'limit', 'user_id': '6db6972a-11ba-4203-a80d-b435f9c20a3f', 'yes_price_dollars': '0.9000'}}",yes,1.0,0.91,,
passive_limit,0.1,KXTRUFTSA-26JUN05-T1800000,0.9278350515463917,,5,0,5,False,"{'order': {'action': 'buy', 'book_side': 'bid', 'client_order_id': 'b2d48a6b-0287-4fc7-a8dd-84c129f494ff', 'created_time': '2026-06-05T13:28:33.617463Z', 'expiration_time': '2026-06-05T23:59:00Z', 'fill_count_fp': '0.00', 'initial_count_fp': '5.00', 'last_update_time': '2026-06-05T13:28:33.617463Z', 'maker_fees_dollars': '0.000000', 'maker_fill_cost_dollars': '0.000000', 'no_price_dollars': '0.0700', 'order_id': 'e5772c9e-1be9-4002-b0d3-89636d4dbe86', 'outcome_side': 'yes', 'remaining_count_fp': '5.00', 'side': 'yes', 'status': 'resting', 'subaccount_number': 0, 'taker_fees_dollars': '0.000000', 'taker_fill_cost_dollars': '0.000000', 'ticker': 'KXTRUFTSA-26JUN05-T1800000', 'type': 'limit', 'user_id': '6db6972a-11ba-4203-a80d-b435f9c20a3f', 'yes_price_dollars': '0.9300'}}",yes,1.0,0.9,,
passive_limit,0.15,KXTRUFTSA-26JUN05-T1800000,0.9239130434782608,,8,5,3,False,"{'order': {'action': 'buy', 'book_side': 'bid', 'client_order_id': 'cb117e22-25ea-4b96-ba25-83b0f90fec30', 'created_time': '2026-06-05T13:28:34.799548Z', 'expiration_time': '2026-06-05T23:59:00Z', 'fill_count_fp': '0.00', 'initial_count_fp': '3.00', 'last_update_time': '2026-06-05T13:28:34.799548Z', 'maker_fees_dollars': '0.000000', 'maker_fill_cost_dollars': '0.000000', 'no_price_dollars': '0.0800', 'order_id': 'b529f67c-766e-4307-8850-1d9ac61e6327', 'outcome_side': 'yes', 'remaining_count_fp': '3.00', 'side': 'yes', 'status': 'resting', 'subaccount_number': 0, 'taker_fees_dollars': '0.000000', 'taker_fill_cost_dollars': '0.000000', 'ticker': 'KXTRUFTSA-26JUN05-T1800000', 'type': 'limit', 'user_id': '6db6972a-11ba-4203-a80d-b435f9c20a3f', 'yes_price_dollars': '0.9200'}}",yes,1.0,0.9,,
passive_limit,0.2,KXTRUFTSA-26JUN05-T1800000,0.9195402298850575,,10,8,2,False,"{'order': {'action': 'buy', 'book_side': 'bid', 'client_order_id': 'bfbd4db2-9d5e-4077-b8ef-fa0380cd626f', 'created_time': '2026-06-05T13:28:36.006574Z', 'expiration_time': '2026-06-05T23:59:00Z', 'fill_count_fp': '0.00', 'initial_count_fp': '2.00', 'last_update_time': '2026-06-05T13:28:36.006574Z', 'maker_fees_dollars': '0.000000', 'maker_fill_cost_dollars': '0.000000', 'no_price_dollars': '0.0800', 'order_id': 'af9b38df-df51-49d7-8288-17d8ebca8b39', 'outcome_side': 'yes', 'remaining_count_fp': '2.00', 'side': 'yes', 'status': 'resting', 'subaccount_number': 0, 'taker_fees_dollars': '0.000000', 'taker_fill_cost_dollars': '0.000000', 'ticker': 'KXTRUFTSA-26JUN05-T1800000', 'type': 'limit', 'user_id': '6db6972a-11ba-4203-a80d-b435f9c20a3f', 'yes_price_dollars': '0.9200'}}",yes,1.0,0.9,,
passive_limit,0.25,KXTRUFTSA-26JUN05-T1800000,0.9146341463414633,,13,10,3,False,"{'order': {'action': 'buy', 'book_side': 'bid', 'client_order_id': '8f7fc192-1e0f-4fca-a084-908c2355b627', 'created_time': '2026-06-05T13:28:37.18383Z', 'expiration_time': '2026-06-05T23:59:00Z', 'fill_count_fp': '0.00', 'initial_count_fp': '3.00', 'last_update_time': '2026-06-05T13:28:37.18383Z', 'maker_fees_dollars': '0.000000', 'maker_fill_cost_dollars': '0.000000', 'no_price_dollars': '0.0900', 'order_id': 'eb38adaa-8eb9-40d5-9e44-193800d58679', 'outcome_side': 'yes', 'remaining_count_fp': '3.00', 'side': 'yes', 'status': 'resting', 'subaccount_number': 0, 'taker_fees_dollars': '0.000000', 'taker_fill_cost_dollars': '0.000000', 'ticker': 'KXTRUFTSA-26JUN05-T1800000', 'type': 'limit', 'user_id': '6db6972a-11ba-4203-a80d-b435f9c20a3f', 'yes_price_dollars': '0.9100'}}",yes,1.0,0.9,,
passive_limit,0.3,KXTRUFTSA-26JUN05-T1800000,0.9090909090909091,,16,13,3,False,"{'order': {'action': 'buy', 'book_side': 'bid', 'client_order_id': '2d48eafe-8c2a-4381-80d7-15d70a00623e', 'created_time': '2026-06-05T13:28:38.363258Z', 'expiration_time': '2026-06-05T23:59:00Z', 'fill_count_fp': '0.00', 'initial_count_fp': '3.00', 'last_update_time': '2026-06-05T13:28:38.363258Z', 'maker_fees_dollars': '0.000000', 'maker_fill_cost_dollars': '0.000000', 'no_price_dollars': '0.0900', 'order_id': '7ad9760d-3dad-419e-a812-7a3f7c89125a', 'outcome_side': 'yes', 'remaining_count_fp': '3.00', 'side': 'yes', 'status': 'resting', 'subaccount_number': 0, 'taker_fees_dollars': '0.000000', 'taker_fill_cost_dollars': '0.000000', 'ticker': 'KXTRUFTSA-26JUN05-T1800000', 'type': 'limit', 'user_id': '6db6972a-11ba-4203-a80d-b435f9c20a3f', 'yes_price_dollars': '0.9100'}}",yes,1.0,0.9,,
passive_limit,0.35,KXTRUFTSA-26JUN05-T1800000,0.9027777777777777,,19,16,3,False,"{'order': {'action': 'buy', 'book_side': 'bid', 'client_order_id': '519f1b3a-f795-438f-9f28-49ee2dae9be5', 'created_time': '2026-06-05T13:28:39.570908Z', 'expiration_time': '2026-06-05T23:59:00Z', 'fill_count_fp': '0.00', 'initial_count_fp': '3.00', 'last_update_time': '2026-06-05T13:28:39.570908Z', 'maker_fees_dollars': '0.000000', 'maker_fill_cost_dollars': '0.000000', 'no_price_dollars': '0.1000', 'order_id': 'a15d7b5c-bc94-471d-bc32-09ec85c3b79c', 'outcome_side': 'yes', 'remaining_count_fp': '3.00', 'side': 'yes', 'status': 'resting', 'subaccount_number': 0, 'taker_fees_dollars': '0.000000', 'taker_fill_cost_dollars': '0.000000', 'ticker': 'KXTRUFTSA-26JUN05-T1800000', 'type': 'limit', 'user_id': '6db6972a-11ba-4203-a80d-b435f9c20a3f', 'yes_price_dollars': '0.9000'}}",yes,1.0,0.9,,
passive_limit,0.4,KXTRUFTSA-26JUN05-T1800000,0.8955223880597014,,22,19,3,False,"{'order': {'action': 'buy', 'book_side': 'bid', 'client_order_id': 'ea29954f-23a5-40a6-ae7f-914d762c02d7', 'created_time': '2026-06-05T13:28:40.788717Z', 'expiration_time': '2026-06-05T23:59:00Z', 'fill_count_fp': '0.00', 'initial_count_fp': '3.00', 'last_update_time': '2026-06-05T13:28:40.788717Z', 'maker_fees_dollars': '0.000000', 'maker_fill_cost_dollars': '0.000000', 'no_price_dollars': '0.1000', 'order_id': '28703417-7c52-441e-918b-3d04a9464b19', 'outcome_side': 'yes', 'remaining_count_fp': '3.00', 'side': 'yes', 'status': 'resting', 'subaccount_number': 0, 'taker_fees_dollars': '0.000000', 'taker_fill_cost_dollars': '0.000000', 'ticker': 'KXTRUFTSA-26JUN05-T1800000', 'type': 'limit', 'user_id': '6db6972a-11ba-4203-a80d-b435f9c20a3f', 'yes_price_dollars': '0.9000'}}",yes,1.0,0.9,,
passive_limit,0.1,KXTRUFTSA-26JUN05-T1900000,0.9278350515463917,,5,0,5,False,"{'order': {'action': 'buy', 'book_side': 'bid', 'client_order_id': '69ab69c2-db90-4f84-8638-05cef148d395', 'created_time': '2026-06-05T13:28:42.690605Z', 'expiration_time': '2026-06-05T23:59:00Z', 'fill_count_fp': '0.00', 'initial_count_fp': '5.00', 'last_update_time': '2026-06-05T13:28:42.690605Z', 'maker_fees_dollars': '0.000000', 'maker_fill_cost_dollars': '0.000000', 'no_price_dollars': '0.0700', 'order_id': '41a86757-0d7b-4fdb-ac4f-814d6974004a', 'outcome_side': 'yes', 'remaining_count_fp': '5.00', 'side': 'yes', 'status': 'resting', 'subaccount_number': 0, 'taker_fees_dollars': '0.000000', 'taker_fill_cost_dollars': '0.000000', 'ticker': 'KXTRUFTSA-26JUN05-T1900000', 'type': 'limit', 'user_id': '6db6972a-11ba-4203-a80d-b435f9c20a3f', 'yes_price_dollars': '0.9300'}}",yes,1.0,0.95,,
passive_limit,0.15,KXTRUFTSA-26JUN05-T1900000,0.9239130434782608,,8,5,3,False,"{'order': {'action': 'buy', 'book_side': 'bid', 'client_order_id': '8c02b2f4-91d3-4a01-976a-dcc698a2fa4b', 'created_time': '2026-06-05T13:28:43.871392Z', 'expiration_time': '2026-06-05T23:59:00Z', 'fill_count_fp': '0.00', 'initial_count_fp': '3.00', 'last_update_time': '2026-06-05T13:28:43.871392Z', 'maker_fees_dollars': '0.000000', 'maker_fill_cost_dollars': '0.000000', 'no_price_dollars': '0.0800', 'order_id': 'e271fbdc-4db3-4fb1-9e9e-ff5fd0312e3c', 'outcome_side': 'yes', 'remaining_count_fp': '3.00', 'side': 'yes', 'status': 'resting', 'subaccount_number': 0, 'taker_fees_dollars': '0.000000', 'taker_fill_cost_dollars': '0.000000', 'ticker': 'KXTRUFTSA-26JUN05-T1900000', 'type': 'limit', 'user_id': '6db6972a-11ba-4203-a80d-b435f9c20a3f', 'yes_price_dollars': '0.9200'}}",yes,1.0,0.95,,
passive_limit,0.2,KXTRUFTSA-26JUN05-T1900000,0.9195402298850575,,10,8,2,False,"{'order': {'action': 'buy', 'book_side': 'bid', 'client_order_id': '53b77e4c-618f-4660-9261-0e85f95d869c', 'created_time': '2026-06-05T13:28:45.038007Z', 'expiration_time': '2026-06-05T23:59:00Z', 'fill_count_fp': '0.00', 'initial_count_fp': '2.00', 'last_update_time': '2026-06-05T13:28:45.038007Z', 'maker_fees_dollars': '0.000000', 'maker_fill_cost_dollars': '0.000000', 'no_price_dollars': '0.0800', 'order_id': '80d1f2fa-043e-4325-9dba-e5689381d0ce', 'outcome_side': 'yes', 'remaining_count_fp': '2.00', 'side': 'yes', 'status': 'resting', 'subaccount_number': 0, 'taker_fees_dollars': '0.000000', 'taker_fill_cost_dollars': '0.000000', 'ticker': 'KXTRUFTSA-26JUN05-T1900000', 'type': 'limit', 'user_id': '6db6972a-11ba-4203-a80d-b435f9c20a3f', 'yes_price_dollars': '0.9200'}}",yes,1.0,0.95,,
passive_limit,0.25,KXTRUFTSA-26JUN05-T1900000,0.9146341463414633,,13,10,3,False,"{'order': {'action': 'buy', 'book_side': 'bid', 'client_order_id': 'aa92c798-c916-4f13-a91c-8de708ffd45b', 'created_time': '2026-06-05T13:28:46.239501Z', 'expiration_time': '2026-06-05T23:59:00Z', 'fill_count_fp': '0.00', 'initial_count_fp': '3.00', 'last_update_time': '2026-06-05T13:28:46.239501Z', 'maker_fees_dollars': '0.000000', 'maker_fill_cost_dollars': '0.000000', 'no_price_dollars': '0.0900', 'order_id': '9530eb0c-69bc-4fa5-b085-24ce77de95a5', 'outcome_side': 'yes', 'remaining_count_fp': '3.00', 'side': 'yes', 'status': 'resting', 'subaccount_number': 0, 'taker_fees_dollars': '0.000000', 'taker_fill_cost_dollars': '0.000000', 'ticker': 'KXTRUFTSA-26JUN05-T1900000', 'type': 'limit', 'user_id': '6db6972a-11ba-4203-a80d-b435f9c20a3f', 'yes_price_dollars': '0.9100'}}",yes,1.0,0.95,,
passive_limit,0.3,KXTRUFTSA-26JUN05-T1900000,0.9090909090909091,,16,13,3,False,"{'order': {'action': 'buy', 'book_side': 'bid', 'client_order_id': '4644d8b6-8a37-435a-b91d-3c0f21ada34c', 'created_time': '2026-06-05T13:28:47.424987Z', 'expiration_time': '2026-06-05T23:59:00Z', 'fill_count_fp': '0.00', 'initial_count_fp': '3.00', 'last_update_time': '2026-06-05T13:28:47.424987Z', 'maker_fees_dollars': '0.000000', 'maker_fill_cost_dollars': '0.000000', 'no_price_dollars': '0.0900', 'order_id': '2bd24b92-e3af-4914-8acd-249fac9bbb59', 'outcome_side': 'yes', 'remaining_count_fp': '3.00', 'side': 'yes', 'status': 'resting', 'subaccount_number': 0, 'taker_fees_dollars': '0.000000', 'taker_fill_cost_dollars': '0.000000', 'ticker': 'KXTRUFTSA-26JUN05-T1900000', 'type': 'limit', 'user_id': '6db6972a-11ba-4203-a80d-b435f9c20a3f', 'yes_price_dollars': '0.9100'}}",yes,1.0,0.95,,
passive_limit,0.35,KXTRUFTSA-26JUN05-T1900000,0.9027777777777777,,19,16,3,False,"{'order': {'action': 'buy', 'book_side': 'bid', 'client_order_id': 'ceb3876f-7055-4c8b-bcb1-7740d448ae95', 'created_time': '2026-06-05T13:28:48.602422Z', 'expiration_time': '2026-06-05T23:59:00Z', 'fill_count_fp': '0.00', 'initial_count_fp': '3.00', 'last_update_time': '2026-06-05T13:28:48.602422Z', 'maker_fees_dollars': '0.000000', 'maker_fill_cost_dollars': '0.000000', 'no_price_dollars': '0.1000', 'order_id': '28d10ab3-fbf3-4b9b-aa88-293ba996eb0d', 'outcome_side': 'yes', 'remaining_count_fp': '3.00', 'side': 'yes', 'status': 'resting', 'subaccount_number': 0, 'taker_fees_dollars': '0.000000', 'taker_fill_cost_dollars': '0.000000', 'ticker': 'KXTRUFTSA-26JUN05-T1900000', 'type': 'limit', 'user_id': '6db6972a-11ba-4203-a80d-b435f9c20a3f', 'yes_price_dollars': '0.9000'}}",yes,1.0,0.95,,
passive_limit,0.4,KXTRUFTSA-26JUN05-T1900000,0.8955223880597014,,22,19,3,False,"{'order': {'action': 'buy', 'book_side': 'bid', 'client_order_id': '3c53ee00-eb76-4ac2-8a8a-e1e4de954a81', 'created_time': '2026-06-05T13:28:49.778029Z', 'expiration_time': '2026-06-05T23:59:00Z', 'fill_count_fp': '0.00', 'initial_count_fp': '3.00', 'last_update_time': '2026-06-05T13:28:49.778029Z', 'maker_fees_dollars': '0.000000', 'maker_fill_cost_dollars': '0.000000', 'no_price_dollars': '0.1000', 'order_id': '3f112a8a-eb34-4528-a936-3a91efafa703', 'outcome_side': 'yes', 'remaining_count_fp': '3.00', 'side': 'yes', 'status': 'resting', 'subaccount_number': 0, 'taker_fees_dollars': '0.000000', 'taker_fill_cost_dollars': '0.000000', 'ticker': 'KXTRUFTSA-26JUN05-T1900000', 'type': 'limit', 'user_id': '6db6972a-11ba-4203-a80d-b435f9c20a3f', 'yes_price_dollars': '0.9000'}}",yes,1.0,0.95,,
passive_limit,0.1,KXTRUFTSA-26JUN05-T2000000,0.9278350515463917,0.99,5,0,5,False,"{'order': {'action': 'buy', 'book_side': 'bid', 'client_order_id': '7a9e2c0f-698c-496a-a379-9e637759f59c', 'created_time': '2026-06-05T13:28:51.770712Z', 'expiration_time': '2026-06-05T23:59:00Z', 'fill_count_fp': '0.00', 'initial_count_fp': '5.00', 'last_update_time': '2026-06-05T13:28:51.770712Z', 'maker_fees_dollars': '0.000000', 'maker_fill_cost_dollars': '0.000000', 'no_price_dollars': '0.0700', 'order_id': 'bc23d602-f547-4729-8aca-770e3e90e60b', 'outcome_side': 'yes', 'remaining_count_fp': '5.00', 'side': 'yes', 'status': 'resting', 'subaccount_number': 0, 'taker_fees_dollars': '0.000000', 'taker_fill_cost_dollars': '0.000000', 'ticker': 'KXTRUFTSA-26JUN05-T2000000', 'type': 'limit', 'user_id': '6db6972a-11ba-4203-a80d-b435f9c20a3f', 'yes_price_dollars': '0.9300'}}",yes,1.0,0.94,,
passive_limit,0.15,KXTRUFTSA-26JUN05-T2000000,0.9239130434782608,0.99,8,5,3,False,"{'order': {'action': 'buy', 'book_side': 'bid', 'client_order_id': '4087c0c2-e9f0-4105-aefa-e79cc014fef3', 'created_time': '2026-06-05T13:28:52.974979Z', 'expiration_time': '2026-06-05T23:59:00Z', 'fill_count_fp': '0.00', 'initial_count_fp': '3.00', 'last_update_time': '2026-06-05T13:28:52.974979Z', 'maker_fees_dollars': '0.000000', 'maker_fill_cost_dollars': '0.000000', 'no_price_dollars': '0.0800', 'order_id': 'c50679b4-fdb1-4ca6-9a67-23eeca018afc', 'outcome_side': 'yes', 'remaining_count_fp': '3.00', 'side': 'yes', 'status': 'resting', 'subaccount_number': 0, 'taker_fees_dollars': '0.000000', 'taker_fill_cost_dollars': '0.000000', 'ticker': 'KXTRUFTSA-26JUN05-T2000000', 'type': 'limit', 'user_id': '6db6972a-11ba-4203-a80d-b435f9c20a3f', 'yes_price_dollars': '0.9200'}}",yes,1.0,0.94,,
passive_limit,0.2,KXTRUFTSA-26JUN05-T2000000,0.9195402298850575,0.99,10,8,2,False,"{'order': {'action': 'buy', 'book_side': 'bid', 'client_order_id': '7aa22da4-e4e6-4b2d-830c-4becae2eaad3', 'created_time': '2026-06-05T13:28:54.155798Z', 'expiration_time': '2026-06-05T23:59:00Z', 'fill_count_fp': '0.00', 'initial_count_fp': '2.00', 'last_update_time': '2026-06-05T13:28:54.155798Z', 'maker_fees_dollars': '0.000000', 'maker_fill_cost_dollars': '0.000000', 'no_price_dollars': '0.0800', 'order_id': 'a5f4b46b-0ae3-40fa-9dbf-9ba4fa95682f', 'outcome_side': 'yes', 'remaining_count_fp': '2.00', 'side': 'yes', 'status': 'resting', 'subaccount_number': 0, 'taker_fees_dollars': '0.000000', 'taker_fill_cost_dollars': '0.000000', 'ticker': 'KXTRUFTSA-26JUN05-T2000000', 'type': 'limit', 'user_id': '6db6972a-11ba-4203-a80d-b435f9c20a3f', 'yes_price_dollars': '0.9200'}}",yes,1.0,0.94,,
passive_limit,0.25,KXTRUFTSA-26JUN05-T2000000,0.9146341463414633,0.99,13,10,3,False,"{'order': {'action': 'buy', 'book_side': 'bid', 'client_order_id': 'eeacedf6-82ed-4b12-a0b5-fc4bc44161f6', 'created_time': '2026-06-05T13:28:55.335923Z', 'expiration_time': '2026-06-05T23:59:00Z', 'fill_count_fp': '0.00', 'initial_count_fp': '3.00', 'last_update_time': '2026-06-05T13:28:55.335923Z', 'maker_fees_dollars': '0.000000', 'maker_fill_cost_dollars': '0.000000', 'no_price_dollars': '0.0900', 'order_id': '42797115-e100-4194-8aa7-4d79a283d394', 'outcome_side': 'yes', 'remaining_count_fp': '3.00', 'side': 'yes', 'status': 'resting', 'subaccount_number': 0, 'taker_fees_dollars': '0.000000', 'taker_fill_cost_dollars': '0.000000', 'ticker': 'KXTRUFTSA-26JUN05-T2000000', 'type': 'limit', 'user_id': '6db6972a-11ba-4203-a80d-b435f9c20a3f', 'yes_price_dollars': '0.9100'}}",yes,1.0,0.94,,
passive_limit,0.3,KXTRUFTSA-26JUN05-T2000000,0.9090909090909091,0.99,16,13,3,False,"{'order': {'action': 'buy', 'book_side': 'bid', 'client_order_id': '9f8ffea6-b0e2-42e5-bf32-b790776ba8ec', 'created_time': '2026-06-05T13:28:56.550525Z', 'expiration_time': '2026-06-05T23:59:00Z', 'fill_count_fp': '0.00', 'initial_count_fp': '3.00', 'last_update_time': '2026-06-05T13:28:56.550525Z', 'maker_fees_dollars': '0.000000', 'maker_fill_cost_dollars': '0.000000', 'no_price_dollars': '0.0900', 'order_id': '25c3d939-5be5-44c5-941e-c2bbebfe0728', 'outcome_side': 'yes', 'remaining_count_fp': '3.00', 'side': 'yes', 'status': 'resting', 'subaccount_number': 0, 'taker_fees_dollars': '0.000000', 'taker_fill_cost_dollars': '0.000000', 'ticker': 'KXTRUFTSA-26JUN05-T2000000', 'type': 'limit', 'user_id': '6db6972a-11ba-4203-a80d-b435f9c20a3f', 'yes_price_dollars': '0.9100'}}",yes,1.0,0.94,,
passive_limit,0.35,KXTRUFTSA-26JUN05-T2000000,0.9027777777777777,0.99,19,16,3,False,"{'order': {'action': 'buy', 'book_side': 'bid', 'client_order_id': 'e7b7ab32-2611-4d2d-8f70-b00f615f7cfa', 'created_time': '2026-06-05T13:28:57.734403Z', 'expiration_time': '2026-06-05T23:59:00Z', 'fill_count_fp': '0.00', 'initial_count_fp': '3.00', 'last_update_time': '2026-06-05T13:28:57.734403Z', 'maker_fees_dollars': '0.000000', 'maker_fill_cost_dollars': '0.000000', 'no_price_dollars': '0.1000', 'order_id': '0c11d8f9-c356-4f13-a332-dd2b763dfe44', 'outcome_side': 'yes', 'remaining_count_fp': '3.00', 'side': 'yes', 'status': 'resting', 'subaccount_number': 0, 'taker_fees_dollars': '0.000000', 'taker_fill_cost_dollars': '0.000000', 'ticker': 'KXTRUFTSA-26JUN05-T2000000', 'type': 'limit', 'user_id': '6db6972a-11ba-4203-a80d-b435f9c20a3f', 'yes_price_dollars': '0.9000'}}",yes,1.0,0.94,,
passive_limit,0.4,KXTRUFTSA-26JUN05-T2000000,0.8955223880597014,0.99,22,19,3,False,"{'order': {'action': 'buy', 'book_side': 'bid', 'client_order_id': '0aacfd7f-a074-4725-ba62-6540fe850dd9', 'created_time': '2026-06-05T13:28:58.913793Z', 'expiration_time': '2026-06-05T23:59:00Z', 'fill_count_fp': '0.00', 'initial_count_fp': '3.00', 'last_update_time': '2026-06-05T13:28:58.913793Z', 'maker_fees_dollars': '0.000000', 'maker_fill_cost_dollars': '0.000000', 'no_price_dollars': '0.1000', 'order_id': 'aeeda3d4-f50a-4e8c-8f8e-6be26efd5250', 'outcome_side': 'yes', 'remaining_count_fp': '3.00', 'side': 'yes', 'status': 'resting', 'subaccount_number': 0, 'taker_fees_dollars': '0.000000', 'taker_fill_cost_dollars': '0.000000', 'ticker': 'KXTRUFTSA-26JUN05-T2000000', 'type': 'limit', 'user_id': '6db6972a-11ba-4203-a80d-b435f9c20a3f', 'yes_price_dollars': '0.9000'}}",yes,1.0,0.94,,
passive_limit,0.1,KXTRUFTSA-26JUN05-T2100000,0.9278350515463917,0.99,5,0,5,False,"{'order': {'action': 'buy', 'book_side': 'bid', 'client_order_id': '1ef07222-3ff9-4335-834f-c3d8b4994311', 'created_time': '2026-06-05T13:29:00.907484Z', 'expiration_time': '2026-06-05T23:59:00Z', 'fill_count_fp': '0.00', 'initial_count_fp': '5.00', 'last_update_time': '2026-06-05T13:29:00.907484Z', 'maker_fees_dollars': '0.000000', 'maker_fill_cost_dollars': '0.000000', 'no_price_dollars': '0.0700', 'order_id': 'a379ef1e-99a9-45a2-9c98-7a98e05ef50f', 'outcome_side': 'yes', 'remaining_count_fp': '5.00', 'side': 'yes', 'status': 'resting', 'subaccount_number': 0, 'taker_fees_dollars': '0.000000', 'taker_fill_cost_dollars': '0.000000', 'ticker': 'KXTRUFTSA-26JUN05-T2100000', 'type': 'limit', 'user_id': '6db6972a-11ba-4203-a80d-b435f9c20a3f', 'yes_price_dollars': '0.9300'}}",yes,1.0,0.94,,
passive_limit,0.15,KXTRUFTSA-26JUN05-T2100000,0.9239130434782608,0.99,8,5,3,False,"{'order': {'action': 'buy', 'book_side': 'bid', 'client_order_id': '80ad14d7-f0d2-4fc4-a9f1-2b7c92477916', 'created_time': '2026-06-05T13:29:02.107986Z', 'expiration_time': '2026-06-05T23:59:00Z', 'fill_count_fp': '0.00', 'initial_count_fp': '3.00', 'last_update_time': '2026-06-05T13:29:02.107986Z', 'maker_fees_dollars': '0.000000', 'maker_fill_cost_dollars': '0.000000', 'no_price_dollars': '0.0800', 'order_id': '966dbcc0-b352-429a-b645-663e38d54a98', 'outcome_side': 'yes', 'remaining_count_fp': '3.00', 'side': 'yes', 'status': 'resting', 'subaccount_number': 0, 'taker_fees_dollars': '0.000000', 'taker_fill_cost_dollars': '0.000000', 'ticker': 'KXTRUFTSA-26JUN05-T2100000', 'type': 'limit', 'user_id': '6db6972a-11ba-4203-a80d-b435f9c20a3f', 'yes_price_dollars': '0.9200'}}",yes,1.0,0.94,,
passive_limit,0.2,KXTRUFTSA-26JUN05-T2100000,0.9195402298850575,0.99,10,8,2,False,"{'order': {'action': 'buy', 'book_side': 'bid', 'client_order_id': 'c226a402-4123-456e-b5c7-ddf4d97a434c', 'created_time': '2026-06-05T13:29:03.2872Z', 'expiration_time': '2026-06-05T23:59:00Z', 'fill_count_fp': '0.00', 'initial_count_fp': '2.00', 'last_update_time': '2026-06-05T13:29:03.2872Z', 'maker_fees_dollars': '0.000000', 'maker_fill_cost_dollars': '0.000000', 'no_price_dollars': '0.0800', 'order_id': '8d34b767-bc3c-4ffe-aea5-ed20fedf60c8', 'outcome_side': 'yes', 'remaining_count_fp': '2.00', 'side': 'yes', 'status': 'resting', 'subaccount_number': 0, 'taker_fees_dollars': '0.000000', 'taker_fill_cost_dollars': '0.000000', 'ticker': 'KXTRUFTSA-26JUN05-T2100000', 'type': 'limit', 'user_id': '6db6972a-11ba-4203-a80d-b435f9c20a3f', 'yes_price_dollars': '0.9200'}}",yes,1.0,0.94,,
passive_limit,0.25,KXTRUFTSA-26JUN05-T2100000,0.9146341463414633,0.99,13,10,3,False,"{'order': {'action': 'buy', 'book_side': 'bid', 'client_order_id': 'c8c5e24d-5470-4ab4-b9e7-68a90aa38c93', 'created_time': '2026-06-05T13:29:04.499599Z', 'expiration_time': '2026-06-05T23:59:00Z', 'fill_count_fp': '0.00', 'initial_count_fp': '3.00', 'last_update_time': '2026-06-05T13:29:04.499599Z', 'maker_fees_dollars': '0.000000', 'maker_fill_cost_dollars': '0.000000', 'no_price_dollars': '0.0900', 'order_id': '547a1455-b658-4e61-98b2-555330279fae', 'outcome_side': 'yes', 'remaining_count_fp': '3.00', 'side': 'yes', 'status': 'resting', 'subaccount_number': 0, 'taker_fees_dollars': '0.000000', 'taker_fill_cost_dollars': '0.000000', 'ticker': 'KXTRUFTSA-26JUN05-T2100000', 'type': 'limit', 'user_id': '6db6972a-11ba-4203-a80d-b435f9c20a3f', 'yes_price_dollars': '0.9100'}}",yes,1.0,0.94,,
passive_limit,0.3,KXTRUFTSA-26JUN05-T2100000,0.9090909090909091,0.99,16,13,3,False,"{'order': {'action': 'buy', 'book_side': 'bid', 'client_order_id': '1b45e21c-3dd7-4e93-94b3-20ec683f8020', 'created_time': '2026-06-05T13:29:05.679656Z', 'expiration_time': '2026-06-05T23:59:00Z', 'fill_count_fp': '0.00', 'initial_count_fp': '3.00', 'last_update_time': '2026-06-05T13:29:05.679656Z', 'maker_fees_dollars': '0.000000', 'maker_fill_cost_dollars': '0.000000', 'no_price_dollars': '0.0900', 'order_id': '3ead22a5-51de-429d-8d52-4bf4d9eae10f', 'outcome_side': 'yes', 'remaining_count_fp': '3.00', 'side': 'yes', 'status': 'resting', 'subaccount_number': 0, 'taker_fees_dollars': '0.000000', 'taker_fill_cost_dollars': '0.000000', 'ticker': 'KXTRUFTSA-26JUN05-T2100000', 'type': 'limit', 'user_id': '6db6972a-11ba-4203-a80d-b435f9c20a3f', 'yes_price_dollars': '0.9100'}}",yes,1.0,0.94,,
passive_limit,0.35,KXTRUFTSA-26JUN05-T2100000,0.9027777777777777,0.99,19,16,3,False,"{'order': {'action': 'buy', 'book_side': 'bid', 'client_order_id': '534797d2-f1eb-4191-baf4-d111cea5981a', 'created_time': '2026-06-05T13:29:06.861017Z', 'expiration_time': '2026-06-05T23:59:00Z', 'fill_count_fp': '0.00', 'initial_count_fp': '3.00', 'last_update_time': '2026-06-05T13:29:06.861017Z', 'maker_fees_dollars': '0.000000', 'maker_fill_cost_dollars': '0.000000', 'no_price_dollars': '0.1000', 'order_id': 'cdf95042-81ef-4571-bce0-070803804183', 'outcome_side': 'yes', 'remaining_count_fp': '3.00', 'side': 'yes', 'status': 'resting', 'subaccount_number': 0, 'taker_fees_dollars': '0.000000', 'taker_fill_cost_dollars': '0.000000', 'ticker': 'KXTRUFTSA-26JUN05-T2100000', 'type': 'limit', 'user_id': '6db6972a-11ba-4203-a80d-b435f9c20a3f', 'yes_price_dollars': '0.9000'}}",yes,1.0,0.94,,
passive_limit,0.4,KXTRUFTSA-26JUN05-T2100000,0.8955223880597014,0.99,22,19,3,False,"{'order': {'action': 'buy', 'book_side': 'bid', 'client_order_id': '7202ec24-7300-4e1e-9cb7-7b981f9c8675', 'created_time': '2026-06-05T13:29:08.059969Z', 'expiration_time': '2026-06-05T23:59:00Z', 'fill_count_fp': '0.00', 'initial_count_fp': '3.00', 'last_update_time': '2026-06-05T13:29:08.059969Z', 'maker_fees_dollars': '0.000000', 'maker_fill_cost_dollars': '0.000000', 'no_price_dollars': '0.1000', 'order_id': 'bebedddb-2a53-4067-a154-fb8a6f9af61e', 'outcome_side': 'yes', 'remaining_count_fp': '3.00', 'side': 'yes', 'status': 'resting', 'subaccount_number': 0, 'taker_fees_dollars': '0.000000', 'taker_fill_cost_dollars': '0.000000', 'ticker': 'KXTRUFTSA-26JUN05-T2100000', 'type': 'limit', 'user_id': '6db6972a-11ba-4203-a80d-b435f9c20a3f', 'yes_price_dollars': '0.9000'}}",yes,1.0,0.94,,
passive_limit,0.1,KXTRUFTSA-26JUN05-T2200000,0.9278350515463917,0.99,5,0,5,False,"{'order': {'action': 'buy', 'book_side': 'bid', 'client_order_id': '4bb45138-b13a-486d-ad9e-dc88ed2deed1', 'created_time': '2026-06-05T13:29:09.99118Z', 'expiration_time': '2026-06-05T23:59:00Z', 'fill_count_fp': '0.00', 'initial_count_fp': '5.00', 'last_update_time': '2026-06-05T13:29:09.99118Z', 'maker_fees_dollars': '0.000000', 'maker_fill_cost_dollars': '0.000000', 'no_price_dollars': '0.0700', 'order_id': '7996c0e3-22f7-4ab1-b8fa-416d6373fa17', 'outcome_side': 'yes', 'remaining_count_fp': '5.00', 'side': 'yes', 'status': 'resting', 'subaccount_number': 0, 'taker_fees_dollars': '0.000000', 'taker_fill_cost_dollars': '0.000000', 'ticker': 'KXTRUFTSA-26JUN05-T2200000', 'type': 'limit', 'user_id': '6db6972a-11ba-4203-a80d-b435f9c20a3f', 'yes_price_dollars': '0.9300'}}",yes,1.0,0.935,,
passive_limit,0.15,KXTRUFTSA-26JUN05-T2200000,0.9239130434782608,0.99,8,5,3,False,"{'order': {'action': 'buy', 'book_side': 'bid', 'client_order_id': '8b4b66fa-6d50-4997-ba44-298ce946ffa4', 'created_time': '2026-06-05T13:29:11.173201Z', 'expiration_time': '2026-06-05T23:59:00Z', 'fill_count_fp': '0.00', 'initial_count_fp': '3.00', 'last_update_time': '2026-06-05T13:29:11.173201Z', 'maker_fees_dollars': '0.000000', 'maker_fill_cost_dollars': '0.000000', 'no_price_dollars': '0.0800', 'order_id': 'dc787d68-7f46-48df-b597-8ae8c2b845a2', 'outcome_side': 'yes', 'remaining_count_fp': '3.00', 'side': 'yes', 'status': 'resting', 'subaccount_number': 0, 'taker_fees_dollars': '0.000000', 'taker_fill_cost_dollars': '0.000000', 'ticker': 'KXTRUFTSA-26JUN05-T2200000', 'type': 'limit', 'user_id': '6db6972a-11ba-4203-a80d-b435f9c20a3f', 'yes_price_dollars': '0.9200'}}",yes,1.0,0.935,,
passive_limit,0.2,KXTRUFTSA-26JUN05-T2200000,0.9195402298850575,0.99,10,8,2,False,"{'order': {'action': 'buy', 'book_side': 'bid', 'client_order_id': '53cd1ca4-9113-4542-b7d6-2395fabcdf1f', 'created_time': '2026-06-05T13:29:12.344158Z', 'expiration_time': '2026-06-05T23:59:00Z', 'fill_count_fp': '0.00', 'initial_count_fp': '2.00', 'last_update_time': '2026-06-05T13:29:12.344158Z', 'maker_fees_dollars': '0.000000', 'maker_fill_cost_dollars': '0.000000', 'no_price_dollars': '0.0800', 'order_id': '45b1ae78-9bc9-4e4c-bbab-4a8ac8cbf2ec', 'outcome_side': 'yes', 'remaining_count_fp': '2.00', 'side': 'yes', 'status': 'resting', 'subaccount_number': 0, 'taker_fees_dollars': '0.000000', 'taker_fill_cost_dollars': '0.000000', 'ticker': 'KXTRUFTSA-26JUN05-T2200000', 'type': 'limit', 'user_id': '6db6972a-11ba-4203-a80d-b435f9c20a3f', 'yes_price_dollars': '0.9200'}}",yes,1.0,0.935,,
passive_limit,0.25,KXTRUFTSA-26JUN05-T2200000,0.9146341463414633,0.99,13,10,3,False,"{'order': {'action': 'buy', 'book_side': 'bid', 'client_order_id': '8b5546d1-12e2-4eba-a754-d67a8ca83855', 'created_time': '2026-06-05T13:29:13.534123Z', 'expiration_time': '2026-06-05T23:59:00Z', 'fill_count_fp': '0.00', 'initial_count_fp': '3.00', 'last_update_time': '2026-06-05T13:29:13.534123Z', 'maker_fees_dollars': '0.000000', 'maker_fill_cost_dollars': '0.000000', 'no_price_dollars': '0.0900', 'order_id': '7fb257cc-6c0d-4bef-a9be-d2a29134ffec', 'outcome_side': 'yes', 'remaining_count_fp': '3.00', 'side': 'yes', 'status': 'resting', 'subaccount_number': 0, 'taker_fees_dollars': '0.000000', 'taker_fill_cost_dollars': '0.000000', 'ticker': 'KXTRUFTSA-26JUN05-T2200000', 'type': 'limit', 'user_id': '6db6972a-11ba-4203-a80d-b435f9c20a3f', 'yes_price_dollars': '0.9100'}}",yes,1.0,0.935,,
passive_limit,0.3,KXTRUFTSA-26JUN05-T2200000,0.9090909090909091,0.99,16,13,3,False,"{'order': {'action': 'buy', 'book_side': 'bid', 'client_order_id': '3272e5b7-ca29-4224-b708-6e48fed14ce9', 'created_time': '2026-06-05T13:29:14.719215Z', 'expiration_time': '2026-06-05T23:59:00Z', 'fill_count_fp': '0.00', 'initial_count_fp': '3.00', 'last_update_time': '2026-06-05T13:29:14.719215Z', 'maker_fees_dollars': '0.000000', 'maker_fill_cost_dollars': '0.000000', 'no_price_dollars': '0.0900', 'order_id': '85c44abc-965b-4983-a625-c08333a47319', 'outcome_side': 'yes', 'remaining_count_fp': '3.00', 'side': 'yes', 'status': 'resting', 'subaccount_number': 0, 'taker_fees_dollars': '0.000000', 'taker_fill_cost_dollars': '0.000000', 'ticker': 'KXTRUFTSA-26JUN05-T2200000', 'type': 'limit', 'user_id': '6db6972a-11ba-4203-a80d-b435f9c20a3f', 'yes_price_dollars': '0.9100'}}",yes,1.0,0.935,,
passive_limit,0.35,KXTRUFTSA-26JUN05-T2200000,0.9027777777777777,0.99,19,16,3,False,"{'order': {'action': 'buy', 'book_side': 'bid', 'client_order_id': 'dd7d389a-24c2-43dd-93e0-b716d8170635', 'created_time': '2026-06-05T13:29:15.903149Z', 'expiration_time': '2026-06-05T23:59:00Z', 'fill_count_fp': '0.00', 'initial_count_fp': '3.00', 'last_update_time': '2026-06-05T13:29:15.903149Z', 'maker_fees_dollars': '0.000000', 'maker_fill_cost_dollars': '0.000000', 'no_price_dollars': '0.1000', 'order_id': 'd78ec5e8-4e88-4852-9c6b-ef745b024dad', 'outcome_side': 'yes', 'remaining_count_fp': '3.00', 'side': 'yes', 'status': 'resting', 'subaccount_number': 0, 'taker_fees_dollars': '0.000000', 'taker_fill_cost_dollars': '0.000000', 'ticker': 'KXTRUFTSA-26JUN05-T2200000', 'type': 'limit', 'user_id': '6db6972a-11ba-4203-a80d-b435f9c20a3f', 'yes_price_dollars': '0.9000'}}",yes,1.0,0.935,,
passive_limit,0.4,KXTRUFTSA-26JUN05-T2200000,0.8955223880597014,0.99,22,19,3,False,"{'order': {'action': 'buy', 'book_side': 'bid', 'client_order_id': '68961f3f-fc59-40d9-a6fc-5139c8bef74c', 'created_time': '2026-06-05T13:29:17.083449Z', 'expiration_time': '2026-06-05T23:59:00Z', 'fill_count_fp': '0.00', 'initial_count_fp': '3.00', 'last_update_time': '2026-06-05T13:29:17.083449Z', 'maker_fees_dollars': '0.000000', 'maker_fill_cost_dollars': '0.000000', 'no_price_dollars': '0.1000', 'order_id': 'f27c4ffd-7401-44d9-a440-743af137680e', 'outcome_side': 'yes', 'remaining_count_fp': '3.00', 'side': 'yes', 'status': 'resting', 'subaccount_number': 0, 'taker_fees_dollars': '0.000000', 'taker_fill_cost_dollars': '0.000000', 'ticker': 'KXTRUFTSA-26JUN05-T2200000', 'type': 'limit', 'user_id': '6db6972a-11ba-4203-a80d-b435f9c20a3f', 'yes_price_dollars': '0.9000'}}",yes,1.0,0.935,,
passive_limit,0.1,KXTRUFTSA-26JUN05-T2300000,0.9278350515463917,0.99,5,0,5,False,"{'order': {'action': 'buy', 'book_side': 'bid', 'client_order_id': '75d74fb2-f459-4123-8a55-dbf1f28e2b88', 'created_time': '2026-06-05T13:29:18.985012Z', 'expiration_time': '2026-06-05T23:59:00Z', 'fill_count_fp': '0.00', 'initial_count_fp': '5.00', 'last_update_time': '2026-06-05T13:29:18.985012Z', 'maker_fees_dollars': '0.000000', 'maker_fill_cost_dollars': '0.000000', 'no_price_dollars': '0.0700', 'order_id': 'a9854839-169b-435c-bf8d-3bb9f471b73f', 'outcome_side': 'yes', 'remaining_count_fp': '5.00', 'side': 'yes', 'status': 'resting', 'subaccount_number': 0, 'taker_fees_dollars': '0.000000', 'taker_fill_cost_dollars': '0.000000', 'ticker': 'KXTRUFTSA-26JUN05-T2300000', 'type': 'limit', 'user_id': '6db6972a-11ba-4203-a80d-b435f9c20a3f', 'yes_price_dollars': '0.9300'}}",yes,1.0,0.935,,
passive_limit,0.15,KXTRUFTSA-26JUN05-T2300000,0.9239130434782608,0.99,8,5,3,False,"{'order': {'action': 'buy', 'book_side': 'bid', 'client_order_id': '92822086-46d8-4624-8f3c-f8ac89df39ae', 'created_time': '2026-06-05T13:29:20.164184Z', 'expiration_time': '2026-06-05T23:59:00Z', 'fill_count_fp': '0.00', 'initial_count_fp': '3.00', 'last_update_time': '2026-06-05T13:29:20.164184Z', 'maker_fees_dollars': '0.000000', 'maker_fill_cost_dollars': '0.000000', 'no_price_dollars': '0.0800', 'order_id': 'c6437158-12eb-4968-9078-a6d434783acf', 'outcome_side': 'yes', 'remaining_count_fp': '3.00', 'side': 'yes', 'status': 'resting', 'subaccount_number': 0, 'taker_fees_dollars': '0.000000', 'taker_fill_cost_dollars': '0.000000', 'ticker': 'KXTRUFTSA-26JUN05-T2300000', 'type': 'limit', 'user_id': '6db6972a-11ba-4203-a80d-b435f9c20a3f', 'yes_price_dollars': '0.9200'}}",yes,1.0,0.935,,
passive_limit,0.2,KXTRUFTSA-26JUN05-T2300000,0.9195402298850575,0.99,10,8,2,False,"{'order': {'action': 'buy', 'book_side': 'bid', 'client_order_id': '5f069c59-8066-47f2-996b-83a0e977f195', 'created_time': '2026-06-05T13:29:21.338239Z', 'expiration_time': '2026-06-05T23:59:00Z', 'fill_count_fp': '0.00', 'initial_count_fp': '2.00', 'last_update_time': '2026-06-05T13:29:21.338239Z', 'maker_fees_dollars': '0.000000', 'maker_fill_cost_dollars': '0.000000', 'no_price_dollars': '0.0800', 'order_id': 'c23db00a-fa19-471c-afbe-56836c93a6c4', 'outcome_side': 'yes', 'remaining_count_fp': '2.00', 'side': 'yes', 'status': 'resting', 'subaccount_number': 0, 'taker_fees_dollars': '0.000000', 'taker_fill_cost_dollars': '0.000000', 'ticker': 'KXTRUFTSA-26JUN05-T2300000', 'type': 'limit', 'user_id': '6db6972a-11ba-4203-a80d-b435f9c20a3f', 'yes_price_dollars': '0.9200'}}",yes,1.0,0.935,,
passive_limit,0.25,KXTRUFTSA-26JUN05-T2300000,0.9146341463414633,0.99,13,10,3,False,"{'order': {'action': 'buy', 'book_side': 'bid', 'client_order_id': '01479ede-b97b-4260-8c5a-de124bf5ace8', 'created_time': '2026-06-05T13:29:22.518308Z', 'expiration_time': '2026-06-05T23:59:00Z', 'fill_count_fp': '0.00', 'initial_count_fp': '3.00', 'last_update_time': '2026-06-05T13:29:22.518308Z', 'maker_fees_dollars': '0.000000', 'maker_fill_cost_dollars': '0.000000', 'no_price_dollars': '0.0900', 'order_id': '35a919ac-a9a3-4de9-b313-c427bc4131a3', 'outcome_side': 'yes', 'remaining_count_fp': '3.00', 'side': 'yes', 'status': 'resting', 'subaccount_number': 0, 'taker_fees_dollars': '0.000000', 'taker_fill_cost_dollars': '0.000000', 'ticker': 'KXTRUFTSA-26JUN05-T2300000', 'type': 'limit', 'user_id': '6db6972a-11ba-4203-a80d-b435f9c20a3f', 'yes_price_dollars': '0.9100'}}",yes,1.0,0.935,,
passive_limit,0.3,KXTRUFTSA-26JUN05-T2300000,0.9090909090909091,0.99,16,13,3,False,"{'order': {'action': 'buy', 'book_side': 'bid', 'client_order_id': '107494ba-6794-4751-a1bd-4ec1bc955b27', 'created_time': '2026-06-05T13:29:23.685171Z', 'expiration_time': '2026-06-05T23:59:00Z', 'fill_count_fp': '0.00', 'initial_count_fp': '3.00', 'last_update_time': '2026-06-05T13:29:23.685171Z', 'maker_fees_dollars': '0.000000', 'maker_fill_cost_dollars': '0.000000', 'no_price_dollars': '0.0900', 'order_id': '1e282ee4-778c-4b17-a58c-553b2b3f845b', 'outcome_side': 'yes', 'remaining_count_fp': '3.00', 'side': 'yes', 'status': 'resting', 'subaccount_number': 0, 'taker_fees_dollars': '0.000000', 'taker_fill_cost_dollars': '0.000000', 'ticker': 'KXTRUFTSA-26JUN05-T2300000', 'type': 'limit', 'user_id': '6db6972a-11ba-4203-a80d-b435f9c20a3f', 'yes_price_dollars': '0.9100'}}",yes,1.0,0.935,,
passive_limit,0.35,KXTRUFTSA-26JUN05-T2300000,0.9027777777777777,0.99,19,16,3,False,"{'order': {'action': 'buy', 'book_side': 'bid', 'client_order_id': 'af0e3d34-98eb-4677-8b1f-da13b49a785b', 'created_time': '2026-06-05T13:29:24.940258Z', 'expiration_time': '2026-06-05T23:59:00Z', 'fill_count_fp': '0.00', 'initial_count_fp': '3.00', 'last_update_time': '2026-06-05T13:29:24.940258Z', 'maker_fees_dollars': '0.000000', 'maker_fill_cost_dollars': '0.000000', 'no_price_dollars': '0.1000', 'order_id': '8ba92d18-751b-42d1-8c6c-aa0cd6979d37', 'outcome_side': 'yes', 'remaining_count_fp': '3.00', 'side': 'yes', 'status': 'resting', 'subaccount_number': 0, 'taker_fees_dollars': '0.000000', 'taker_fill_cost_dollars': '0.000000', 'ticker': 'KXTRUFTSA-26JUN05-T2300000', 'type': 'limit', 'user_id': '6db6972a-11ba-4203-a80d-b435f9c20a3f', 'yes_price_dollars': '0.9000'}}",yes,1.0,0.935,,
passive_limit,0.4,KXTRUFTSA-26JUN05-T2300000,0.8955223880597014,0.99,22,19,3,False,"{'order': {'action': 'buy', 'book_side': 'bid', 'client_order_id': '9ebd6934-6cc8-4fb1-9b57-1cdd43aba51b', 'created_time': '2026-06-05T13:29:26.116837Z', 'expiration_time': '2026-06-05T23:59:00Z', 'fill_count_fp': '0.00', 'initial_count_fp': '3.00', 'last_update_time': '2026-06-05T13:29:26.116837Z', 'maker_fees_dollars': '0.000000', 'maker_fill_cost_dollars': '0.000000', 'no_price_dollars': '0.1000', 'order_id': '3ab50599-2a1f-47df-939b-b5a753711f6c', 'outcome_side': 'yes', 'remaining_count_fp': '3.00', 'side': 'yes', 'status': 'resting', 'subaccount_number': 0, 'taker_fees_dollars': '0.000000', 'taker_fill_cost_dollars': '0.000000', 'ticker': 'KXTRUFTSA-26JUN05-T2300000', 'type': 'limit', 'user_id': '6db6972a-11ba-4203-a80d-b435f9c20a3f', 'yes_price_dollars': '0.9000'}}",yes,1.0,0.935,,
passive_limit,0.1,KXTRUFTSA-26JUN05-T2400000,0.9278350515463917,0.99,5,0,5,False,"{'order': {'action': 'buy', 'book_side': 'bid', 'client_order_id': '8b1172e9-57a7-458e-bf9b-16f847a176f8', 'created_time': '2026-06-05T13:29:28.040652Z', 'expiration_time': '2026-06-05T23:59:00Z', 'fill_count_fp': '0.00', 'initial_count_fp': '5.00', 'last_update_time': '2026-06-05T13:29:28.040652Z', 'maker_fees_dollars': '0.000000', 'maker_fill_cost_dollars': '0.000000', 'no_price_dollars': '0.0700', 'order_id': 'c078b35f-3007-4331-9662-21db0383a543', 'outcome_side': 'yes', 'remaining_count_fp': '5.00', 'side': 'yes', 'status': 'resting', 'subaccount_number': 0, 'taker_fees_dollars': '0.000000', 'taker_fill_cost_dollars': '0.000000', 'ticker': 'KXTRUFTSA-26JUN05-T2400000', 'type': 'limit', 'user_id': '6db6972a-11ba-4203-a80d-b435f9c20a3f', 'yes_price_dollars': '0.9300'}}",yes,1.0,0.93,,
passive_limit,0.15,KXTRUFTSA-26JUN05-T2400000,0.9239130434782608,0.99,8,5,3,False,"{'order': {'action': 'buy', 'book_side': 'bid', 'client_order_id': '2255db1e-64b0-4167-a660-5d977efb6494', 'created_time': '2026-06-05T13:29:29.221834Z', 'expiration_time': '2026-06-05T23:59:00Z', 'fill_count_fp': '0.00', 'initial_count_fp': '3.00', 'last_update_time': '2026-06-05T13:29:29.221834Z', 'maker_fees_dollars': '0.000000', 'maker_fill_cost_dollars': '0.000000', 'no_price_dollars': '0.0800', 'order_id': 'd00d0ba6-fc1f-4cbe-93ca-9ba30b190e3d', 'outcome_side': 'yes', 'remaining_count_fp': '3.00', 'side': 'yes', 'status': 'resting', 'subaccount_number': 0, 'taker_fees_dollars': '0.000000', 'taker_fill_cost_dollars': '0.000000', 'ticker': 'KXTRUFTSA-26JUN05-T2400000', 'type': 'limit', 'user_id': '6db6972a-11ba-4203-a80d-b435f9c20a3f', 'yes_price_dollars': '0.9200'}}",yes,1.0,0.93,,
passive_limit,0.2,KXTRUFTSA-26JUN05-T2400000,0.9195402298850575,0.99,10,8,2,False,"{'order': {'action': 'buy', 'book_side': 'bid', 'client_order_id': '47a8564a-7ad6-4077-befb-28de30326a59', 'created_time': '2026-06-05T13:29:30.464338Z', 'expiration_time': '2026-06-05T23:59:00Z', 'fill_count_fp': '0.00', 'initial_count_fp': '2.00', 'last_update_time': '2026-06-05T13:29:30.464338Z', 'maker_fees_dollars': '0.000000', 'maker_fill_cost_dollars': '0.000000', 'no_price_dollars': '0.0800', 'order_id': '52c89171-5a37-4a7b-8716-39e8381ed097', 'outcome_side': 'yes', 'remaining_count_fp': '2.00', 'side': 'yes', 'status': 'resting', 'subaccount_number': 0, 'taker_fees_dollars': '0.000000', 'taker_fill_cost_dollars': '0.000000', 'ticker': 'KXTRUFTSA-26JUN05-T2400000', 'type': 'limit', 'user_id': '6db6972a-11ba-4203-a80d-b435f9c20a3f', 'yes_price_dollars': '0.9200'}}",yes,1.0,0.93,,
passive_limit,0.25,KXTRUFTSA-26JUN05-T2400000,0.9146341463414633,0.99,13,10,3,False,"{'order': {'action': 'buy', 'book_side': 'bid', 'client_order_id': '366b77a5-9d6e-42cb-b8ef-df7aefaf0b6e', 'created_time': '2026-06-05T13:29:31.673789Z', 'expiration_time': '2026-06-05T23:59:00Z', 'fill_count_fp': '0.00', 'initial_count_fp': '3.00', 'last_update_time': '2026-06-05T13:29:31.673789Z', 'maker_fees_dollars': '0.000000', 'maker_fill_cost_dollars': '0.000000', 'no_price_dollars': '0.0900', 'order_id': '592fb8f9-9cb4-43a2-a72a-3a72d0c2353b', 'outcome_side': 'yes', 'remaining_count_fp': '3.00', 'side': 'yes', 'status': 'resting', 'subaccount_number': 0, 'taker_fees_dollars': '0.000000', 'taker_fill_cost_dollars': '0.000000', 'ticker': 'KXTRUFTSA-26JUN05-T2400000', 'type': 'limit', 'user_id': '6db6972a-11ba-4203-a80d-b435f9c20a3f', 'yes_price_dollars': '0.9100'}}",yes,1.0,0.93,,
passive_limit,0.3,KXTRUFTSA-26JUN05-T2400000,0.9090909090909091,0.99,16,13,3,False,"{'order': {'action': 'buy', 'book_side': 'bid', 'client_order_id': '7fbebd61-bf44-4b89-ad78-6d88e13a3b63', 'created_time': '2026-06-05T13:29:32.853696Z', 'expiration_time': '2026-06-05T23:59:00Z', 'fill_count_fp': '0.00', 'initial_count_fp': '3.00', 'last_update_time': '2026-06-05T13:29:32.853696Z', 'maker_fees_dollars': '0.000000', 'maker_fill_cost_dollars': '0.000000', 'no_price_dollars': '0.0900', 'order_id': '95d5b26a-beae-4ae3-8876-9d394f6298d6', 'outcome_side': 'yes', 'remaining_count_fp': '3.00', 'side': 'yes', 'status': 'resting', 'subaccount_number': 0, 'taker_fees_dollars': '0.000000', 'taker_fill_cost_dollars': '0.000000', 'ticker': 'KXTRUFTSA-26JUN05-T2400000', 'type': 'limit', 'user_id': '6db6972a-11ba-4203-a80d-b435f9c20a3f', 'yes_price_dollars': '0.9100'}}",yes,1.0,0.93,,
passive_limit,0.35,KXTRUFTSA-26JUN05-T2400000,0.9027777777777777,0.99,19,16,3,False,"{'order': {'action': 'buy', 'book_side': 'bid', 'client_order_id': '3dad5adb-9857-4020-9ebc-db7f137b1934', 'created_time': '2026-06-05T13:29:34.052009Z', 'expiration_time': '2026-06-05T23:59:00Z', 'fill_count_fp': '0.00', 'initial_count_fp': '3.00', 'last_update_time': '2026-06-05T13:29:34.052009Z', 'maker_fees_dollars': '0.000000', 'maker_fill_cost_dollars': '0.000000', 'no_price_dollars': '0.1000', 'order_id': '930bd036-220d-4038-9102-24df41175451', 'outcome_side': 'yes', 'remaining_count_fp': '3.00', 'side': 'yes', 'status': 'resting', 'subaccount_number': 0, 'taker_fees_dollars': '0.000000', 'taker_fill_cost_dollars': '0.000000', 'ticker': 'KXTRUFTSA-26JUN05-T2400000', 'type': 'limit', 'user_id': '6db6972a-11ba-4203-a80d-b435f9c20a3f', 'yes_price_dollars': '0.9000'}}",yes,1.0,0.93,,
passive_limit,0.4,KXTRUFTSA-26JUN05-T2400000,0.8955223880597014,0.99,22,19,3,False,"{'order': {'action': 'buy', 'book_side': 'bid', 'client_order_id': 'abb92da5-44f9-4eb3-b557-688bf73c1a14', 'created_time': '2026-06-05T13:29:35.235027Z', 'expiration_time': '2026-06-05T23:59:00Z', 'fill_count_fp': '0.00', 'initial_count_fp': '3.00', 'last_update_time': '2026-06-05T13:29:35.235027Z', 'maker_fees_dollars': '0.000000', 'maker_fill_cost_dollars': '0.000000', 'no_price_dollars': '0.1000', 'order_id': '7f53d126-946b-4b49-9069-b6b77761021a', 'outcome_side': 'yes', 'remaining_count_fp': '3.00', 'side': 'yes', 'status': 'resting', 'subaccount_number': 0, 'taker_fees_dollars': '0.000000', 'taker_fill_cost_dollars': '0.000000', 'ticker': 'KXTRUFTSA-26JUN05-T2400000', 'type': 'limit', 'user_id': '6db6972a-11ba-4203-a80d-b435f9c20a3f', 'yes_price_dollars': '0.9000'}}",yes,1.0,0.93,,
passive_limit,0.1,KXTRUFTSA-26JUN05-T2500000,0.9278350515415449,0.99,5,0,5,False,"{'order': {'action': 'buy', 'book_side': 'bid', 'client_order_id': 'c0707cc8-9adf-4656-8bd9-62499e0ed5eb', 'created_time': '2026-06-05T13:29:37.20741Z', 'expiration_time': '2026-06-05T23:59:00Z', 'fill_count_fp': '0.00', 'initial_count_fp': '5.00', 'last_update_time': '2026-06-05T13:29:37.20741Z', 'maker_fees_dollars': '0.000000', 'maker_fill_cost_dollars': '0.000000', 'no_price_dollars': '0.0700', 'order_id': 'f90a436d-f683-449d-a171-33e524431c97', 'outcome_side': 'yes', 'remaining_count_fp': '5.00', 'side': 'yes', 'status': 'resting', 'subaccount_number': 0, 'taker_fees_dollars': '0.000000', 'taker_fill_cost_dollars': '0.000000', 'ticker': 'KXTRUFTSA-26JUN05-T2500000', 'type': 'limit', 'user_id': '6db6972a-11ba-4203-a80d-b435f9c20a3f', 'yes_price_dollars': '0.9300'}}",yes,0.9999999999952986,0.94,,
passive_limit,0.15,KXTRUFTSA-26JUN05-T2500000,0.9239130434731506,0.99,8,5,3,False,"{'order': {'action': 'buy', 'book_side': 'bid', 'client_order_id': 'eb3be452-bec1-405e-a708-8d4cc77e3893', 'created_time': '2026-06-05T13:29:38.450488Z', 'expiration_time': '2026-06-05T23:59:00Z', 'fill_count_fp': '0.00', 'initial_count_fp': '3.00', 'last_update_time': '2026-06-05T13:29:38.450488Z', 'maker_fees_dollars': '0.000000', 'maker_fill_cost_dollars': '0.000000', 'no_price_dollars': '0.0800', 'order_id': '0d6faddf-7fbd-4ee8-b5c7-c31f480db0ce', 'outcome_side': 'yes', 'remaining_count_fp': '3.00', 'side': 'yes', 'status': 'resting', 'subaccount_number': 0, 'taker_fees_dollars': '0.000000', 'taker_fill_cost_dollars': '0.000000', 'ticker': 'KXTRUFTSA-26JUN05-T2500000', 'type': 'limit', 'user_id': '6db6972a-11ba-4203-a80d-b435f9c20a3f', 'yes_price_dollars': '0.9200'}}",yes,0.9999999999952986,0.94,,
passive_limit,0.2,KXTRUFTSA-26JUN05-T2500000,0.9195402298796536,0.99,10,8,2,False,"{'order': {'action': 'buy', 'book_side': 'bid', 'client_order_id': 'a9b0225d-5f22-49cc-8382-c8b0d1ce2e4a', 'created_time': '2026-06-05T13:29:39.687367Z', 'expiration_time': '2026-06-05T23:59:00Z', 'fill_count_fp': '0.00', 'initial_count_fp': '2.00', 'last_update_time': '2026-06-05T13:29:39.687367Z', 'maker_fees_dollars': '0.000000', 'maker_fill_cost_dollars': '0.000000', 'no_price_dollars': '0.0800', 'order_id': '0ebf3f0e-bd54-484b-ba3e-5b275e7b4456', 'outcome_side': 'yes', 'remaining_count_fp': '2.00', 'side': 'yes', 'status': 'resting', 'subaccount_number': 0, 'taker_fees_dollars': '0.000000', 'taker_fill_cost_dollars': '0.000000', 'ticker': 'KXTRUFTSA-26JUN05-T2500000', 'type': 'limit', 'user_id': '6db6972a-11ba-4203-a80d-b435f9c20a3f', 'yes_price_dollars': '0.9200'}}",yes,0.9999999999952986,0.94,,
passive_limit,0.25,KXTRUFTSA-26JUN05-T2500000,0.91463414633573,0.99,13,10,3,False,"{'order': {'action': 'buy', 'book_side': 'bid', 'client_order_id': '9355cdb7-e17d-4fb0-8e12-e8ac5119bf59', 'created_time': '2026-06-05T13:29:40.886735Z', 'expiration_time': '2026-06-05T23:59:00Z', 'fill_count_fp': '0.00', 'initial_count_fp': '3.00', 'last_update_time': '2026-06-05T13:29:40.886735Z', 'maker_fees_dollars': '0.000000', 'maker_fill_cost_dollars': '0.000000', 'no_price_dollars': '0.0900', 'order_id': 'af1bd027-1901-4e49-af98-4099ba000bde', 'outcome_side': 'yes', 'remaining_count_fp': '3.00', 'side': 'yes', 'status': 'resting', 'subaccount_number': 0, 'taker_fees_dollars': '0.000000', 'taker_fill_cost_dollars': '0.000000', 'ticker': 'KXTRUFTSA-26JUN05-T2500000', 'type': 'limit', 'user_id': '6db6972a-11ba-4203-a80d-b435f9c20a3f', 'yes_price_dollars': '0.9100'}}",yes,0.9999999999952986,0.94,,
passive_limit,0.3,KXTRUFTSA-26JUN05-T2500000,0.9090909090848034,0.99,16,13,3,False,"{'order': {'action': 'buy', 'book_side': 'bid', 'client_order_id': '9db297e1-1ca3-448a-a1ab-a6f4d8190a51', 'created_time': '2026-06-05T13:29:42.115704Z', 'expiration_time': '2026-06-05T23:59:00Z', 'fill_count_fp': '0.00', 'initial_count_fp': '3.00', 'last_update_time': '2026-06-05T13:29:42.115704Z', 'maker_fees_dollars': '0.000000', 'maker_fill_cost_dollars': '0.000000', 'no_price_dollars': '0.0900', 'order_id': '3038fd23-acff-4111-b0f3-c15507078f6d', 'outcome_side': 'yes', 'remaining_count_fp': '3.00', 'side': 'yes', 'status': 'resting', 'subaccount_number': 0, 'taker_fees_dollars': '0.000000', 'taker_fill_cost_dollars': '0.000000', 'ticker': 'KXTRUFTSA-26JUN05-T2500000', 'type': 'limit', 'user_id': '6db6972a-11ba-4203-a80d-b435f9c20a3f', 'yes_price_dollars': '0.9100'}}",yes,0.9999999999952986,0.94,,
passive_limit,0.35,KXTRUFTSA-26JUN05-T2500000,0.902777777771248,0.99,19,16,3,False,"{'order': {'action': 'buy', 'book_side': 'bid', 'client_order_id': 'cca66343-5f5a-4239-8333-f9d04d051d81', 'created_time': '2026-06-05T13:29:43.299684Z', 'expiration_time': '2026-06-05T23:59:00Z', 'fill_count_fp': '0.00', 'initial_count_fp': '3.00', 'last_update_time': '2026-06-05T13:29:43.299684Z', 'maker_fees_dollars': '0.000000', 'maker_fill_cost_dollars': '0.000000', 'no_price_dollars': '0.1000', 'order_id': 'fce5a66e-c523-4ee4-b63b-94cec6bef876', 'outcome_side': 'yes', 'remaining_count_fp': '3.00', 'side': 'yes', 'status': 'resting', 'subaccount_number': 0, 'taker_fees_dollars': '0.000000', 'taker_fill_cost_dollars': '0.000000', 'ticker': 'KXTRUFTSA-26JUN05-T2500000', 'type': 'limit', 'user_id': '6db6972a-11ba-4203-a80d-b435f9c20a3f', 'yes_price_dollars': '0.9000'}}",yes,0.9999999999952986,0.94,,
passive_limit,0.4,KXTRUFTSA-26JUN05-T2500000,0.8955223880526845,0.99,22,19,3,False,"{'order': {'action': 'buy', 'book_side': 'bid', 'client_order_id': 'c45bb375-1de2-4d88-994d-dfffe6bff586', 'created_time': '2026-06-05T13:29:44.490641Z', 'expiration_time': '2026-06-05T23:59:00Z', 'fill_count_fp': '0.00', 'initial_count_fp': '3.00', 'last_update_time': '2026-06-05T13:29:44.490641Z', 'maker_fees_dollars': '0.000000', 'maker_fill_cost_dollars': '0.000000', 'no_price_dollars': '0.1000', 'order_id': '211b537c-9cd9-4216-ad1f-996b1a30ca30', 'outcome_side': 'yes', 'remaining_count_fp': '3.00', 'side': 'yes', 'status': 'resting', 'subaccount_number': 0, 'taker_fees_dollars': '0.000000', 'taker_fill_cost_dollars': '0.000000', 'ticker': 'KXTRUFTSA-26JUN05-T2500000', 'type': 'limit', 'user_id': '6db6972a-11ba-4203-a80d-b435f9c20a3f', 'yes_price_dollars': '0.9000'}}",yes,0.9999999999952986,0.94,,
passive_limit,0.1,KXTRUFTSA-26JUN05-T2600000,0.9278297842819566,,5,0,5,False,"{'order': {'action': 'buy', 'book_side': 'bid', 'client_order_id': '2f540f2c-a6c9-4c37-b283-3525d4d625e9', 'created_time': '2026-06-05T13:29:46.38462Z', 'expiration_time': '2026-06-05T23:59:00Z', 'fill_count_fp': '0.00', 'initial_count_fp': '5.00', 'last_update_time': '2026-06-05T13:29:46.38462Z', 'maker_fees_dollars': '0.000000', 'maker_fill_cost_dollars': '0.000000', 'no_price_dollars': '0.0700', 'order_id': '6b60e964-e044-4762-8d0f-75c79b279509', 'outcome_side': 'yes', 'remaining_count_fp': '5.00', 'side': 'yes', 'status': 'resting', 'subaccount_number': 0, 'taker_fees_dollars': '0.000000', 'taker_fill_cost_dollars': '0.000000', 'ticker': 'KXTRUFTSA-26JUN05-T2600000', 'type': 'limit', 'user_id': '6db6972a-11ba-4203-a80d-b435f9c20a3f', 'yes_price_dollars': '0.9300'}}",yes,0.999994890753498,0.95,,
passive_limit,0.15,KXTRUFTSA-26JUN05-T2600000,0.9239074899494543,,8,5,3,False,"{'order': {'action': 'buy', 'book_side': 'bid', 'client_order_id': '7f7921c6-1245-4396-8b51-fba198f21ff2', 'created_time': '2026-06-05T13:29:47.574902Z', 'expiration_time': '2026-06-05T23:59:00Z', 'fill_count_fp': '0.00', 'initial_count_fp': '3.00', 'last_update_time': '2026-06-05T13:29:47.574902Z', 'maker_fees_dollars': '0.000000', 'maker_fill_cost_dollars': '0.000000', 'no_price_dollars': '0.0800', 'order_id': '96dec00e-1e86-4274-bff3-91d9dbfb21db', 'outcome_side': 'yes', 'remaining_count_fp': '3.00', 'side': 'yes', 'status': 'resting', 'subaccount_number': 0, 'taker_fees_dollars': '0.000000', 'taker_fill_cost_dollars': '0.000000', 'ticker': 'KXTRUFTSA-26JUN05-T2600000', 'type': 'limit', 'user_id': '6db6972a-11ba-4203-a80d-b435f9c20a3f', 'yes_price_dollars': '0.9200'}}",yes,0.999994890753498,0.95,,
passive_limit,0.2,KXTRUFTSA-26JUN05-T2600000,0.9195343571879285,,10,8,2,False,"{'order': {'action': 'buy', 'book_side': 'bid', 'client_order_id': '2338cb59-5243-479f-af05-937ac8f8af79', 'created_time': '2026-06-05T13:29:48.771589Z', 'expiration_time': '2026-06-05T23:59:00Z', 'fill_count_fp': '0.00', 'initial_count_fp': '2.00', 'last_update_time': '2026-06-05T13:29:48.771589Z', 'maker_fees_dollars': '0.000000', 'maker_fill_cost_dollars': '0.000000', 'no_price_dollars': '0.0800', 'order_id': 'd0e2ed5f-93cb-40aa-b985-c395183d55c1', 'outcome_side': 'yes', 'remaining_count_fp': '2.00', 'side': 'yes', 'status': 'resting', 'subaccount_number': 0, 'taker_fees_dollars': '0.000000', 'taker_fill_cost_dollars': '0.000000', 'ticker': 'KXTRUFTSA-26JUN05-T2600000', 'type': 'limit', 'user_id': '6db6972a-11ba-4203-a80d-b435f9c20a3f', 'yes_price_dollars': '0.9200'}}",yes,0.999994890753498,0.95,,
passive_limit,0.25,KXTRUFTSA-26JUN05-T2600000,0.9146279155530462,,13,10,3,False,"{'order': {'action': 'buy', 'book_side': 'bid', 'client_order_id': '2f156c43-ca0a-465f-920d-692576e34ab4', 'created_time': '2026-06-05T13:29:49.949982Z', 'expiration_time': '2026-06-05T23:59:00Z', 'fill_count_fp': '0.00', 'initial_count_fp': '3.00', 'last_update_time': '2026-06-05T13:29:49.949982Z', 'maker_fees_dollars': '0.000000', 'maker_fill_cost_dollars': '0.000000', 'no_price_dollars': '0.0900', 'order_id': 'a3b9ac06-0dd5-4654-aab4-bfbe116c9cbe', 'outcome_side': 'yes', 'remaining_count_fp': '3.00', 'side': 'yes', 'status': 'resting', 'subaccount_number': 0, 'taker_fees_dollars': '0.000000', 'taker_fill_cost_dollars': '0.000000', 'ticker': 'KXTRUFTSA-26JUN05-T2600000', 'type': 'limit', 'user_id': '6db6972a-11ba-4203-a80d-b435f9c20a3f', 'yes_price_dollars': '0.9100'}}",yes,0.999994890753498,0.95,,
passive_limit,0.3,KXTRUFTSA-26JUN05-T2600000,0.9090842737058417,,16,13,3,False,"{'order': {'action': 'buy', 'book_side': 'bid', 'client_order_id': '0b909eb5-19fd-4179-a739-014080c3a99d', 'created_time': '2026-06-05T13:29:51.157916Z', 'expiration_time': '2026-06-05T23:59:00Z', 'fill_count_fp': '0.00', 'initial_count_fp': '3.00', 'last_update_time': '2026-06-05T13:29:51.157916Z', 'maker_fees_dollars': '0.000000', 'maker_fill_cost_dollars': '0.000000', 'no_price_dollars': '0.0900', 'order_id': '6e6e018f-f1ed-485d-abe7-e9505673cc89', 'outcome_side': 'yes', 'remaining_count_fp': '3.00', 'side': 'yes', 'status': 'resting', 'subaccount_number': 0, 'taker_fees_dollars': '0.000000', 'taker_fill_cost_dollars': '0.000000', 'ticker': 'KXTRUFTSA-26JUN05-T2600000', 'type': 'limit', 'user_id': '6db6972a-11ba-4203-a80d-b435f9c20a3f', 'yes_price_dollars': '0.9100'}}",yes,0.999994890753498,0.95,,
passive_limit,0.35,KXTRUFTSA-26JUN05-T2600000,0.9027706816020805,,19,16,3,False,"{'order': {'action': 'buy', 'book_side': 'bid', 'client_order_id': 'f343b6d5-c9ac-4beb-870a-c0397bb0e0b8', 'created_time': '2026-06-05T13:29:52.350713Z', 'expiration_time': '2026-06-05T23:59:00Z', 'fill_count_fp': '0.00', 'initial_count_fp': '3.00', 'last_update_time': '2026-06-05T13:29:52.350713Z', 'maker_fees_dollars': '0.000000', 'maker_fill_cost_dollars': '0.000000', 'no_price_dollars': '0.1000', 'order_id': '9eefdddb-6aed-48aa-acd0-334381ddf058', 'outcome_side': 'yes', 'remaining_count_fp': '3.00', 'side': 'yes', 'status': 'resting', 'subaccount_number': 0, 'taker_fees_dollars': '0.000000', 'taker_fill_cost_dollars': '0.000000', 'ticker': 'KXTRUFTSA-26JUN05-T2600000', 'type': 'limit', 'user_id': '6db6972a-11ba-4203-a80d-b435f9c20a3f', 'yes_price_dollars': '0.9000'}}",yes,0.999994890753498,0.95,,
passive_limit,0.4,KXTRUFTSA-26JUN05-T2600000,0.8955147623186537,,22,19,3,False,"{'order': {'action': 'buy', 'book_side': 'bid', 'client_order_id': '83978282-4476-4d99-a352-34667904041a', 'created_time': '2026-06-05T13:29:53.528703Z', 'expiration_time': '2026-06-05T23:59:00Z', 'fill_count_fp': '0.00', 'initial_count_fp': '3.00', 'last_update_time': '2026-06-05T13:29:53.528703Z', 'maker_fees_dollars': '0.000000', 'maker_fill_cost_dollars': '0.000000', 'no_price_dollars': '0.1000', 'order_id': '45feaf0f-c320-4628-a5bd-427f9fe83358', 'outcome_side': 'yes', 'remaining_count_fp': '3.00', 'side': 'yes', 'status': 'resting', 'subaccount_number': 0, 'taker_fees_dollars': '0.000000', 'taker_fill_cost_dollars': '0.000000', 'ticker': 'KXTRUFTSA-26JUN05-T2600000', 'type': 'limit', 'user_id': '6db6972a-11ba-4203-a80d-b435f9c20a3f', 'yes_price_dollars': '0.9000'}}",yes,0.999994890753498,0.95,,
passive_limit,0.1,KXTRUFTSA-26JUN05-T2700000,0.9049123682691744,0.95,5,0,5,False,"{'order': {'action': 'buy', 'book_side': 'bid', 'client_order_id': '7c5f9d59-2a4b-483e-959e-474bf7697267', 'created_time': '2026-06-05T13:29:55.450233Z', 'expiration_time': '2026-06-05T23:59:00Z', 'fill_count_fp': '0.00', 'initial_count_fp': '5.00', 'last_update_time': '2026-06-05T13:29:55.450233Z', 'maker_fees_dollars': '0.000000', 'maker_fill_cost_dollars': '0.000000', 'no_price_dollars': '0.1000', 'order_id': '5f285b7f-23e6-42ac-9888-e8d5412354b0', 'outcome_side': 'yes', 'remaining_count_fp': '5.00', 'side': 'yes', 'status': 'resting', 'subaccount_number': 0, 'taker_fees_dollars': '0.000000', 'taker_fill_cost_dollars': '0.000000', 'ticker': 'KXTRUFTSA-26JUN05-T2700000', 'type': 'limit', 'user_id': '6db6972a-11ba-4203-a80d-b435f9c20a3f', 'yes_price_dollars': '0.9000'}}",yes,0.9777649972210992,0.91,,
passive_limit,0.15,KXTRUFTSA-26JUN05-T2700000,0.899744562196847,0.95,8,5,3,False,"{'order': {'action': 'buy', 'book_side': 'bid', 'client_order_id': '5ccd513b-6edf-4275-9db6-6826be14b901', 'created_time': '2026-06-05T13:29:56.661952Z', 'expiration_time': '2026-06-05T23:59:00Z', 'fill_count_fp': '0.00', 'initial_count_fp': '3.00', 'last_update_time': '2026-06-05T13:29:56.661952Z', 'maker_fees_dollars': '0.000000', 'maker_fill_cost_dollars': '0.000000', 'no_price_dollars': '0.1000', 'order_id': '63bbeab2-51ae-4dc8-9c4f-e69ba8b9eda6', 'outcome_side': 'yes', 'remaining_count_fp': '3.00', 'side': 'yes', 'status': 'resting', 'subaccount_number': 0, 'taker_fees_dollars': '0.000000', 'taker_fill_cost_dollars': '0.000000', 'ticker': 'KXTRUFTSA-26JUN05-T2700000', 'type': 'limit', 'user_id': '6db6972a-11ba-4203-a80d-b435f9c20a3f', 'yes_price_dollars': '0.9000'}}",yes,0.9777649972210992,0.91,,
passive_limit,0.2,KXTRUFTSA-26JUN05-T2700000,0.8939827554265506,0.95,11,8,3,False,"{'order': {'action': 'buy', 'book_side': 'bid', 'client_order_id': '2e131361-d748-43a5-a7a2-2e2d62967992', 'created_time': '2026-06-05T13:29:57.855573Z', 'expiration_time': '2026-06-05T23:59:00Z', 'fill_count_fp': '0.00', 'initial_count_fp': '3.00', 'last_update_time': '2026-06-05T13:29:57.855573Z', 'maker_fees_dollars': '0.000000', 'maker_fill_cost_dollars': '0.000000', 'no_price_dollars': '0.1100', 'order_id': '5a1a1a1c-1cfb-437c-85ab-3a0a63ddcbf9', 'outcome_side': 'yes', 'remaining_count_fp': '3.00', 'side': 'yes', 'status': 'resting', 'subaccount_number': 0, 'taker_fees_dollars': '0.000000', 'taker_fill_cost_dollars': '0.000000', 'ticker': 'KXTRUFTSA-26JUN05-T2700000', 'type': 'limit', 'user_id': '6db6972a-11ba-4203-a80d-b435f9c20a3f', 'yes_price_dollars': '0.8900'}}",yes,0.9777649972210992,0.91,,
passive_limit,0.25,KXTRUFTSA-26JUN05-T2700000,0.8875182892940233,0.95,13,11,2,False,"{'order': {'action': 'buy', 'book_side': 'bid', 'client_order_id': '0b67faf3-256f-4034-9e05-d7b96239d73b', 'created_time': '2026-06-05T13:29:59.096917Z', 'expiration_time': '2026-06-05T23:59:00Z', 'fill_count_fp': '0.00', 'initial_count_fp': '2.00', 'last_update_time': '2026-06-05T13:29:59.096917Z', 'maker_fees_dollars': '0.000000', 'maker_fill_cost_dollars': '0.000000', 'no_price_dollars': '0.1100', 'order_id': 'ba26bd7b-aac9-4d6c-9346-b63f02889c76', 'outcome_side': 'yes', 'remaining_count_fp': '2.00', 'side': 'yes', 'status': 'resting', 'subaccount_number': 0, 'taker_fees_dollars': '0.000000', 'taker_fill_cost_dollars': '0.000000', 'ticker': 'KXTRUFTSA-26JUN05-T2700000', 'type': 'limit', 'user_id': '6db6972a-11ba-4203-a80d-b435f9c20a3f', 'yes_price_dollars': '0.8900'}}",yes,0.9777649972210992,0.91,,
passive_limit,0.3,KXTRUFTSA-26JUN05-T2700000,0.8802142821053237,0.95,16,13,3,False,"{'order': {'action': 'buy', 'book_side': 'bid', 'client_order_id': 'e5ecce7e-fc74-4b6c-9ba4-9ff8ab222d29', 'created_time': '2026-06-05T13:30:00.299304Z', 'expiration_time': '2026-06-05T23:59:00Z', 'fill_count_fp': '0.00', 'initial_count_fp': '3.00', 'last_update_time': '2026-06-05T13:30:00.299304Z', 'maker_fees_dollars': '0.000000', 'maker_fill_cost_dollars': '0.000000', 'no_price_dollars': '0.1200', 'order_id': '7fdc7c7b-fe8d-425c-9fd7-b066c8907666', 'outcome_side': 'yes', 'remaining_count_fp': '3.00', 'side': 'yes', 'status': 'resting', 'subaccount_number': 0, 'taker_fees_dollars': '0.000000', 'taker_fill_cost_dollars': '0.000000', 'ticker': 'KXTRUFTSA-26JUN05-T2700000', 'type': 'limit', 'user_id': '6db6972a-11ba-4203-a80d-b435f9c20a3f', 'yes_price_dollars': '0.8800'}}",yes,0.9777649972210992,0.91,,
passive_limit,0.35,KXTRUFTSA-26JUN05-T2700000,0.8718958294737489,0.95,19,16,3,False,"{'order': {'action': 'buy', 'book_side': 'bid', 'client_order_id': '50423271-0200-481b-831e-4e965ce20a69', 'created_time': '2026-06-05T13:30:01.625878Z', 'expiration_time': '2026-06-05T23:59:00Z', 'fill_count_fp': '0.00', 'initial_count_fp': '3.00', 'last_update_time': '2026-06-05T13:30:01.625878Z', 'maker_fees_dollars': '0.000000', 'maker_fill_cost_dollars': '0.000000', 'no_price_dollars': '0.1300', 'order_id': 'c89304bf-a937-410c-b32a-22ccf5b1a1d6', 'outcome_side': 'yes', 'remaining_count_fp': '3.00', 'side': 'yes', 'status': 'resting', 'subaccount_number': 0, 'taker_fees_dollars': '0.000000', 'taker_fill_cost_dollars': '0.000000', 'ticker': 'KXTRUFTSA-26JUN05-T2700000', 'type': 'limit', 'user_id': '6db6972a-11ba-4203-a80d-b435f9c20a3f', 'yes_price_dollars': '0.8700'}}",yes,0.9777649972210992,0.91,,
passive_limit,0.4,KXTRUFTSA-26JUN05-T2700000,0.8623358167479092,0.95,22,19,3,False,"{'order': {'action': 'buy', 'book_side': 'bid', 'client_order_id': '68425125-8808-459a-9926-b00081c843b1', 'created_time': '2026-06-05T13:30:02.831782Z', 'expiration_time': '2026-06-05T23:59:00Z', 'fill_count_fp': '0.00', 'initial_count_fp': '3.00', 'last_update_time': '2026-06-05T13:30:02.831782Z', 'maker_fees_dollars': '0.000000', 'maker_fill_cost_dollars': '0.000000', 'no_price_dollars': '0.1400', 'order_id': '19b64695-6b0d-473a-bd26-7402feab778a', 'outcome_side': 'yes', 'remaining_count_fp': '3.00', 'side': 'yes', 'status': 'resting', 'subaccount_number': 0, 'taker_fees_dollars': '0.000000', 'taker_fill_cost_dollars': '0.000000', 'ticker': 'KXTRUFTSA-26JUN05-T2700000', 'type': 'limit', 'user_id': '6db6972a-11ba-4203-a80d-b435f9c20a3f', 'yes_price_dollars': '0.8600'}}",yes,0.9777649972210992,0.91,,
aggressive_buy,0.1,KXTRUFTSA-26JUN05-T2800000,0.15,,31,0,31,False,"{'order': {'action': 'buy', 'book_side': 'bid', 'client_order_id': '43819e70-4d01-458d-9118-6315844fd894', 'created_time': '2026-06-05T13:30:04.194527Z', 'expiration_time': '2026-06-05T23:59:00Z', 'fill_count_fp': '31.00', 'initial_count_fp': '31.00', 'last_update_time': '2026-06-05T13:30:04.194527Z', 'maker_fees_dollars': '0.000000', 'maker_fill_cost_dollars': '0.000000', 'no_price_dollars': '0.8500', 'order_id': 'b3270a64-9d37-4fc9-919b-a8810cac19cb', 'outcome_side': 'yes', 'remaining_count_fp': '0.00', 'side': 'yes', 'status': 'executed', 'subaccount_number': 0, 'taker_fees_dollars': '0.268300', 'taker_fill_cost_dollars': '4.480000', 'ticker': 'KXTRUFTSA-26JUN05-T2800000', 'type': 'limit', 'user_id': '6db6972a-11ba-4203-a80d-b435f9c20a3f', 'yes_price_dollars': '0.1500'}}",yes,0.3470744992986286,0.1,0.25471597865837997,177.0
aggressive_buy,0.15,KXTRUFTSA-26JUN05-T2800000,0.15,,47,31,16,False,"{'order': {'action': 'buy', 'book_side': 'bid', 'client_order_id': '9df34c7a-7300-4f05-9a54-39911d13b4ab', 'created_time': '2026-06-05T13:30:05.409365Z', 'expiration_time': '2026-06-05T23:59:00Z', 'fill_count_fp': '16.00', 'initial_count_fp': '16.00', 'last_update_time': '2026-06-05T13:30:05.409365Z', 'maker_fees_dollars': '0.000000', 'maker_fill_cost_dollars': '0.000000', 'no_price_dollars': '0.8500', 'order_id': 'fa7352f2-562c-4c18-bedb-6bea54573d71', 'outcome_side': 'yes', 'remaining_count_fp': '0.00', 'side': 'yes', 'status': 'executed', 'subaccount_number': 0, 'taker_fees_dollars': '0.142800', 'taker_fill_cost_dollars': '2.400000', 'ticker': 'KXTRUFTSA-26JUN05-T2800000', 'type': 'limit', 'user_id': '6db6972a-11ba-4203-a80d-b435f9c20a3f', 'yes_price_dollars': '0.1500'}}",yes,0.3470744992986286,0.1,0.21421141228111804,146.0
aggressive_buy,0.2,KXTRUFTSA-26JUN05-T2800000,0.15,,62,47,15,False,"{'order': {'action': 'buy', 'book_side': 'bid', 'client_order_id': 'e406cbe5-a2c1-4f74-882c-e6bda9d74707', 'created_time': '2026-06-05T13:30:06.611743Z', 'expiration_time': '2026-06-05T23:59:00Z', 'fill_count_fp': '15.00', 'initial_count_fp': '15.00', 'last_update_time': '2026-06-05T13:30:06.611743Z', 'maker_fees_dollars': '0.000000', 'maker_fill_cost_dollars': '0.000000', 'no_price_dollars': '0.8500', 'order_id': 'e0c00cfb-b79c-4981-991e-36109f577e16', 'outcome_side': 'yes', 'remaining_count_fp': '0.00', 'side': 'yes', 'status': 'executed', 'subaccount_number': 0, 'taker_fees_dollars': '0.133900', 'taker_fill_cost_dollars': '2.250000', 'ticker': 'KXTRUFTSA-26JUN05-T2800000', 'type': 'limit', 'user_id': '6db6972a-11ba-4203-a80d-b435f9c20a3f', 'yes_price_dollars': '0.1500'}}",yes,0.3470744992986286,0.1,0.1690511486191133,130.0
passive_limit,0.15,KXTRUFTSA-26JUN05-T2800000,0.5466581529362733,0.94,13,0,13,False,"{'order': {'action': 'buy', 'book_side': 'ask', 'client_order_id': '16a91682-b966-4323-9d37-c4fab3b75dfa', 'created_time': '2026-06-05T13:30:07.893886Z', 'expiration_time': '2026-06-05T23:59:00Z', 'fill_count_fp': '0.00', 'initial_count_fp': '13.00', 'last_update_time': '2026-06-05T13:30:07.893886Z', 'maker_fees_dollars': '0.000000', 'maker_fill_cost_dollars': '0.000000', 'no_price_dollars': '0.5500', 'order_id': 'a7ead2d1-1107-4cd5-b397-ab66cf4881a1', 'outcome_side': 'no', 'remaining_count_fp': '13.00', 'side': 'no', 'status': 'resting', 'subaccount_number': 0, 'taker_fees_dollars': '0.000000', 'taker_fill_cost_dollars': '0.000000', 'ticker': 'KXTRUFTSA-26JUN05-T2800000', 'type': 'limit', 'user_id': '6db6972a-11ba-4203-a80d-b435f9c20a3f', 'yes_price_dollars': '0.4500'}}",no,0.6529255007013715,0.9,,
passive_limit,0.2,KXTRUFTSA-26JUN05-T2800000,0.5206040237946797,0.94,18,13,5,False,"{'order': {'action': 'buy', 'book_side': 'ask', 'client_order_id': '334aae7a-3317-4a3c-9ae1-a36642cb9bfd', 'created_time': '2026-06-05T13:30:09.095011Z', 'expiration_time': '2026-06-05T23:59:00Z', 'fill_count_fp': '0.00', 'initial_count_fp': '5.00', 'last_update_time': '2026-06-05T13:30:09.095011Z', 'maker_fees_dollars': '0.000000', 'maker_fill_cost_dollars': '0.000000', 'no_price_dollars': '0.5200', 'order_id': 'f2a46835-01d6-4899-85c1-5b1e006b48e7', 'outcome_side': 'no', 'remaining_count_fp': '5.00', 'side': 'no', 'status': 'resting', 'subaccount_number': 0, 'taker_fees_dollars': '0.000000', 'taker_fill_cost_dollars': '0.000000', 'ticker': 'KXTRUFTSA-26JUN05-T2800000', 'type': 'limit', 'user_id': '6db6972a-11ba-4203-a80d-b435f9c20a3f', 'yes_price_dollars': '0.4800'}}",no,0.6529255007013715,0.9,,
passive_limit,0.25,KXTRUFTSA-26JUN05-T2800000,0.49137256183094075,0.94,24,18,6,False,"{'order': {'action': 'buy', 'book_side': 'ask', 'client_order_id': '5692774b-1644-47ce-bee8-dc38d95832cc', 'created_time': '2026-06-05T13:30:10.285727Z', 'expiration_time': '2026-06-05T23:59:00Z', 'fill_count_fp': '0.00', 'initial_count_fp': '6.00', 'last_update_time': '2026-06-05T13:30:10.285727Z', 'maker_fees_dollars': '0.000000', 'maker_fill_cost_dollars': '0.000000', 'no_price_dollars': '0.4900', 'order_id': '70d71a67-1186-4c16-a4fc-cd659b3c94c2', 'outcome_side': 'no', 'remaining_count_fp': '6.00', 'side': 'no', 'status': 'resting', 'subaccount_number': 0, 'taker_fees_dollars': '0.000000', 'taker_fill_cost_dollars': '0.000000', 'ticker': 'KXTRUFTSA-26JUN05-T2800000', 'type': 'limit', 'user_id': '6db6972a-11ba-4203-a80d-b435f9c20a3f', 'yes_price_dollars': '0.5100'}}",no,0.6529255007013715,0.9,,
passive_limit,0.3,KXTRUFTSA-26JUN05-T2800000,0.45834480610567724,0.94,31,24,7,False,"{'order': {'action': 'buy', 'book_side': 'ask', 'client_order_id': '0d066165-6e8f-408b-a469-a2fa4dd069c9', 'created_time': '2026-06-05T13:30:11.457177Z', 'expiration_time': '2026-06-05T23:59:00Z', 'fill_count_fp': '0.00', 'initial_count_fp': '7.00', 'last_update_time': '2026-06-05T13:30:11.457177Z', 'maker_fees_dollars': '0.000000', 'maker_fill_cost_dollars': '0.000000', 'no_price_dollars': '0.4600', 'order_id': '334e62d7-7fe1-44ba-a873-9ab91a791afd', 'outcome_side': 'no', 'remaining_count_fp': '7.00', 'side': 'no', 'status': 'resting', 'subaccount_number': 0, 'taker_fees_dollars': '0.000000', 'taker_fill_cost_dollars': '0.000000', 'ticker': 'KXTRUFTSA-26JUN05-T2800000', 'type': 'limit', 'user_id': '6db6972a-11ba-4203-a80d-b435f9c20a3f', 'yes_price_dollars': '0.5400'}}",no,0.6529255007013715,0.9,,
passive_limit,0.35,KXTRUFTSA-26JUN05-T2800000,0.4207298620852381,0.94,39,31,8,False,"{'order': {'action': 'buy', 'book_side': 'ask', 'client_order_id': '1435e33b-0f04-44b4-b15a-ea739493c695', 'created_time': '2026-06-05T13:30:12.622949Z', 'expiration_time': '2026-06-05T23:59:00Z', 'fill_count_fp': '0.00', 'initial_count_fp': '8.00', 'last_update_time': '2026-06-05T13:30:12.622949Z', 'maker_fees_dollars': '0.000000', 'maker_fill_cost_dollars': '0.000000', 'no_price_dollars': '0.4200', 'order_id': '1e044b45-52b3-41b7-a888-605cb6c10766', 'outcome_side': 'no', 'remaining_count_fp': '8.00', 'side': 'no', 'status': 'resting', 'subaccount_number': 0, 'taker_fees_dollars': '0.000000', 'taker_fill_cost_dollars': '0.000000', 'ticker': 'KXTRUFTSA-26JUN05-T2800000', 'type': 'limit', 'user_id': '6db6972a-11ba-4203-a80d-b435f9c20a3f', 'yes_price_dollars': '0.5800'}}",no,0.6529255007013715,0.9,,
passive_limit,0.4,KXTRUFTSA-26JUN05-T2800000,0.3775007473154797,0.94,50,39,11,False,"{'order': {'action': 'buy', 'book_side': 'ask', 'client_order_id': '7faf8bd9-86e2-4771-9bdd-3010641ab746', 'created_time': '2026-06-05T13:30:13.787754Z', 'expiration_time': '2026-06-05T23:59:00Z', 'fill_count_fp': '0.00', 'initial_count_fp': '11.00', 'last_update_time': '2026-06-05T13:30:13.787754Z', 'maker_fees_dollars': '0.000000', 'maker_fill_cost_dollars': '0.000000', 'no_price_dollars': '0.3800', 'order_id': '6730c616-854b-4186-8a73-cfc8e1a2e4c0', 'outcome_side': 'no', 'remaining_count_fp': '11.00', 'side': 'no', 'status': 'resting', 'subaccount_number': 0, 'taker_fees_dollars': '0.000000', 'taker_fill_cost_dollars': '0.000000', 'ticker': 'KXTRUFTSA-26JUN05-T2800000', 'type': 'limit', 'user_id': '6db6972a-11ba-4203-a80d-b435f9c20a3f', 'yes_price_dollars': '0.6200'}}",no,0.6529255007013715,0.9,,
passive_limit,0.15,KXTRUFTSA-26JUN05-T2900000,0.9211019463998924,,8,0,8,False,"{'order': {'action': 'buy', 'book_side': 'ask', 'client_order_id': '222633f9-6bbf-47e5-9a7f-a68f7bb1da78', 'created_time': '2026-06-05T13:30:15.780476Z', 'expiration_time': '2026-06-05T23:59:00Z', 'fill_count_fp': '0.00', 'initial_count_fp': '8.00', 'last_update_time': '2026-06-05T13:30:15.780476Z', 'maker_fees_dollars': '0.000000', 'maker_fill_cost_dollars': '0.000000', 'no_price_dollars': '0.9200', 'order_id': 'eb0da9a5-3228-4073-b843-6ca079be6582', 'outcome_side': 'no', 'remaining_count_fp': '8.00', 'side': 'no', 'status': 'resting', 'subaccount_number': 0, 'taker_fees_dollars': '0.000000', 'taker_fill_cost_dollars': '0.000000', 'ticker': 'KXTRUFTSA-26JUN05-T2900000', 'type': 'limit', 'user_id': '6db6972a-11ba-4203-a80d-b435f9c20a3f', 'yes_price_dollars': '0.0800'}}",no,0.997413790687901,0.9299999999999999,,
passive_limit,0.2,KXTRUFTSA-26JUN05-T2900000,0.9165675755033345,,10,8,2,False,"{'order': {'action': 'buy', 'book_side': 'ask', 'client_order_id': '6a26854c-0cec-4fb1-b578-5e9cfcc0893e', 'created_time': '2026-06-05T13:30:16.956913Z', 'expiration_time': '2026-06-05T23:59:00Z', 'fill_count_fp': '0.00', 'initial_count_fp': '2.00', 'last_update_time': '2026-06-05T13:30:16.956913Z', 'maker_fees_dollars': '0.000000', 'maker_fill_cost_dollars': '0.000000', 'no_price_dollars': '0.9200', 'order_id': 'd6cfa9a1-f9f6-4252-963e-585d082e87d1', 'outcome_side': 'no', 'remaining_count_fp': '2.00', 'side': 'no', 'status': 'resting', 'subaccount_number': 0, 'taker_fees_dollars': '0.000000', 'taker_fill_cost_dollars': '0.000000', 'ticker': 'KXTRUFTSA-26JUN05-T2900000', 'type': 'limit', 'user_id': '6db6972a-11ba-4203-a80d-b435f9c20a3f', 'yes_price_dollars': '0.0800'}}",no,0.997413790687901,0.9299999999999999,,
passive_limit,0.25,KXTRUFTSA-26JUN05-T2900000,0.9114802325462207,,13,10,3,False,"{'order': {'action': 'buy', 'book_side': 'ask', 'client_order_id': '90a01bb8-a357-484e-94fa-a53836bc0a01', 'created_time': '2026-06-05T13:30:18.14245Z', 'expiration_time': '2026-06-05T23:59:00Z', 'fill_count_fp': '0.00', 'initial_count_fp': '3.00', 'last_update_time': '2026-06-05T13:30:18.14245Z', 'maker_fees_dollars': '0.000000', 'maker_fill_cost_dollars': '0.000000', 'no_price_dollars': '0.9100', 'order_id': 'a7ef81a3-206f-43c0-a7b2-e99d048f5277', 'outcome_side': 'no', 'remaining_count_fp': '3.00', 'side': 'no', 'status': 'resting', 'subaccount_number': 0, 'taker_fees_dollars': '0.000000', 'taker_fill_cost_dollars': '0.000000', 'ticker': 'KXTRUFTSA-26JUN05-T2900000', 'type': 'limit', 'user_id': '6db6972a-11ba-4203-a80d-b435f9c20a3f', 'yes_price_dollars': '0.0900'}}",no,0.997413790687901,0.9299999999999999,,
passive_limit,0.3,KXTRUFTSA-26JUN05-T2900000,0.9057321956985727,,16,13,3,False,"{'order': {'action': 'buy', 'book_side': 'ask', 'client_order_id': '4acb2d06-889a-4580-b69e-e974be430ceb', 'created_time': '2026-06-05T13:30:19.335842Z', 'expiration_time': '2026-06-05T23:59:00Z', 'fill_count_fp': '0.00', 'initial_count_fp': '3.00', 'last_update_time': '2026-06-05T13:30:19.335842Z', 'maker_fees_dollars': '0.000000', 'maker_fill_cost_dollars': '0.000000', 'no_price_dollars': '0.9100', 'order_id': 'ede1a940-4de5-4e78-92ec-db085ef643ec', 'outcome_side': 'no', 'remaining_count_fp': '3.00', 'side': 'no', 'status': 'resting', 'subaccount_number': 0, 'taker_fees_dollars': '0.000000', 'taker_fill_cost_dollars': '0.000000', 'ticker': 'KXTRUFTSA-26JUN05-T2900000', 'type': 'limit', 'user_id': '6db6972a-11ba-4203-a80d-b435f9c20a3f', 'yes_price_dollars': '0.0900'}}",no,0.997413790687901,0.9299999999999999,,
passive_limit,0.35,KXTRUFTSA-26JUN05-T2900000,0.8991858203998625,,19,16,3,False,"{'order': {'action': 'buy', 'book_side': 'ask', 'client_order_id': '71179bfa-23e3-4200-b37f-4b852c240068', 'created_time': '2026-06-05T13:30:20.565311Z', 'expiration_time': '2026-06-05T23:59:00Z', 'fill_count_fp': '0.00', 'initial_count_fp': '3.00', 'last_update_time': '2026-06-05T13:30:20.565311Z', 'maker_fees_dollars': '0.000000', 'maker_fill_cost_dollars': '0.000000', 'no_price_dollars': '0.9000', 'order_id': '7f94c06a-0205-416e-850c-5cef3b1a44a8', 'outcome_side': 'no', 'remaining_count_fp': '3.00', 'side': 'no', 'status': 'resting', 'subaccount_number': 0, 'taker_fees_dollars': '0.000000', 'taker_fill_cost_dollars': '0.000000', 'ticker': 'KXTRUFTSA-26JUN05-T2900000', 'type': 'limit', 'user_id': '6db6972a-11ba-4203-a80d-b435f9c20a3f', 'yes_price_dollars': '0.1000'}}",no,0.997413790687901,0.9299999999999999,,
passive_limit,0.4,KXTRUFTSA-26JUN05-T2900000,0.8916623741610462,,22,19,3,False,"{'order': {'action': 'buy', 'book_side': 'ask', 'client_order_id': '48f1cc28-7859-424c-8c4b-96d717813904', 'created_time': '2026-06-05T13:30:21.771139Z', 'expiration_time': '2026-06-05T23:59:00Z', 'fill_count_fp': '0.00', 'initial_count_fp': '3.00', 'last_update_time': '2026-06-05T13:30:21.771139Z', 'maker_fees_dollars': '0.000000', 'maker_fill_cost_dollars': '0.000000', 'no_price_dollars': '0.8900', 'order_id': 'b37b60ab-ed66-4d9e-a3be-7a230a440cda', 'outcome_side': 'no', 'remaining_count_fp': '3.00', 'side': 'no', 'status': 'resting', 'subaccount_number': 0, 'taker_fees_dollars': '0.000000', 'taker_fill_cost_dollars': '0.000000', 'ticker': 'KXTRUFTSA-26JUN05-T2900000', 'type': 'limit', 'user_id': '6db6972a-11ba-4203-a80d-b435f9c20a3f', 'yes_price_dollars': '0.1100'}}",no,0.997413790687901,0.9299999999999999,,
passive_limit,0.15,KXTRUFTSA-26JUN05-T3000000,0.9239129345611748,,8,0,8,False,"{'order': {'action': 'buy', 'book_side': 'ask', 'client_order_id': '4e007a07-0b4b-464e-af33-5ba63a6b6449', 'created_time': '2026-06-05T13:30:23.699489Z', 'expiration_time': '2026-06-05T23:59:00Z', 'fill_count_fp': '0.00', 'initial_count_fp': '8.00', 'last_update_time': '2026-06-05T13:30:23.699489Z', 'maker_fees_dollars': '0.000000', 'maker_fill_cost_dollars': '0.000000', 'no_price_dollars': '0.9200', 'order_id': 'aaf2e4a1-7e7c-486f-b81e-6eec110ea7dc', 'outcome_side': 'no', 'remaining_count_fp': '8.00', 'side': 'no', 'status': 'resting', 'subaccount_number': 0, 'taker_fees_dollars': '0.000000', 'taker_fill_cost_dollars': '0.000000', 'ticker': 'KXTRUFTSA-26JUN05-T3000000', 'type': 'limit', 'user_id': '6db6972a-11ba-4203-a80d-b435f9c20a3f', 'yes_price_dollars': '0.0800'}}",no,0.9999998997962809,0.9299999999999999,,
passive_limit,0.2,KXTRUFTSA-26JUN05-T3000000,0.9195401147083688,,10,8,2,False,"{'order': {'action': 'buy', 'book_side': 'ask', 'client_order_id': 'f9a7cdd9-a333-40ac-92ab-859a852b17f4', 'created_time': '2026-06-05T13:30:24.880784Z', 'expiration_time': '2026-06-05T23:59:00Z', 'fill_count_fp': '0.00', 'initial_count_fp': '2.00', 'last_update_time': '2026-06-05T13:30:24.880784Z', 'maker_fees_dollars': '0.000000', 'maker_fill_cost_dollars': '0.000000', 'no_price_dollars': '0.9200', 'order_id': '02def570-a222-4cea-bf54-47bbb426ae09', 'outcome_side': 'no', 'remaining_count_fp': '2.00', 'side': 'no', 'status': 'resting', 'subaccount_number': 0, 'taker_fees_dollars': '0.000000', 'taker_fill_cost_dollars': '0.000000', 'ticker': 'KXTRUFTSA-26JUN05-T3000000', 'type': 'limit', 'user_id': '6db6972a-11ba-4203-a80d-b435f9c20a3f', 'yes_price_dollars': '0.0800'}}",no,0.9999998997962809,0.9299999999999999,,
passive_limit,0.25,KXTRUFTSA-26JUN05-T3000000,0.914634024141806,,13,10,3,False,"{'order': {'action': 'buy', 'book_side': 'ask', 'client_order_id': '2f3ab2a7-e386-4450-abba-800252bef234', 'created_time': '2026-06-05T13:30:26.064564Z', 'expiration_time': '2026-06-05T23:59:00Z', 'fill_count_fp': '0.00', 'initial_count_fp': '3.00', 'last_update_time': '2026-06-05T13:30:26.064564Z', 'maker_fees_dollars': '0.000000', 'maker_fill_cost_dollars': '0.000000', 'no_price_dollars': '0.9100', 'order_id': '426504b4-412b-422a-9312-0430b00e3ab8', 'outcome_side': 'no', 'remaining_count_fp': '3.00', 'side': 'no', 'status': 'resting', 'subaccount_number': 0, 'taker_fees_dollars': '0.000000', 'taker_fill_cost_dollars': '0.000000', 'ticker': 'KXTRUFTSA-26JUN05-T3000000', 'type': 'limit', 'user_id': '6db6972a-11ba-4203-a80d-b435f9c20a3f', 'yes_price_dollars': '0.0900'}}",no,0.9999998997962809,0.9299999999999999,,
passive_limit,0.3,KXTRUFTSA-26JUN05-T3000000,0.9090907789562089,,16,13,3,False,"{'order': {'action': 'buy', 'book_side': 'ask', 'client_order_id': 'a8f1cccc-a29b-4ff3-a20a-49eccbcfa599', 'created_time': '2026-06-05T13:30:27.243035Z', 'expiration_time': '2026-06-05T23:59:00Z', 'fill_count_fp': '0.00', 'initial_count_fp': '3.00', 'last_update_time': '2026-06-05T13:30:27.243035Z', 'maker_fees_dollars': '0.000000', 'maker_fill_cost_dollars': '0.000000', 'no_price_dollars': '0.9100', 'order_id': '70bedfd0-00cb-4617-8626-054fb828a794', 'outcome_side': 'no', 'remaining_count_fp': '3.00', 'side': 'no', 'status': 'resting', 'subaccount_number': 0, 'taker_fees_dollars': '0.000000', 'taker_fill_cost_dollars': '0.000000', 'ticker': 'KXTRUFTSA-26JUN05-T3000000', 'type': 'limit', 'user_id': '6db6972a-11ba-4203-a80d-b435f9c20a3f', 'yes_price_dollars': '0.0900'}}",no,0.9999998997962809,0.9299999999999999,,
passive_limit,0.35,KXTRUFTSA-26JUN05-T3000000,0.9027776386059456,,19,16,3,False,"{'order': {'action': 'buy', 'book_side': 'ask', 'client_order_id': 'e736fd83-1b85-4a33-88cb-a329f367e8a7', 'created_time': '2026-06-05T13:30:28.448007Z', 'expiration_time': '2026-06-05T23:59:00Z', 'fill_count_fp': '0.00', 'initial_count_fp': '3.00', 'last_update_time': '2026-06-05T13:30:28.448007Z', 'maker_fees_dollars': '0.000000', 'maker_fill_cost_dollars': '0.000000', 'no_price_dollars': '0.9000', 'order_id': 'a9f1008a-8260-4057-a4b3-2c860aa40df8', 'outcome_side': 'no', 'remaining_count_fp': '3.00', 'side': 'no', 'status': 'resting', 'subaccount_number': 0, 'taker_fees_dollars': '0.000000', 'taker_fill_cost_dollars': '0.000000', 'ticker': 'KXTRUFTSA-26JUN05-T3000000', 'type': 'limit', 'user_id': '6db6972a-11ba-4203-a80d-b435f9c20a3f', 'yes_price_dollars': '0.1000'}}",no,0.9999998997962809,0.9299999999999999,,
passive_limit,0.4,KXTRUFTSA-26JUN05-T3000000,0.8955222385019117,,22,19,3,False,"{'order': {'action': 'buy', 'book_side': 'ask', 'client_order_id': '3d7c9456-ae0c-4c03-86e5-0ddce45456e7', 'created_time': '2026-06-05T13:30:29.683602Z', 'expiration_time': '2026-06-05T23:59:00Z', 'fill_count_fp': '0.00', 'initial_count_fp': '3.00', 'last_update_time': '2026-06-05T13:30:29.683602Z', 'maker_fees_dollars': '0.000000', 'maker_fill_cost_dollars': '0.000000', 'no_price_dollars': '0.9000', 'order_id': 'ca539ef1-30fb-4aa8-8b6c-580d052ea07e', 'outcome_side': 'no', 'remaining_count_fp': '3.00', 'side': 'no', 'status': 'resting', 'subaccount_number': 0, 'taker_fees_dollars': '0.000000', 'taker_fill_cost_dollars': '0.000000', 'ticker': 'KXTRUFTSA-26JUN05-T3000000', 'type': 'limit', 'user_id': '6db6972a-11ba-4203-a80d-b435f9c20a3f', 'yes_price_dollars': '0.1000'}}",no,0.9999998997962809,0.9299999999999999,,
passive_limit,0.15,KXTRUFTSA-26JUN05-T3100000,0.923913043478245,,8,0,8,False,"{'order': {'action': 'buy', 'book_side': 'ask', 'client_order_id': '4aeaa1ae-07ef-477c-af2c-b4d4fdd39d71', 'created_time': '2026-06-05T13:30:31.590649Z', 'expiration_time': '2026-06-05T23:59:00Z', 'fill_count_fp': '0.00', 'initial_count_fp': '8.00', 'last_update_time': '2026-06-05T13:30:31.590649Z', 'maker_fees_dollars': '0.000000', 'maker_fill_cost_dollars': '0.000000', 'no_price_dollars': '0.9200', 'order_id': '46eae613-e57b-4d74-bb45-ecd660946de7', 'outcome_side': 'no', 'remaining_count_fp': '8.00', 'side': 'no', 'status': 'resting', 'subaccount_number': 0, 'taker_fees_dollars': '0.000000', 'taker_fill_cost_dollars': '0.000000', 'ticker': 'KXTRUFTSA-26JUN05-T3100000', 'type': 'limit', 'user_id': '6db6972a-11ba-4203-a80d-b435f9c20a3f', 'yes_price_dollars': '0.0800'}}",no,0.9999999999999855,0.91,,
passive_limit,0.2,KXTRUFTSA-26JUN05-T3100000,0.9195402298850406,,10,8,2,False,"{'order': {'action': 'buy', 'book_side': 'ask', 'client_order_id': '5ba796b9-1368-4ada-90e1-c1b4784aa9a9', 'created_time': '2026-06-05T13:30:32.755746Z', 'expiration_time': '2026-06-05T23:59:00Z', 'fill_count_fp': '0.00', 'initial_count_fp': '2.00', 'last_update_time': '2026-06-05T13:30:32.755746Z', 'maker_fees_dollars': '0.000000', 'maker_fill_cost_dollars': '0.000000', 'no_price_dollars': '0.9200', 'order_id': '084afbd4-f0fc-414e-9f05-5983f0557bd0', 'outcome_side': 'no', 'remaining_count_fp': '2.00', 'side': 'no', 'status': 'resting', 'subaccount_number': 0, 'taker_fees_dollars': '0.000000', 'taker_fill_cost_dollars': '0.000000', 'ticker': 'KXTRUFTSA-26JUN05-T3100000', 'type': 'limit', 'user_id': '6db6972a-11ba-4203-a80d-b435f9c20a3f', 'yes_price_dollars': '0.0800'}}",no,0.9999999999999855,0.91,,
passive_limit,0.25,KXTRUFTSA-26JUN05-T3100000,0.9146341463414456,,13,10,3,False,"{'order': {'action': 'buy', 'book_side': 'ask', 'client_order_id': '8b17d8d2-df3f-4987-886e-3e27a56cf7d3', 'created_time': '2026-06-05T13:30:33.923257Z', 'expiration_time': '2026-06-05T23:59:00Z', 'fill_count_fp': '0.00', 'initial_count_fp': '3.00', 'last_update_time': '2026-06-05T13:30:33.923257Z', 'maker_fees_dollars': '0.000000', 'maker_fill_cost_dollars': '0.000000', 'no_price_dollars': '0.9100', 'order_id': '05784e90-a45e-42ea-a2c5-55f9d4b97d83', 'outcome_side': 'no', 'remaining_count_fp': '3.00', 'side': 'no', 'status': 'resting', 'subaccount_number': 0, 'taker_fees_dollars': '0.000000', 'taker_fill_cost_dollars': '0.000000', 'ticker': 'KXTRUFTSA-26JUN05-T3100000', 'type': 'limit', 'user_id': '6db6972a-11ba-4203-a80d-b435f9c20a3f', 'yes_price_dollars': '0.0900'}}",no,0.9999999999999855,0.91,,
passive_limit,0.3,KXTRUFTSA-26JUN05-T3100000,0.9090909090908903,,16,13,3,False,"{'order': {'action': 'buy', 'book_side': 'ask', 'client_order_id': '9294fab6-a061-4a23-956e-3e23e1b855f2', 'created_time': '2026-06-05T13:30:35.101316Z', 'expiration_time': '2026-06-05T23:59:00Z', 'fill_count_fp': '0.00', 'initial_count_fp': '3.00', 'last_update_time': '2026-06-05T13:30:35.101316Z', 'maker_fees_dollars': '0.000000', 'maker_fill_cost_dollars': '0.000000', 'no_price_dollars': '0.9100', 'order_id': '2ecd02b1-b347-46a5-8b2c-806f04bbecbd', 'outcome_side': 'no', 'remaining_count_fp': '3.00', 'side': 'no', 'status': 'resting', 'subaccount_number': 0, 'taker_fees_dollars': '0.000000', 'taker_fill_cost_dollars': '0.000000', 'ticker': 'KXTRUFTSA-26JUN05-T3100000', 'type': 'limit', 'user_id': '6db6972a-11ba-4203-a80d-b435f9c20a3f', 'yes_price_dollars': '0.0900'}}",no,0.9999999999999855,0.91,,
passive_limit,0.35,KXTRUFTSA-26JUN05-T3100000,0.9027777777777575,,19,16,3,False,"{'order': {'action': 'buy', 'book_side': 'ask', 'client_order_id': 'b64f39e8-5f29-4288-b717-8499123854b2', 'created_time': '2026-06-05T13:30:36.291771Z', 'expiration_time': '2026-06-05T23:59:00Z', 'fill_count_fp': '0.00', 'initial_count_fp': '3.00', 'last_update_time': '2026-06-05T13:30:36.291771Z', 'maker_fees_dollars': '0.000000', 'maker_fill_cost_dollars': '0.000000', 'no_price_dollars': '0.9000', 'order_id': 'dbf013e5-a9ca-453b-99fa-7bb528164781', 'outcome_side': 'no', 'remaining_count_fp': '3.00', 'side': 'no', 'status': 'resting', 'subaccount_number': 0, 'taker_fees_dollars': '0.000000', 'taker_fill_cost_dollars': '0.000000', 'ticker': 'KXTRUFTSA-26JUN05-T3100000', 'type': 'limit', 'user_id': '6db6972a-11ba-4203-a80d-b435f9c20a3f', 'yes_price_dollars': '0.1000'}}",no,0.9999999999999855,0.91,,
passive_limit,0.4,KXTRUFTSA-26JUN05-T3100000,0.8955223880596797,,22,19,3,False,"{'order': {'action': 'buy', 'book_side': 'ask', 'client_order_id': '5938cde5-8e30-43d9-838a-6fe7f6bdc4fe', 'created_time': '2026-06-05T13:30:37.479508Z', 'expiration_time': '2026-06-05T23:59:00Z', 'fill_count_fp': '0.00', 'initial_count_fp': '3.00', 'last_update_time': '2026-06-05T13:30:37.479508Z', 'maker_fees_dollars': '0.000000', 'maker_fill_cost_dollars': '0.000000', 'no_price_dollars': '0.9000', 'order_id': 'd96ef289-c205-411b-bdb3-079ccfa0d637', 'outcome_side': 'no', 'remaining_count_fp': '3.00', 'side': 'no', 'status': 'resting', 'subaccount_number': 0, 'taker_fees_dollars': '0.000000', 'taker_fill_cost_dollars': '0.000000', 'ticker': 'KXTRUFTSA-26JUN05-T3100000', 'type': 'limit', 'user_id': '6db6972a-11ba-4203-a80d-b435f9c20a3f', 'yes_price_dollars': '0.1000'}}",no,0.9999999999999855,0.91,,
