date,week_settles,ticker,strike_millions,yes_bid_open,yes_bid_high,yes_bid_low,yes_bid_close,yes_ask_open,yes_ask_high,yes_ask_low,yes_ask_close,volume,open_interest
2026-03-17,2026-03-22,KXTSAW-26MAR22-A2.55,2.55,0.3,0.92,0.3,0.92,1.0,1.0,0.89,0.98,64.0,64.0
2026-03-18,2026-03-22,KXTSAW-26MAR22-A2.55,2.55,0.92,0.93,0.55,0.81,0.98,0.98,0.83,0.84,606.0,449.0
2026-03-19,2026-03-22,KXTSAW-26MAR22-A2.55,2.55,0.81,0.93,0.81,0.89,0.84,0.96,0.82,0.95,251.0,640.0
2026-03-20,2026-03-22,KXTSAW-26MAR22-A2.55,2.55,0.89,0.96,0.88,0.94,0.95,0.99,0.95,0.99,272.0,727.0
2026-03-21,2026-03-22,KXTSAW-26MAR22-A2.55,2.55,0.94,0.96,0.88,0.96,0.99,0.99,0.99,0.99,46.0,727.0
2026-03-22,2026-03-22,KXTSAW-26MAR22-A2.55,2.55,0.96,0.96,0.95,0.96,0.99,0.99,0.97,0.98,35.0,737.0
2026-03-17,2026-03-22,KXTSAW-26MAR22-A2.45,2.45,0.95,0.96,0.0,0.96,1.0,1.0,1.0,1.0,0.0,0.0
2026-03-18,2026-03-22,KXTSAW-26MAR22-A2.45,2.45,0.96,0.96,0.94,0.96,1.0,1.0,1.0,1.0,0.0,0.0
2026-03-19,2026-03-22,KXTSAW-26MAR22-A2.45,2.45,0.96,0.99,0.78,0.99,1.0,1.0,0.99,1.0,10.0,10.0
2026-03-20,2026-03-22,KXTSAW-26MAR22-A2.45,2.45,0.99,0.99,0.78,0.97,1.0,1.0,0.99,1.0,88.0,98.0
2026-03-21,2026-03-22,KXTSAW-26MAR22-A2.45,2.45,0.97,0.98,0.96,0.98,1.0,1.0,1.0,1.0,0.0,98.0
2026-03-22,2026-03-22,KXTSAW-26MAR22-A2.45,2.45,0.98,0.98,0.97,0.98,1.0,1.0,1.0,1.0,0.0,98.0
2026-03-17,2026-03-22,KXTSAW-26MAR22-A1.80,1.8,0.96,0.97,0.05,0.97,1.0,1.0,1.0,1.0,0.0,0.0
2026-03-18,2026-03-22,KXTSAW-26MAR22-A1.80,1.8,0.97,0.97,0.96,0.97,1.0,1.0,1.0,1.0,0.0,0.0
2026-03-19,2026-03-22,KXTSAW-26MAR22-A1.80,1.8,0.97,0.99,0.6,0.99,1.0,1.0,0.99,1.0,10.0,10.0
2026-03-20,2026-03-22,KXTSAW-26MAR22-A1.80,1.8,0.99,0.99,0.6,0.99,1.0,1.0,1.0,1.0,0.0,10.0
2026-03-21,2026-03-22,KXTSAW-26MAR22-A1.80,1.8,0.99,0.99,0.96,0.99,1.0,1.0,1.0,1.0,0.0,10.0
2026-03-17,2026-03-22,KXTSAW-26MAR22-A2.05,2.05,0.96,0.97,0.0,0.97,1.0,1.0,1.0,1.0,0.0,0.0
2026-03-18,2026-03-22,KXTSAW-26MAR22-A2.05,2.05,0.97,0.97,0.95,0.96,1.0,1.0,1.0,1.0,0.0,0.0
2026-03-19,2026-03-22,KXTSAW-26MAR22-A2.05,2.05,0.96,0.99,0.15,0.99,1.0,1.0,0.99,1.0,10.0,10.0
2026-03-20,2026-03-22,KXTSAW-26MAR22-A2.05,2.05,0.99,0.99,0.75,0.99,1.0,1.0,0.99,1.0,10.0,20.0
2026-03-21,2026-03-22,KXTSAW-26MAR22-A2.05,2.05,0.99,0.99,0.96,0.99,1.0,1.0,1.0,1.0,0.0,20.0
2026-03-17,2026-03-22,KXTSAW-26MAR22-A1.95,1.95,0.96,0.97,0.0,0.97,1.0,1.0,1.0,1.0,0.0,0.0
2026-03-18,2026-03-22,KXTSAW-26MAR22-A1.95,1.95,0.97,0.97,0.96,0.97,1.0,1.0,1.0,1.0,0.0,0.0
2026-03-19,2026-03-22,KXTSAW-26MAR22-A1.95,1.95,0.97,0.99,0.15,0.99,1.0,1.0,0.99,1.0,10.0,10.0
2026-03-20,2026-03-22,KXTSAW-26MAR22-A1.95,1.95,0.99,0.99,0.15,0.99,1.0,1.0,1.0,1.0,0.0,10.0
2026-03-21,2026-03-22,KXTSAW-26MAR22-A1.95,1.95,0.99,0.99,0.96,0.99,1.0,1.0,1.0,1.0,0.0,10.0
2026-03-17,2026-03-22,KXTSAW-26MAR22-A2.65,2.65,0.1,0.4,0.1,0.39,1.0,1.0,0.24,0.46,639.0,587.0
2026-03-18,2026-03-22,KXTSAW-26MAR22-A2.65,2.65,0.39,0.45,0.09,0.1,0.46,0.5,0.11,0.11,5366.0,2431.0
2026-03-19,2026-03-22,KXTSAW-26MAR22-A2.65,2.65,0.1,0.22,0.1,0.17,0.11,0.23,0.11,0.19,3204.0,4011.0
2026-03-20,2026-03-22,KXTSAW-26MAR22-A2.65,2.65,0.17,0.54,0.13,0.53,0.19,0.55,0.17,0.55,1493.0,4594.0
2026-03-21,2026-03-22,KXTSAW-26MAR22-A2.65,2.65,0.53,0.53,0.2,0.3,0.55,0.55,0.24,0.32,4268.0,4951.0
2026-03-22,2026-03-22,KXTSAW-26MAR22-A2.65,2.65,0.3,0.35,0.24,0.26,0.32,0.46,0.26,0.29,2454.0,7053.0
2026-03-17,2026-03-22,KXTSAW-26MAR22-A2.60,2.6,0.5,0.8,0.5,0.78,1.0,1.0,0.54,0.83,752.0,747.0
2026-03-18,2026-03-22,KXTSAW-26MAR22-A2.60,2.6,0.78,0.81,0.27,0.45,0.83,0.83,0.43,0.48,2729.0,1387.0
2026-03-19,2026-03-22,KXTSAW-26MAR22-A2.60,2.6,0.45,0.64,0.45,0.64,0.48,0.69,0.46,0.66,1930.0,2892.0
2026-03-20,2026-03-22,KXTSAW-26MAR22-A2.60,2.6,0.64,0.89,0.61,0.89,0.66,0.91,0.66,0.9,867.0,3205.0
2026-03-21,2026-03-22,KXTSAW-26MAR22-A2.60,2.6,0.89,0.92,0.84,0.92,0.9,0.94,0.86,0.93,3349.0,2818.0
2026-03-22,2026-03-22,KXTSAW-26MAR22-A2.60,2.6,0.92,0.93,0.91,0.92,0.93,0.94,0.93,0.94,580.0,3080.0
2026-03-17,2026-03-22,KXTSAW-26MAR22-A2.80,2.8,0.0,0.0,0.0,0.0,0.5,0.5,0.03,0.03,0.0,0.0
2026-03-18,2026-03-22,KXTSAW-26MAR22-A2.80,2.8,0.0,0.01,0.0,0.0,0.03,0.03,0.01,0.01,124.0,62.0
2026-03-19,2026-03-22,KXTSAW-26MAR22-A2.80,2.8,0.0,0.0,0.0,0.0,0.01,0.02,0.01,0.01,0.0,62.0
2026-03-20,2026-03-22,KXTSAW-26MAR22-A2.80,2.8,0.0,0.0,0.0,0.0,0.01,0.02,0.01,0.02,246.0,308.0
2026-03-21,2026-03-22,KXTSAW-26MAR22-A2.80,2.8,0.0,0.0,0.0,0.0,0.02,0.02,0.02,0.02,0.0,308.0
2026-03-22,2026-03-22,KXTSAW-26MAR22-A2.80,2.8,0.0,0.0,0.0,0.0,0.02,0.02,0.02,0.02,93.0,401.0
2026-03-17,2026-03-22,KXTSAW-26MAR22-A2.25,2.25,0.95,0.97,0.0,0.97,1.0,1.0,1.0,1.0,0.0,0.0
2026-03-18,2026-03-22,KXTSAW-26MAR22-A2.25,2.25,0.97,0.97,0.95,0.96,1.0,1.0,1.0,1.0,0.0,0.0
2026-03-19,2026-03-22,KXTSAW-26MAR22-A2.25,2.25,0.96,0.99,0.95,0.99,1.0,1.0,1.0,1.0,0.0,0.0
2026-03-20,2026-03-22,KXTSAW-26MAR22-A2.25,2.25,0.99,0.99,0.05,0.99,1.0,1.0,0.98,1.0,62.0,62.0
2026-03-21,2026-03-22,KXTSAW-26MAR22-A2.25,2.25,0.99,0.99,0.96,0.99,1.0,1.0,1.0,1.0,0.0,62.0
2026-03-17,2026-03-22,KXTSAW-26MAR22-A1.85,1.85,0.96,0.97,0.0,0.97,1.0,1.0,1.0,1.0,0.0,0.0
2026-03-18,2026-03-22,KXTSAW-26MAR22-A1.85,1.85,0.97,0.97,0.96,0.97,1.0,1.0,1.0,1.0,0.0,0.0
2026-03-19,2026-03-22,KXTSAW-26MAR22-A1.85,1.85,0.97,0.99,0.1,0.98,1.0,1.0,0.99,1.0,10.0,10.0
2026-03-20,2026-03-22,KXTSAW-26MAR22-A1.85,1.85,0.98,0.99,0.75,0.99,1.0,1.0,0.99,1.0,10.0,20.0
2026-03-21,2026-03-22,KXTSAW-26MAR22-A1.85,1.85,0.99,0.99,0.96,0.99,1.0,1.0,1.0,1.0,0.0,20.0
2026-03-17,2026-03-22,KXTSAW-26MAR22-A2.00,2.0,0.96,0.97,0.0,0.97,1.0,1.0,1.0,1.0,0.0,0.0
2026-03-18,2026-03-22,KXTSAW-26MAR22-A2.00,2.0,0.97,0.97,0.94,0.97,1.0,1.0,1.0,1.0,0.0,0.0
2026-03-19,2026-03-22,KXTSAW-26MAR22-A2.00,2.0,0.97,0.99,0.5,0.99,1.0,1.0,0.99,1.0,10.0,10.0
2026-03-20,2026-03-22,KXTSAW-26MAR22-A2.00,2.0,0.99,0.99,0.5,0.99,1.0,1.0,1.0,1.0,52.0,62.0
2026-03-21,2026-03-22,KXTSAW-26MAR22-A2.00,2.0,0.99,0.99,0.96,0.99,1.0,1.0,1.0,1.0,0.0,62.0
2026-03-17,2026-03-22,KXTSAW-26MAR22-A2.35,2.35,0.95,0.97,0.0,0.97,1.0,1.0,1.0,1.0,0.0,0.0
2026-03-18,2026-03-22,KXTSAW-26MAR22-A2.35,2.35,0.97,0.97,0.95,0.96,1.0,1.0,1.0,1.0,0.0,0.0
2026-03-19,2026-03-22,KXTSAW-26MAR22-A2.35,2.35,0.96,0.99,0.12,0.99,1.0,1.0,0.99,1.0,10.0,10.0
2026-03-20,2026-03-22,KXTSAW-26MAR22-A2.35,2.35,0.99,0.99,0.75,0.99,1.0,1.0,0.99,1.0,10.0,20.0
2026-03-21,2026-03-22,KXTSAW-26MAR22-A2.35,2.35,0.99,0.99,0.96,0.99,1.0,1.0,1.0,1.0,0.0,20.0
2026-03-17,2026-03-22,KXTSAW-26MAR22-A2.30,2.3,0.95,0.96,0.0,0.96,1.0,1.0,1.0,1.0,0.0,0.0
2026-03-18,2026-03-22,KXTSAW-26MAR22-A2.30,2.3,0.96,0.96,0.95,0.96,1.0,1.0,1.0,1.0,0.0,0.0
2026-03-19,2026-03-22,KXTSAW-26MAR22-A2.30,2.3,0.96,0.99,0.15,0.99,1.0,1.0,0.99,1.0,10.0,10.0
2026-03-20,2026-03-22,KXTSAW-26MAR22-A2.30,2.3,0.99,0.99,0.15,0.97,1.0,1.0,0.99,1.0,88.0,98.0
2026-03-21,2026-03-22,KXTSAW-26MAR22-A2.30,2.3,0.97,0.97,0.75,0.97,1.0,1.0,1.0,1.0,0.0,98.0
2026-03-22,2026-03-22,KXTSAW-26MAR22-A2.30,2.3,0.97,0.97,0.96,0.97,1.0,1.0,1.0,1.0,0.0,98.0
2026-03-17,2026-03-22,KXTSAW-26MAR22-A2.20,2.2,0.95,0.97,0.0,0.97,1.0,1.0,1.0,1.0,0.0,0.0
2026-03-18,2026-03-22,KXTSAW-26MAR22-A2.20,2.2,0.97,0.97,0.95,0.96,1.0,1.0,1.0,1.0,0.0,0.0
2026-03-19,2026-03-22,KXTSAW-26MAR22-A2.20,2.2,0.96,0.99,0.11,0.99,1.0,1.0,0.99,1.0,10.0,10.0
2026-03-20,2026-03-22,KXTSAW-26MAR22-A2.20,2.2,0.99,0.99,0.75,0.97,1.0,1.0,0.98,1.0,72.0,72.0
2026-03-21,2026-03-22,KXTSAW-26MAR22-A2.20,2.2,0.97,0.97,0.75,0.97,1.0,1.0,1.0,1.0,0.0,72.0
2026-03-22,2026-03-22,KXTSAW-26MAR22-A2.20,2.2,0.97,0.97,0.96,0.97,1.0,1.0,1.0,1.0,0.0,72.0
2026-03-17,2026-03-22,KXTSAW-26MAR22-A1.90,1.9,0.96,0.98,0.0,0.98,1.0,1.0,1.0,1.0,0.0,0.0
2026-03-18,2026-03-22,KXTSAW-26MAR22-A1.90,1.9,0.98,0.98,0.96,0.97,1.0,1.0,1.0,1.0,0.0,0.0
2026-03-19,2026-03-22,KXTSAW-26MAR22-A1.90,1.9,0.97,0.99,0.9,0.97,1.0,1.0,1.0,1.0,0.0,0.0
2026-03-20,2026-03-22,KXTSAW-26MAR22-A1.90,1.9,0.97,0.99,0.75,0.99,1.0,1.0,0.98,1.0,20.0,20.0
2026-03-21,2026-03-22,KXTSAW-26MAR22-A1.90,1.9,0.99,0.99,0.96,0.99,1.0,1.0,1.0,1.0,0.0,20.0
2026-03-17,2026-03-22,KXTSAW-26MAR22-A2.75,2.75,0.0,0.0,0.0,0.0,0.05,1.0,0.05,0.05,0.0,0.0
2026-03-18,2026-03-22,KXTSAW-26MAR22-A2.75,2.75,0.0,0.0,0.0,0.0,0.05,0.05,0.02,0.02,0.0,0.0
2026-03-19,2026-03-22,KXTSAW-26MAR22-A2.75,2.75,0.0,0.0,0.0,0.0,0.02,0.03,0.02,0.02,0.0,0.0
2026-03-20,2026-03-22,KXTSAW-26MAR22-A2.75,2.75,0.0,0.0,0.0,0.0,0.02,0.03,0.02,0.03,315.0,315.0
2026-03-21,2026-03-22,KXTSAW-26MAR22-A2.75,2.75,0.0,0.0,0.0,0.0,0.03,0.03,0.02,0.02,0.0,315.0
2026-03-22,2026-03-22,KXTSAW-26MAR22-A2.75,2.75,0.0,0.0,0.0,0.0,0.02,0.04,0.02,0.04,41.0,356.0
2026-03-17,2026-03-22,KXTSAW-26MAR22-A2.15,2.15,0.95,0.97,0.0,0.97,1.0,1.0,1.0,1.0,0.0,0.0
2026-03-18,2026-03-22,KXTSAW-26MAR22-A2.15,2.15,0.97,0.97,0.95,0.96,1.0,1.0,1.0,1.0,0.0,0.0
2026-03-19,2026-03-22,KXTSAW-26MAR22-A2.15,2.15,0.96,0.99,0.07,0.99,1.0,1.0,0.99,1.0,10.0,10.0
2026-03-20,2026-03-22,KXTSAW-26MAR22-A2.15,2.15,0.99,0.99,0.07,0.99,1.0,1.0,1.0,1.0,52.0,62.0
2026-03-21,2026-03-22,KXTSAW-26MAR22-A2.15,2.15,0.99,0.99,0.96,0.99,1.0,1.0,1.0,1.0,0.0,62.0
2026-03-17,2026-03-22,KXTSAW-26MAR22-A2.10,2.1,0.95,0.97,0.0,0.97,1.0,1.0,1.0,1.0,0.0,0.0
2026-03-18,2026-03-22,KXTSAW-26MAR22-A2.10,2.1,0.97,0.97,0.95,0.96,1.0,1.0,1.0,1.0,0.0,0.0
2026-03-19,2026-03-22,KXTSAW-26MAR22-A2.10,2.1,0.96,0.99,0.06,0.99,1.0,1.0,0.99,1.0,10.0,10.0
2026-03-20,2026-03-22,KXTSAW-26MAR22-A2.10,2.1,0.99,0.99,0.06,0.97,1.0,1.0,0.98,1.0,62.0,62.0
2026-03-21,2026-03-22,KXTSAW-26MAR22-A2.10,2.1,0.97,0.97,0.13,0.97,1.0,1.0,1.0,1.0,0.0,62.0
2026-03-22,2026-03-22,KXTSAW-26MAR22-A2.10,2.1,0.97,0.97,0.96,0.97,1.0,1.0,1.0,1.0,0.0,62.0
2026-03-17,2026-03-22,KXTSAW-26MAR22-A2.70,2.7,0.0,0.07,0.0,0.06,0.8,0.8,0.07,0.08,1531.0,1331.0
2026-03-18,2026-03-22,KXTSAW-26MAR22-A2.70,2.7,0.06,0.06,0.02,0.03,0.08,0.08,0.03,0.04,2539.0,3780.0
2026-03-19,2026-03-22,KXTSAW-26MAR22-A2.70,2.7,0.03,0.08,0.02,0.05,0.04,0.17,0.04,0.09,1879.0,5507.0
2026-03-20,2026-03-22,KXTSAW-26MAR22-A2.70,2.7,0.05,0.14,0.04,0.12,0.09,0.17,0.08,0.13,3167.0,5382.0
2026-03-21,2026-03-22,KXTSAW-26MAR22-A2.70,2.7,0.12,0.12,0.03,0.04,0.13,0.13,0.04,0.05,481.0,5421.0
2026-03-22,2026-03-22,KXTSAW-26MAR22-A2.70,2.7,0.04,0.04,0.02,0.02,0.05,0.07,0.05,0.05,350.0,5588.0
2026-03-17,2026-03-22,KXTSAW-26MAR22-A2.50,2.5,0.88,0.96,0.0,0.95,1.0,1.0,0.97,0.99,0.0,0.0
2026-03-18,2026-03-22,KXTSAW-26MAR22-A2.50,2.5,0.95,0.95,0.56,0.92,0.99,0.99,0.91,0.93,431.0,308.0
2026-03-19,2026-03-22,KXTSAW-26MAR22-A2.50,2.5,0.92,0.97,0.91,0.97,0.93,0.98,0.92,0.98,549.0,760.0
2026-03-20,2026-03-22,KXTSAW-26MAR22-A2.50,2.5,0.97,0.97,0.92,0.96,0.98,0.99,0.97,0.99,85.0,845.0
2026-03-21,2026-03-22,KXTSAW-26MAR22-A2.50,2.5,0.96,0.97,0.95,0.97,0.99,0.99,0.99,0.99,18.0,860.0
2026-03-22,2026-03-22,KXTSAW-26MAR22-A2.50,2.5,0.97,0.97,0.96,0.96,0.99,0.99,0.99,0.99,25.0,860.0
2026-03-17,2026-03-22,KXTSAW-26MAR22-A2.40,2.4,0.95,0.96,0.0,0.96,1.0,1.0,1.0,1.0,0.0,0.0
2026-03-18,2026-03-22,KXTSAW-26MAR22-A2.40,2.4,0.96,0.96,0.95,0.96,1.0,1.0,1.0,1.0,0.0,0.0
2026-03-19,2026-03-22,KXTSAW-26MAR22-A2.40,2.4,0.96,0.99,0.21,0.99,1.0,1.0,0.99,1.0,10.0,10.0
2026-03-20,2026-03-22,KXTSAW-26MAR22-A2.40,2.4,0.99,0.99,0.2,0.97,1.0,1.0,0.99,1.0,88.0,98.0
2026-03-21,2026-03-22,KXTSAW-26MAR22-A2.40,2.4,0.97,0.97,0.76,0.97,1.0,1.0,1.0,1.0,0.0,98.0
2026-03-22,2026-03-22,KXTSAW-26MAR22-A2.40,2.4,0.97,0.98,0.96,0.98,1.0,1.0,1.0,1.0,0.0,98.0
2026-03-24,2026-03-29,KXTSAW-26MAR29-A2.35,2.35,0.75,0.96,0.75,0.95,1.0,1.0,1.0,1.0,0.0,0.0
2026-03-25,2026-03-29,KXTSAW-26MAR29-A2.35,2.35,0.95,0.98,0.95,0.96,1.0,1.0,0.97,1.0,76.0,76.0
2026-03-26,2026-03-29,KXTSAW-26MAR29-A2.35,2.35,0.96,0.96,0.95,0.95,1.0,1.0,1.0,1.0,0.0,76.0
2026-03-28,2026-03-29,KXTSAW-26MAR29-A2.35,2.35,0.95,0.99,0.95,0.99,1.0,1.0,1.0,1.0,0.0,76.0
2026-03-29,2026-03-29,KXTSAW-26MAR29-A2.35,2.35,0.99,0.99,0.75,0.93,1.0,1.0,0.93,0.98,613.0,623.0
2026-03-24,2026-03-29,KXTSAW-26MAR29-A2.15,2.15,0.95,0.95,0.0,0.95,1.0,1.0,0.99,1.0,10.0,10.0
2026-03-25,2026-03-29,KXTSAW-26MAR29-A2.15,2.15,0.95,0.99,0.94,0.99,1.0,1.0,0.98,1.0,0.0,10.0
2026-03-26,2026-03-29,KXTSAW-26MAR29-A2.15,2.15,0.99,0.99,0.94,0.99,1.0,1.0,1.0,1.0,0.0,10.0
2026-03-28,2026-03-29,KXTSAW-26MAR29-A2.15,2.15,0.99,0.99,0.95,0.99,1.0,1.0,1.0,1.0,0.0,10.0
2026-03-29,2026-03-29,KXTSAW-26MAR29-A2.15,2.15,0.99,0.99,0.91,0.96,1.0,1.0,0.98,0.98,0.0,10.0
2026-03-24,2026-03-29,KXTSAW-26MAR29-A2.80,2.8,0.0,0.0,0.0,0.0,0.1,0.1,0.02,0.03,0.0,0.0
2026-03-25,2026-03-29,KXTSAW-26MAR29-A2.80,2.8,0.0,0.0,0.0,0.0,0.03,0.03,0.02,0.02,0.0,0.0
2026-03-26,2026-03-29,KXTSAW-26MAR29-A2.80,2.8,0.0,0.0,0.0,0.0,0.02,0.03,0.02,0.02,0.0,0.0
2026-03-27,2026-03-29,KXTSAW-26MAR29-A2.80,2.8,0.0,0.0,0.0,0.0,0.02,0.02,0.01,0.02,0.0,0.0
2026-03-28,2026-03-29,KXTSAW-26MAR29-A2.80,2.8,0.0,0.0,0.0,0.0,0.02,0.03,0.02,0.02,5.0,5.0
2026-03-29,2026-03-29,KXTSAW-26MAR29-A2.80,2.8,0.0,0.0,0.0,0.0,0.02,0.03,0.02,0.03,0.0,5.0
2026-03-24,2026-03-29,KXTSAW-26MAR29-A2.40,2.4,0.5,0.95,0.5,0.94,1.0,1.0,0.99,1.0,10.0,10.0
2026-03-25,2026-03-29,KXTSAW-26MAR29-A2.40,2.4,0.94,0.99,0.91,0.99,1.0,1.0,0.95,1.0,16.0,26.0
2026-03-26,2026-03-29,KXTSAW-26MAR29-A2.40,2.4,0.99,0.99,0.92,0.95,1.0,1.0,0.99,1.0,50.0,76.0
2026-03-27,2026-03-29,KXTSAW-26MAR29-A2.40,2.4,0.95,0.99,0.93,0.94,1.0,1.0,1.0,1.0,0.0,76.0
2026-03-28,2026-03-29,KXTSAW-26MAR29-A2.40,2.4,0.94,0.99,0.93,0.97,1.0,1.0,0.99,1.0,0.0,76.0
2026-03-29,2026-03-29,KXTSAW-26MAR29-A2.40,2.4,0.97,0.99,0.91,0.91,1.0,1.0,0.93,0.98,1920.0,1881.0
2026-03-24,2026-03-29,KXTSAW-26MAR29-A2.55,2.55,0.0,0.9,0.0,0.72,0.99,0.99,0.78,0.78,801.0,758.0
2026-03-25,2026-03-29,KXTSAW-26MAR29-A2.55,2.55,0.72,0.73,0.3,0.41,0.78,0.79,0.47,0.47,1559.0,2078.0
2026-03-26,2026-03-29,KXTSAW-26MAR29-A2.55,2.55,0.41,0.41,0.08,0.19,0.47,0.47,0.2,0.2,3006.0,4679.0
2026-03-27,2026-03-29,KXTSAW-26MAR29-A2.55,2.55,0.19,0.38,0.15,0.26,0.2,0.41,0.17,0.31,3257.0,5075.0
2026-03-28,2026-03-29,KXTSAW-26MAR29-A2.55,2.55,0.26,0.36,0.08,0.09,0.31,0.38,0.11,0.12,4014.0,6274.0
2026-03-29,2026-03-29,KXTSAW-26MAR29-A2.55,2.55,0.09,0.22,0.09,0.14,0.12,0.29,0.1,0.16,3134.0,6699.0
2026-03-24,2026-03-29,KXTSAW-26MAR29-A2.75,2.75,0.0,0.01,0.0,0.0,0.25,0.25,0.04,0.04,0.0,0.0
2026-03-25,2026-03-29,KXTSAW-26MAR29-A2.75,2.75,0.0,0.0,0.0,0.0,0.04,0.04,0.03,0.03,31.0,31.0
2026-03-26,2026-03-29,KXTSAW-26MAR29-A2.75,2.75,0.0,0.0,0.0,0.0,0.03,0.04,0.03,0.03,0.0,31.0
2026-03-27,2026-03-29,KXTSAW-26MAR29-A2.75,2.75,0.0,0.0,0.0,0.0,0.03,0.03,0.03,0.03,0.0,31.0
2026-03-28,2026-03-29,KXTSAW-26MAR29-A2.75,2.75,0.0,0.01,0.0,0.0,0.03,0.2,0.03,0.03,15.0,46.0
2026-03-29,2026-03-29,KXTSAW-26MAR29-A2.75,2.75,0.0,0.0,0.0,0.0,0.03,0.04,0.03,0.03,0.0,46.0
2026-03-24,2026-03-29,KXTSAW-26MAR29-A2.10,2.1,0.96,0.96,0.0,0.95,1.0,1.0,0.99,1.0,10.0,10.0
2026-03-25,2026-03-29,KXTSAW-26MAR29-A2.10,2.1,0.95,0.99,0.94,0.99,1.0,1.0,0.98,1.0,16.0,26.0
2026-03-26,2026-03-29,KXTSAW-26MAR29-A2.10,2.1,0.99,0.99,0.95,0.99,1.0,1.0,1.0,1.0,0.0,26.0
2026-03-28,2026-03-29,KXTSAW-26MAR29-A2.10,2.1,0.99,0.99,0.11,0.96,1.0,1.0,0.99,1.0,6.0,32.0
2026-03-29,2026-03-29,KXTSAW-26MAR29-A2.10,2.1,0.96,0.96,0.9,0.91,1.0,1.0,0.98,0.98,0.0,32.0
2026-03-24,2026-03-29,KXTSAW-26MAR29-A2.45,2.45,0.6,0.96,0.6,0.93,1.0,1.0,0.99,1.0,20.0,20.0
2026-03-25,2026-03-29,KXTSAW-26MAR29-A2.45,2.45,0.93,0.96,0.9,0.93,1.0,1.0,0.95,0.98,0.0,20.0
2026-03-26,2026-03-29,KXTSAW-26MAR29-A2.45,2.45,0.93,0.96,0.9,0.94,0.98,0.99,0.95,0.95,61.0,71.0
2026-03-27,2026-03-29,KXTSAW-26MAR29-A2.45,2.45,0.94,0.97,0.94,0.95,0.95,0.99,0.95,0.99,228.0,299.0
2026-03-28,2026-03-29,KXTSAW-26MAR29-A2.45,2.45,0.95,0.97,0.94,0.96,0.99,1.0,0.98,1.0,203.0,303.0
2026-03-29,2026-03-29,KXTSAW-26MAR29-A2.45,2.45,0.96,0.96,0.73,0.93,1.0,1.0,0.92,0.98,1154.0,1368.0
2026-03-24,2026-03-29,KXTSAW-26MAR29-A2.30,2.3,0.8,0.95,0.8,0.94,1.0,1.0,0.99,1.0,10.0,10.0
2026-03-25,2026-03-29,KXTSAW-26MAR29-A2.30,2.3,0.94,0.99,0.93,0.99,1.0,1.0,0.96,1.0,0.0,10.0
2026-03-26,2026-03-29,KXTSAW-26MAR29-A2.30,2.3,0.99,0.99,0.93,0.99,1.0,1.0,1.0,1.0,0.0,10.0
2026-03-28,2026-03-29,KXTSAW-26MAR29-A2.30,2.3,0.99,0.99,0.95,0.99,1.0,1.0,1.0,1.0,0.0,10.0
2026-03-29,2026-03-29,KXTSAW-26MAR29-A2.30,2.3,0.99,0.99,0.93,0.96,1.0,1.0,0.98,0.98,5.0,10.0
2026-03-24,2026-03-29,KXTSAW-26MAR29-A1.80,1.8,0.8,0.97,0.8,0.97,1.0,1.0,0.99,1.0,10.0,10.0
2026-03-25,2026-03-29,KXTSAW-26MAR29-A1.80,1.8,0.97,0.99,0.96,0.99,1.0,1.0,1.0,1.0,0.0,10.0
2026-03-26,2026-03-29,KXTSAW-26MAR29-A1.80,1.8,0.99,0.99,0.96,0.99,1.0,1.0,1.0,1.0,0.0,10.0
2026-03-27,2026-03-29,KXTSAW-26MAR29-A1.80,1.8,0.99,0.99,0.99,0.99,1.0,1.0,1.0,1.0,0.0,10.0
2026-03-28,2026-03-29,KXTSAW-26MAR29-A1.80,1.8,0.99,0.99,0.99,0.99,1.0,1.0,1.0,1.0,0.0,10.0
2026-03-29,2026-03-29,KXTSAW-26MAR29-A1.80,1.8,0.99,0.99,0.99,0.99,1.0,1.0,1.0,1.0,0.0,10.0
2026-03-24,2026-03-29,KXTSAW-26MAR29-A2.00,2.0,0.85,0.96,0.85,0.96,1.0,1.0,0.99,1.0,10.0,10.0
2026-03-25,2026-03-29,KXTSAW-26MAR29-A2.00,2.0,0.96,0.99,0.95,0.97,1.0,1.0,1.0,1.0,0.0,10.0
2026-03-26,2026-03-29,KXTSAW-26MAR29-A2.00,2.0,0.97,0.99,0.95,0.96,1.0,1.0,1.0,1.0,0.0,10.0
2026-03-27,2026-03-29,KXTSAW-26MAR29-A2.00,2.0,0.96,0.98,0.96,0.98,1.0,1.0,1.0,1.0,0.0,10.0
2026-03-28,2026-03-29,KXTSAW-26MAR29-A2.00,2.0,0.98,0.99,0.97,0.99,1.0,1.0,1.0,1.0,0.0,10.0
2026-03-29,2026-03-29,KXTSAW-26MAR29-A2.00,2.0,0.99,0.99,0.97,0.98,1.0,1.0,0.99,0.99,0.0,10.0
2026-03-24,2026-03-29,KXTSAW-26MAR29-A1.90,1.9,0.96,0.96,0.0,0.96,1.0,1.0,0.99,1.0,10.0,10.0
2026-03-25,2026-03-29,KXTSAW-26MAR29-A1.90,1.9,0.96,0.99,0.95,0.99,1.0,1.0,1.0,1.0,0.0,10.0
2026-03-26,2026-03-29,KXTSAW-26MAR29-A1.90,1.9,0.99,0.99,0.99,0.99,1.0,1.0,1.0,1.0,0.0,10.0
2026-03-27,2026-03-29,KXTSAW-26MAR29-A1.90,1.9,0.99,0.99,0.99,0.99,1.0,1.0,1.0,1.0,0.0,10.0
2026-03-28,2026-03-29,KXTSAW-26MAR29-A1.90,1.9,0.99,0.99,0.99,0.99,1.0,1.0,1.0,1.0,0.0,10.0
2026-03-29,2026-03-29,KXTSAW-26MAR29-A1.90,1.9,0.99,0.99,0.99,0.99,1.0,1.0,1.0,1.0,0.0,10.0
2026-03-24,2026-03-29,KXTSAW-26MAR29-A2.65,2.65,0.0,0.31,0.0,0.03,0.75,0.75,0.08,0.08,78.0,78.0
2026-03-25,2026-03-29,KXTSAW-26MAR29-A2.65,2.65,0.03,0.03,0.01,0.03,0.08,0.09,0.03,0.04,418.0,461.0
2026-03-26,2026-03-29,KXTSAW-26MAR29-A2.65,2.65,0.03,0.03,0.01,0.01,0.04,0.04,0.02,0.02,331.0,698.0
2026-03-27,2026-03-29,KXTSAW-26MAR29-A2.65,2.65,0.01,0.01,0.0,0.0,0.02,0.04,0.02,0.04,1299.0,1551.0
2026-03-28,2026-03-29,KXTSAW-26MAR29-A2.65,2.65,0.0,0.02,0.0,0.0,0.04,0.04,0.02,0.02,1340.0,2726.0
2026-03-29,2026-03-29,KXTSAW-26MAR29-A2.65,2.65,0.0,0.0,0.0,0.0,0.02,0.02,0.02,0.02,46.0,2772.0
2026-03-24,2026-03-29,KXTSAW-26MAR29-A2.20,2.2,0.95,0.96,0.0,0.95,1.0,1.0,1.0,1.0,0.0,0.0
2026-03-25,2026-03-29,KXTSAW-26MAR29-A2.20,2.2,0.95,0.98,0.91,0.95,1.0,1.0,0.97,1.0,26.0,26.0
2026-03-26,2026-03-29,KXTSAW-26MAR29-A2.20,2.2,0.95,0.95,0.94,0.95,1.0,1.0,1.0,1.0,0.0,26.0
2026-03-27,2026-03-29,KXTSAW-26MAR29-A2.20,2.2,0.95,0.95,0.95,0.95,1.0,1.0,1.0,1.0,0.0,26.0
2026-03-28,2026-03-29,KXTSAW-26MAR29-A2.20,2.2,0.95,0.96,0.91,0.95,1.0,1.0,0.99,1.0,6.0,32.0
2026-03-29,2026-03-29,KXTSAW-26MAR29-A2.20,2.2,0.95,0.97,0.91,0.97,1.0,1.0,0.98,0.98,1.0,32.0
2026-03-24,2026-03-29,KXTSAW-26MAR29-A2.50,2.5,0.1,0.95,0.1,0.94,1.0,1.0,0.96,0.97,208.0,208.0
2026-03-25,2026-03-29,KXTSAW-26MAR29-A2.50,2.5,0.94,0.94,0.63,0.88,0.97,0.98,0.9,0.9,804.0,581.0
2026-03-26,2026-03-29,KXTSAW-26MAR29-A2.50,2.5,0.88,0.9,0.62,0.9,0.9,0.92,0.86,0.91,1317.0,1511.0
2026-03-27,2026-03-29,KXTSAW-26MAR29-A2.50,2.5,0.9,0.94,0.9,0.91,0.91,0.95,0.91,0.94,3077.0,4232.0
2026-03-28,2026-03-29,KXTSAW-26MAR29-A2.50,2.5,0.91,0.96,0.9,0.93,0.94,1.0,0.93,0.96,1612.0,3910.0
2026-03-29,2026-03-29,KXTSAW-26MAR29-A2.50,2.5,0.93,0.97,0.91,0.93,0.96,1.0,0.92,0.95,717.0,4441.0
2026-03-24,2026-03-29,KXTSAW-26MAR29-A1.95,1.95,0.96,0.96,0.0,0.96,1.0,1.0,0.99,1.0,10.0,10.0
2026-03-25,2026-03-29,KXTSAW-26MAR29-A1.95,1.95,0.96,0.99,0.95,0.99,1.0,1.0,1.0,1.0,0.0,10.0
2026-03-26,2026-03-29,KXTSAW-26MAR29-A1.95,1.95,0.99,0.99,0.95,0.99,1.0,1.0,1.0,1.0,0.0,10.0
2026-03-28,2026-03-29,KXTSAW-26MAR29-A1.95,1.95,0.99,0.99,0.95,0.99,1.0,1.0,1.0,1.0,0.0,10.0
2026-03-29,2026-03-29,KXTSAW-26MAR29-A1.95,1.95,0.99,0.99,0.95,0.98,1.0,1.0,0.99,0.99,0.0,10.0
2026-03-24,2026-03-29,KXTSAW-26MAR29-A2.25,2.25,0.95,0.95,0.0,0.94,1.0,1.0,0.99,1.0,10.0,10.0
2026-03-25,2026-03-29,KXTSAW-26MAR29-A2.25,2.25,0.94,0.99,0.93,0.99,1.0,1.0,0.96,1.0,16.0,26.0
2026-03-26,2026-03-29,KXTSAW-26MAR29-A2.25,2.25,0.99,0.99,0.94,0.99,1.0,1.0,1.0,1.0,0.0,26.0
2026-03-28,2026-03-29,KXTSAW-26MAR29-A2.25,2.25,0.99,0.99,0.96,0.97,1.0,1.0,0.99,1.0,6.0,32.0
2026-03-29,2026-03-29,KXTSAW-26MAR29-A2.25,2.25,0.97,0.97,0.91,0.94,1.0,1.0,0.98,0.98,1.0,32.0
2026-03-24,2026-03-29,KXTSAW-26MAR29-A2.60,2.6,0.0,0.69,0.0,0.2,0.88,0.88,0.17,0.24,918.0,904.0
2026-03-25,2026-03-29,KXTSAW-26MAR29-A2.60,2.6,0.2,0.22,0.03,0.03,0.24,0.26,0.05,0.05,663.0,1542.0
2026-03-26,2026-03-29,KXTSAW-26MAR29-A2.60,2.6,0.03,0.05,0.01,0.03,0.05,0.07,0.04,0.05,2400.0,3175.0
2026-03-27,2026-03-29,KXTSAW-26MAR29-A2.60,2.6,0.03,0.04,0.02,0.02,0.05,0.05,0.03,0.04,364.0,3476.0
2026-03-28,2026-03-29,KXTSAW-26MAR29-A2.60,2.6,0.02,0.04,0.0,0.0,0.04,0.05,0.02,0.03,1580.0,4950.0
2026-03-29,2026-03-29,KXTSAW-26MAR29-A2.60,2.6,0.0,0.0,0.0,0.0,0.03,0.04,0.02,0.03,871.0,4976.0
2026-03-24,2026-03-29,KXTSAW-26MAR29-A2.05,2.05,0.96,0.96,0.0,0.95,1.0,1.0,0.99,1.0,10.0,10.0
2026-03-25,2026-03-29,KXTSAW-26MAR29-A2.05,2.05,0.95,0.99,0.94,0.99,1.0,1.0,0.99,1.0,16.0,26.0
2026-03-26,2026-03-29,KXTSAW-26MAR29-A2.05,2.05,0.99,0.99,0.95,0.99,1.0,1.0,1.0,1.0,0.0,26.0
2026-03-28,2026-03-29,KXTSAW-26MAR29-A2.05,2.05,0.99,0.99,0.9,0.96,1.0,1.0,0.99,1.0,6.0,32.0
2026-03-29,2026-03-29,KXTSAW-26MAR29-A2.05,2.05,0.96,0.97,0.91,0.97,1.0,1.0,0.98,0.98,10.0,32.0
2026-03-24,2026-03-29,KXTSAW-26MAR29-A1.85,1.85,0.96,0.97,0.0,0.96,1.0,1.0,0.99,1.0,10.0,10.0
2026-03-25,2026-03-29,KXTSAW-26MAR29-A1.85,1.85,0.96,0.99,0.95,0.99,1.0,1.0,1.0,1.0,0.0,10.0
2026-03-26,2026-03-29,KXTSAW-26MAR29-A1.85,1.85,0.99,0.99,0.96,0.99,1.0,1.0,1.0,1.0,0.0,10.0
2026-03-27,2026-03-29,KXTSAW-26MAR29-A1.85,1.85,0.99,0.99,0.99,0.99,1.0,1.0,1.0,1.0,0.0,10.0
2026-03-28,2026-03-29,KXTSAW-26MAR29-A1.85,1.85,0.99,0.99,0.99,0.99,1.0,1.0,1.0,1.0,0.0,10.0
2026-03-29,2026-03-29,KXTSAW-26MAR29-A1.85,1.85,0.99,0.99,0.99,0.99,1.0,1.0,1.0,1.0,0.0,10.0
2026-03-24,2026-03-29,KXTSAW-26MAR29-A2.70,2.7,0.0,0.06,0.0,0.0,0.5,0.5,0.05,0.05,154.0,154.0
2026-03-25,2026-03-29,KXTSAW-26MAR29-A2.70,2.7,0.0,0.0,0.0,0.0,0.05,0.05,0.04,0.04,0.0,154.0
2026-03-26,2026-03-29,KXTSAW-26MAR29-A2.70,2.7,0.0,0.0,0.0,0.0,0.04,0.04,0.02,0.02,0.0,154.0
2026-03-27,2026-03-29,KXTSAW-26MAR29-A2.70,2.7,0.0,0.0,0.0,0.0,0.02,0.02,0.02,0.02,0.0,154.0
2026-03-28,2026-03-29,KXTSAW-26MAR29-A2.70,2.7,0.0,0.0,0.0,0.0,0.02,0.03,0.02,0.02,105.0,255.0
2026-03-29,2026-03-29,KXTSAW-26MAR29-A2.70,2.7,0.0,0.0,0.0,0.0,0.02,0.03,0.02,0.02,0.0,255.0
2026-03-31,2026-04-05,KXTSAW-26APR05-A2.55,2.55,0.51,0.52,0.0,0.16,1.0,1.0,0.11,0.17,1316.0,1203.0
2026-04-01,2026-04-05,KXTSAW-26APR05-A2.55,2.55,0.16,0.18,0.03,0.09,0.17,0.48,0.1,0.11,3776.0,4048.0
2026-04-02,2026-04-05,KXTSAW-26APR05-A2.55,2.55,0.09,0.1,0.02,0.03,0.11,0.14,0.03,0.04,2616.0,5629.0
2026-04-03,2026-04-05,KXTSAW-26APR05-A2.55,2.55,0.03,0.04,0.01,0.03,0.04,0.06,0.02,0.04,875.0,6482.0
2026-04-04,2026-04-05,KXTSAW-26APR05-A2.55,2.55,0.03,0.05,0.01,0.02,0.04,0.09,0.03,0.03,1824.0,7888.0
2026-04-05,2026-04-05,KXTSAW-26APR05-A2.55,2.55,0.02,0.07,0.0,0.03,0.03,0.15,0.01,0.04,5005.0,10894.0
2026-03-31,2026-04-05,KXTSAW-26APR05-A1.80,1.8,0.92,0.97,0.0,0.97,1.0,1.0,1.0,1.0,0.0,0.0
2026-04-01,2026-04-05,KXTSAW-26APR05-A1.80,1.8,0.97,0.97,0.96,0.97,1.0,1.0,1.0,1.0,1.0,1.0
2026-04-02,2026-04-05,KXTSAW-26APR05-A1.80,1.8,0.97,0.97,0.96,0.97,1.0,1.0,1.0,1.0,0.0,1.0
2026-04-04,2026-04-05,KXTSAW-26APR05-A1.80,1.8,0.97,0.97,0.96,0.97,1.0,1.0,1.0,1.0,0.0,1.0
2026-03-31,2026-04-05,KXTSAW-26APR05-A2.80,2.8,0.0,0.0,0.0,0.0,0.08,1.0,0.03,0.03,0.0,0.0
2026-04-01,2026-04-05,KXTSAW-26APR05-A2.80,2.8,0.0,0.0,0.0,0.0,0.03,0.04,0.02,0.02,0.0,0.0
2026-04-02,2026-04-05,KXTSAW-26APR05-A2.80,2.8,0.0,0.0,0.0,0.0,0.02,0.03,0.02,0.02,0.0,0.0
2026-04-03,2026-04-05,KXTSAW-26APR05-A2.80,2.8,0.0,0.0,0.0,0.0,0.02,0.03,0.02,0.02,0.0,0.0
2026-04-04,2026-04-05,KXTSAW-26APR05-A2.80,2.8,0.0,0.0,0.0,0.0,0.02,0.03,0.01,0.01,0.0,0.0
2026-03-31,2026-04-05,KXTSAW-26APR05-A2.15,2.15,0.91,0.92,0.0,0.92,1.0,1.0,1.0,1.0,0.0,0.0
2026-04-02,2026-04-05,KXTSAW-26APR05-A2.15,2.15,0.92,0.92,0.91,0.92,1.0,1.0,1.0,1.0,0.0,0.0
2026-04-03,2026-04-05,KXTSAW-26APR05-A2.15,2.15,0.92,0.97,0.92,0.97,1.0,1.0,1.0,1.0,0.0,0.0
2026-04-04,2026-04-05,KXTSAW-26APR05-A2.15,2.15,0.97,0.97,0.14,0.96,1.0,1.0,1.0,1.0,0.0,0.0
2026-04-05,2026-04-05,KXTSAW-26APR05-A2.15,2.15,0.96,0.96,0.11,0.96,1.0,1.0,1.0,1.0,0.0,0.0
2026-03-31,2026-04-05,KXTSAW-26APR05-A2.05,2.05,0.92,0.95,0.0,0.92,1.0,1.0,1.0,1.0,0.0,0.0
2026-04-01,2026-04-05,KXTSAW-26APR05-A2.05,2.05,0.92,0.92,0.91,0.92,1.0,1.0,1.0,1.0,0.0,0.0
2026-04-02,2026-04-05,KXTSAW-26APR05-A2.05,2.05,0.92,0.93,0.9,0.93,1.0,1.0,1.0,1.0,0.0,0.0
2026-04-03,2026-04-05,KXTSAW-26APR05-A2.05,2.05,0.93,0.97,0.92,0.97,1.0,1.0,1.0,1.0,0.0,0.0
2026-04-04,2026-04-05,KXTSAW-26APR05-A2.05,2.05,0.97,0.97,0.11,0.96,1.0,1.0,1.0,1.0,0.0,0.0
2026-04-05,2026-04-05,KXTSAW-26APR05-A2.05,2.05,0.96,0.96,0.11,0.96,1.0,1.0,1.0,1.0,0.0,0.0
2026-03-31,2026-04-05,KXTSAW-26APR05-A1.85,1.85,0.92,0.93,0.0,0.93,1.0,1.0,1.0,1.0,0.0,0.0
2026-04-02,2026-04-05,KXTSAW-26APR05-A1.85,1.85,0.93,0.93,0.92,0.93,1.0,1.0,1.0,1.0,0.0,0.0
2026-04-03,2026-04-05,KXTSAW-26APR05-A1.85,1.85,0.93,0.97,0.92,0.97,1.0,1.0,1.0,1.0,0.0,0.0
2026-04-04,2026-04-05,KXTSAW-26APR05-A1.85,1.85,0.97,0.97,0.85,0.97,1.0,1.0,1.0,1.0,0.0,0.0
2026-03-31,2026-04-05,KXTSAW-26APR05-A2.00,2.0,0.92,0.94,0.0,0.94,1.0,1.0,1.0,1.0,0.0,0.0
2026-04-01,2026-04-05,KXTSAW-26APR05-A2.00,2.0,0.94,0.96,0.94,0.96,1.0,1.0,1.0,1.0,0.0,0.0
2026-04-02,2026-04-05,KXTSAW-26APR05-A2.00,2.0,0.96,0.96,0.95,0.96,1.0,1.0,1.0,1.0,0.0,0.0
2026-04-03,2026-04-05,KXTSAW-26APR05-A2.00,2.0,0.96,0.97,0.95,0.97,1.0,1.0,1.0,1.0,0.0,0.0
2026-04-04,2026-04-05,KXTSAW-26APR05-A2.00,2.0,0.97,0.97,0.95,0.96,1.0,1.0,1.0,1.0,0.0,0.0
2026-04-05,2026-04-05,KXTSAW-26APR05-A2.00,2.0,0.96,0.96,0.96,0.96,1.0,1.0,1.0,1.0,0.0,0.0
2026-03-31,2026-04-05,KXTSAW-26APR05-A2.35,2.35,0.91,0.95,0.0,0.92,1.0,1.0,1.0,1.0,0.0,0.0
2026-04-01,2026-04-05,KXTSAW-26APR05-A2.35,2.35,0.92,0.95,0.92,0.94,1.0,1.0,0.99,1.0,0.0,0.0
2026-04-02,2026-04-05,KXTSAW-26APR05-A2.35,2.35,0.94,0.95,0.89,0.9,1.0,1.0,0.96,1.0,0.0,0.0
2026-04-03,2026-04-05,KXTSAW-26APR05-A2.35,2.35,0.9,0.95,0.89,0.95,1.0,1.0,1.0,1.0,0.0,0.0
2026-04-04,2026-04-05,KXTSAW-26APR05-A2.35,2.35,0.95,0.95,0.85,0.95,1.0,1.0,1.0,1.0,0.0,0.0
2026-04-05,2026-04-05,KXTSAW-26APR05-A2.35,2.35,0.95,0.98,0.85,0.96,1.0,1.0,0.89,1.0,694.0,343.0
2026-03-31,2026-04-05,KXTSAW-26APR05-A2.45,2.45,0.89,0.95,0.0,0.87,1.0,1.0,0.9,1.0,248.0,248.0
2026-04-01,2026-04-05,KXTSAW-26APR05-A2.45,2.45,0.87,0.96,0.83,0.83,1.0,1.0,0.85,0.86,869.0,667.0
2026-04-02,2026-04-05,KXTSAW-26APR05-A2.45,2.45,0.83,0.84,0.5,0.7,0.86,0.9,0.65,0.72,927.0,1306.0
2026-04-03,2026-04-05,KXTSAW-26APR05-A2.45,2.45,0.7,0.84,0.61,0.83,0.72,0.85,0.72,0.84,1001.0,1273.0
2026-04-04,2026-04-05,KXTSAW-26APR05-A2.45,2.45,0.83,0.9,0.78,0.85,0.84,0.92,0.8,0.87,7299.0,7795.0
2026-04-05,2026-04-05,KXTSAW-26APR05-A2.45,2.45,0.85,0.88,0.79,0.83,0.87,0.9,0.81,0.84,622.0,7722.0
2026-03-31,2026-04-05,KXTSAW-26APR05-A2.60,2.6,0.11,0.12,0.0,0.03,1.0,1.0,0.04,0.05,63.0,63.0
2026-04-01,2026-04-05,KXTSAW-26APR05-A2.60,2.6,0.03,0.04,0.0,0.02,0.05,0.06,0.03,0.03,578.0,467.0
2026-04-02,2026-04-05,KXTSAW-26APR05-A2.60,2.6,0.02,0.02,0.0,0.0,0.03,0.05,0.01,0.03,85.0,552.0
2026-04-03,2026-04-05,KXTSAW-26APR05-A2.60,2.6,0.0,0.0,0.0,0.0,0.03,0.03,0.02,0.02,0.0,552.0
2026-04-04,2026-04-05,KXTSAW-26APR05-A2.60,2.6,0.0,0.0,0.0,0.0,0.02,0.04,0.02,0.03,0.0,552.0
2026-04-05,2026-04-05,KXTSAW-26APR05-A2.60,2.6,0.0,0.0,0.0,0.0,0.03,0.04,0.03,0.03,0.0,552.0
2026-03-31,2026-04-05,KXTSAW-26APR05-A2.65,2.65,0.0,0.0,0.0,0.0,0.13,1.0,0.04,0.05,9.0,9.0
2026-04-01,2026-04-05,KXTSAW-26APR05-A2.65,2.65,0.0,0.0,0.0,0.0,0.05,0.05,0.04,0.04,0.0,9.0
2026-04-02,2026-04-05,KXTSAW-26APR05-A2.65,2.65,0.0,0.0,0.0,0.0,0.04,0.04,0.02,0.02,0.0,9.0
2026-04-03,2026-04-05,KXTSAW-26APR05-A2.65,2.65,0.0,0.0,0.0,0.0,0.02,0.03,0.02,0.02,0.0,9.0
2026-04-04,2026-04-05,KXTSAW-26APR05-A2.65,2.65,0.0,0.0,0.0,0.0,0.02,0.03,0.02,0.02,0.0,9.0
2026-03-31,2026-04-05,KXTSAW-26APR05-A2.50,2.5,0.76,0.77,0.0,0.69,1.0,1.0,0.58,0.7,905.0,751.0
2026-04-01,2026-04-05,KXTSAW-26APR05-A2.50,2.5,0.69,0.69,0.33,0.45,0.7,0.7,0.43,0.46,4840.0,4058.0
2026-04-02,2026-04-05,KXTSAW-26APR05-A2.50,2.5,0.45,0.45,0.15,0.2,0.46,0.49,0.2,0.22,3163.0,5387.0
2026-04-03,2026-04-05,KXTSAW-26APR05-A2.50,2.5,0.2,0.48,0.19,0.23,0.22,0.53,0.22,0.24,2034.0,6235.0
2026-04-04,2026-04-05,KXTSAW-26APR05-A2.50,2.5,0.23,0.5,0.12,0.28,0.24,0.63,0.23,0.29,7040.0,8952.0
2026-04-05,2026-04-05,KXTSAW-26APR05-A2.50,2.5,0.28,0.33,0.17,0.23,0.29,0.45,0.22,0.24,3040.0,10298.0
2026-03-31,2026-04-05,KXTSAW-26APR05-A1.90,1.9,0.92,0.93,0.0,0.93,1.0,1.0,1.0,1.0,0.0,0.0
2026-04-02,2026-04-05,KXTSAW-26APR05-A1.90,1.9,0.93,0.93,0.92,0.93,1.0,1.0,1.0,1.0,0.0,0.0
2026-04-03,2026-04-05,KXTSAW-26APR05-A1.90,1.9,0.93,0.97,0.85,0.96,1.0,1.0,1.0,1.0,0.0,0.0
2026-04-04,2026-04-05,KXTSAW-26APR05-A1.90,1.9,0.96,0.97,0.85,0.97,1.0,1.0,1.0,1.0,0.0,0.0
2026-04-05,2026-04-05,KXTSAW-26APR05-A1.90,1.9,0.97,0.98,0.97,0.97,1.0,1.0,1.0,1.0,0.0,0.0
2026-03-31,2026-04-05,KXTSAW-26APR05-A2.75,2.75,0.0,0.0,0.0,0.0,0.09,1.0,0.04,0.04,0.0,0.0
2026-04-01,2026-04-05,KXTSAW-26APR05-A2.75,2.75,0.0,0.0,0.0,0.0,0.04,0.04,0.02,0.02,0.0,0.0
2026-04-02,2026-04-05,KXTSAW-26APR05-A2.75,2.75,0.0,0.0,0.0,0.0,0.02,0.03,0.02,0.02,0.0,0.0
2026-04-04,2026-04-05,KXTSAW-26APR05-A2.75,2.75,0.0,0.0,0.0,0.0,0.02,0.03,0.01,0.02,0.0,0.0
2026-04-05,2026-04-05,KXTSAW-26APR05-A2.75,2.75,0.0,0.0,0.0,0.0,0.02,0.02,0.01,0.02,0.0,0.0
2026-03-31,2026-04-05,KXTSAW-26APR05-A2.20,2.2,0.91,0.92,0.0,0.92,1.0,1.0,1.0,1.0,0.0,0.0
2026-04-02,2026-04-05,KXTSAW-26APR05-A2.20,2.2,0.92,0.92,0.91,0.92,1.0,1.0,0.99,1.0,16.0,16.0
2026-04-03,2026-04-05,KXTSAW-26APR05-A2.20,2.2,0.92,0.97,0.92,0.97,1.0,1.0,1.0,1.0,0.0,16.0
2026-04-04,2026-04-05,KXTSAW-26APR05-A2.20,2.2,0.97,0.97,0.12,0.96,1.0,1.0,1.0,1.0,0.0,16.0
2026-04-05,2026-04-05,KXTSAW-26APR05-A2.20,2.2,0.96,0.96,0.11,0.96,1.0,1.0,1.0,1.0,0.0,16.0
2026-03-31,2026-04-05,KXTSAW-26APR05-A2.30,2.3,0.91,0.92,0.0,0.92,1.0,1.0,1.0,1.0,0.0,0.0
2026-04-02,2026-04-05,KXTSAW-26APR05-A2.30,2.3,0.92,0.99,0.85,0.99,1.0,1.0,0.97,1.0,0.0,0.0
2026-04-04,2026-04-05,KXTSAW-26APR05-A2.30,2.3,0.99,0.99,0.42,0.96,1.0,1.0,1.0,1.0,0.0,0.0
2026-04-05,2026-04-05,KXTSAW-26APR05-A2.30,2.3,0.96,0.96,0.44,0.96,1.0,1.0,1.0,1.0,0.0,0.0
2026-03-31,2026-04-05,KXTSAW-26APR05-A2.25,2.25,0.91,0.92,0.0,0.92,1.0,1.0,1.0,1.0,0.0,0.0
2026-04-02,2026-04-05,KXTSAW-26APR05-A2.25,2.25,0.92,0.92,0.91,0.92,1.0,1.0,0.98,1.0,16.0,16.0
2026-04-03,2026-04-05,KXTSAW-26APR05-A2.25,2.25,0.92,0.96,0.92,0.96,1.0,1.0,1.0,1.0,0.0,16.0
2026-04-04,2026-04-05,KXTSAW-26APR05-A2.25,2.25,0.96,0.96,0.39,0.96,1.0,1.0,1.0,1.0,0.0,16.0
2026-04-05,2026-04-05,KXTSAW-26APR05-A2.25,2.25,0.96,0.96,0.3,0.96,1.0,1.0,1.0,1.0,0.0,16.0
2026-03-31,2026-04-05,KXTSAW-26APR05-A1.95,1.95,0.92,0.96,0.0,0.96,1.0,1.0,1.0,1.0,0.0,0.0
2026-04-01,2026-04-05,KXTSAW-26APR05-A1.95,1.95,0.96,0.96,0.95,0.96,1.0,1.0,1.0,1.0,0.0,0.0
2026-04-02,2026-04-05,KXTSAW-26APR05-A1.95,1.95,0.96,0.96,0.95,0.96,1.0,1.0,1.0,1.0,0.0,0.0
2026-04-03,2026-04-05,KXTSAW-26APR05-A1.95,1.95,0.96,0.96,0.96,0.96,1.0,1.0,1.0,1.0,0.0,0.0
2026-04-04,2026-04-05,KXTSAW-26APR05-A1.95,1.95,0.96,0.97,0.95,0.97,1.0,1.0,1.0,1.0,0.0,0.0
2026-03-31,2026-04-05,KXTSAW-26APR05-A2.40,2.4,0.91,0.93,0.0,0.93,1.0,1.0,1.0,1.0,4.0,4.0
2026-04-01,2026-04-05,KXTSAW-26APR05-A2.40,2.4,0.93,0.98,0.89,0.89,1.0,1.0,0.97,0.97,102.0,106.0
2026-04-02,2026-04-05,KXTSAW-26APR05-A2.40,2.4,0.89,0.94,0.8,0.92,0.97,0.98,0.94,0.94,316.0,422.0
2026-04-03,2026-04-05,KXTSAW-26APR05-A2.40,2.4,0.92,0.97,0.91,0.94,0.94,1.0,0.94,1.0,330.0,752.0
2026-04-04,2026-04-05,KXTSAW-26APR05-A2.40,2.4,0.94,0.98,0.91,0.97,1.0,1.0,0.97,0.98,378.0,1070.0
2026-04-05,2026-04-05,KXTSAW-26APR05-A2.40,2.4,0.97,0.98,0.86,0.96,0.98,0.99,0.92,0.98,762.0,1368.0
2026-03-31,2026-04-05,KXTSAW-26APR05-A2.10,2.1,0.91,0.92,0.0,0.92,1.0,1.0,1.0,1.0,0.0,0.0
2026-04-02,2026-04-05,KXTSAW-26APR05-A2.10,2.1,0.92,0.92,0.91,0.92,1.0,1.0,1.0,1.0,0.0,0.0
2026-04-03,2026-04-05,KXTSAW-26APR05-A2.10,2.1,0.92,0.97,0.92,0.97,1.0,1.0,1.0,1.0,0.0,0.0
2026-04-04,2026-04-05,KXTSAW-26APR05-A2.10,2.1,0.97,0.97,0.49,0.96,1.0,1.0,1.0,1.0,0.0,0.0
2026-04-05,2026-04-05,KXTSAW-26APR05-A2.10,2.1,0.96,0.96,0.16,0.96,1.0,1.0,1.0,1.0,0.0,0.0
2026-03-31,2026-04-05,KXTSAW-26APR05-A2.70,2.7,0.0,0.0,0.0,0.0,0.09,1.0,0.04,0.04,0.0,0.0
2026-04-01,2026-04-05,KXTSAW-26APR05-A2.70,2.7,0.0,0.0,0.0,0.0,0.04,0.05,0.04,0.04,0.0,0.0
2026-04-02,2026-04-05,KXTSAW-26APR05-A2.70,2.7,0.0,0.0,0.0,0.0,0.04,0.04,0.02,0.02,0.0,0.0
2026-04-04,2026-04-05,KXTSAW-26APR05-A2.70,2.7,0.0,0.0,0.0,0.0,0.02,0.04,0.02,0.02,0.0,0.0
2026-04-07,2026-04-12,KXTSAW-26APR12-A1.90,1.9,0.01,0.99,0.0,0.99,1.0,1.0,0.99,1.0,10.0,10.0
2026-04-10,2026-04-12,KXTSAW-26APR12-A1.90,1.9,0.99,0.99,0.96,0.99,1.0,1.0,1.0,1.0,0.0,10.0
2026-04-11,2026-04-12,KXTSAW-26APR12-A1.90,1.9,0.99,0.99,0.96,0.96,1.0,1.0,1.0,1.0,0.0,10.0
2026-04-07,2026-04-12,KXTSAW-26APR12-A2.20,2.2,0.01,0.99,0.0,0.99,1.0,1.0,0.99,1.0,10.0,10.0
2026-04-10,2026-04-12,KXTSAW-26APR12-A2.20,2.2,0.99,0.99,0.95,0.99,1.0,1.0,1.0,1.0,0.0,10.0
2026-04-11,2026-04-12,KXTSAW-26APR12-A2.20,2.2,0.99,0.99,0.95,0.96,1.0,1.0,1.0,1.0,0.0,10.0
2026-04-07,2026-04-12,KXTSAW-26APR12-A2.25,2.25,0.01,0.99,0.0,0.99,1.0,1.0,0.99,1.0,10.0,10.0
2026-04-10,2026-04-12,KXTSAW-26APR12-A2.25,2.25,0.99,0.99,0.95,0.99,1.0,1.0,1.0,1.0,0.0,10.0
2026-04-11,2026-04-12,KXTSAW-26APR12-A2.25,2.25,0.99,0.99,0.95,0.96,1.0,1.0,1.0,1.0,0.0,10.0
2026-04-07,2026-04-12,KXTSAW-26APR12-A1.85,1.85,0.01,0.99,0.0,0.99,1.0,1.0,0.99,1.0,10.0,10.0
2026-04-10,2026-04-12,KXTSAW-26APR12-A1.85,1.85,0.99,0.99,0.96,0.99,1.0,1.0,1.0,1.0,0.0,10.0
2026-04-11,2026-04-12,KXTSAW-26APR12-A1.85,1.85,0.99,0.99,0.96,0.96,1.0,1.0,1.0,1.0,0.0,10.0
2026-04-07,2026-04-12,KXTSAW-26APR12-A2.35,2.35,0.01,0.98,0.0,0.98,1.0,1.0,0.99,1.0,10.0,10.0
2026-04-08,2026-04-12,KXTSAW-26APR12-A2.35,2.35,0.98,0.99,0.96,0.99,1.0,1.0,1.0,1.0,0.0,10.0
2026-04-09,2026-04-12,KXTSAW-26APR12-A2.35,2.35,0.99,0.99,0.96,0.99,1.0,1.0,1.0,1.0,0.0,10.0
2026-04-10,2026-04-12,KXTSAW-26APR12-A2.35,2.35,0.99,0.99,0.95,0.99,1.0,1.0,1.0,1.0,0.0,10.0
2026-04-11,2026-04-12,KXTSAW-26APR12-A2.35,2.35,0.99,0.99,0.95,0.99,1.0,1.0,1.0,1.0,0.0,10.0
2026-04-07,2026-04-12,KXTSAW-26APR12-A2.75,2.75,0.0,0.04,0.0,0.0,0.99,1.0,0.01,0.04,406.0,406.0
2026-04-08,2026-04-12,KXTSAW-26APR12-A2.75,2.75,0.0,0.01,0.0,0.0,0.04,0.05,0.01,0.01,37.0,406.0
2026-04-09,2026-04-12,KXTSAW-26APR12-A2.75,2.75,0.0,0.0,0.0,0.0,0.01,0.06,0.01,0.05,0.0,406.0
2026-04-10,2026-04-12,KXTSAW-26APR12-A2.75,2.75,0.0,0.0,0.0,0.0,0.05,0.06,0.04,0.05,0.0,406.0
2026-04-11,2026-04-12,KXTSAW-26APR12-A2.75,2.75,0.0,0.0,0.0,0.0,0.05,0.06,0.04,0.04,0.0,406.0
2026-04-07,2026-04-12,KXTSAW-26APR12-A1.80,1.8,0.01,0.99,0.0,0.99,1.0,1.0,0.99,1.0,10.0,10.0
2026-04-10,2026-04-12,KXTSAW-26APR12-A1.80,1.8,0.99,0.99,0.96,0.99,1.0,1.0,1.0,1.0,0.0,10.0
2026-04-11,2026-04-12,KXTSAW-26APR12-A1.80,1.8,0.99,0.99,0.96,0.96,1.0,1.0,1.0,1.0,0.0,10.0
2026-04-07,2026-04-12,KXTSAW-26APR12-A1.95,1.95,0.01,0.99,0.0,0.99,1.0,1.0,0.99,1.0,10.0,10.0
2026-04-10,2026-04-12,KXTSAW-26APR12-A1.95,1.95,0.99,0.99,0.96,0.99,1.0,1.0,1.0,1.0,0.0,10.0
2026-04-11,2026-04-12,KXTSAW-26APR12-A1.95,1.95,0.99,0.99,0.96,0.96,1.0,1.0,1.0,1.0,0.0,10.0
2026-04-07,2026-04-12,KXTSAW-26APR12-A2.65,2.65,0.0,0.03,0.0,0.0,0.09,0.09,0.04,0.04,39.0,39.0
2026-04-08,2026-04-12,KXTSAW-26APR12-A2.65,2.65,0.0,0.01,0.0,0.01,0.04,0.04,0.02,0.02,236.0,236.0
2026-04-09,2026-04-12,KXTSAW-26APR12-A2.65,2.65,0.01,0.01,0.01,0.01,0.02,0.02,0.02,0.02,0.0,236.0
2026-04-10,2026-04-12,KXTSAW-26APR12-A2.65,2.65,0.01,0.01,0.0,0.0,0.02,0.02,0.02,0.02,36.0,236.0
2026-04-11,2026-04-12,KXTSAW-26APR12-A2.65,2.65,0.0,0.0,0.0,0.0,0.02,0.02,0.02,0.02,0.0,236.0
2026-04-07,2026-04-12,KXTSAW-26APR12-A2.00,2.0,0.01,0.99,0.0,0.99,1.0,1.0,0.99,1.0,10.0,10.0
2026-04-10,2026-04-12,KXTSAW-26APR12-A2.00,2.0,0.99,0.99,0.96,0.99,1.0,1.0,1.0,1.0,0.0,10.0
2026-04-11,2026-04-12,KXTSAW-26APR12-A2.00,2.0,0.99,0.99,0.96,0.96,1.0,1.0,1.0,1.0,0.0,10.0
2026-04-07,2026-04-12,KXTSAW-26APR12-A2.50,2.5,0.35,0.66,0.35,0.56,1.0,1.0,0.59,0.66,239.0,227.0
2026-04-08,2026-04-12,KXTSAW-26APR12-A2.50,2.5,0.56,0.79,0.35,0.74,0.66,0.8,0.44,0.75,757.0,514.0
2026-04-09,2026-04-12,KXTSAW-26APR12-A2.50,2.5,0.74,0.78,0.6,0.73,0.75,0.8,0.73,0.74,721.0,1043.0
2026-04-10,2026-04-12,KXTSAW-26APR12-A2.50,2.5,0.73,0.73,0.65,0.7,0.74,0.79,0.68,0.71,1075.62,1766.62
2026-04-11,2026-04-12,KXTSAW-26APR12-A2.50,2.5,0.7,0.76,0.67,0.73,0.71,0.79,0.71,0.77,664.87,1867.63
2026-04-12,2026-04-12,KXTSAW-26APR12-A2.50,2.5,0.73,0.77,0.73,0.75,0.77,0.78,0.76,0.77,171.53,1993.56
2026-04-07,2026-04-12,KXTSAW-26APR12-A2.55,2.55,0.0,0.19,0.0,0.18,0.5,0.5,0.08,0.2,2070.0,2022.0
2026-04-08,2026-04-12,KXTSAW-26APR12-A2.55,2.55,0.18,0.28,0.13,0.18,0.2,0.3,0.17,0.21,1741.0,3061.0
2026-04-09,2026-04-12,KXTSAW-26APR12-A2.55,2.55,0.18,0.25,0.12,0.14,0.21,0.26,0.13,0.15,4134.0,6274.0
2026-04-10,2026-04-12,KXTSAW-26APR12-A2.55,2.55,0.14,0.15,0.03,0.04,0.15,0.17,0.05,0.06,1022.85,6855.59
2026-04-11,2026-04-12,KXTSAW-26APR12-A2.55,2.55,0.04,0.06,0.02,0.03,0.06,0.07,0.04,0.05,1413.82,7144.72
2026-04-12,2026-04-12,KXTSAW-26APR12-A2.55,2.55,0.03,0.05,0.01,0.02,0.05,0.06,0.02,0.03,4680.21,10770.24
2026-04-07,2026-04-12,KXTSAW-26APR12-A2.80,2.8,0.0,0.01,0.0,0.0,0.99,1.0,0.01,0.03,233.0,233.0
2026-04-08,2026-04-12,KXTSAW-26APR12-A2.80,2.8,0.0,0.0,0.0,0.0,0.03,0.05,0.01,0.01,0.0,233.0
2026-04-09,2026-04-12,KXTSAW-26APR12-A2.80,2.8,0.0,0.0,0.0,0.0,0.01,0.05,0.01,0.05,0.0,233.0
2026-04-10,2026-04-12,KXTSAW-26APR12-A2.80,2.8,0.0,0.0,0.0,0.0,0.05,0.05,0.04,0.04,0.0,233.0
2026-04-11,2026-04-12,KXTSAW-26APR12-A2.80,2.8,0.0,0.0,0.0,0.0,0.04,0.05,0.04,0.04,0.0,233.0
2026-04-07,2026-04-12,KXTSAW-26APR12-A2.45,2.45,0.15,0.87,0.15,0.85,1.0,1.0,0.74,0.87,738.0,689.0
2026-04-08,2026-04-12,KXTSAW-26APR12-A2.45,2.45,0.85,0.94,0.85,0.94,0.87,0.96,0.86,0.95,1135.0,1216.0
2026-04-09,2026-04-12,KXTSAW-26APR12-A2.45,2.45,0.94,0.95,0.9,0.94,0.95,0.96,0.94,0.95,311.0,1511.0
2026-04-10,2026-04-12,KXTSAW-26APR12-A2.45,2.45,0.94,0.94,0.86,0.92,0.95,0.98,0.9,0.96,1118.99,1905.79
2026-04-11,2026-04-12,KXTSAW-26APR12-A2.45,2.45,0.92,0.98,0.89,0.97,0.96,1.0,0.93,1.0,356.76,2137.28
2026-04-12,2026-04-12,KXTSAW-26APR12-A2.45,2.45,0.97,0.97,0.97,0.97,1.0,1.0,1.0,1.0,0.0,2137.28
2026-04-07,2026-04-12,KXTSAW-26APR12-A2.05,2.05,0.01,0.99,0.0,0.99,1.0,1.0,0.99,1.0,10.0,10.0
2026-04-10,2026-04-12,KXTSAW-26APR12-A2.05,2.05,0.99,0.99,0.95,0.99,1.0,1.0,1.0,1.0,0.0,10.0
2026-04-11,2026-04-12,KXTSAW-26APR12-A2.05,2.05,0.99,0.99,0.96,0.96,1.0,1.0,1.0,1.0,0.0,10.0
2026-04-07,2026-04-12,KXTSAW-26APR12-A2.10,2.1,0.01,0.99,0.0,0.99,1.0,1.0,0.99,1.0,10.0,10.0
2026-04-10,2026-04-12,KXTSAW-26APR12-A2.10,2.1,0.99,0.99,0.95,0.99,1.0,1.0,1.0,1.0,0.0,10.0
2026-04-11,2026-04-12,KXTSAW-26APR12-A2.10,2.1,0.99,0.99,0.96,0.96,1.0,1.0,1.0,1.0,0.0,10.0
2026-04-07,2026-04-12,KXTSAW-26APR12-A2.70,2.7,0.0,0.03,0.0,0.0,0.99,1.0,0.01,0.03,147.0,147.0
2026-04-08,2026-04-12,KXTSAW-26APR12-A2.70,2.7,0.0,0.01,0.0,0.0,0.03,0.05,0.01,0.01,8.0,155.0
2026-04-09,2026-04-12,KXTSAW-26APR12-A2.70,2.7,0.0,0.0,0.0,0.0,0.01,0.04,0.01,0.03,312.0,467.0
2026-04-10,2026-04-12,KXTSAW-26APR12-A2.70,2.7,0.0,0.01,0.0,0.0,0.03,0.03,0.01,0.02,200.0,467.0
2026-04-11,2026-04-12,KXTSAW-26APR12-A2.70,2.7,0.0,0.0,0.0,0.0,0.02,0.02,0.02,0.02,0.0,467.0
2026-04-07,2026-04-12,KXTSAW-26APR12-A2.40,2.4,0.5,0.99,0.5,0.96,1.0,1.0,0.94,0.99,124.0,114.0
2026-04-08,2026-04-12,KXTSAW-26APR12-A2.40,2.4,0.96,0.97,0.94,0.95,0.99,1.0,0.99,1.0,0.0,114.0
2026-04-09,2026-04-12,KXTSAW-26APR12-A2.40,2.4,0.95,0.96,0.95,0.96,1.0,1.0,1.0,1.0,102.0,191.0
2026-04-10,2026-04-12,KXTSAW-26APR12-A2.40,2.4,0.96,0.98,0.95,0.95,1.0,1.0,0.99,1.0,30.0,221.0
2026-04-11,2026-04-12,KXTSAW-26APR12-A2.40,2.4,0.95,0.98,0.95,0.98,1.0,1.0,1.0,1.0,0.0,221.0
2026-04-12,2026-04-12,KXTSAW-26APR12-A2.40,2.4,0.98,0.98,0.98,0.98,1.0,1.0,1.0,1.0,0.0,221.0
2026-04-07,2026-04-12,KXTSAW-26APR12-A2.30,2.3,0.01,0.99,0.0,0.99,1.0,1.0,0.99,1.0,10.0,10.0
2026-04-08,2026-04-12,KXTSAW-26APR12-A2.30,2.3,0.99,0.99,0.96,0.99,1.0,1.0,1.0,1.0,0.0,10.0
2026-04-09,2026-04-12,KXTSAW-26APR12-A2.30,2.3,0.99,0.99,0.8,0.99,1.0,1.0,0.99,1.0,76.0,86.0
2026-04-10,2026-04-12,KXTSAW-26APR12-A2.30,2.3,0.99,0.99,0.8,0.95,1.0,1.0,1.0,1.0,0.0,86.0
2026-04-11,2026-04-12,KXTSAW-26APR12-A2.30,2.3,0.95,0.98,0.81,0.96,1.0,1.0,1.0,1.0,0.0,86.0
2026-04-07,2026-04-12,KXTSAW-26APR12-A2.15,2.15,0.01,0.99,0.0,0.99,1.0,1.0,0.99,1.0,10.0,10.0
2026-04-10,2026-04-12,KXTSAW-26APR12-A2.15,2.15,0.99,0.99,0.95,0.99,1.0,1.0,1.0,1.0,0.0,10.0
2026-04-11,2026-04-12,KXTSAW-26APR12-A2.15,2.15,0.99,0.99,0.95,0.96,1.0,1.0,1.0,1.0,0.0,10.0
2026-04-07,2026-04-12,KXTSAW-26APR12-A2.60,2.6,0.0,0.03,0.0,0.0,0.1,0.1,0.04,0.04,1.0,1.0
2026-04-08,2026-04-12,KXTSAW-26APR12-A2.60,2.6,0.0,0.03,0.0,0.01,0.04,0.06,0.02,0.02,464.0,465.0
2026-04-09,2026-04-12,KXTSAW-26APR12-A2.60,2.6,0.01,0.02,0.0,0.01,0.02,0.04,0.02,0.03,177.0,642.0
2026-04-10,2026-04-12,KXTSAW-26APR12-A2.60,2.6,0.01,0.02,0.0,0.0,0.03,0.03,0.01,0.03,204.7,801.7
2026-04-11,2026-04-12,KXTSAW-26APR12-A2.60,2.6,0.0,0.0,0.0,0.0,0.03,0.03,0.01,0.01,0.0,801.7
2026-04-12,2026-04-12,KXTSAW-26APR12-A2.60,2.6,0.0,0.01,0.0,0.0,0.01,0.03,0.01,0.02,201.0,902.7
2026-04-14,2026-04-19,KXTSAW-26APR19-A2.40,2.4,0.89,0.95,0.0,0.94,1.0,1.0,0.96,0.99,1.0,1.0
2026-04-15,2026-04-19,KXTSAW-26APR19-A2.40,2.4,0.94,0.96,0.94,0.96,0.99,1.0,0.99,1.0,0.0,1.0
2026-04-16,2026-04-19,KXTSAW-26APR19-A2.40,2.4,0.96,0.96,0.9,0.91,1.0,1.0,0.99,1.0,0.0,1.0
2026-04-17,2026-04-19,KXTSAW-26APR19-A2.40,2.4,0.91,0.96,0.7,0.93,1.0,1.0,0.92,0.94,89.32,57.76
2026-04-18,2026-04-19,KXTSAW-26APR19-A2.40,2.4,0.93,0.98,0.85,0.97,0.94,1.0,0.93,1.0,1586.0,1577.56
2026-04-19,2026-04-19,KXTSAW-26APR19-A2.40,2.4,0.97,0.97,0.94,0.94,1.0,1.0,0.99,0.99,26.0,1603.56
2026-04-14,2026-04-19,KXTSAW-26APR19-A2.00,2.0,0.9,0.94,0.0,0.94,1.0,1.0,1.0,1.0,0.0,0.0
2026-04-15,2026-04-19,KXTSAW-26APR19-A2.00,2.0,0.94,0.94,0.93,0.94,1.0,1.0,1.0,1.0,0.0,0.0
2026-04-16,2026-04-19,KXTSAW-26APR19-A2.00,2.0,0.94,0.94,0.93,0.94,1.0,1.0,1.0,1.0,0.0,0.0
2026-04-17,2026-04-19,KXTSAW-26APR19-A2.00,2.0,0.94,0.94,0.93,0.94,1.0,1.0,1.0,1.0,0.0,0.0
2026-04-18,2026-04-19,KXTSAW-26APR19-A2.00,2.0,0.94,0.97,0.93,0.97,1.0,1.0,1.0,1.0,0.0,0.0
2026-04-14,2026-04-19,KXTSAW-26APR19-A2.75,2.75,0.0,0.0,0.0,0.0,0.1,1.0,0.05,0.06,0.0,0.0
2026-04-15,2026-04-19,KXTSAW-26APR19-A2.75,2.75,0.0,0.0,0.0,0.0,0.06,0.07,0.06,0.06,0.0,0.0
2026-04-16,2026-04-19,KXTSAW-26APR19-A2.75,2.75,0.0,0.0,0.0,0.0,0.06,0.07,0.04,0.04,0.0,0.0
2026-04-17,2026-04-19,KXTSAW-26APR19-A2.75,2.75,0.0,0.0,0.0,0.0,0.04,0.05,0.04,0.04,0.0,0.0
2026-04-18,2026-04-19,KXTSAW-26APR19-A2.75,2.75,0.0,0.0,0.0,0.0,0.04,0.05,0.02,0.02,0.0,0.0
2026-04-14,2026-04-19,KXTSAW-26APR19-A1.95,1.95,0.9,0.91,0.0,0.91,1.0,1.0,1.0,1.0,0.0,0.0
2026-04-16,2026-04-19,KXTSAW-26APR19-A1.95,1.95,0.91,0.91,0.9,0.91,1.0,1.0,1.0,1.0,0.0,0.0
2026-04-17,2026-04-19,KXTSAW-26APR19-A1.95,1.95,0.91,0.97,0.89,0.97,1.0,1.0,1.0,1.0,0.0,0.0
2026-04-18,2026-04-19,KXTSAW-26APR19-A1.95,1.95,0.97,0.97,0.96,0.97,1.0,1.0,1.0,1.0,0.0,0.0
2026-04-14,2026-04-19,KXTSAW-26APR19-A2.45,2.45,0.84,0.94,0.0,0.93,1.0,1.0,0.89,0.99,151.0,124.0
2026-04-15,2026-04-19,KXTSAW-26APR19-A2.45,2.45,0.93,0.96,0.92,0.96,0.99,1.0,0.95,0.98,64.0,178.0
2026-04-16,2026-04-19,KXTSAW-26APR19-A2.45,2.45,0.96,0.96,0.74,0.84,0.98,0.99,0.81,0.85,885.0,678.0
2026-04-17,2026-04-19,KXTSAW-26APR19-A2.45,2.45,0.84,0.84,0.45,0.54,0.85,0.86,0.46,0.56,1421.57,1186.35
2026-04-18,2026-04-19,KXTSAW-26APR19-A2.45,2.45,0.54,0.84,0.31,0.69,0.56,0.9,0.46,0.7,5143.45,2118.93
2026-04-19,2026-04-19,KXTSAW-26APR19-A2.45,2.45,0.69,0.73,0.66,0.7,0.7,0.78,0.69,0.78,470.58,2396.63
2026-04-14,2026-04-19,KXTSAW-26APR19-A2.55,2.55,0.03,0.23,0.0,0.15,1.0,1.0,0.19,0.22,178.0,113.0
2026-04-15,2026-04-19,KXTSAW-26APR19-A2.55,2.55,0.15,0.23,0.05,0.15,0.22,0.28,0.18,0.19,101.0,182.0
2026-04-16,2026-04-19,KXTSAW-26APR19-A2.55,2.55,0.15,0.18,0.0,0.01,0.19,0.21,0.02,0.03,223.0,249.0
2026-04-17,2026-04-19,KXTSAW-26APR19-A2.55,2.55,0.01,0.02,0.0,0.0,0.03,0.03,0.02,0.02,133.0,377.0
2026-04-18,2026-04-19,KXTSAW-26APR19-A2.55,2.55,0.0,0.0,0.0,0.0,0.02,0.04,0.02,0.02,27.0,404.0
2026-04-19,2026-04-19,KXTSAW-26APR19-A2.55,2.55,0.0,0.0,0.0,0.0,0.02,0.03,0.02,0.02,0.0,404.0
2026-04-14,2026-04-19,KXTSAW-26APR19-A2.30,2.3,0.89,0.91,0.0,0.91,1.0,1.0,1.0,1.0,0.0,0.0
2026-04-15,2026-04-19,KXTSAW-26APR19-A2.30,2.3,0.91,0.91,0.89,0.9,1.0,1.0,1.0,1.0,0.0,0.0
2026-04-16,2026-04-19,KXTSAW-26APR19-A2.30,2.3,0.9,0.9,0.89,0.9,1.0,1.0,1.0,1.0,0.0,0.0
2026-04-17,2026-04-19,KXTSAW-26APR19-A2.30,2.3,0.9,0.92,0.89,0.92,1.0,1.0,1.0,1.0,0.0,0.0
2026-04-18,2026-04-19,KXTSAW-26APR19-A2.30,2.3,0.92,0.97,0.11,0.97,1.0,1.0,1.0,1.0,0.0,0.0
2026-04-14,2026-04-19,KXTSAW-26APR19-A2.70,2.7,0.0,0.0,0.0,0.0,0.11,1.0,0.02,0.02,0.0,0.0
2026-04-15,2026-04-19,KXTSAW-26APR19-A2.70,2.7,0.0,0.0,0.0,0.0,0.02,0.03,0.01,0.01,0.0,0.0
2026-04-16,2026-04-19,KXTSAW-26APR19-A2.70,2.7,0.0,0.0,0.0,0.0,0.01,0.01,0.01,0.01,0.0,0.0
2026-04-17,2026-04-19,KXTSAW-26APR19-A2.70,2.7,0.0,0.0,0.0,0.0,0.01,0.01,0.01,0.01,100.0,100.0
2026-04-18,2026-04-19,KXTSAW-26APR19-A2.70,2.7,0.0,0.0,0.0,0.0,0.01,0.01,0.01,0.01,0.0,100.0
2026-04-19,2026-04-19,KXTSAW-26APR19-A2.70,2.7,0.0,0.0,0.0,0.0,0.01,0.01,0.01,0.01,0.0,100.0
2026-04-14,2026-04-19,KXTSAW-26APR19-A2.25,2.25,0.89,0.91,0.0,0.91,1.0,1.0,1.0,1.0,0.0,0.0
2026-04-16,2026-04-19,KXTSAW-26APR19-A2.25,2.25,0.91,0.91,0.89,0.91,1.0,1.0,1.0,1.0,0.0,0.0
2026-04-17,2026-04-19,KXTSAW-26APR19-A2.25,2.25,0.91,0.97,0.89,0.97,1.0,1.0,1.0,1.0,0.0,0.0
2026-04-18,2026-04-19,KXTSAW-26APR19-A2.25,2.25,0.97,0.97,0.96,0.97,1.0,1.0,1.0,1.0,0.0,0.0
2026-04-14,2026-04-19,KXTSAW-26APR19-A1.85,1.85,0.9,0.95,0.0,0.95,1.0,1.0,1.0,1.0,0.0,0.0
2026-04-16,2026-04-19,KXTSAW-26APR19-A1.85,1.85,0.95,0.95,0.94,0.95,1.0,1.0,1.0,1.0,0.0,0.0
2026-04-17,2026-04-19,KXTSAW-26APR19-A1.85,1.85,0.95,0.95,0.94,0.95,1.0,1.0,1.0,1.0,0.0,0.0
2026-04-18,2026-04-19,KXTSAW-26APR19-A1.85,1.85,0.95,0.97,0.11,0.97,1.0,1.0,1.0,1.0,8.0,8.0
2026-04-19,2026-04-19,KXTSAW-26APR19-A1.85,1.85,0.97,0.97,0.96,0.97,1.0,1.0,1.0,1.0,0.0,8.0
2026-04-14,2026-04-19,KXTSAW-26APR19-A2.35,2.35,0.89,0.96,0.0,0.96,1.0,1.0,0.99,1.0,0.0,0.0
2026-04-16,2026-04-19,KXTSAW-26APR19-A2.35,2.35,0.96,0.96,0.95,0.96,1.0,1.0,1.0,1.0,0.0,0.0
2026-04-17,2026-04-19,KXTSAW-26APR19-A2.35,2.35,0.96,0.96,0.89,0.96,1.0,1.0,1.0,1.0,0.0,0.0
2026-04-18,2026-04-19,KXTSAW-26APR19-A2.35,2.35,0.96,0.97,0.9,0.97,1.0,1.0,1.0,1.0,0.0,0.0
2026-04-14,2026-04-19,KXTSAW-26APR19-A1.80,1.8,0.9,0.96,0.0,0.96,1.0,1.0,1.0,1.0,0.0,0.0
2026-04-15,2026-04-19,KXTSAW-26APR19-A1.80,1.8,0.96,0.96,0.96,0.96,1.0,1.0,0.98,1.0,483.0,483.0
2026-04-16,2026-04-19,KXTSAW-26APR19-A1.80,1.8,0.96,0.96,0.95,0.95,1.0,1.0,1.0,1.0,0.0,483.0
2026-04-17,2026-04-19,KXTSAW-26APR19-A1.80,1.8,0.95,0.95,0.92,0.92,1.0,1.0,1.0,1.0,0.0,483.0
2026-04-18,2026-04-19,KXTSAW-26APR19-A1.80,1.8,0.92,0.97,0.64,0.96,1.0,1.0,0.99,1.0,0.0,483.0
2026-04-19,2026-04-19,KXTSAW-26APR19-A1.80,1.8,0.96,0.96,0.64,0.96,1.0,1.0,1.0,1.0,0.0,483.0
2026-04-14,2026-04-19,KXTSAW-26APR19-A2.20,2.2,0.89,0.91,0.0,0.91,1.0,1.0,1.0,1.0,0.0,0.0
2026-04-16,2026-04-19,KXTSAW-26APR19-A2.20,2.2,0.91,0.91,0.89,0.91,1.0,1.0,1.0,1.0,0.0,0.0
2026-04-17,2026-04-19,KXTSAW-26APR19-A2.20,2.2,0.91,0.92,0.07,0.91,1.0,1.0,1.0,1.0,0.0,0.0
2026-04-18,2026-04-19,KXTSAW-26APR19-A2.20,2.2,0.91,0.97,0.54,0.97,1.0,1.0,1.0,1.0,0.0,0.0
2026-04-14,2026-04-19,KXTSAW-26APR19-A1.90,1.9,0.9,0.91,0.0,0.9,1.0,1.0,1.0,1.0,0.0,0.0
2026-04-15,2026-04-19,KXTSAW-26APR19-A1.90,1.9,0.9,0.91,0.9,0.91,1.0,1.0,1.0,1.0,0.0,0.0
2026-04-16,2026-04-19,KXTSAW-26APR19-A1.90,1.9,0.91,0.91,0.9,0.91,1.0,1.0,1.0,1.0,0.0,0.0
2026-04-17,2026-04-19,KXTSAW-26APR19-A1.90,1.9,0.91,0.93,0.05,0.93,1.0,1.0,1.0,1.0,0.0,0.0
2026-04-18,2026-04-19,KXTSAW-26APR19-A1.90,1.9,0.93,0.99,0.54,0.99,1.0,1.0,0.99,1.0,10.0,10.0
2026-04-14,2026-04-19,KXTSAW-26APR19-A2.10,2.1,0.89,0.91,0.0,0.91,1.0,1.0,1.0,1.0,0.0,0.0
2026-04-16,2026-04-19,KXTSAW-26APR19-A2.10,2.1,0.91,0.91,0.9,0.91,1.0,1.0,1.0,1.0,0.0,0.0
2026-04-17,2026-04-19,KXTSAW-26APR19-A2.10,2.1,0.91,0.99,0.09,0.93,1.0,1.0,0.99,1.0,10.0,10.0
2026-04-18,2026-04-19,KXTSAW-26APR19-A2.10,2.1,0.93,0.99,0.91,0.99,1.0,1.0,1.0,1.0,0.0,10.0
2026-04-14,2026-04-19,KXTSAW-26APR19-A2.65,2.65,0.0,0.0,0.0,0.0,0.11,1.0,0.05,0.05,0.0,0.0
2026-04-15,2026-04-19,KXTSAW-26APR19-A2.65,2.65,0.0,0.0,0.0,0.0,0.05,0.05,0.01,0.01,0.0,0.0
2026-04-16,2026-04-19,KXTSAW-26APR19-A2.65,2.65,0.0,0.0,0.0,0.0,0.01,0.01,0.01,0.01,0.0,0.0
2026-04-18,2026-04-19,KXTSAW-26APR19-A2.65,2.65,0.0,0.0,0.0,0.0,0.01,0.01,0.01,0.01,67.0,67.0
2026-04-14,2026-04-19,KXTSAW-26APR19-A2.60,2.6,0.0,0.01,0.0,0.01,0.15,1.0,0.06,0.12,0.0,0.0
2026-04-15,2026-04-19,KXTSAW-26APR19-A2.60,2.6,0.01,0.01,0.0,0.0,0.12,0.13,0.07,0.09,0.0,0.0
2026-04-16,2026-04-19,KXTSAW-26APR19-A2.60,2.6,0.0,0.0,0.0,0.0,0.09,0.1,0.01,0.01,0.0,0.0
2026-04-17,2026-04-19,KXTSAW-26APR19-A2.60,2.6,0.0,0.0,0.0,0.0,0.01,0.01,0.01,0.01,0.0,0.0
2026-04-18,2026-04-19,KXTSAW-26APR19-A2.60,2.6,0.0,0.0,0.0,0.0,0.01,0.01,0.01,0.01,60.0,60.0
2026-04-19,2026-04-19,KXTSAW-26APR19-A2.60,2.6,0.0,0.0,0.0,0.0,0.01,0.01,0.01,0.01,883.1,943.1
2026-04-14,2026-04-19,KXTSAW-26APR19-A2.80,2.8,0.0,0.0,0.0,0.0,0.1,1.0,0.04,0.04,0.0,0.0
2026-04-15,2026-04-19,KXTSAW-26APR19-A2.80,2.8,0.0,0.0,0.0,0.0,0.04,0.04,0.02,0.02,0.0,0.0
2026-04-16,2026-04-19,KXTSAW-26APR19-A2.80,2.8,0.0,0.0,0.0,0.0,0.02,0.03,0.01,0.01,0.0,0.0
2026-04-17,2026-04-19,KXTSAW-26APR19-A2.80,2.8,0.0,0.0,0.0,0.0,0.01,0.01,0.01,0.01,0.0,0.0
2026-04-18,2026-04-19,KXTSAW-26APR19-A2.80,2.8,0.0,0.0,0.0,0.0,0.01,0.01,0.01,0.01,0.0,0.0
2026-04-14,2026-04-19,KXTSAW-26APR19-A2.50,2.5,0.5,0.81,0.01,0.79,1.0,1.0,0.73,0.82,840.0,776.0
2026-04-15,2026-04-19,KXTSAW-26APR19-A2.50,2.5,0.79,0.82,0.74,0.79,0.82,0.9,0.78,0.8,340.0,1103.0
2026-04-16,2026-04-19,KXTSAW-26APR19-A2.50,2.5,0.79,0.8,0.31,0.35,0.8,0.82,0.36,0.37,801.0,1421.0
2026-04-17,2026-04-19,KXTSAW-26APR19-A2.50,2.5,0.35,0.37,0.08,0.09,0.37,0.39,0.1,0.1,2005.93,1512.0
2026-04-18,2026-04-19,KXTSAW-26APR19-A2.50,2.5,0.09,0.11,0.05,0.06,0.1,0.13,0.08,0.1,736.8,2000.56
2026-04-19,2026-04-19,KXTSAW-26APR19-A2.50,2.5,0.06,0.09,0.02,0.02,0.1,0.1,0.04,0.05,1768.22,3218.53
2026-04-14,2026-04-19,KXTSAW-26APR19-A2.15,2.15,0.89,0.91,0.0,0.91,1.0,1.0,1.0,1.0,0.0,0.0
2026-04-15,2026-04-19,KXTSAW-26APR19-A2.15,2.15,0.91,0.91,0.9,0.91,1.0,1.0,1.0,1.0,0.0,0.0
2026-04-16,2026-04-19,KXTSAW-26APR19-A2.15,2.15,0.91,0.91,0.9,0.91,1.0,1.0,1.0,1.0,0.0,0.0
2026-04-17,2026-04-19,KXTSAW-26APR19-A2.15,2.15,0.91,0.97,0.89,0.97,1.0,1.0,1.0,1.0,0.0,0.0
2026-04-18,2026-04-19,KXTSAW-26APR19-A2.15,2.15,0.97,0.97,0.96,0.97,1.0,1.0,1.0,1.0,0.0,0.0
2026-04-14,2026-04-19,KXTSAW-26APR19-A2.05,2.05,0.89,0.91,0.0,0.91,1.0,1.0,1.0,1.0,0.0,0.0
2026-04-16,2026-04-19,KXTSAW-26APR19-A2.05,2.05,0.91,0.91,0.9,0.91,1.0,1.0,1.0,1.0,0.0,0.0
2026-04-17,2026-04-19,KXTSAW-26APR19-A2.05,2.05,0.91,0.93,0.89,0.93,1.0,1.0,1.0,1.0,0.0,0.0
2026-04-18,2026-04-19,KXTSAW-26APR19-A2.05,2.05,0.93,0.99,0.11,0.97,1.0,1.0,0.99,1.0,10.0,10.0
2026-04-19,2026-04-19,KXTSAW-26APR19-A2.05,2.05,0.97,0.99,0.96,0.98,1.0,1.0,1.0,1.0,0.0,10.0
2026-04-21,2026-04-26,KXTSAW-26APR26-A2.45,2.45,0.0,0.83,0.0,0.83,0.99,0.99,0.29,0.84,322.73,322.73
2026-04-22,2026-04-26,KXTSAW-26APR26-A2.45,2.45,0.83,0.83,0.66,0.77,0.84,0.85,0.74,0.82,646.73,907.85
2026-04-23,2026-04-26,KXTSAW-26APR26-A2.45,2.45,0.77,0.77,0.6,0.65,0.82,0.83,0.63,0.67,722.03,970.83
2026-04-24,2026-04-26,KXTSAW-26APR26-A2.45,2.45,0.65,0.81,0.65,0.8,0.67,0.88,0.66,0.81,538.66,1190.51
2026-04-25,2026-04-26,KXTSAW-26APR26-A2.45,2.45,0.8,0.93,0.75,0.93,0.81,0.96,0.78,0.96,652.59,1282.1
2026-04-26,2026-04-26,KXTSAW-26APR26-A2.45,2.45,0.93,0.96,0.82,0.94,0.96,0.97,0.95,0.97,653.54,1629.64
2026-04-21,2026-04-26,KXTSAW-26APR26-A1.80,1.8,0.96,0.97,0.0,0.97,1.0,1.0,1.0,1.0,0.0,0.0
2026-04-22,2026-04-26,KXTSAW-26APR26-A1.80,1.8,0.97,0.97,0.96,0.97,1.0,1.0,1.0,1.0,0.0,0.0
2026-04-23,2026-04-26,KXTSAW-26APR26-A1.80,1.8,0.97,0.97,0.96,0.97,1.0,1.0,1.0,1.0,0.0,0.0
2026-04-24,2026-04-26,KXTSAW-26APR26-A1.80,1.8,0.97,0.97,0.96,0.97,1.0,1.0,1.0,1.0,0.0,0.0
2026-04-25,2026-04-26,KXTSAW-26APR26-A1.80,1.8,0.97,0.97,0.96,0.97,1.0,1.0,1.0,1.0,0.0,0.0
2026-04-21,2026-04-26,KXTSAW-26APR26-A1.90,1.9,0.96,0.97,0.0,0.97,1.0,1.0,1.0,1.0,0.0,0.0
2026-04-22,2026-04-26,KXTSAW-26APR26-A1.90,1.9,0.97,0.97,0.01,0.97,1.0,1.0,1.0,1.0,0.0,0.0
2026-04-23,2026-04-26,KXTSAW-26APR26-A1.90,1.9,0.97,0.97,0.96,0.97,1.0,1.0,1.0,1.0,0.0,0.0
2026-04-24,2026-04-26,KXTSAW-26APR26-A1.90,1.9,0.97,0.97,0.96,0.97,1.0,1.0,1.0,1.0,0.0,0.0
2026-04-25,2026-04-26,KXTSAW-26APR26-A1.90,1.9,0.97,0.97,0.96,0.97,1.0,1.0,1.0,1.0,0.0,0.0
2026-04-26,2026-04-26,KXTSAW-26APR26-A1.90,1.9,0.97,0.97,0.96,0.97,1.0,1.0,1.0,1.0,0.0,0.0
2026-04-21,2026-04-26,KXTSAW-26APR26-A1.85,1.85,0.96,0.97,0.0,0.97,1.0,1.0,1.0,1.0,0.0,0.0
2026-04-22,2026-04-26,KXTSAW-26APR26-A1.85,1.85,0.97,0.97,0.96,0.96,1.0,1.0,1.0,1.0,0.0,0.0
2026-04-23,2026-04-26,KXTSAW-26APR26-A1.85,1.85,0.96,0.97,0.96,0.97,1.0,1.0,1.0,1.0,0.0,0.0
2026-04-24,2026-04-26,KXTSAW-26APR26-A1.85,1.85,0.97,0.97,0.96,0.97,1.0,1.0,1.0,1.0,0.0,0.0
2026-04-25,2026-04-26,KXTSAW-26APR26-A1.85,1.85,0.97,0.97,0.96,0.97,1.0,1.0,1.0,1.0,0.0,0.0
2026-04-21,2026-04-26,KXTSAW-26APR26-A2.05,2.05,0.95,0.97,0.0,0.97,1.0,1.0,1.0,1.0,0.0,0.0
2026-04-22,2026-04-26,KXTSAW-26APR26-A2.05,2.05,0.97,0.97,0.96,0.97,1.0,1.0,1.0,1.0,0.0,0.0
2026-04-23,2026-04-26,KXTSAW-26APR26-A2.05,2.05,0.97,0.97,0.96,0.97,1.0,1.0,1.0,1.0,0.0,0.0
2026-04-24,2026-04-26,KXTSAW-26APR26-A2.05,2.05,0.97,0.97,0.96,0.97,1.0,1.0,1.0,1.0,0.0,0.0
2026-04-25,2026-04-26,KXTSAW-26APR26-A2.05,2.05,0.97,0.97,0.96,0.97,1.0,1.0,1.0,1.0,0.0,0.0
2026-04-21,2026-04-26,KXTSAW-26APR26-A2.10,2.1,0.95,0.97,0.0,0.97,1.0,1.0,1.0,1.0,0.0,0.0
2026-04-22,2026-04-26,KXTSAW-26APR26-A2.10,2.1,0.97,0.97,0.96,0.97,1.0,1.0,1.0,1.0,0.0,0.0
2026-04-23,2026-04-26,KXTSAW-26APR26-A2.10,2.1,0.97,0.97,0.96,0.97,1.0,1.0,1.0,1.0,0.0,0.0
2026-04-24,2026-04-26,KXTSAW-26APR26-A2.10,2.1,0.97,0.97,0.96,0.97,1.0,1.0,1.0,1.0,0.0,0.0
2026-04-25,2026-04-26,KXTSAW-26APR26-A2.10,2.1,0.97,0.97,0.96,0.97,1.0,1.0,1.0,1.0,0.0,0.0
2026-04-21,2026-04-26,KXTSAW-26APR26-A2.15,2.15,0.95,0.97,0.0,0.97,1.0,1.0,1.0,1.0,0.0,0.0
2026-04-22,2026-04-26,KXTSAW-26APR26-A2.15,2.15,0.97,0.97,0.96,0.97,1.0,1.0,1.0,1.0,0.0,0.0
2026-04-23,2026-04-26,KXTSAW-26APR26-A2.15,2.15,0.97,0.97,0.96,0.97,1.0,1.0,1.0,1.0,0.0,0.0
2026-04-24,2026-04-26,KXTSAW-26APR26-A2.15,2.15,0.97,0.97,0.96,0.97,1.0,1.0,1.0,1.0,0.0,0.0
2026-04-25,2026-04-26,KXTSAW-26APR26-A2.15,2.15,0.97,0.97,0.96,0.97,1.0,1.0,1.0,1.0,0.0,0.0
2026-04-21,2026-04-26,KXTSAW-26APR26-A2.70,2.7,0.0,0.0,0.0,0.0,0.05,1.0,0.05,0.07,1.0,1.0
2026-04-22,2026-04-26,KXTSAW-26APR26-A2.70,2.7,0.0,0.01,0.0,0.0,0.07,0.07,0.01,0.01,1.0,2.0
2026-04-23,2026-04-26,KXTSAW-26APR26-A2.70,2.7,0.0,0.0,0.0,0.0,0.01,0.05,0.01,0.01,0.0,2.0
2026-04-24,2026-04-26,KXTSAW-26APR26-A2.70,2.7,0.0,0.0,0.0,0.0,0.01,0.01,0.01,0.01,0.0,2.0
2026-04-25,2026-04-26,KXTSAW-26APR26-A2.70,2.7,0.0,0.0,0.0,0.0,0.01,0.01,0.01,0.01,0.0,2.0
2026-04-26,2026-04-26,KXTSAW-26APR26-A2.70,2.7,0.0,0.0,0.0,0.0,0.01,0.01,0.01,0.01,0.0,2.0
2026-04-21,2026-04-26,KXTSAW-26APR26-A2.75,2.75,0.0,0.0,0.0,0.0,0.04,1.0,0.03,0.03,1.0,1.0
2026-04-22,2026-04-26,KXTSAW-26APR26-A2.75,2.75,0.0,0.0,0.0,0.0,0.03,0.03,0.01,0.01,1.0,2.0
2026-04-23,2026-04-26,KXTSAW-26APR26-A2.75,2.75,0.0,0.0,0.0,0.0,0.01,0.04,0.01,0.01,0.0,2.0
2026-04-24,2026-04-26,KXTSAW-26APR26-A2.75,2.75,0.0,0.0,0.0,0.0,0.01,0.04,0.01,0.01,0.0,2.0
2026-04-25,2026-04-26,KXTSAW-26APR26-A2.75,2.75,0.0,0.0,0.0,0.0,0.01,0.04,0.01,0.01,0.0,2.0
2026-04-21,2026-04-26,KXTSAW-26APR26-A2.80,2.8,0.0,0.0,0.0,0.0,0.98,0.98,0.01,0.02,1.0,1.0
2026-04-22,2026-04-26,KXTSAW-26APR26-A2.80,2.8,0.0,0.0,0.0,0.0,0.02,0.02,0.01,0.01,1.0,2.0
2026-04-23,2026-04-26,KXTSAW-26APR26-A2.80,2.8,0.0,0.0,0.0,0.0,0.01,0.02,0.01,0.02,0.0,2.0
2026-04-24,2026-04-26,KXTSAW-26APR26-A2.80,2.8,0.0,0.0,0.0,0.0,0.02,0.02,0.01,0.02,0.0,2.0
2026-04-25,2026-04-26,KXTSAW-26APR26-A2.80,2.8,0.0,0.0,0.0,0.0,0.02,0.02,0.01,0.02,151.0,153.0
2026-04-21,2026-04-26,KXTSAW-26APR26-A2.20,2.2,0.95,0.97,0.0,0.97,1.0,1.0,1.0,1.0,0.0,0.0
2026-04-22,2026-04-26,KXTSAW-26APR26-A2.20,2.2,0.97,0.97,0.96,0.97,1.0,1.0,1.0,1.0,0.0,0.0
2026-04-23,2026-04-26,KXTSAW-26APR26-A2.20,2.2,0.97,0.97,0.96,0.97,1.0,1.0,1.0,1.0,0.0,0.0
2026-04-24,2026-04-26,KXTSAW-26APR26-A2.20,2.2,0.97,0.97,0.96,0.97,1.0,1.0,1.0,1.0,0.0,0.0
2026-04-25,2026-04-26,KXTSAW-26APR26-A2.20,2.2,0.97,0.97,0.96,0.97,1.0,1.0,1.0,1.0,0.0,0.0
2026-04-21,2026-04-26,KXTSAW-26APR26-A2.25,2.25,0.95,0.97,0.0,0.97,1.0,1.0,1.0,1.0,0.0,0.0
2026-04-22,2026-04-26,KXTSAW-26APR26-A2.25,2.25,0.97,0.97,0.96,0.97,1.0,1.0,1.0,1.0,0.0,0.0
2026-04-23,2026-04-26,KXTSAW-26APR26-A2.25,2.25,0.97,0.97,0.96,0.97,1.0,1.0,1.0,1.0,0.0,0.0
2026-04-24,2026-04-26,KXTSAW-26APR26-A2.25,2.25,0.97,0.97,0.96,0.97,1.0,1.0,1.0,1.0,0.0,0.0
2026-04-25,2026-04-26,KXTSAW-26APR26-A2.25,2.25,0.97,0.97,0.96,0.97,1.0,1.0,1.0,1.0,0.0,0.0
2026-04-21,2026-04-26,KXTSAW-26APR26-A2.00,2.0,0.5,0.97,0.5,0.97,1.0,1.0,1.0,1.0,0.0,0.0
2026-04-22,2026-04-26,KXTSAW-26APR26-A2.00,2.0,0.97,0.97,0.96,0.97,1.0,1.0,1.0,1.0,0.0,0.0
2026-04-23,2026-04-26,KXTSAW-26APR26-A2.00,2.0,0.97,0.97,0.96,0.97,1.0,1.0,1.0,1.0,0.0,0.0
2026-04-24,2026-04-26,KXTSAW-26APR26-A2.00,2.0,0.97,0.97,0.96,0.97,1.0,1.0,1.0,1.0,0.0,0.0
2026-04-25,2026-04-26,KXTSAW-26APR26-A2.00,2.0,0.97,0.97,0.96,0.97,1.0,1.0,1.0,1.0,0.0,0.0
2026-04-21,2026-04-26,KXTSAW-26APR26-A1.95,1.95,0.96,0.97,0.0,0.97,1.0,1.0,1.0,1.0,0.0,0.0
2026-04-22,2026-04-26,KXTSAW-26APR26-A1.95,1.95,0.97,0.97,0.96,0.97,1.0,1.0,1.0,1.0,0.0,0.0
2026-04-23,2026-04-26,KXTSAW-26APR26-A1.95,1.95,0.97,0.97,0.96,0.97,1.0,1.0,1.0,1.0,0.0,0.0
2026-04-24,2026-04-26,KXTSAW-26APR26-A1.95,1.95,0.97,0.97,0.96,0.97,1.0,1.0,1.0,1.0,0.0,0.0
2026-04-25,2026-04-26,KXTSAW-26APR26-A1.95,1.95,0.97,0.97,0.96,0.97,1.0,1.0,1.0,1.0,0.0,0.0
2026-04-21,2026-04-26,KXTSAW-26APR26-A2.65,2.65,0.0,0.02,0.0,0.0,0.05,1.0,0.05,0.05,5.0,5.0
2026-04-22,2026-04-26,KXTSAW-26APR26-A2.65,2.65,0.0,0.02,0.0,0.0,0.05,0.07,0.01,0.02,436.0,441.0
2026-04-23,2026-04-26,KXTSAW-26APR26-A2.65,2.65,0.0,0.0,0.0,0.0,0.02,0.05,0.01,0.01,0.0,441.0
2026-04-21,2026-04-26,KXTSAW-26APR26-A2.60,2.6,0.0,0.03,0.0,0.01,0.95,0.95,0.05,0.05,0.0,0.0
2026-04-22,2026-04-26,KXTSAW-26APR26-A2.60,2.6,0.01,0.04,0.0,0.0,0.05,0.05,0.02,0.03,21.25,21.25
2026-04-23,2026-04-26,KXTSAW-26APR26-A2.60,2.6,0.0,0.0,0.0,0.0,0.03,0.03,0.01,0.01,23.37,44.62
2026-04-24,2026-04-26,KXTSAW-26APR26-A2.60,2.6,0.0,0.0,0.0,0.0,0.01,0.01,0.01,0.01,0.0,44.62
2026-04-25,2026-04-26,KXTSAW-26APR26-A2.60,2.6,0.0,0.0,0.0,0.0,0.01,0.01,0.01,0.01,0.0,44.62
2026-04-26,2026-04-26,KXTSAW-26APR26-A2.60,2.6,0.0,0.0,0.0,0.0,0.01,0.05,0.01,0.01,95.51,140.13
2026-04-21,2026-04-26,KXTSAW-26APR26-A2.35,2.35,0.3,0.96,0.3,0.96,1.0,1.0,0.99,1.0,0.0,0.0
2026-04-22,2026-04-26,KXTSAW-26APR26-A2.35,2.35,0.96,0.96,0.95,0.96,1.0,1.0,1.0,1.0,0.0,0.0
2026-04-23,2026-04-26,KXTSAW-26APR26-A2.35,2.35,0.96,0.96,0.93,0.96,1.0,1.0,1.0,1.0,0.0,0.0
2026-04-24,2026-04-26,KXTSAW-26APR26-A2.35,2.35,0.96,0.97,0.96,0.97,1.0,1.0,1.0,1.0,0.0,0.0
2026-04-25,2026-04-26,KXTSAW-26APR26-A2.35,2.35,0.97,0.97,0.96,0.97,1.0,1.0,1.0,1.0,0.0,0.0
2026-04-26,2026-04-26,KXTSAW-26APR26-A2.35,2.35,0.97,0.99,0.97,0.99,1.0,1.0,1.0,1.0,0.0,0.0
2026-04-21,2026-04-26,KXTSAW-26APR26-A2.30,2.3,0.95,0.97,0.0,0.97,1.0,1.0,1.0,1.0,0.0,0.0
2026-04-22,2026-04-26,KXTSAW-26APR26-A2.30,2.3,0.97,0.97,0.96,0.97,1.0,1.0,1.0,1.0,0.0,0.0
2026-04-23,2026-04-26,KXTSAW-26APR26-A2.30,2.3,0.97,0.97,0.96,0.97,1.0,1.0,1.0,1.0,0.0,0.0
2026-04-24,2026-04-26,KXTSAW-26APR26-A2.30,2.3,0.97,0.97,0.96,0.97,1.0,1.0,1.0,1.0,0.0,0.0
2026-04-25,2026-04-26,KXTSAW-26APR26-A2.30,2.3,0.97,0.97,0.96,0.97,1.0,1.0,1.0,1.0,0.0,0.0
2026-04-26,2026-04-26,KXTSAW-26APR26-A2.30,2.3,0.97,0.99,0.97,0.99,1.0,1.0,1.0,1.0,0.0,0.0
2026-04-21,2026-04-26,KXTSAW-26APR26-A2.55,2.55,0.0,0.04,0.0,0.03,0.95,0.95,0.05,0.08,0.0,0.0
2026-04-22,2026-04-26,KXTSAW-26APR26-A2.55,2.55,0.03,0.4,0.03,0.03,0.08,0.5,0.07,0.07,1199.0,1189.0
2026-04-23,2026-04-26,KXTSAW-26APR26-A2.55,2.55,0.03,0.05,0.02,0.02,0.07,0.07,0.03,0.03,102.0,1289.0
2026-04-24,2026-04-26,KXTSAW-26APR26-A2.55,2.55,0.02,0.02,0.0,0.0,0.03,0.03,0.02,0.02,396.0,1464.0
2026-04-25,2026-04-26,KXTSAW-26APR26-A2.55,2.55,0.0,0.0,0.0,0.0,0.02,0.02,0.02,0.02,0.0,1464.0
2026-04-26,2026-04-26,KXTSAW-26APR26-A2.55,2.55,0.0,0.0,0.0,0.0,0.02,0.02,0.01,0.01,0.0,1464.0
2026-04-21,2026-04-26,KXTSAW-26APR26-A2.50,2.5,0.05,0.39,0.05,0.39,1.0,1.0,0.09,0.4,81.0,81.0
2026-04-22,2026-04-26,KXTSAW-26APR26-A2.50,2.5,0.39,0.62,0.3,0.34,0.4,0.75,0.35,0.35,1430.34,1359.34
2026-04-23,2026-04-26,KXTSAW-26APR26-A2.50,2.5,0.34,0.34,0.15,0.19,0.35,0.35,0.19,0.21,868.05,1592.39
2026-04-24,2026-04-26,KXTSAW-26APR26-A2.50,2.5,0.19,0.28,0.17,0.18,0.21,0.35,0.18,0.19,2220.6,3219.99
2026-04-25,2026-04-26,KXTSAW-26APR26-A2.50,2.5,0.18,0.18,0.08,0.13,0.19,0.2,0.14,0.14,720.15,3687.22
2026-04-26,2026-04-26,KXTSAW-26APR26-A2.50,2.5,0.13,0.13,0.05,0.06,0.14,0.16,0.09,0.09,764.1,3845.71
2026-04-21,2026-04-26,KXTSAW-26APR26-A2.40,2.4,0.1,0.91,0.1,0.91,1.0,1.0,0.79,0.98,0.0,0.0
2026-04-22,2026-04-26,KXTSAW-26APR26-A2.40,2.4,0.91,0.94,0.84,0.92,0.98,0.98,0.92,0.98,10.0,10.0
2026-04-23,2026-04-26,KXTSAW-26APR26-A2.40,2.4,0.92,0.96,0.91,0.96,0.98,0.98,0.95,0.98,62.0,72.0
2026-04-24,2026-04-26,KXTSAW-26APR26-A2.40,2.4,0.96,0.99,0.96,0.99,0.98,1.0,0.98,1.0,149.0,221.0
2026-04-25,2026-04-26,KXTSAW-26APR26-A2.40,2.4,0.99,0.99,0.97,0.97,1.0,1.0,1.0,1.0,0.0,221.0
2026-04-26,2026-04-26,KXTSAW-26APR26-A2.40,2.4,0.97,0.98,0.97,0.98,1.0,1.0,1.0,1.0,0.0,221.0
2026-04-28,2026-05-03,KXTSAW-26MAY03-A2.40,2.4,0.1,0.92,0.1,0.92,1.0,1.0,0.99,1.0,0.0,0.0
2026-04-29,2026-05-03,KXTSAW-26MAY03-A2.40,2.4,0.92,0.95,0.92,0.94,1.0,1.0,0.98,1.0,229.7,229.7
2026-04-30,2026-05-03,KXTSAW-26MAY03-A2.40,2.4,0.94,0.94,0.78,0.92,1.0,1.0,0.94,0.98,165.42,395.12
2026-05-01,2026-05-03,KXTSAW-26MAY03-A2.40,2.4,0.92,0.96,0.81,0.91,0.98,1.0,0.97,1.0,138.41,533.53
2026-05-02,2026-05-03,KXTSAW-26MAY03-A2.40,2.4,0.91,0.97,0.91,0.97,1.0,1.0,0.99,0.99,0.0,533.53
2026-05-03,2026-05-03,KXTSAW-26MAY03-A2.40,2.4,0.97,0.98,0.97,0.98,0.99,1.0,0.99,1.0,3.0,534.53
2026-04-28,2026-05-03,KXTSAW-26MAY03-A2.75,2.75,0.0,0.0,0.0,0.0,0.2,0.2,0.09,0.09,0.0,0.0
2026-04-29,2026-05-03,KXTSAW-26MAY03-A2.75,2.75,0.0,0.0,0.0,0.0,0.09,0.09,0.06,0.06,0.0,0.0
2026-04-30,2026-05-03,KXTSAW-26MAY03-A2.75,2.75,0.0,0.0,0.0,0.0,0.06,0.07,0.06,0.06,0.0,0.0
2026-05-01,2026-05-03,KXTSAW-26MAY03-A2.75,2.75,0.0,0.01,0.0,0.0,0.06,0.07,0.01,0.01,0.0,0.0
2026-05-02,2026-05-03,KXTSAW-26MAY03-A2.75,2.75,0.0,0.0,0.0,0.0,0.01,0.05,0.01,0.01,0.0,0.0
2026-04-28,2026-05-03,KXTSAW-26MAY03-A2.45,2.45,0.03,0.8,0.03,0.7,1.0,1.0,0.68,0.83,109.94,90.83
2026-04-29,2026-05-03,KXTSAW-26MAY03-A2.45,2.45,0.7,0.72,0.17,0.4,0.83,0.88,0.52,0.52,183.64,239.3
2026-04-30,2026-05-03,KXTSAW-26MAY03-A2.45,2.45,0.4,0.43,0.17,0.3,0.52,0.58,0.31,0.35,555.56,758.15
2026-05-01,2026-05-03,KXTSAW-26MAY03-A2.45,2.45,0.3,0.34,0.1,0.23,0.35,0.62,0.24,0.3,1451.92,1639.84
2026-05-02,2026-05-03,KXTSAW-26MAY03-A2.45,2.45,0.23,0.48,0.22,0.46,0.3,0.53,0.28,0.52,1265.31,1968.32
2026-05-03,2026-05-03,KXTSAW-26MAY03-A2.45,2.45,0.46,0.48,0.39,0.41,0.52,0.53,0.41,0.43,101.42,2010.5
2026-04-28,2026-05-03,KXTSAW-26MAY03-A2.35,2.35,0.65,0.94,0.65,0.94,1.0,1.0,1.0,1.0,0.0,0.0
2026-04-29,2026-05-03,KXTSAW-26MAY03-A2.35,2.35,0.94,0.97,0.9,0.91,1.0,1.0,1.0,1.0,0.0,0.0
2026-04-30,2026-05-03,KXTSAW-26MAY03-A2.35,2.35,0.91,0.91,0.9,0.91,1.0,1.0,1.0,1.0,0.0,0.0
2026-05-01,2026-05-03,KXTSAW-26MAY03-A2.35,2.35,0.91,0.94,0.65,0.89,1.0,1.0,0.99,1.0,0.0,0.0
2026-05-02,2026-05-03,KXTSAW-26MAY03-A2.35,2.35,0.89,0.92,0.88,0.92,1.0,1.0,0.99,1.0,1.0,1.0
2026-05-03,2026-05-03,KXTSAW-26MAY03-A2.35,2.35,0.92,0.94,0.91,0.94,1.0,1.0,1.0,1.0,0.0,1.0
2026-04-28,2026-05-03,KXTSAW-26MAY03-A2.60,2.6,0.0,0.0,0.0,0.0,0.45,0.45,0.04,0.04,0.0,0.0
2026-04-29,2026-05-03,KXTSAW-26MAY03-A2.60,2.6,0.0,0.0,0.0,0.0,0.04,0.04,0.02,0.02,0.0,0.0
2026-04-30,2026-05-03,KXTSAW-26MAY03-A2.60,2.6,0.0,0.0,0.0,0.0,0.02,0.02,0.01,0.02,93.51,93.51
2026-05-01,2026-05-03,KXTSAW-26MAY03-A2.60,2.6,0.0,0.0,0.0,0.0,0.02,0.02,0.01,0.01,0.0,93.51
2026-05-02,2026-05-03,KXTSAW-26MAY03-A2.60,2.6,0.0,0.0,0.0,0.0,0.01,0.02,0.01,0.02,162.33,255.84
2026-05-03,2026-05-03,KXTSAW-26MAY03-A2.60,2.6,0.0,0.0,0.0,0.0,0.02,0.02,0.02,0.02,1.0,256.84
2026-04-28,2026-05-03,KXTSAW-26MAY03-A2.80,2.8,0.0,0.0,0.0,0.0,0.25,0.25,0.08,0.08,0.0,0.0
2026-04-29,2026-05-03,KXTSAW-26MAY03-A2.80,2.8,0.0,0.0,0.0,0.0,0.08,0.08,0.07,0.08,0.0,0.0
2026-04-30,2026-05-03,KXTSAW-26MAY03-A2.80,2.8,0.0,0.0,0.0,0.0,0.08,0.08,0.07,0.07,0.0,0.0
2026-05-01,2026-05-03,KXTSAW-26MAY03-A2.80,2.8,0.0,0.01,0.0,0.0,0.07,0.08,0.01,0.08,0.0,0.0
2026-05-02,2026-05-03,KXTSAW-26MAY03-A2.80,2.8,0.0,0.0,0.0,0.0,0.08,0.08,0.01,0.01,0.0,0.0
2026-05-03,2026-05-03,KXTSAW-26MAY03-A2.80,2.8,0.0,0.0,0.0,0.0,0.01,0.01,0.01,0.01,0.0,0.0
2026-04-28,2026-05-03,KXTSAW-26MAY03-A1.95,1.95,0.9,0.9,0.01,0.9,1.0,1.0,1.0,1.0,0.0,0.0
2026-04-29,2026-05-03,KXTSAW-26MAY03-A1.95,1.95,0.9,0.91,0.21,0.9,1.0,1.0,1.0,1.0,0.0,0.0
2026-04-30,2026-05-03,KXTSAW-26MAY03-A1.95,1.95,0.9,0.9,0.08,0.89,1.0,1.0,1.0,1.0,0.0,0.0
2026-05-01,2026-05-03,KXTSAW-26MAY03-A1.95,1.95,0.89,0.99,0.09,0.9,1.0,1.0,0.99,1.0,0.0,0.0
2026-05-02,2026-05-03,KXTSAW-26MAY03-A1.95,1.95,0.9,0.99,0.9,0.99,1.0,1.0,1.0,1.0,0.0,0.0
2026-05-03,2026-05-03,KXTSAW-26MAY03-A1.95,1.95,0.99,0.99,0.99,0.99,1.0,1.0,1.0,1.0,0.0,0.0
2026-04-28,2026-05-03,KXTSAW-26MAY03-A2.55,2.55,0.0,0.01,0.0,0.0,0.6,0.6,0.06,0.06,0.0,0.0
2026-04-29,2026-05-03,KXTSAW-26MAY03-A2.55,2.55,0.0,0.0,0.0,0.0,0.06,0.06,0.04,0.04,0.0,0.0
2026-04-30,2026-05-03,KXTSAW-26MAY03-A2.55,2.55,0.0,0.01,0.0,0.01,0.04,0.04,0.03,0.03,31.21,31.21
2026-05-01,2026-05-03,KXTSAW-26MAY03-A2.55,2.55,0.01,0.01,0.0,0.0,0.03,0.04,0.02,0.02,0.0,31.21
2026-05-02,2026-05-03,KXTSAW-26MAY03-A2.55,2.55,0.0,0.0,0.0,0.0,0.02,0.03,0.01,0.01,0.0,31.21
2026-05-03,2026-05-03,KXTSAW-26MAY03-A2.55,2.55,0.0,0.0,0.0,0.0,0.01,0.02,0.01,0.01,1206.57,1237.78
2026-04-28,2026-05-03,KXTSAW-26MAY03-A2.30,2.3,0.4,0.93,0.4,0.93,1.0,1.0,1.0,1.0,0.0,0.0
2026-04-29,2026-05-03,KXTSAW-26MAY03-A2.30,2.3,0.93,0.94,0.89,0.94,1.0,1.0,1.0,1.0,0.0,0.0
2026-04-30,2026-05-03,KXTSAW-26MAY03-A2.30,2.3,0.94,0.94,0.88,0.94,1.0,1.0,1.0,1.0,0.0,0.0
2026-05-01,2026-05-03,KXTSAW-26MAY03-A2.30,2.3,0.94,0.99,0.88,0.99,1.0,1.0,0.99,1.0,0.0,0.0
2026-05-02,2026-05-03,KXTSAW-26MAY03-A2.30,2.3,0.99,0.99,0.95,0.99,1.0,1.0,1.0,1.0,0.0,0.0
2026-04-28,2026-05-03,KXTSAW-26MAY03-A2.50,2.5,0.0,0.16,0.0,0.03,0.5,0.8,0.14,0.14,193.5,193.5
2026-04-29,2026-05-03,KXTSAW-26MAY03-A2.50,2.5,0.03,0.06,0.02,0.03,0.14,0.18,0.03,0.04,351.56,523.06
2026-04-30,2026-05-03,KXTSAW-26MAY03-A2.50,2.5,0.03,0.03,0.0,0.0,0.04,0.1,0.03,0.03,331.86,849.44
2026-05-01,2026-05-03,KXTSAW-26MAY03-A2.50,2.5,0.0,0.01,0.0,0.0,0.03,0.03,0.02,0.02,1.0,849.44
2026-05-02,2026-05-03,KXTSAW-26MAY03-A2.50,2.5,0.0,0.0,0.0,0.0,0.02,0.1,0.01,0.1,223.92,972.36
2026-05-03,2026-05-03,KXTSAW-26MAY03-A2.50,2.5,0.0,0.0,0.0,0.0,0.1,0.1,0.03,0.03,32.21,1004.57
2026-04-28,2026-05-03,KXTSAW-26MAY03-A1.80,1.8,0.9,0.93,0.9,0.93,1.0,1.0,1.0,1.0,0.0,0.0
2026-04-29,2026-05-03,KXTSAW-26MAY03-A1.80,1.8,0.93,0.94,0.93,0.94,1.0,1.0,1.0,1.0,0.0,0.0
2026-04-30,2026-05-03,KXTSAW-26MAY03-A1.80,1.8,0.94,0.94,0.93,0.94,1.0,1.0,1.0,1.0,0.0,0.0
2026-05-01,2026-05-03,KXTSAW-26MAY03-A1.80,1.8,0.94,0.96,0.93,0.96,1.0,1.0,0.99,1.0,83.0,83.0
2026-05-02,2026-05-03,KXTSAW-26MAY03-A1.80,1.8,0.96,0.99,0.96,0.99,1.0,1.0,1.0,1.0,0.0,83.0
2026-04-28,2026-05-03,KXTSAW-26MAY03-A2.65,2.65,0.0,0.0,0.0,0.0,0.95,0.95,0.05,0.05,0.0,0.0
2026-04-29,2026-05-03,KXTSAW-26MAY03-A2.65,2.65,0.0,0.0,0.0,0.0,0.05,0.05,0.02,0.02,0.0,0.0
2026-04-30,2026-05-03,KXTSAW-26MAY03-A2.65,2.65,0.0,0.0,0.0,0.0,0.02,0.02,0.02,0.02,0.0,0.0
2026-05-01,2026-05-03,KXTSAW-26MAY03-A2.65,2.65,0.0,0.0,0.0,0.0,0.02,0.02,0.01,0.01,0.0,0.0
2026-05-02,2026-05-03,KXTSAW-26MAY03-A2.65,2.65,0.0,0.0,0.0,0.0,0.01,0.01,0.01,0.01,0.0,0.0
2026-05-03,2026-05-03,KXTSAW-26MAY03-A2.65,2.65,0.0,0.0,0.0,0.0,0.01,0.01,0.01,0.01,0.0,0.0
2026-04-28,2026-05-03,KXTSAW-26MAY03-A2.70,2.7,0.0,0.0,0.0,0.0,0.3,0.3,0.05,0.05,0.0,0.0
2026-04-29,2026-05-03,KXTSAW-26MAY03-A2.70,2.7,0.0,0.0,0.0,0.0,0.05,0.05,0.02,0.02,0.0,0.0
2026-04-30,2026-05-03,KXTSAW-26MAY03-A2.70,2.7,0.0,0.0,0.0,0.0,0.02,0.02,0.02,0.02,0.0,0.0
2026-05-01,2026-05-03,KXTSAW-26MAY03-A2.70,2.7,0.0,0.01,0.0,0.0,0.02,0.02,0.01,0.01,0.0,0.0
2026-05-02,2026-05-03,KXTSAW-26MAY03-A2.70,2.7,0.0,0.0,0.0,0.0,0.01,0.02,0.01,0.01,0.0,0.0
2026-04-28,2026-05-03,KXTSAW-26MAY03-A2.25,2.25,0.7,0.9,0.7,0.89,1.0,1.0,1.0,1.0,0.0,0.0
2026-04-29,2026-05-03,KXTSAW-26MAY03-A2.25,2.25,0.89,0.9,0.89,0.9,1.0,1.0,1.0,1.0,0.0,0.0
2026-04-30,2026-05-03,KXTSAW-26MAY03-A2.25,2.25,0.9,0.9,0.88,0.9,1.0,1.0,1.0,1.0,0.0,0.0
2026-05-01,2026-05-03,KXTSAW-26MAY03-A2.25,2.25,0.9,0.99,0.88,0.99,1.0,1.0,0.99,1.0,0.0,0.0
2026-05-02,2026-05-03,KXTSAW-26MAY03-A2.25,2.25,0.99,0.99,0.89,0.99,1.0,1.0,1.0,1.0,0.0,0.0
2026-04-28,2026-05-03,KXTSAW-26MAY03-A2.10,2.1,0.89,0.9,0.01,0.9,1.0,1.0,1.0,1.0,0.0,0.0
2026-04-29,2026-05-03,KXTSAW-26MAY03-A2.10,2.1,0.9,0.91,0.9,0.91,1.0,1.0,1.0,1.0,0.0,0.0
2026-04-30,2026-05-03,KXTSAW-26MAY03-A2.10,2.1,0.91,0.91,0.89,0.91,1.0,1.0,1.0,1.0,0.0,0.0
2026-05-01,2026-05-03,KXTSAW-26MAY03-A2.10,2.1,0.91,0.99,0.89,0.99,1.0,1.0,0.99,1.0,0.0,0.0
2026-05-02,2026-05-03,KXTSAW-26MAY03-A2.10,2.1,0.99,0.99,0.89,0.99,1.0,1.0,1.0,1.0,0.0,0.0
2026-04-28,2026-05-03,KXTSAW-26MAY03-A2.05,2.05,0.89,0.9,0.01,0.9,1.0,1.0,1.0,1.0,0.0,0.0
2026-04-29,2026-05-03,KXTSAW-26MAY03-A2.05,2.05,0.9,0.91,0.9,0.91,1.0,1.0,1.0,1.0,0.0,0.0
2026-04-30,2026-05-03,KXTSAW-26MAY03-A2.05,2.05,0.91,0.91,0.89,0.91,1.0,1.0,1.0,1.0,0.0,0.0
2026-05-01,2026-05-03,KXTSAW-26MAY03-A2.05,2.05,0.91,0.99,0.89,0.99,1.0,1.0,0.99,1.0,0.0,0.0
2026-05-02,2026-05-03,KXTSAW-26MAY03-A2.05,2.05,0.99,0.99,0.89,0.99,1.0,1.0,1.0,1.0,0.0,0.0
2026-04-28,2026-05-03,KXTSAW-26MAY03-A2.00,2.0,0.9,0.9,0.01,0.9,1.0,1.0,1.0,1.0,0.0,0.0
2026-04-29,2026-05-03,KXTSAW-26MAY03-A2.00,2.0,0.9,0.91,0.9,0.91,1.0,1.0,1.0,1.0,0.0,0.0
2026-04-30,2026-05-03,KXTSAW-26MAY03-A2.00,2.0,0.91,0.91,0.89,0.91,1.0,1.0,1.0,1.0,0.0,0.0
2026-05-01,2026-05-03,KXTSAW-26MAY03-A2.00,2.0,0.91,0.99,0.89,0.99,1.0,1.0,0.99,1.0,0.0,0.0
2026-05-02,2026-05-03,KXTSAW-26MAY03-A2.00,2.0,0.99,0.99,0.9,0.99,1.0,1.0,1.0,1.0,0.0,0.0
2026-04-28,2026-05-03,KXTSAW-26MAY03-A2.20,2.2,0.89,0.9,0.01,0.89,1.0,1.0,1.0,1.0,0.0,0.0
2026-04-29,2026-05-03,KXTSAW-26MAY03-A2.20,2.2,0.89,0.9,0.89,0.9,1.0,1.0,1.0,1.0,0.0,0.0
2026-04-30,2026-05-03,KXTSAW-26MAY03-A2.20,2.2,0.9,0.9,0.89,0.9,1.0,1.0,1.0,1.0,0.0,0.0
2026-05-01,2026-05-03,KXTSAW-26MAY03-A2.20,2.2,0.9,0.99,0.88,0.99,1.0,1.0,0.99,1.0,0.0,0.0
2026-05-02,2026-05-03,KXTSAW-26MAY03-A2.20,2.2,0.99,0.99,0.89,0.99,1.0,1.0,1.0,1.0,0.0,0.0
2026-04-28,2026-05-03,KXTSAW-26MAY03-A2.15,2.15,0.89,0.9,0.03,0.89,1.0,1.0,1.0,1.0,0.0,0.0
2026-04-29,2026-05-03,KXTSAW-26MAY03-A2.15,2.15,0.89,0.9,0.89,0.9,1.0,1.0,1.0,1.0,0.0,0.0
2026-04-30,2026-05-03,KXTSAW-26MAY03-A2.15,2.15,0.9,0.9,0.89,0.9,1.0,1.0,1.0,1.0,0.0,0.0
2026-05-01,2026-05-03,KXTSAW-26MAY03-A2.15,2.15,0.9,0.99,0.88,0.99,1.0,1.0,0.99,1.0,0.0,0.0
2026-05-02,2026-05-03,KXTSAW-26MAY03-A2.15,2.15,0.99,0.99,0.89,0.99,1.0,1.0,1.0,1.0,0.0,0.0
2026-04-28,2026-05-03,KXTSAW-26MAY03-A1.90,1.9,0.9,0.9,0.01,0.9,1.0,1.0,1.0,1.0,0.0,0.0
2026-04-29,2026-05-03,KXTSAW-26MAY03-A1.90,1.9,0.9,0.91,0.9,0.91,1.0,1.0,1.0,1.0,0.0,0.0
2026-04-30,2026-05-03,KXTSAW-26MAY03-A1.90,1.9,0.91,0.91,0.9,0.91,1.0,1.0,1.0,1.0,0.0,0.0
2026-05-01,2026-05-03,KXTSAW-26MAY03-A1.90,1.9,0.91,0.99,0.89,0.99,1.0,1.0,0.99,1.0,0.0,0.0
2026-05-02,2026-05-03,KXTSAW-26MAY03-A1.90,1.9,0.99,0.99,0.9,0.99,1.0,1.0,1.0,1.0,0.0,0.0
2026-04-28,2026-05-03,KXTSAW-26MAY03-A1.85,1.85,0.9,0.9,0.01,0.9,1.0,1.0,1.0,1.0,0.0,0.0
2026-04-29,2026-05-03,KXTSAW-26MAY03-A1.85,1.85,0.9,0.91,0.9,0.91,1.0,1.0,1.0,1.0,0.0,0.0
2026-04-30,2026-05-03,KXTSAW-26MAY03-A1.85,1.85,0.91,0.91,0.9,0.91,1.0,1.0,1.0,1.0,0.0,0.0
2026-05-01,2026-05-03,KXTSAW-26MAY03-A1.85,1.85,0.91,0.96,0.9,0.96,1.0,1.0,0.99,1.0,83.0,83.0
2026-05-02,2026-05-03,KXTSAW-26MAY03-A1.85,1.85,0.96,0.99,0.96,0.99,1.0,1.0,1.0,1.0,0.0,83.0
2026-05-05,2026-05-10,KXTSAW-26MAY10-A2.00,2.0,0.96,0.96,0.96,0.96,1.0,1.0,1.0,1.0,0.0,0.0
2026-05-07,2026-05-10,KXTSAW-26MAY10-A2.00,2.0,0.96,0.97,0.96,0.97,1.0,1.0,1.0,1.0,0.0,0.0
2026-05-08,2026-05-10,KXTSAW-26MAY10-A2.00,2.0,0.97,0.97,0.96,0.97,1.0,1.0,1.0,1.0,0.0,0.0
2026-05-09,2026-05-10,KXTSAW-26MAY10-A2.00,2.0,0.97,0.97,0.96,0.96,1.0,1.0,1.0,1.0,0.0,0.0
2026-05-05,2026-05-10,KXTSAW-26MAY10-A1.90,1.9,0.2,0.9,0.2,0.9,1.0,1.0,1.0,1.0,0.0,0.0
2026-05-06,2026-05-10,KXTSAW-26MAY10-A1.90,1.9,0.9,0.9,0.21,0.89,1.0,1.0,1.0,1.0,0.0,0.0
2026-05-07,2026-05-10,KXTSAW-26MAY10-A1.90,1.9,0.89,0.91,0.21,0.91,1.0,1.0,1.0,1.0,0.0,0.0
2026-05-08,2026-05-10,KXTSAW-26MAY10-A1.90,1.9,0.91,0.91,0.9,0.91,1.0,1.0,1.0,1.0,0.0,0.0
2026-05-09,2026-05-10,KXTSAW-26MAY10-A1.90,1.9,0.91,0.91,0.9,0.9,1.0,1.0,1.0,1.0,0.0,0.0
2026-05-10,2026-05-10,KXTSAW-26MAY10-A1.90,1.9,0.9,0.9,0.7,0.9,1.0,1.0,1.0,1.0,0.0,0.0
2026-05-05,2026-05-10,KXTSAW-26MAY10-A2.35,2.35,0.88,0.9,0.86,0.9,1.0,1.0,1.0,1.0,0.0,0.0
2026-05-07,2026-05-10,KXTSAW-26MAY10-A2.35,2.35,0.9,0.91,0.9,0.91,1.0,1.0,1.0,1.0,0.0,0.0
2026-05-08,2026-05-10,KXTSAW-26MAY10-A2.35,2.35,0.91,0.95,0.9,0.95,1.0,1.0,1.0,1.0,0.0,0.0
2026-05-09,2026-05-10,KXTSAW-26MAY10-A2.35,2.35,0.95,0.97,0.92,0.92,1.0,1.0,1.0,1.0,0.0,0.0
2026-05-10,2026-05-10,KXTSAW-26MAY10-A2.35,2.35,0.92,0.94,0.92,0.94,1.0,1.0,1.0,1.0,0.0,0.0
2026-05-05,2026-05-10,KXTSAW-26MAY10-A2.30,2.3,0.2,0.89,0.2,0.89,1.0,1.0,1.0,1.0,0.0,0.0
2026-05-06,2026-05-10,KXTSAW-26MAY10-A2.30,2.3,0.89,0.9,0.21,0.9,1.0,1.0,1.0,1.0,0.0,0.0
2026-05-07,2026-05-10,KXTSAW-26MAY10-A2.30,2.3,0.9,0.9,0.87,0.9,1.0,1.0,1.0,1.0,0.0,0.0
2026-05-08,2026-05-10,KXTSAW-26MAY10-A2.30,2.3,0.9,0.9,0.89,0.9,1.0,1.0,1.0,1.0,0.0,0.0
2026-05-09,2026-05-10,KXTSAW-26MAY10-A2.30,2.3,0.9,0.96,0.89,0.92,1.0,1.0,1.0,1.0,0.0,0.0
2026-05-10,2026-05-10,KXTSAW-26MAY10-A2.30,2.3,0.92,0.93,0.92,0.93,1.0,1.0,1.0,1.0,0.0,0.0
2026-05-05,2026-05-10,KXTSAW-26MAY10-A2.50,2.5,0.0,0.51,0.0,0.04,0.1,0.71,0.07,0.07,267.4,247.4
2026-05-06,2026-05-10,KXTSAW-26MAY10-A2.50,2.5,0.04,0.05,0.02,0.02,0.07,0.1,0.03,0.03,243.0,363.4
2026-05-07,2026-05-10,KXTSAW-26MAY10-A2.50,2.5,0.02,0.02,0.0,0.02,0.03,0.05,0.03,0.03,553.87,917.27
2026-05-08,2026-05-10,KXTSAW-26MAY10-A2.50,2.5,0.02,0.02,0.0,0.0,0.03,0.05,0.02,0.02,449.0,1358.27
2026-05-09,2026-05-10,KXTSAW-26MAY10-A2.50,2.5,0.0,0.0,0.0,0.0,0.02,0.03,0.01,0.01,0.0,1358.27
2026-05-10,2026-05-10,KXTSAW-26MAY10-A2.50,2.5,0.0,0.02,0.0,0.0,0.01,0.21,0.01,0.03,1.0,1359.27
2026-05-05,2026-05-10,KXTSAW-26MAY10-A2.40,2.4,0.2,0.91,0.07,0.9,1.0,1.0,0.91,0.91,104.0,104.0
2026-05-06,2026-05-10,KXTSAW-26MAY10-A2.40,2.4,0.9,0.91,0.8,0.9,0.91,0.97,0.89,0.93,195.0,279.0
2026-05-07,2026-05-10,KXTSAW-26MAY10-A2.40,2.4,0.9,0.94,0.9,0.93,0.93,0.98,0.91,0.97,248.13,485.13
2026-05-08,2026-05-10,KXTSAW-26MAY10-A2.40,2.4,0.93,0.95,0.86,0.95,0.97,0.99,0.97,0.99,149.5,479.81
2026-05-09,2026-05-10,KXTSAW-26MAY10-A2.40,2.4,0.95,0.96,0.85,0.87,0.99,0.99,0.97,0.98,3.0,479.81
2026-05-10,2026-05-10,KXTSAW-26MAY10-A2.40,2.4,0.87,0.9,0.85,0.9,0.98,0.99,0.98,0.99,0.0,479.81
2026-05-05,2026-05-10,KXTSAW-26MAY10-A2.70,2.7,0.0,0.0,0.0,0.0,0.11,0.99,0.1,0.1,0.0,0.0
2026-05-06,2026-05-10,KXTSAW-26MAY10-A2.70,2.7,0.0,0.0,0.0,0.0,0.1,0.1,0.1,0.1,1.0,1.0
2026-05-07,2026-05-10,KXTSAW-26MAY10-A2.70,2.7,0.0,0.0,0.0,0.0,0.1,0.1,0.09,0.1,0.0,1.0
2026-05-08,2026-05-10,KXTSAW-26MAY10-A2.70,2.7,0.0,0.0,0.0,0.0,0.1,0.1,0.08,0.09,0.0,1.0
2026-05-09,2026-05-10,KXTSAW-26MAY10-A2.70,2.7,0.0,0.0,0.0,0.0,0.09,0.1,0.09,0.1,0.0,1.0
2026-05-10,2026-05-10,KXTSAW-26MAY10-A2.70,2.7,0.0,0.0,0.0,0.0,0.1,0.1,0.09,0.09,0.0,1.0
2026-05-05,2026-05-10,KXTSAW-26MAY10-A2.75,2.75,0.0,0.0,0.0,0.0,0.5,0.5,0.09,0.09,1.0,1.0
2026-05-07,2026-05-10,KXTSAW-26MAY10-A2.75,2.75,0.0,0.0,0.0,0.0,0.09,0.09,0.08,0.08,0.0,1.0
2026-05-08,2026-05-10,KXTSAW-26MAY10-A2.75,2.75,0.0,0.0,0.0,0.0,0.08,0.09,0.08,0.08,0.0,1.0
2026-05-09,2026-05-10,KXTSAW-26MAY10-A2.75,2.75,0.0,0.0,0.0,0.0,0.08,0.09,0.06,0.06,0.0,1.0
2026-05-05,2026-05-10,KXTSAW-26MAY10-A2.60,2.6,0.0,0.0,0.0,0.0,0.95,0.95,0.1,0.1,1.0,1.0
2026-05-06,2026-05-10,KXTSAW-26MAY10-A2.60,2.6,0.0,0.0,0.0,0.0,0.1,0.1,0.04,0.04,0.0,1.0
2026-05-07,2026-05-10,KXTSAW-26MAY10-A2.60,2.6,0.0,0.0,0.0,0.0,0.04,0.04,0.02,0.02,0.0,1.0
2026-05-08,2026-05-10,KXTSAW-26MAY10-A2.60,2.6,0.0,0.0,0.0,0.0,0.02,0.02,0.01,0.01,0.0,1.0
2026-05-09,2026-05-10,KXTSAW-26MAY10-A2.60,2.6,0.0,0.0,0.0,0.0,0.01,0.01,0.01,0.01,0.0,1.0
2026-05-10,2026-05-10,KXTSAW-26MAY10-A2.60,2.6,0.0,0.0,0.0,0.0,0.01,0.01,0.01,0.01,0.0,1.0
2026-05-05,2026-05-10,KXTSAW-26MAY10-A2.65,2.65,0.0,0.0,0.0,0.0,0.8,0.8,0.1,0.1,0.0,0.0
2026-05-06,2026-05-10,KXTSAW-26MAY10-A2.65,2.65,0.0,0.0,0.0,0.0,0.1,0.1,0.1,0.1,0.0,0.0
2026-05-07,2026-05-10,KXTSAW-26MAY10-A2.65,2.65,0.0,0.0,0.0,0.0,0.1,0.1,0.09,0.09,1.0,1.0
2026-05-08,2026-05-10,KXTSAW-26MAY10-A2.65,2.65,0.0,0.0,0.0,0.0,0.09,0.1,0.09,0.1,0.0,1.0
2026-05-09,2026-05-10,KXTSAW-26MAY10-A2.65,2.65,0.0,0.0,0.0,0.0,0.1,0.1,0.03,0.06,0.0,1.0
2026-05-05,2026-05-10,KXTSAW-26MAY10-A2.80,2.8,0.0,0.0,0.0,0.0,0.95,0.95,0.09,0.09,1.0,1.0
2026-05-07,2026-05-10,KXTSAW-26MAY10-A2.80,2.8,0.0,0.0,0.0,0.0,0.09,0.09,0.08,0.08,0.0,1.0
2026-05-08,2026-05-10,KXTSAW-26MAY10-A2.80,2.8,0.0,0.0,0.0,0.0,0.08,0.09,0.08,0.08,0.0,1.0
2026-05-09,2026-05-10,KXTSAW-26MAY10-A2.80,2.8,0.0,0.0,0.0,0.0,0.08,0.09,0.08,0.09,0.0,1.0
2026-05-05,2026-05-10,KXTSAW-26MAY10-A2.05,2.05,0.9,0.9,0.01,0.89,1.0,1.0,1.0,1.0,0.0,0.0
2026-05-06,2026-05-10,KXTSAW-26MAY10-A2.05,2.05,0.89,0.99,0.01,0.99,1.0,1.0,1.0,1.0,0.0,0.0
2026-05-07,2026-05-10,KXTSAW-26MAY10-A2.05,2.05,0.99,0.99,0.99,0.99,1.0,1.0,1.0,1.0,0.0,0.0
2026-05-05,2026-05-10,KXTSAW-26MAY10-A2.10,2.1,0.89,0.89,0.01,0.89,1.0,1.0,1.0,1.0,0.0,0.0
2026-05-06,2026-05-10,KXTSAW-26MAY10-A2.10,2.1,0.89,0.89,0.01,0.88,1.0,1.0,1.0,1.0,0.0,0.0
2026-05-07,2026-05-10,KXTSAW-26MAY10-A2.10,2.1,0.88,0.9,0.01,0.89,1.0,1.0,1.0,1.0,0.0,0.0
2026-05-08,2026-05-10,KXTSAW-26MAY10-A2.10,2.1,0.89,0.91,0.89,0.9,1.0,1.0,1.0,1.0,0.0,0.0
2026-05-09,2026-05-10,KXTSAW-26MAY10-A2.10,2.1,0.9,0.96,0.89,0.95,1.0,1.0,1.0,1.0,0.0,0.0
2026-05-05,2026-05-10,KXTSAW-26MAY10-A1.85,1.85,0.9,0.9,0.01,0.9,1.0,1.0,1.0,1.0,0.0,0.0
2026-05-06,2026-05-10,KXTSAW-26MAY10-A1.85,1.85,0.9,0.9,0.01,0.9,1.0,1.0,1.0,1.0,0.0,0.0
2026-05-07,2026-05-10,KXTSAW-26MAY10-A1.85,1.85,0.9,0.91,0.01,0.91,1.0,1.0,1.0,1.0,0.0,0.0
2026-05-08,2026-05-10,KXTSAW-26MAY10-A1.85,1.85,0.91,0.98,0.9,0.98,1.0,1.0,1.0,1.0,0.0,0.0
2026-05-09,2026-05-10,KXTSAW-26MAY10-A1.85,1.85,0.98,0.98,0.97,0.97,1.0,1.0,1.0,1.0,0.0,0.0
2026-05-05,2026-05-10,KXTSAW-26MAY10-A1.95,1.95,0.9,0.9,0.01,0.89,1.0,1.0,1.0,1.0,0.0,0.0
2026-05-06,2026-05-10,KXTSAW-26MAY10-A1.95,1.95,0.89,0.89,0.01,0.89,1.0,1.0,1.0,1.0,0.0,0.0
2026-05-07,2026-05-10,KXTSAW-26MAY10-A1.95,1.95,0.89,0.91,0.01,0.91,1.0,1.0,1.0,1.0,0.0,0.0
2026-05-08,2026-05-10,KXTSAW-26MAY10-A1.95,1.95,0.91,0.93,0.9,0.93,1.0,1.0,1.0,1.0,0.0,0.0
2026-05-09,2026-05-10,KXTSAW-26MAY10-A1.95,1.95,0.93,0.93,0.89,0.89,1.0,1.0,1.0,1.0,0.0,0.0
2026-05-10,2026-05-10,KXTSAW-26MAY10-A1.95,1.95,0.89,0.9,0.21,0.89,1.0,1.0,1.0,1.0,0.0,0.0
2026-05-05,2026-05-10,KXTSAW-26MAY10-A2.15,2.15,0.6,0.89,0.6,0.89,1.0,1.0,1.0,1.0,0.0,0.0
2026-05-06,2026-05-10,KXTSAW-26MAY10-A2.15,2.15,0.89,0.89,0.6,0.88,1.0,1.0,1.0,1.0,0.0,0.0
2026-05-07,2026-05-10,KXTSAW-26MAY10-A2.15,2.15,0.88,0.9,0.61,0.9,1.0,1.0,1.0,1.0,0.0,0.0
2026-05-08,2026-05-10,KXTSAW-26MAY10-A2.15,2.15,0.9,0.95,0.89,0.95,1.0,1.0,1.0,1.0,0.0,0.0
2026-05-09,2026-05-10,KXTSAW-26MAY10-A2.15,2.15,0.95,0.95,0.89,0.89,1.0,1.0,1.0,1.0,0.0,0.0
2026-05-10,2026-05-10,KXTSAW-26MAY10-A2.15,2.15,0.89,0.89,0.6,0.89,1.0,1.0,1.0,1.0,0.0,0.0
2026-05-05,2026-05-10,KXTSAW-26MAY10-A2.20,2.2,0.89,0.9,0.89,0.9,1.0,1.0,1.0,1.0,0.0,0.0
2026-05-07,2026-05-10,KXTSAW-26MAY10-A2.20,2.2,0.9,0.91,0.9,0.91,1.0,1.0,1.0,1.0,0.0,0.0
2026-05-08,2026-05-10,KXTSAW-26MAY10-A2.20,2.2,0.91,0.92,0.89,0.9,1.0,1.0,1.0,1.0,0.0,0.0
2026-05-09,2026-05-10,KXTSAW-26MAY10-A2.20,2.2,0.9,0.9,0.89,0.89,1.0,1.0,1.0,1.0,0.0,0.0
2026-05-10,2026-05-10,KXTSAW-26MAY10-A2.20,2.2,0.89,0.89,0.21,0.89,1.0,1.0,1.0,1.0,0.0,0.0
2026-05-05,2026-05-10,KXTSAW-26MAY10-A2.25,2.25,0.8,0.89,0.8,0.89,1.0,1.0,1.0,1.0,0.0,0.0
2026-05-06,2026-05-10,KXTSAW-26MAY10-A2.25,2.25,0.89,0.89,0.8,0.88,1.0,1.0,1.0,1.0,0.0,0.0
2026-05-07,2026-05-10,KXTSAW-26MAY10-A2.25,2.25,0.88,0.9,0.8,0.9,1.0,1.0,1.0,1.0,0.0,0.0
2026-05-08,2026-05-10,KXTSAW-26MAY10-A2.25,2.25,0.9,0.9,0.89,0.9,1.0,1.0,1.0,1.0,0.0,0.0
2026-05-09,2026-05-10,KXTSAW-26MAY10-A2.25,2.25,0.9,0.92,0.89,0.91,1.0,1.0,1.0,1.0,0.0,0.0
2026-05-10,2026-05-10,KXTSAW-26MAY10-A2.25,2.25,0.91,0.93,0.8,0.93,1.0,1.0,1.0,1.0,0.0,0.0
2026-05-05,2026-05-10,KXTSAW-26MAY10-A2.55,2.55,0.0,0.05,0.0,0.0,0.06,0.14,0.05,0.05,0.0,0.0
2026-05-06,2026-05-10,KXTSAW-26MAY10-A2.55,2.55,0.0,0.0,0.0,0.0,0.05,0.05,0.04,0.04,0.0,0.0
2026-05-07,2026-05-10,KXTSAW-26MAY10-A2.55,2.55,0.0,0.0,0.0,0.0,0.04,0.04,0.03,0.03,0.0,0.0
2026-05-08,2026-05-10,KXTSAW-26MAY10-A2.55,2.55,0.0,0.0,0.0,0.0,0.03,0.03,0.02,0.02,1.0,1.0
2026-05-09,2026-05-10,KXTSAW-26MAY10-A2.55,2.55,0.0,0.0,0.0,0.0,0.02,0.02,0.01,0.01,0.0,1.0
2026-05-10,2026-05-10,KXTSAW-26MAY10-A2.55,2.55,0.0,0.0,0.0,0.0,0.01,0.02,0.01,0.01,935.19,936.19
2026-05-05,2026-05-10,KXTSAW-26MAY10-A2.45,2.45,0.02,0.85,0.02,0.64,1.0,1.0,0.64,0.71,273.76,248.76
2026-05-06,2026-05-10,KXTSAW-26MAY10-A2.45,2.45,0.64,0.67,0.22,0.28,0.71,0.73,0.25,0.37,137.3,328.19
2026-05-07,2026-05-10,KXTSAW-26MAY10-A2.45,2.45,0.28,0.33,0.07,0.25,0.37,0.37,0.2,0.28,340.95,397.82
2026-05-08,2026-05-10,KXTSAW-26MAY10-A2.45,2.45,0.25,0.25,0.06,0.07,0.28,0.3,0.09,0.12,321.76,581.67
2026-05-09,2026-05-10,KXTSAW-26MAY10-A2.45,2.45,0.07,0.07,0.04,0.05,0.12,0.15,0.07,0.1,419.73,828.4
2026-05-10,2026-05-10,KXTSAW-26MAY10-A2.45,2.45,0.05,0.16,0.04,0.06,0.1,0.45,0.06,0.09,853.32,1236.5
2026-05-05,2026-05-10,KXTSAW-26MAY10-A1.80,1.8,0.7,0.9,0.7,0.9,1.0,1.0,1.0,1.0,0.0,0.0
2026-05-06,2026-05-10,KXTSAW-26MAY10-A1.80,1.8,0.9,0.9,0.7,0.9,1.0,1.0,1.0,1.0,0.0,0.0
2026-05-07,2026-05-10,KXTSAW-26MAY10-A1.80,1.8,0.9,0.91,0.7,0.91,1.0,1.0,1.0,1.0,0.0,0.0
2026-05-08,2026-05-10,KXTSAW-26MAY10-A1.80,1.8,0.91,0.91,0.9,0.91,1.0,1.0,1.0,1.0,0.0,0.0
2026-05-09,2026-05-10,KXTSAW-26MAY10-A1.80,1.8,0.91,0.91,0.9,0.91,1.0,1.0,1.0,1.0,0.0,0.0
2026-05-12,2026-05-17,KXTSAW-26MAY17-A2.00,2.0,0.89,0.89,0.0,0.89,1.0,1.0,1.0,1.0,0.0,0.0
2026-05-13,2026-05-17,KXTSAW-26MAY17-A2.00,2.0,0.89,0.9,0.02,0.9,1.0,1.0,1.0,1.0,0.0,0.0
2026-05-14,2026-05-17,KXTSAW-26MAY17-A2.00,2.0,0.9,0.9,0.23,0.9,1.0,1.0,1.0,1.0,1.0,1.0
2026-05-15,2026-05-17,KXTSAW-26MAY17-A2.00,2.0,0.9,0.99,0.22,0.99,1.0,1.0,1.0,1.0,0.0,1.0
2026-05-12,2026-05-17,KXTSAW-26MAY17-A2.55,2.55,0.0,0.14,0.0,0.06,0.96,0.96,0.1,0.12,1074.07,1064.07
2026-05-13,2026-05-17,KXTSAW-26MAY17-A2.55,2.55,0.06,0.44,0.04,0.43,0.12,0.5,0.1,0.46,490.02,1475.79
2026-05-14,2026-05-17,KXTSAW-26MAY17-A2.55,2.55,0.43,0.46,0.37,0.42,0.46,0.5,0.4,0.45,350.57,1686.36
2026-05-15,2026-05-17,KXTSAW-26MAY17-A2.55,2.55,0.42,0.67,0.41,0.64,0.45,0.73,0.44,0.68,1231.29,1347.65
2026-05-16,2026-05-17,KXTSAW-26MAY17-A2.55,2.55,0.64,0.93,0.27,0.93,0.68,0.95,0.68,0.94,1150.88,1884.65
2026-05-17,2026-05-17,KXTSAW-26MAY17-A2.55,2.55,0.93,0.93,0.92,0.93,0.94,0.94,0.93,0.94,118.71,1811.65
2026-05-12,2026-05-17,KXTSAW-26MAY17-A1.95,1.95,0.9,0.9,0.0,0.89,1.0,1.0,1.0,1.0,0.0,0.0
2026-05-13,2026-05-17,KXTSAW-26MAY17-A1.95,1.95,0.89,0.9,0.02,0.9,1.0,1.0,1.0,1.0,0.0,0.0
2026-05-14,2026-05-17,KXTSAW-26MAY17-A1.95,1.95,0.9,0.9,0.01,0.9,1.0,1.0,1.0,1.0,1.0,1.0
2026-05-15,2026-05-17,KXTSAW-26MAY17-A1.95,1.95,0.9,0.99,0.02,0.99,1.0,1.0,1.0,1.0,0.0,1.0
2026-05-12,2026-05-17,KXTSAW-26MAY17-A2.15,2.15,0.89,0.89,0.0,0.88,1.0,1.0,1.0,1.0,0.0,0.0
2026-05-13,2026-05-17,KXTSAW-26MAY17-A2.15,2.15,0.88,0.9,0.02,0.9,1.0,1.0,1.0,1.0,0.0,0.0
2026-05-14,2026-05-17,KXTSAW-26MAY17-A2.15,2.15,0.9,0.9,0.41,0.89,1.0,1.0,1.0,1.0,1.0,1.0
2026-05-15,2026-05-17,KXTSAW-26MAY17-A2.15,2.15,0.89,0.99,0.42,0.99,1.0,1.0,1.0,1.0,0.0,1.0
2026-05-12,2026-05-17,KXTSAW-26MAY17-A2.60,2.6,0.0,0.08,0.0,0.0,0.88,0.88,0.01,0.01,2780.42,2500.0
2026-05-13,2026-05-17,KXTSAW-26MAY17-A2.60,2.6,0.0,0.03,0.0,0.02,0.01,0.07,0.01,0.04,2451.28,2731.7
2026-05-14,2026-05-17,KXTSAW-26MAY17-A2.60,2.6,0.02,0.04,0.0,0.02,0.04,0.1,0.04,0.07,294.35,2999.05
2026-05-15,2026-05-17,KXTSAW-26MAY17-A2.60,2.6,0.02,0.11,0.02,0.08,0.07,0.17,0.05,0.11,454.21,3388.26
2026-05-16,2026-05-17,KXTSAW-26MAY17-A2.60,2.6,0.08,0.11,0.03,0.1,0.11,0.14,0.1,0.12,446.25,3793.51
2026-05-17,2026-05-17,KXTSAW-26MAY17-A2.60,2.6,0.1,0.12,0.04,0.07,0.12,0.13,0.06,0.1,670.67,3779.79
2026-05-12,2026-05-17,KXTSAW-26MAY17-A2.45,2.45,0.01,0.85,0.01,0.85,1.0,1.0,0.62,0.89,159.4,120.0
2026-05-13,2026-05-17,KXTSAW-26MAY17-A2.45,2.45,0.85,0.96,0.83,0.95,0.89,0.98,0.89,0.96,170.0,290.0
2026-05-14,2026-05-17,KXTSAW-26MAY17-A2.45,2.45,0.95,0.96,0.88,0.94,0.96,1.0,0.96,0.98,76.0,341.0
2026-05-15,2026-05-17,KXTSAW-26MAY17-A2.45,2.45,0.94,0.99,0.94,0.99,0.98,1.0,0.98,1.0,1.0,342.0
2026-05-16,2026-05-17,KXTSAW-26MAY17-A2.45,2.45,0.99,0.99,0.98,0.98,1.0,1.0,0.99,1.0,67.0,409.0
2026-05-17,2026-05-17,KXTSAW-26MAY17-A2.45,2.45,0.98,0.99,0.98,0.98,1.0,1.0,1.0,1.0,0.0,409.0
2026-05-12,2026-05-17,KXTSAW-26MAY17-A1.85,1.85,0.9,0.91,0.0,0.91,1.0,1.0,1.0,1.0,0.0,0.0
2026-05-13,2026-05-17,KXTSAW-26MAY17-A1.85,1.85,0.91,0.91,0.91,0.91,1.0,1.0,1.0,1.0,0.0,0.0
2026-05-14,2026-05-17,KXTSAW-26MAY17-A1.85,1.85,0.91,0.91,0.91,0.91,1.0,1.0,1.0,1.0,0.0,0.0
2026-05-15,2026-05-17,KXTSAW-26MAY17-A1.85,1.85,0.91,0.99,0.9,0.99,1.0,1.0,1.0,1.0,0.0,0.0
2026-05-12,2026-05-17,KXTSAW-26MAY17-A1.80,1.8,0.9,0.91,0.9,0.91,1.0,1.0,1.0,1.0,0.0,0.0
2026-05-13,2026-05-17,KXTSAW-26MAY17-A1.80,1.8,0.91,0.91,0.91,0.91,1.0,1.0,1.0,1.0,0.0,0.0
2026-05-14,2026-05-17,KXTSAW-26MAY17-A1.80,1.8,0.91,0.91,0.91,0.91,1.0,1.0,1.0,1.0,0.0,0.0
2026-05-15,2026-05-17,KXTSAW-26MAY17-A1.80,1.8,0.91,0.99,0.91,0.99,1.0,1.0,1.0,1.0,0.0,0.0
2026-05-16,2026-05-17,KXTSAW-26MAY17-A1.80,1.8,0.99,0.99,0.99,0.99,1.0,1.0,1.0,1.0,0.0,0.0
2026-05-12,2026-05-17,KXTSAW-26MAY17-A2.35,2.35,0.04,0.9,0.04,0.89,1.0,1.0,0.99,1.0,47.94,23.97
2026-05-13,2026-05-17,KXTSAW-26MAY17-A2.35,2.35,0.89,0.94,0.89,0.94,1.0,1.0,1.0,1.0,0.0,23.97
2026-05-14,2026-05-17,KXTSAW-26MAY17-A2.35,2.35,0.94,0.98,0.94,0.97,1.0,1.0,1.0,1.0,13.37,37.34
2026-05-15,2026-05-17,KXTSAW-26MAY17-A2.35,2.35,0.97,0.99,0.96,0.99,1.0,1.0,1.0,1.0,0.0,37.34
2026-05-12,2026-05-17,KXTSAW-26MAY17-A2.65,2.65,0.0,0.0,0.0,0.0,0.8,0.8,0.01,0.05,0.0,0.0
2026-05-13,2026-05-17,KXTSAW-26MAY17-A2.65,2.65,0.0,0.0,0.0,0.0,0.05,0.05,0.02,0.02,0.0,0.0
2026-05-14,2026-05-17,KXTSAW-26MAY17-A2.65,2.65,0.0,0.0,0.0,0.0,0.02,0.03,0.02,0.02,0.0,0.0
2026-05-15,2026-05-17,KXTSAW-26MAY17-A2.65,2.65,0.0,0.02,0.0,0.0,0.02,0.16,0.01,0.01,37.0,37.0
2026-05-16,2026-05-17,KXTSAW-26MAY17-A2.65,2.65,0.0,0.0,0.0,0.0,0.01,0.01,0.01,0.01,0.0,37.0
2026-05-12,2026-05-17,KXTSAW-26MAY17-A1.90,1.9,0.9,0.9,0.0,0.89,1.0,1.0,1.0,1.0,0.0,0.0
2026-05-13,2026-05-17,KXTSAW-26MAY17-A1.90,1.9,0.89,0.9,0.01,0.9,1.0,1.0,1.0,1.0,0.0,0.0
2026-05-14,2026-05-17,KXTSAW-26MAY17-A1.90,1.9,0.9,0.9,0.02,0.9,1.0,1.0,1.0,1.0,1.0,1.0
2026-05-15,2026-05-17,KXTSAW-26MAY17-A1.90,1.9,0.9,0.99,0.02,0.99,1.0,1.0,1.0,1.0,0.0,1.0
2026-05-12,2026-05-17,KXTSAW-26MAY17-A2.20,2.2,0.89,0.89,0.0,0.88,1.0,1.0,1.0,1.0,0.0,0.0
2026-05-13,2026-05-17,KXTSAW-26MAY17-A2.20,2.2,0.88,0.9,0.12,0.9,1.0,1.0,1.0,1.0,0.0,0.0
2026-05-14,2026-05-17,KXTSAW-26MAY17-A2.20,2.2,0.9,0.9,0.51,0.89,1.0,1.0,1.0,1.0,1.0,1.0
2026-05-15,2026-05-17,KXTSAW-26MAY17-A2.20,2.2,0.89,0.99,0.5,0.99,1.0,1.0,1.0,1.0,0.0,1.0
2026-05-12,2026-05-17,KXTSAW-26MAY17-A2.75,2.75,0.0,0.0,0.0,0.0,0.3,0.3,0.07,0.07,0.0,0.0
2026-05-13,2026-05-17,KXTSAW-26MAY17-A2.75,2.75,0.0,0.0,0.0,0.0,0.07,0.07,0.05,0.05,0.0,0.0
2026-05-14,2026-05-17,KXTSAW-26MAY17-A2.75,2.75,0.0,0.0,0.0,0.0,0.05,0.07,0.03,0.03,0.0,0.0
2026-05-15,2026-05-17,KXTSAW-26MAY17-A2.75,2.75,0.0,0.0,0.0,0.0,0.03,0.04,0.01,0.01,0.0,0.0
2026-05-16,2026-05-17,KXTSAW-26MAY17-A2.75,2.75,0.0,0.0,0.0,0.0,0.01,0.01,0.01,0.01,0.0,0.0
2026-05-12,2026-05-17,KXTSAW-26MAY17-A2.70,2.7,0.0,0.0,0.0,0.0,0.5,0.5,0.06,0.06,0.0,0.0
2026-05-13,2026-05-17,KXTSAW-26MAY17-A2.70,2.7,0.0,0.0,0.0,0.0,0.06,0.06,0.03,0.03,0.0,0.0
2026-05-14,2026-05-17,KXTSAW-26MAY17-A2.70,2.7,0.0,0.0,0.0,0.0,0.03,0.07,0.03,0.04,0.0,0.0
2026-05-15,2026-05-17,KXTSAW-26MAY17-A2.70,2.7,0.0,0.0,0.0,0.0,0.04,0.05,0.01,0.01,0.0,0.0
2026-05-16,2026-05-17,KXTSAW-26MAY17-A2.70,2.7,0.0,0.0,0.0,0.0,0.01,0.01,0.01,0.01,0.0,0.0
2026-05-12,2026-05-17,KXTSAW-26MAY17-A2.50,2.5,0.0,0.54,0.0,0.49,0.99,0.99,0.44,0.64,136.09,121.09
2026-05-13,2026-05-17,KXTSAW-26MAY17-A2.50,2.5,0.49,0.85,0.46,0.83,0.64,0.96,0.57,0.92,391.69,405.01
2026-05-14,2026-05-17,KXTSAW-26MAY17-A2.50,2.5,0.83,0.94,0.8,0.8,0.92,0.96,0.86,0.95,203.8,519.01
2026-05-15,2026-05-17,KXTSAW-26MAY17-A2.50,2.5,0.8,0.96,0.8,0.96,0.95,0.98,0.94,0.97,237.41,532.81
2026-05-16,2026-05-17,KXTSAW-26MAY17-A2.50,2.5,0.96,0.98,0.95,0.98,0.97,0.99,0.96,0.99,594.64,908.46
2026-05-17,2026-05-17,KXTSAW-26MAY17-A2.50,2.5,0.98,0.98,0.96,0.98,0.99,0.99,0.99,0.99,0.0,908.46
2026-05-12,2026-05-17,KXTSAW-26MAY17-A2.10,2.1,0.89,0.89,0.0,0.88,1.0,1.0,1.0,1.0,0.0,0.0
2026-05-13,2026-05-17,KXTSAW-26MAY17-A2.10,2.1,0.88,0.9,0.69,0.9,1.0,1.0,1.0,1.0,0.0,0.0
2026-05-14,2026-05-17,KXTSAW-26MAY17-A2.10,2.1,0.9,0.9,0.69,0.89,1.0,1.0,1.0,1.0,1.0,1.0
2026-05-15,2026-05-17,KXTSAW-26MAY17-A2.10,2.1,0.89,0.99,0.02,0.99,1.0,1.0,1.0,1.0,0.0,1.0
2026-05-12,2026-05-17,KXTSAW-26MAY17-A2.40,2.4,0.06,0.93,0.06,0.93,1.0,1.0,0.82,0.98,57.79,57.79
2026-05-13,2026-05-17,KXTSAW-26MAY17-A2.40,2.4,0.93,0.97,0.93,0.97,0.98,0.99,0.98,0.98,371.0,384.79
2026-05-14,2026-05-17,KXTSAW-26MAY17-A2.40,2.4,0.97,0.98,0.96,0.98,0.98,1.0,0.97,1.0,341.0,617.79
2026-05-15,2026-05-17,KXTSAW-26MAY17-A2.40,2.4,0.98,0.99,0.9,0.99,1.0,1.0,0.98,1.0,65.0,682.79
2026-05-16,2026-05-17,KXTSAW-26MAY17-A2.40,2.4,0.99,0.99,0.99,0.99,1.0,1.0,1.0,1.0,0.0,682.79
2026-05-12,2026-05-17,KXTSAW-26MAY17-A2.25,2.25,0.89,0.9,0.0,0.9,1.0,1.0,1.0,1.0,0.0,0.0
2026-05-13,2026-05-17,KXTSAW-26MAY17-A2.25,2.25,0.9,0.9,0.9,0.9,1.0,1.0,1.0,1.0,0.0,0.0
2026-05-14,2026-05-17,KXTSAW-26MAY17-A2.25,2.25,0.9,0.9,0.9,0.9,1.0,1.0,1.0,1.0,1.0,1.0
2026-05-15,2026-05-17,KXTSAW-26MAY17-A2.25,2.25,0.9,0.99,0.9,0.99,1.0,1.0,1.0,1.0,0.0,1.0
2026-05-12,2026-05-17,KXTSAW-26MAY17-A2.05,2.05,0.89,0.89,0.0,0.89,1.0,1.0,1.0,1.0,0.0,0.0
2026-05-13,2026-05-17,KXTSAW-26MAY17-A2.05,2.05,0.89,0.9,0.01,0.9,1.0,1.0,1.0,1.0,0.0,0.0
2026-05-14,2026-05-17,KXTSAW-26MAY17-A2.05,2.05,0.9,0.9,0.06,0.89,1.0,1.0,1.0,1.0,1.0,1.0
2026-05-15,2026-05-17,KXTSAW-26MAY17-A2.05,2.05,0.89,0.99,0.02,0.99,1.0,1.0,1.0,1.0,0.0,1.0
2026-05-12,2026-05-17,KXTSAW-26MAY17-A2.30,2.3,0.5,0.89,0.5,0.89,1.0,1.0,1.0,1.0,0.0,0.0
2026-05-13,2026-05-17,KXTSAW-26MAY17-A2.30,2.3,0.89,0.91,0.88,0.91,1.0,1.0,1.0,1.0,0.0,0.0
2026-05-14,2026-05-17,KXTSAW-26MAY17-A2.30,2.3,0.91,0.91,0.91,0.91,1.0,1.0,1.0,1.0,1.0,1.0
2026-05-15,2026-05-17,KXTSAW-26MAY17-A2.30,2.3,0.91,0.99,0.91,0.99,1.0,1.0,1.0,1.0,0.0,1.0
2026-05-12,2026-05-17,KXTSAW-26MAY17-A2.80,2.8,0.0,0.0,0.0,0.0,0.94,0.94,0.06,0.06,0.0,0.0
2026-05-13,2026-05-17,KXTSAW-26MAY17-A2.80,2.8,0.0,0.0,0.0,0.0,0.06,0.06,0.05,0.05,0.0,0.0
2026-05-14,2026-05-17,KXTSAW-26MAY17-A2.80,2.8,0.0,0.0,0.0,0.0,0.05,0.05,0.03,0.03,0.0,0.0
2026-05-15,2026-05-17,KXTSAW-26MAY17-A2.80,2.8,0.0,0.0,0.0,0.0,0.03,0.04,0.01,0.01,0.0,0.0
2026-05-16,2026-05-17,KXTSAW-26MAY17-A2.80,2.8,0.0,0.0,0.0,0.0,0.01,0.01,0.01,0.01,0.0,0.0
2026-05-19,2026-05-24,KXTSAW-26MAY24-A2.80,2.8,0.0,0.0,0.0,0.0,0.4,0.4,0.06,0.06,0.0,0.0
2026-05-20,2026-05-24,KXTSAW-26MAY24-A2.80,2.8,0.0,0.0,0.0,0.0,0.06,0.07,0.05,0.07,0.0,0.0
2026-05-21,2026-05-24,KXTSAW-26MAY24-A2.80,2.8,0.0,0.0,0.0,0.0,0.07,0.07,0.06,0.06,0.0,0.0
2026-05-23,2026-05-24,KXTSAW-26MAY24-A2.80,2.8,0.0,0.0,0.0,0.0,0.06,0.06,0.02,0.02,0.0,0.0
2026-05-24,2026-05-24,KXTSAW-26MAY24-A2.80,2.8,0.0,0.0,0.0,0.0,0.02,0.02,0.01,0.01,0.0,0.0
2026-05-19,2026-05-24,KXTSAW-26MAY24-A2.45,2.45,0.4,0.94,0.4,0.94,1.0,1.0,0.97,1.0,0.0,0.0
2026-05-20,2026-05-24,KXTSAW-26MAY24-A2.45,2.45,0.94,0.94,0.94,0.94,1.0,1.0,0.97,1.0,5.0,5.0
2026-05-21,2026-05-24,KXTSAW-26MAY24-A2.45,2.45,0.94,0.94,0.94,0.94,1.0,1.0,1.0,1.0,5.0,10.0
2026-05-22,2026-05-24,KXTSAW-26MAY24-A2.45,2.45,0.94,0.94,0.94,0.94,1.0,1.0,1.0,1.0,10.0,20.0
2026-05-23,2026-05-24,KXTSAW-26MAY24-A2.45,2.45,0.94,0.94,0.94,0.94,1.0,1.0,1.0,1.0,5.0,25.0
2026-05-24,2026-05-24,KXTSAW-26MAY24-A2.45,2.45,0.94,0.98,0.94,0.95,1.0,1.0,0.98,1.0,716.19,373.44
2026-05-19,2026-05-24,KXTSAW-26MAY24-A1.95,1.95,0.9,0.91,0.9,0.91,1.0,1.0,1.0,1.0,0.0,0.0
2026-05-20,2026-05-24,KXTSAW-26MAY24-A1.95,1.95,0.91,0.91,0.9,0.9,1.0,1.0,1.0,1.0,0.0,0.0
2026-05-22,2026-05-24,KXTSAW-26MAY24-A1.95,1.95,0.9,0.9,0.83,0.9,1.0,1.0,1.0,1.0,0.0,0.0
2026-05-23,2026-05-24,KXTSAW-26MAY24-A1.95,1.95,0.9,0.9,0.83,0.9,1.0,1.0,1.0,1.0,0.0,0.0
2026-05-19,2026-05-24,KXTSAW-26MAY24-A2.10,2.1,0.89,0.9,0.7,0.9,1.0,1.0,1.0,1.0,0.0,0.0
2026-05-20,2026-05-24,KXTSAW-26MAY24-A2.10,2.1,0.9,0.9,0.7,0.9,1.0,1.0,1.0,1.0,0.0,0.0
2026-05-22,2026-05-24,KXTSAW-26MAY24-A2.10,2.1,0.9,0.9,0.83,0.9,1.0,1.0,1.0,1.0,0.0,0.0
2026-05-23,2026-05-24,KXTSAW-26MAY24-A2.10,2.1,0.9,0.9,0.83,0.9,1.0,1.0,1.0,1.0,0.0,0.0
2026-05-19,2026-05-24,KXTSAW-26MAY24-A1.80,1.8,0.6,0.9,0.6,0.9,1.0,1.0,1.0,1.0,0.0,0.0
2026-05-20,2026-05-24,KXTSAW-26MAY24-A1.80,1.8,0.9,0.9,0.9,0.9,1.0,1.0,1.0,1.0,0.0,0.0
2026-05-21,2026-05-24,KXTSAW-26MAY24-A1.80,1.8,0.9,0.9,0.9,0.9,1.0,1.0,1.0,1.0,0.0,0.0
2026-05-22,2026-05-24,KXTSAW-26MAY24-A1.80,1.8,0.9,0.99,0.9,0.99,1.0,1.0,1.0,1.0,0.0,0.0
2026-05-23,2026-05-24,KXTSAW-26MAY24-A1.80,1.8,0.99,0.99,0.9,0.9,1.0,1.0,1.0,1.0,0.0,0.0
2026-05-19,2026-05-24,KXTSAW-26MAY24-A2.75,2.75,0.0,0.0,0.0,0.0,0.8,0.8,0.06,0.07,0.99,0.99
2026-05-21,2026-05-24,KXTSAW-26MAY24-A2.75,2.75,0.0,0.0,0.0,0.0,0.07,0.11,0.04,0.05,1.0,1.0
2026-05-23,2026-05-24,KXTSAW-26MAY24-A2.75,2.75,0.0,0.0,0.0,0.0,0.05,0.05,0.04,0.04,0.0,1.0
2026-05-24,2026-05-24,KXTSAW-26MAY24-A2.75,2.75,0.0,0.0,0.0,0.0,0.04,0.04,0.02,0.02,296.82,297.82
2026-05-19,2026-05-24,KXTSAW-26MAY24-A1.90,1.9,0.7,0.91,0.7,0.91,1.0,1.0,1.0,1.0,0.0,0.0
2026-05-20,2026-05-24,KXTSAW-26MAY24-A1.90,1.9,0.91,0.91,0.9,0.9,1.0,1.0,1.0,1.0,0.0,0.0
2026-05-22,2026-05-24,KXTSAW-26MAY24-A1.90,1.9,0.9,0.99,0.9,0.99,1.0,1.0,1.0,1.0,0.0,0.0
2026-05-23,2026-05-24,KXTSAW-26MAY24-A1.90,1.9,0.99,0.99,0.9,0.9,1.0,1.0,1.0,1.0,0.0,0.0
2026-05-19,2026-05-24,KXTSAW-26MAY24-A2.15,2.15,0.89,0.9,0.6,0.9,1.0,1.0,1.0,1.0,0.0,0.0
2026-05-20,2026-05-24,KXTSAW-26MAY24-A2.15,2.15,0.9,0.9,0.6,0.9,1.0,1.0,1.0,1.0,0.0,0.0
2026-05-22,2026-05-24,KXTSAW-26MAY24-A2.15,2.15,0.9,0.9,0.82,0.9,1.0,1.0,1.0,1.0,0.0,0.0
2026-05-23,2026-05-24,KXTSAW-26MAY24-A2.15,2.15,0.9,0.9,0.83,0.9,1.0,1.0,1.0,1.0,0.0,0.0
2026-05-24,2026-05-24,KXTSAW-26MAY24-A2.15,2.15,0.9,0.9,0.88,0.89,1.0,1.0,1.0,1.0,0.0,0.0
2026-05-19,2026-05-24,KXTSAW-26MAY24-A1.85,1.85,0.02,0.92,0.02,0.92,1.0,1.0,1.0,1.0,0.0,0.0
2026-05-20,2026-05-24,KXTSAW-26MAY24-A1.85,1.85,0.92,0.92,0.9,0.9,1.0,1.0,1.0,1.0,0.0,0.0
2026-05-22,2026-05-24,KXTSAW-26MAY24-A1.85,1.85,0.9,0.99,0.9,0.99,1.0,1.0,1.0,1.0,0.0,0.0
2026-05-23,2026-05-24,KXTSAW-26MAY24-A1.85,1.85,0.99,0.99,0.9,0.9,1.0,1.0,1.0,1.0,0.0,0.0
2026-05-19,2026-05-24,KXTSAW-26MAY24-A2.00,2.0,0.6,0.91,0.6,0.91,1.0,1.0,1.0,1.0,0.0,0.0
2026-05-20,2026-05-24,KXTSAW-26MAY24-A2.00,2.0,0.91,0.91,0.9,0.9,1.0,1.0,1.0,1.0,0.0,0.0
2026-05-22,2026-05-24,KXTSAW-26MAY24-A2.00,2.0,0.9,0.9,0.83,0.9,1.0,1.0,1.0,1.0,0.0,0.0
2026-05-23,2026-05-24,KXTSAW-26MAY24-A2.00,2.0,0.9,0.9,0.83,0.9,1.0,1.0,1.0,1.0,0.0,0.0
2026-05-19,2026-05-24,KXTSAW-26MAY24-A2.20,2.2,0.89,0.91,0.89,0.91,1.0,1.0,1.0,1.0,0.0,0.0
2026-05-20,2026-05-24,KXTSAW-26MAY24-A2.20,2.2,0.91,0.91,0.9,0.9,1.0,1.0,1.0,1.0,0.0,0.0
2026-05-22,2026-05-24,KXTSAW-26MAY24-A2.20,2.2,0.9,0.9,0.83,0.89,1.0,1.0,1.0,1.0,0.0,0.0
2026-05-23,2026-05-24,KXTSAW-26MAY24-A2.20,2.2,0.89,0.89,0.82,0.89,1.0,1.0,1.0,1.0,0.0,0.0
2026-05-19,2026-05-24,KXTSAW-26MAY24-A2.30,2.3,0.9,0.9,0.9,0.9,1.0,1.0,1.0,1.0,0.0,0.0
2026-05-20,2026-05-24,KXTSAW-26MAY24-A2.30,2.3,0.9,0.9,0.9,0.9,1.0,1.0,1.0,1.0,0.0,0.0
2026-05-21,2026-05-24,KXTSAW-26MAY24-A2.30,2.3,0.9,0.9,0.9,0.9,1.0,1.0,1.0,1.0,0.0,0.0
2026-05-22,2026-05-24,KXTSAW-26MAY24-A2.30,2.3,0.9,0.9,0.83,0.89,1.0,1.0,1.0,1.0,0.0,0.0
2026-05-23,2026-05-24,KXTSAW-26MAY24-A2.30,2.3,0.89,0.89,0.82,0.89,1.0,1.0,1.0,1.0,0.0,0.0
2026-05-19,2026-05-24,KXTSAW-26MAY24-A2.35,2.35,0.8,0.9,0.8,0.9,1.0,1.0,1.0,1.0,0.0,0.0
2026-05-20,2026-05-24,KXTSAW-26MAY24-A2.35,2.35,0.9,0.9,0.8,0.9,1.0,1.0,1.0,1.0,0.0,0.0
2026-05-22,2026-05-24,KXTSAW-26MAY24-A2.35,2.35,0.9,0.9,0.83,0.89,1.0,1.0,1.0,1.0,0.0,0.0
2026-05-23,2026-05-24,KXTSAW-26MAY24-A2.35,2.35,0.89,0.89,0.82,0.89,1.0,1.0,1.0,1.0,0.0,0.0
2026-05-19,2026-05-24,KXTSAW-26MAY24-A2.60,2.6,0.09,0.93,0.09,0.58,1.0,1.0,0.39,0.65,637.23,591.29
2026-05-20,2026-05-24,KXTSAW-26MAY24-A2.60,2.6,0.58,0.85,0.51,0.85,0.65,0.89,0.63,0.86,395.98,798.09
2026-05-21,2026-05-24,KXTSAW-26MAY24-A2.60,2.6,0.85,0.85,0.61,0.71,0.86,0.86,0.68,0.74,304.26,931.41
2026-05-22,2026-05-24,KXTSAW-26MAY24-A2.60,2.6,0.71,0.93,0.65,0.93,0.74,0.98,0.73,0.97,690.98,1339.9
2026-05-23,2026-05-24,KXTSAW-26MAY24-A2.60,2.6,0.93,0.96,0.84,0.9,0.97,0.98,0.94,0.94,297.55,1409.75
2026-05-24,2026-05-24,KXTSAW-26MAY24-A2.60,2.6,0.9,0.95,0.9,0.95,0.94,0.98,0.94,0.97,135.93,1471.46
2026-05-19,2026-05-24,KXTSAW-26MAY24-A2.40,2.4,0.5,0.93,0.5,0.9,1.0,1.0,0.97,1.0,0.0,0.0
2026-05-20,2026-05-24,KXTSAW-26MAY24-A2.40,2.4,0.9,0.9,0.9,0.9,1.0,1.0,1.0,1.0,0.0,0.0
2026-05-21,2026-05-24,KXTSAW-26MAY24-A2.40,2.4,0.9,0.9,0.9,0.9,1.0,1.0,1.0,1.0,0.0,0.0
2026-05-22,2026-05-24,KXTSAW-26MAY24-A2.40,2.4,0.9,0.9,0.83,0.89,1.0,1.0,1.0,1.0,9.4,9.4
2026-05-23,2026-05-24,KXTSAW-26MAY24-A2.40,2.4,0.89,0.89,0.83,0.89,1.0,1.0,1.0,1.0,0.0,9.4
2026-05-24,2026-05-24,KXTSAW-26MAY24-A2.40,2.4,0.89,0.99,0.89,0.89,1.0,1.0,1.0,1.0,0.0,9.4
2026-05-19,2026-05-24,KXTSAW-26MAY24-A2.70,2.7,0.0,0.08,0.0,0.02,0.5,0.5,0.07,0.13,74.8,74.8
2026-05-20,2026-05-24,KXTSAW-26MAY24-A2.70,2.7,0.02,0.05,0.0,0.03,0.13,0.13,0.05,0.05,140.06,160.86
2026-05-21,2026-05-24,KXTSAW-26MAY24-A2.70,2.7,0.03,0.03,0.0,0.0,0.05,0.08,0.05,0.08,105.0,265.86
2026-05-22,2026-05-24,KXTSAW-26MAY24-A2.70,2.7,0.0,0.06,0.0,0.0,0.08,0.09,0.06,0.09,68.63,334.49
2026-05-23,2026-05-24,KXTSAW-26MAY24-A2.70,2.7,0.0,0.02,0.0,0.02,0.09,0.09,0.02,0.03,1196.27,1530.76
2026-05-24,2026-05-24,KXTSAW-26MAY24-A2.70,2.7,0.02,0.02,0.0,0.0,0.03,0.03,0.03,0.03,1533.93,3064.69
2026-05-19,2026-05-24,KXTSAW-26MAY24-A2.65,2.65,0.0,0.17,0.0,0.17,0.9,0.9,0.15,0.18,301.85,294.85
2026-05-20,2026-05-24,KXTSAW-26MAY24-A2.65,2.65,0.17,0.27,0.1,0.23,0.18,0.57,0.16,0.31,93.0,385.85
2026-05-21,2026-05-24,KXTSAW-26MAY24-A2.65,2.65,0.23,0.28,0.06,0.1,0.31,0.31,0.12,0.14,342.18,625.03
2026-05-22,2026-05-24,KXTSAW-26MAY24-A2.65,2.65,0.1,0.25,0.08,0.23,0.14,0.27,0.11,0.26,1133.84,1628.03
2026-05-23,2026-05-24,KXTSAW-26MAY24-A2.65,2.65,0.23,0.26,0.12,0.19,0.26,0.31,0.19,0.22,788.61,2186.47
2026-05-24,2026-05-24,KXTSAW-26MAY24-A2.65,2.65,0.19,0.34,0.18,0.27,0.22,0.39,0.22,0.3,661.65,2738.85
2026-05-19,2026-05-24,KXTSAW-26MAY24-A2.50,2.5,0.5,0.94,0.5,0.94,1.0,1.0,0.97,1.0,0.0,0.0
2026-05-20,2026-05-24,KXTSAW-26MAY24-A2.50,2.5,0.94,0.95,0.94,0.95,1.0,1.0,0.97,1.0,5.0,5.0
2026-05-21,2026-05-24,KXTSAW-26MAY24-A2.50,2.5,0.95,0.95,0.95,0.95,1.0,1.0,1.0,1.0,5.0,10.0
2026-05-22,2026-05-24,KXTSAW-26MAY24-A2.50,2.5,0.95,0.95,0.95,0.95,1.0,1.0,1.0,1.0,10.0,20.0
2026-05-23,2026-05-24,KXTSAW-26MAY24-A2.50,2.5,0.95,0.95,0.89,0.89,1.0,1.0,1.0,1.0,5.0,25.0
2026-05-24,2026-05-24,KXTSAW-26MAY24-A2.50,2.5,0.89,0.94,0.89,0.94,1.0,1.0,0.94,1.0,5.0,30.0
2026-05-19,2026-05-24,KXTSAW-26MAY24-A2.55,2.55,0.05,0.93,0.05,0.83,1.0,1.0,0.93,0.96,33.0,33.0
2026-05-20,2026-05-24,KXTSAW-26MAY24-A2.55,2.55,0.83,0.96,0.83,0.96,0.96,0.98,0.95,0.98,44.0,72.0
2026-05-21,2026-05-24,KXTSAW-26MAY24-A2.55,2.55,0.96,0.97,0.93,0.97,0.98,0.98,0.97,0.98,282.0,321.0
2026-05-22,2026-05-24,KXTSAW-26MAY24-A2.55,2.55,0.97,0.98,0.91,0.92,0.98,1.0,0.94,1.0,19.0,340.0
2026-05-23,2026-05-24,KXTSAW-26MAY24-A2.55,2.55,0.92,0.99,0.92,0.99,1.0,1.0,0.94,1.0,5.0,345.0
2026-05-24,2026-05-24,KXTSAW-26MAY24-A2.55,2.55,0.99,0.99,0.88,0.9,1.0,1.0,1.0,1.0,33.0,340.0
2026-05-19,2026-05-24,KXTSAW-26MAY24-A2.05,2.05,0.9,0.9,0.5,0.9,1.0,1.0,1.0,1.0,0.0,0.0
2026-05-20,2026-05-24,KXTSAW-26MAY24-A2.05,2.05,0.9,0.9,0.52,0.9,1.0,1.0,1.0,1.0,0.0,0.0
2026-05-22,2026-05-24,KXTSAW-26MAY24-A2.05,2.05,0.9,0.9,0.83,0.9,1.0,1.0,1.0,1.0,0.0,0.0
2026-05-23,2026-05-24,KXTSAW-26MAY24-A2.05,2.05,0.9,0.9,0.83,0.9,1.0,1.0,1.0,1.0,0.0,0.0
2026-05-19,2026-05-24,KXTSAW-26MAY24-A2.25,2.25,0.89,0.92,0.89,0.92,1.0,1.0,1.0,1.0,0.0,0.0
2026-05-20,2026-05-24,KXTSAW-26MAY24-A2.25,2.25,0.92,0.92,0.9,0.9,1.0,1.0,1.0,1.0,0.0,0.0
2026-05-22,2026-05-24,KXTSAW-26MAY24-A2.25,2.25,0.9,0.9,0.83,0.89,1.0,1.0,1.0,1.0,0.0,0.0
2026-05-23,2026-05-24,KXTSAW-26MAY24-A2.25,2.25,0.89,0.89,0.82,0.89,1.0,1.0,1.0,1.0,0.0,0.0
