type,pct,ticker,price,best_ask,target_shares,exposure_before,shares,dry_run,response,side,model_prob,market_prob,limit_price,available_shares
passive_limit,0.1,KXTSAW-26JUN14-A2.45,0.9278350515463917,0.99,13,0,13,False,"{'order': {'action': 'buy', 'book_side': 'bid', 'client_order_id': '665b0f93-67de-4a54-a198-f1a0a9eb1f5c', 'created_time': '2026-06-12T12:46:18.351542Z', 'expiration_time': '2026-06-12T23:59:00Z', 'fill_count_fp': '0.00', 'initial_count_fp': '13.00', 'last_update_time': '2026-06-12T12:46:18.351542Z', 'maker_fees_dollars': '0.000000', 'maker_fill_cost_dollars': '0.000000', 'no_price_dollars': '0.0700', 'order_id': 'd4c2e7ae-b91f-4df6-921c-e9f6b6c21c97', 'outcome_side': 'yes', 'remaining_count_fp': '13.00', 'side': 'yes', 'status': 'resting', 'subaccount_number': 0, 'taker_fees_dollars': '0.000000', 'taker_fill_cost_dollars': '0.000000', 'ticker': 'KXTSAW-26JUN14-A2.45', 'type': 'limit', 'user_id': '6db6972a-11ba-4203-a80d-b435f9c20a3f', 'yes_price_dollars': '0.9300'}}",yes,1.0,0.945,,
passive_limit,0.15,KXTSAW-26JUN14-A2.45,0.9239130434782608,0.99,20,13,7,False,"{'order': {'action': 'buy', 'book_side': 'bid', 'client_order_id': '18a15c46-dca9-4434-bf45-897ab94c111f', 'created_time': '2026-06-12T12:46:18.460025Z', 'expiration_time': '2026-06-12T23:59:00Z', 'fill_count_fp': '0.00', 'initial_count_fp': '7.00', 'last_update_time': '2026-06-12T12:46:18.460025Z', 'maker_fees_dollars': '0.000000', 'maker_fill_cost_dollars': '0.000000', 'no_price_dollars': '0.0800', 'order_id': '399fe22d-501a-4db0-bdaa-b19f479f4894', 'outcome_side': 'yes', 'remaining_count_fp': '7.00', 'side': 'yes', 'status': 'resting', 'subaccount_number': 0, 'taker_fees_dollars': '0.000000', 'taker_fill_cost_dollars': '0.000000', 'ticker': 'KXTSAW-26JUN14-A2.45', 'type': 'limit', 'user_id': '6db6972a-11ba-4203-a80d-b435f9c20a3f', 'yes_price_dollars': '0.9200'}}",yes,1.0,0.945,,
passive_limit,0.2,KXTSAW-26JUN14-A2.45,0.9195402298850575,0.99,27,20,7,False,"{'order': {'action': 'buy', 'book_side': 'bid', 'client_order_id': '7770979f-f4f1-4df5-876d-455eaea70b56', 'created_time': '2026-06-12T12:46:18.575997Z', 'expiration_time': '2026-06-12T23:59:00Z', 'fill_count_fp': '0.00', 'initial_count_fp': '7.00', 'last_update_time': '2026-06-12T12:46:18.575997Z', 'maker_fees_dollars': '0.000000', 'maker_fill_cost_dollars': '0.000000', 'no_price_dollars': '0.0800', 'order_id': 'f8f2407d-f71e-46c1-9762-19fda0bd692c', 'outcome_side': 'yes', 'remaining_count_fp': '7.00', 'side': 'yes', 'status': 'resting', 'subaccount_number': 0, 'taker_fees_dollars': '0.000000', 'taker_fill_cost_dollars': '0.000000', 'ticker': 'KXTSAW-26JUN14-A2.45', 'type': 'limit', 'user_id': '6db6972a-11ba-4203-a80d-b435f9c20a3f', 'yes_price_dollars': '0.9200'}}",yes,1.0,0.945,,
passive_limit,0.25,KXTSAW-26JUN14-A2.45,0.9146341463414633,0.99,33,27,6,False,"{'order': {'action': 'buy', 'book_side': 'bid', 'client_order_id': '4eb93180-5924-4083-b2a5-ea1fb1b78131', 'created_time': '2026-06-12T12:46:18.685328Z', 'expiration_time': '2026-06-12T23:59:00Z', 'fill_count_fp': '0.00', 'initial_count_fp': '6.00', 'last_update_time': '2026-06-12T12:46:18.685328Z', 'maker_fees_dollars': '0.000000', 'maker_fill_cost_dollars': '0.000000', 'no_price_dollars': '0.0900', 'order_id': '9a39c2ac-928d-4e8b-9460-d2d65920fd16', 'outcome_side': 'yes', 'remaining_count_fp': '6.00', 'side': 'yes', 'status': 'resting', 'subaccount_number': 0, 'taker_fees_dollars': '0.000000', 'taker_fill_cost_dollars': '0.000000', 'ticker': 'KXTSAW-26JUN14-A2.45', 'type': 'limit', 'user_id': '6db6972a-11ba-4203-a80d-b435f9c20a3f', 'yes_price_dollars': '0.9100'}}",yes,1.0,0.945,,
passive_limit,0.3,KXTSAW-26JUN14-A2.45,0.9090909090909091,0.99,40,33,7,False,"{'order': {'action': 'buy', 'book_side': 'bid', 'client_order_id': '6618d3c8-775c-456c-8e3d-87bc2ca3072e', 'created_time': '2026-06-12T12:46:18.769576Z', 'expiration_time': '2026-06-12T23:59:00Z', 'fill_count_fp': '0.00', 'initial_count_fp': '7.00', 'last_update_time': '2026-06-12T12:46:18.769576Z', 'maker_fees_dollars': '0.000000', 'maker_fill_cost_dollars': '0.000000', 'no_price_dollars': '0.0900', 'order_id': '8d007630-64cf-4f12-a687-54e0db0265eb', 'outcome_side': 'yes', 'remaining_count_fp': '7.00', 'side': 'yes', 'status': 'resting', 'subaccount_number': 0, 'taker_fees_dollars': '0.000000', 'taker_fill_cost_dollars': '0.000000', 'ticker': 'KXTSAW-26JUN14-A2.45', 'type': 'limit', 'user_id': '6db6972a-11ba-4203-a80d-b435f9c20a3f', 'yes_price_dollars': '0.9100'}}",yes,1.0,0.945,,
passive_limit,0.35,KXTSAW-26JUN14-A2.45,0.9027777777777777,0.99,48,40,8,False,"{'order': {'action': 'buy', 'book_side': 'bid', 'client_order_id': 'afe3eca7-f5af-45af-bdb9-59a936f916b4', 'created_time': '2026-06-12T12:46:18.882151Z', 'expiration_time': '2026-06-12T23:59:00Z', 'fill_count_fp': '0.00', 'initial_count_fp': '8.00', 'last_update_time': '2026-06-12T12:46:18.882151Z', 'maker_fees_dollars': '0.000000', 'maker_fill_cost_dollars': '0.000000', 'no_price_dollars': '0.1000', 'order_id': 'c21bfe4a-b6a1-4696-b32b-5988e889999e', 'outcome_side': 'yes', 'remaining_count_fp': '8.00', 'side': 'yes', 'status': 'resting', 'subaccount_number': 0, 'taker_fees_dollars': '0.000000', 'taker_fill_cost_dollars': '0.000000', 'ticker': 'KXTSAW-26JUN14-A2.45', 'type': 'limit', 'user_id': '6db6972a-11ba-4203-a80d-b435f9c20a3f', 'yes_price_dollars': '0.9000'}}",yes,1.0,0.945,,
passive_limit,0.4,KXTSAW-26JUN14-A2.45,0.8955223880597014,0.99,55,48,7,False,"{'order': {'action': 'buy', 'book_side': 'bid', 'client_order_id': 'f5ec907c-d509-4732-b54a-a077ce54da45', 'created_time': '2026-06-12T12:46:18.987739Z', 'expiration_time': '2026-06-12T23:59:00Z', 'fill_count_fp': '0.00', 'initial_count_fp': '7.00', 'last_update_time': '2026-06-12T12:46:18.987739Z', 'maker_fees_dollars': '0.000000', 'maker_fill_cost_dollars': '0.000000', 'no_price_dollars': '0.1000', 'order_id': '4f6db66a-0f36-44eb-847f-ddf851d4c97d', 'outcome_side': 'yes', 'remaining_count_fp': '7.00', 'side': 'yes', 'status': 'resting', 'subaccount_number': 0, 'taker_fees_dollars': '0.000000', 'taker_fill_cost_dollars': '0.000000', 'ticker': 'KXTSAW-26JUN14-A2.45', 'type': 'limit', 'user_id': '6db6972a-11ba-4203-a80d-b435f9c20a3f', 'yes_price_dollars': '0.9000'}}",yes,1.0,0.945,,
passive_limit,0.1,KXTSAW-26JUN14-A2.50,0.9278350515463917,0.99,13,0,13,False,"{'order': {'action': 'buy', 'book_side': 'bid', 'client_order_id': 'a4a520d8-cd2a-4568-a5cc-a2afee50c3d6', 'created_time': '2026-06-12T12:46:19.720163Z', 'expiration_time': '2026-06-12T23:59:00Z', 'fill_count_fp': '0.00', 'initial_count_fp': '13.00', 'last_update_time': '2026-06-12T12:46:19.720163Z', 'maker_fees_dollars': '0.000000', 'maker_fill_cost_dollars': '0.000000', 'no_price_dollars': '0.0700', 'order_id': '6f437605-89cf-490f-8b3d-cfdf48377d6d', 'outcome_side': 'yes', 'remaining_count_fp': '13.00', 'side': 'yes', 'status': 'resting', 'subaccount_number': 0, 'taker_fees_dollars': '0.000000', 'taker_fill_cost_dollars': '0.000000', 'ticker': 'KXTSAW-26JUN14-A2.50', 'type': 'limit', 'user_id': '6db6972a-11ba-4203-a80d-b435f9c20a3f', 'yes_price_dollars': '0.9300'}}",yes,1.0,0.945,,
passive_limit,0.15,KXTSAW-26JUN14-A2.50,0.9239130434782608,0.99,20,13,7,False,"{'order': {'action': 'buy', 'book_side': 'bid', 'client_order_id': 'e049cae0-6b2e-417c-8e66-60927c3415ee', 'created_time': '2026-06-12T12:46:19.828852Z', 'expiration_time': '2026-06-12T23:59:00Z', 'fill_count_fp': '0.00', 'initial_count_fp': '7.00', 'last_update_time': '2026-06-12T12:46:19.828852Z', 'maker_fees_dollars': '0.000000', 'maker_fill_cost_dollars': '0.000000', 'no_price_dollars': '0.0800', 'order_id': '6e9d52b1-2b12-446d-9223-e60cd3bfc18b', 'outcome_side': 'yes', 'remaining_count_fp': '7.00', 'side': 'yes', 'status': 'resting', 'subaccount_number': 0, 'taker_fees_dollars': '0.000000', 'taker_fill_cost_dollars': '0.000000', 'ticker': 'KXTSAW-26JUN14-A2.50', 'type': 'limit', 'user_id': '6db6972a-11ba-4203-a80d-b435f9c20a3f', 'yes_price_dollars': '0.9200'}}",yes,1.0,0.945,,
passive_limit,0.2,KXTSAW-26JUN14-A2.50,0.9195402298850575,0.99,27,20,7,False,"{'order': {'action': 'buy', 'book_side': 'bid', 'client_order_id': 'f663226e-f1d9-4dfa-9b79-3915e5b1e56c', 'created_time': '2026-06-12T12:46:19.912237Z', 'expiration_time': '2026-06-12T23:59:00Z', 'fill_count_fp': '0.00', 'initial_count_fp': '7.00', 'last_update_time': '2026-06-12T12:46:19.912237Z', 'maker_fees_dollars': '0.000000', 'maker_fill_cost_dollars': '0.000000', 'no_price_dollars': '0.0800', 'order_id': '807c9ea8-5872-434e-a806-b3fcd7f6aa3f', 'outcome_side': 'yes', 'remaining_count_fp': '7.00', 'side': 'yes', 'status': 'resting', 'subaccount_number': 0, 'taker_fees_dollars': '0.000000', 'taker_fill_cost_dollars': '0.000000', 'ticker': 'KXTSAW-26JUN14-A2.50', 'type': 'limit', 'user_id': '6db6972a-11ba-4203-a80d-b435f9c20a3f', 'yes_price_dollars': '0.9200'}}",yes,1.0,0.945,,
passive_limit,0.25,KXTSAW-26JUN14-A2.50,0.9146341463414633,0.99,33,27,6,False,"{'order': {'action': 'buy', 'book_side': 'bid', 'client_order_id': 'ae67a962-af75-494d-800b-d2f4b4861cd2', 'created_time': '2026-06-12T12:46:20.035626Z', 'expiration_time': '2026-06-12T23:59:00Z', 'fill_count_fp': '0.00', 'initial_count_fp': '6.00', 'last_update_time': '2026-06-12T12:46:20.035626Z', 'maker_fees_dollars': '0.000000', 'maker_fill_cost_dollars': '0.000000', 'no_price_dollars': '0.0900', 'order_id': '7952f927-6415-4429-bbbc-f8bd18225880', 'outcome_side': 'yes', 'remaining_count_fp': '6.00', 'side': 'yes', 'status': 'resting', 'subaccount_number': 0, 'taker_fees_dollars': '0.000000', 'taker_fill_cost_dollars': '0.000000', 'ticker': 'KXTSAW-26JUN14-A2.50', 'type': 'limit', 'user_id': '6db6972a-11ba-4203-a80d-b435f9c20a3f', 'yes_price_dollars': '0.9100'}}",yes,1.0,0.945,,
passive_limit,0.3,KXTSAW-26JUN14-A2.50,0.9090909090909091,0.99,40,33,7,False,"{'order': {'action': 'buy', 'book_side': 'bid', 'client_order_id': '49517ae8-3f5c-4997-bb01-92a1de3c7cf7', 'created_time': '2026-06-12T12:46:20.121272Z', 'expiration_time': '2026-06-12T23:59:00Z', 'fill_count_fp': '0.00', 'initial_count_fp': '7.00', 'last_update_time': '2026-06-12T12:46:20.121272Z', 'maker_fees_dollars': '0.000000', 'maker_fill_cost_dollars': '0.000000', 'no_price_dollars': '0.0900', 'order_id': '4c5233dd-c15d-43ba-9f1a-508ea7a72c56', 'outcome_side': 'yes', 'remaining_count_fp': '7.00', 'side': 'yes', 'status': 'resting', 'subaccount_number': 0, 'taker_fees_dollars': '0.000000', 'taker_fill_cost_dollars': '0.000000', 'ticker': 'KXTSAW-26JUN14-A2.50', 'type': 'limit', 'user_id': '6db6972a-11ba-4203-a80d-b435f9c20a3f', 'yes_price_dollars': '0.9100'}}",yes,1.0,0.945,,
passive_limit,0.35,KXTSAW-26JUN14-A2.50,0.9027777777777777,0.99,48,40,8,False,"{'order': {'action': 'buy', 'book_side': 'bid', 'client_order_id': '0e357487-12b4-42b0-a898-f72529f8b175', 'created_time': '2026-06-12T12:46:20.21305Z', 'expiration_time': '2026-06-12T23:59:00Z', 'fill_count_fp': '0.00', 'initial_count_fp': '8.00', 'last_update_time': '2026-06-12T12:46:20.21305Z', 'maker_fees_dollars': '0.000000', 'maker_fill_cost_dollars': '0.000000', 'no_price_dollars': '0.1000', 'order_id': '765c9db2-734e-403f-b1bb-472eb1f8d8c6', 'outcome_side': 'yes', 'remaining_count_fp': '8.00', 'side': 'yes', 'status': 'resting', 'subaccount_number': 0, 'taker_fees_dollars': '0.000000', 'taker_fill_cost_dollars': '0.000000', 'ticker': 'KXTSAW-26JUN14-A2.50', 'type': 'limit', 'user_id': '6db6972a-11ba-4203-a80d-b435f9c20a3f', 'yes_price_dollars': '0.9000'}}",yes,1.0,0.945,,
passive_limit,0.4,KXTSAW-26JUN14-A2.50,0.8955223880597014,0.99,55,48,7,False,"{'order': {'action': 'buy', 'book_side': 'bid', 'client_order_id': '2a965dc7-2037-4de5-aef7-10f04a265431', 'created_time': '2026-06-12T12:46:20.298267Z', 'expiration_time': '2026-06-12T23:59:00Z', 'fill_count_fp': '0.00', 'initial_count_fp': '7.00', 'last_update_time': '2026-06-12T12:46:20.298267Z', 'maker_fees_dollars': '0.000000', 'maker_fill_cost_dollars': '0.000000', 'no_price_dollars': '0.1000', 'order_id': 'f81de8dc-cc3b-41ba-abd3-197fc0e80817', 'outcome_side': 'yes', 'remaining_count_fp': '7.00', 'side': 'yes', 'status': 'resting', 'subaccount_number': 0, 'taker_fees_dollars': '0.000000', 'taker_fill_cost_dollars': '0.000000', 'ticker': 'KXTSAW-26JUN14-A2.50', 'type': 'limit', 'user_id': '6db6972a-11ba-4203-a80d-b435f9c20a3f', 'yes_price_dollars': '0.9000'}}",yes,1.0,0.945,,
passive_limit,0.1,KXTSAW-26JUN14-A2.55,0.9278350515463917,0.99,13,0,13,False,"{'order': {'action': 'buy', 'book_side': 'bid', 'client_order_id': 'e32470f5-1143-4c0e-9d25-2724eb002576', 'created_time': '2026-06-12T12:46:20.958708Z', 'expiration_time': '2026-06-12T23:59:00Z', 'fill_count_fp': '0.00', 'initial_count_fp': '13.00', 'last_update_time': '2026-06-12T12:46:20.958708Z', 'maker_fees_dollars': '0.000000', 'maker_fill_cost_dollars': '0.000000', 'no_price_dollars': '0.0700', 'order_id': 'e15b2902-cbe1-459b-8130-91aea24a17a1', 'outcome_side': 'yes', 'remaining_count_fp': '13.00', 'side': 'yes', 'status': 'resting', 'subaccount_number': 0, 'taker_fees_dollars': '0.000000', 'taker_fill_cost_dollars': '0.000000', 'ticker': 'KXTSAW-26JUN14-A2.55', 'type': 'limit', 'user_id': '6db6972a-11ba-4203-a80d-b435f9c20a3f', 'yes_price_dollars': '0.9300'}}",yes,1.0,0.97,,
passive_limit,0.15,KXTSAW-26JUN14-A2.55,0.9239130434782608,0.99,20,13,7,False,"{'order': {'action': 'buy', 'book_side': 'bid', 'client_order_id': '2f829722-8af1-42d2-8cf3-600f895ab77c', 'created_time': '2026-06-12T12:46:21.067581Z', 'expiration_time': '2026-06-12T23:59:00Z', 'fill_count_fp': '0.00', 'initial_count_fp': '7.00', 'last_update_time': '2026-06-12T12:46:21.067581Z', 'maker_fees_dollars': '0.000000', 'maker_fill_cost_dollars': '0.000000', 'no_price_dollars': '0.0800', 'order_id': '1b52e85e-ef0f-4017-a046-c4d2c0b1addd', 'outcome_side': 'yes', 'remaining_count_fp': '7.00', 'side': 'yes', 'status': 'resting', 'subaccount_number': 0, 'taker_fees_dollars': '0.000000', 'taker_fill_cost_dollars': '0.000000', 'ticker': 'KXTSAW-26JUN14-A2.55', 'type': 'limit', 'user_id': '6db6972a-11ba-4203-a80d-b435f9c20a3f', 'yes_price_dollars': '0.9200'}}",yes,1.0,0.97,,
passive_limit,0.2,KXTSAW-26JUN14-A2.55,0.9195402298850575,0.99,27,20,7,False,"{'order': {'action': 'buy', 'book_side': 'bid', 'client_order_id': 'c5d731db-6366-485d-9f51-e74904f7f037', 'created_time': '2026-06-12T12:46:21.155206Z', 'expiration_time': '2026-06-12T23:59:00Z', 'fill_count_fp': '0.00', 'initial_count_fp': '7.00', 'last_update_time': '2026-06-12T12:46:21.155206Z', 'maker_fees_dollars': '0.000000', 'maker_fill_cost_dollars': '0.000000', 'no_price_dollars': '0.0800', 'order_id': 'a9008206-329f-44c9-86f9-f2e9b171e93a', 'outcome_side': 'yes', 'remaining_count_fp': '7.00', 'side': 'yes', 'status': 'resting', 'subaccount_number': 0, 'taker_fees_dollars': '0.000000', 'taker_fill_cost_dollars': '0.000000', 'ticker': 'KXTSAW-26JUN14-A2.55', 'type': 'limit', 'user_id': '6db6972a-11ba-4203-a80d-b435f9c20a3f', 'yes_price_dollars': '0.9200'}}",yes,1.0,0.97,,
passive_limit,0.25,KXTSAW-26JUN14-A2.55,0.9146341463414633,0.99,33,27,6,False,"{'order': {'action': 'buy', 'book_side': 'bid', 'client_order_id': 'f0ff9e83-da9f-4adb-9c64-dfeaf326a642', 'created_time': '2026-06-12T12:46:21.267439Z', 'expiration_time': '2026-06-12T23:59:00Z', 'fill_count_fp': '0.00', 'initial_count_fp': '6.00', 'last_update_time': '2026-06-12T12:46:21.267439Z', 'maker_fees_dollars': '0.000000', 'maker_fill_cost_dollars': '0.000000', 'no_price_dollars': '0.0900', 'order_id': '94ac9cba-dde6-48d1-9782-65f5ebec7b06', 'outcome_side': 'yes', 'remaining_count_fp': '6.00', 'side': 'yes', 'status': 'resting', 'subaccount_number': 0, 'taker_fees_dollars': '0.000000', 'taker_fill_cost_dollars': '0.000000', 'ticker': 'KXTSAW-26JUN14-A2.55', 'type': 'limit', 'user_id': '6db6972a-11ba-4203-a80d-b435f9c20a3f', 'yes_price_dollars': '0.9100'}}",yes,1.0,0.97,,
passive_limit,0.3,KXTSAW-26JUN14-A2.55,0.9090909090909091,0.99,40,33,7,False,"{'order': {'action': 'buy', 'book_side': 'bid', 'client_order_id': 'b17b3f61-0e06-4489-a3f4-eea854072505', 'created_time': '2026-06-12T12:46:21.374582Z', 'expiration_time': '2026-06-12T23:59:00Z', 'fill_count_fp': '0.00', 'initial_count_fp': '7.00', 'last_update_time': '2026-06-12T12:46:21.374582Z', 'maker_fees_dollars': '0.000000', 'maker_fill_cost_dollars': '0.000000', 'no_price_dollars': '0.0900', 'order_id': '2944b5c3-d695-4678-ab7b-82cbf62fac01', 'outcome_side': 'yes', 'remaining_count_fp': '7.00', 'side': 'yes', 'status': 'resting', 'subaccount_number': 0, 'taker_fees_dollars': '0.000000', 'taker_fill_cost_dollars': '0.000000', 'ticker': 'KXTSAW-26JUN14-A2.55', 'type': 'limit', 'user_id': '6db6972a-11ba-4203-a80d-b435f9c20a3f', 'yes_price_dollars': '0.9100'}}",yes,1.0,0.97,,
passive_limit,0.35,KXTSAW-26JUN14-A2.55,0.9027777777777777,0.99,48,40,8,False,"{'order': {'action': 'buy', 'book_side': 'bid', 'client_order_id': 'ee9c286f-4a3c-4e41-ae01-d754f1f552ec', 'created_time': '2026-06-12T12:46:21.469747Z', 'expiration_time': '2026-06-12T23:59:00Z', 'fill_count_fp': '0.00', 'initial_count_fp': '8.00', 'last_update_time': '2026-06-12T12:46:21.469747Z', 'maker_fees_dollars': '0.000000', 'maker_fill_cost_dollars': '0.000000', 'no_price_dollars': '0.1000', 'order_id': 'b3299963-f19d-4b49-9825-77e9098a3eea', 'outcome_side': 'yes', 'remaining_count_fp': '8.00', 'side': 'yes', 'status': 'resting', 'subaccount_number': 0, 'taker_fees_dollars': '0.000000', 'taker_fill_cost_dollars': '0.000000', 'ticker': 'KXTSAW-26JUN14-A2.55', 'type': 'limit', 'user_id': '6db6972a-11ba-4203-a80d-b435f9c20a3f', 'yes_price_dollars': '0.9000'}}",yes,1.0,0.97,,
passive_limit,0.4,KXTSAW-26JUN14-A2.55,0.8955223880597014,0.99,55,48,7,False,"{'order': {'action': 'buy', 'book_side': 'bid', 'client_order_id': '10c89593-9971-4849-9321-19a34fde847c', 'created_time': '2026-06-12T12:46:21.57485Z', 'expiration_time': '2026-06-12T23:59:00Z', 'fill_count_fp': '0.00', 'initial_count_fp': '7.00', 'last_update_time': '2026-06-12T12:46:21.57485Z', 'maker_fees_dollars': '0.000000', 'maker_fill_cost_dollars': '0.000000', 'no_price_dollars': '0.1000', 'order_id': '4ccacc5c-7a66-4384-9b84-0e5c50c9ca59', 'outcome_side': 'yes', 'remaining_count_fp': '7.00', 'side': 'yes', 'status': 'resting', 'subaccount_number': 0, 'taker_fees_dollars': '0.000000', 'taker_fill_cost_dollars': '0.000000', 'ticker': 'KXTSAW-26JUN14-A2.55', 'type': 'limit', 'user_id': '6db6972a-11ba-4203-a80d-b435f9c20a3f', 'yes_price_dollars': '0.9000'}}",yes,1.0,0.97,,
passive_limit,0.2,KXTSAW-26JUN14-A2.60,0.9195402272118979,0.99,27,21,6,False,"{'order': {'action': 'buy', 'book_side': 'bid', 'client_order_id': '2b24d39e-5f39-47c1-bd33-ebb5e6e26e9a', 'created_time': '2026-06-12T12:46:22.255327Z', 'expiration_time': '2026-06-12T23:59:00Z', 'fill_count_fp': '0.00', 'initial_count_fp': '6.00', 'last_update_time': '2026-06-12T12:46:22.255327Z', 'maker_fees_dollars': '0.000000', 'maker_fill_cost_dollars': '0.000000', 'no_price_dollars': '0.0800', 'order_id': 'b9f0b728-0041-437e-b130-3c16015f25fd', 'outcome_side': 'yes', 'remaining_count_fp': '6.00', 'side': 'yes', 'status': 'resting', 'subaccount_number': 0, 'taker_fees_dollars': '0.000000', 'taker_fill_cost_dollars': '0.000000', 'ticker': 'KXTSAW-26JUN14-A2.60', 'type': 'limit', 'user_id': '6db6972a-11ba-4203-a80d-b435f9c20a3f', 'yes_price_dollars': '0.9200'}}",yes,0.9999999976743512,0.965,,
passive_limit,0.25,KXTSAW-26JUN14-A2.60,0.9146341435053063,0.99,33,27,6,False,"{'order': {'action': 'buy', 'book_side': 'bid', 'client_order_id': '6f18b2a2-2904-458d-869e-aff41ade22ce', 'created_time': '2026-06-12T12:46:22.341938Z', 'expiration_time': '2026-06-12T23:59:00Z', 'fill_count_fp': '0.00', 'initial_count_fp': '6.00', 'last_update_time': '2026-06-12T12:46:22.341938Z', 'maker_fees_dollars': '0.000000', 'maker_fill_cost_dollars': '0.000000', 'no_price_dollars': '0.0900', 'order_id': '48a3e49b-08be-4a6f-bfa1-6331e5ebac6a', 'outcome_side': 'yes', 'remaining_count_fp': '6.00', 'side': 'yes', 'status': 'resting', 'subaccount_number': 0, 'taker_fees_dollars': '0.000000', 'taker_fill_cost_dollars': '0.000000', 'ticker': 'KXTSAW-26JUN14-A2.60', 'type': 'limit', 'user_id': '6db6972a-11ba-4203-a80d-b435f9c20a3f', 'yes_price_dollars': '0.9100'}}",yes,0.9999999976743512,0.965,,
passive_limit,0.3,KXTSAW-26JUN14-A2.60,0.909090906070586,0.99,40,33,7,False,"{'order': {'action': 'buy', 'book_side': 'bid', 'client_order_id': '0c99af51-39bf-413b-a716-b16d5e7495d6', 'created_time': '2026-06-12T12:46:22.461583Z', 'expiration_time': '2026-06-12T23:59:00Z', 'fill_count_fp': '0.00', 'initial_count_fp': '7.00', 'last_update_time': '2026-06-12T12:46:22.461583Z', 'maker_fees_dollars': '0.000000', 'maker_fill_cost_dollars': '0.000000', 'no_price_dollars': '0.0900', 'order_id': '1b3642fb-d69c-4c72-bb03-ac29ead34fef', 'outcome_side': 'yes', 'remaining_count_fp': '7.00', 'side': 'yes', 'status': 'resting', 'subaccount_number': 0, 'taker_fees_dollars': '0.000000', 'taker_fill_cost_dollars': '0.000000', 'ticker': 'KXTSAW-26JUN14-A2.60', 'type': 'limit', 'user_id': '6db6972a-11ba-4203-a80d-b435f9c20a3f', 'yes_price_dollars': '0.9100'}}",yes,0.9999999976743512,0.965,,
passive_limit,0.35,KXTSAW-26JUN14-A2.60,0.9027777745477099,0.99,48,40,8,False,"{'order': {'action': 'buy', 'book_side': 'bid', 'client_order_id': 'd000f0c5-b426-4acc-9593-b8e93be05410', 'created_time': '2026-06-12T12:46:22.545124Z', 'expiration_time': '2026-06-12T23:59:00Z', 'fill_count_fp': '0.00', 'initial_count_fp': '8.00', 'last_update_time': '2026-06-12T12:46:22.545124Z', 'maker_fees_dollars': '0.000000', 'maker_fill_cost_dollars': '0.000000', 'no_price_dollars': '0.1000', 'order_id': '19306fbb-1ed1-4bda-bd61-81e856d454fd', 'outcome_side': 'yes', 'remaining_count_fp': '8.00', 'side': 'yes', 'status': 'resting', 'subaccount_number': 0, 'taker_fees_dollars': '0.000000', 'taker_fill_cost_dollars': '0.000000', 'ticker': 'KXTSAW-26JUN14-A2.60', 'type': 'limit', 'user_id': '6db6972a-11ba-4203-a80d-b435f9c20a3f', 'yes_price_dollars': '0.9000'}}",yes,0.9999999976743512,0.965,,
passive_limit,0.4,KXTSAW-26JUN14-A2.60,0.8955223845885838,0.99,55,48,7,False,"{'order': {'action': 'buy', 'book_side': 'bid', 'client_order_id': '82cb856a-0d4d-428e-a668-9ac2f5af1b3d', 'created_time': '2026-06-12T12:46:22.625624Z', 'expiration_time': '2026-06-12T23:59:00Z', 'fill_count_fp': '0.00', 'initial_count_fp': '7.00', 'last_update_time': '2026-06-12T12:46:22.625624Z', 'maker_fees_dollars': '0.000000', 'maker_fill_cost_dollars': '0.000000', 'no_price_dollars': '0.1000', 'order_id': '88787d8e-801c-4dfe-93ed-0652e44c50ab', 'outcome_side': 'yes', 'remaining_count_fp': '7.00', 'side': 'yes', 'status': 'resting', 'subaccount_number': 0, 'taker_fees_dollars': '0.000000', 'taker_fill_cost_dollars': '0.000000', 'ticker': 'KXTSAW-26JUN14-A2.60', 'type': 'limit', 'user_id': '6db6972a-11ba-4203-a80d-b435f9c20a3f', 'yes_price_dollars': '0.9000'}}",yes,0.9999999976743512,0.965,,
passive_limit,0.15,KXTSAW-26JUN14-A2.70,0.8690068865195326,0.96,21,0,21,False,"{'order': {'action': 'buy', 'book_side': 'ask', 'client_order_id': 'a2b47bab-2e70-4c22-a620-22d9e93632c0', 'created_time': '2026-06-12T12:46:24.019953Z', 'expiration_time': '2026-06-12T23:59:00Z', 'fill_count_fp': '0.00', 'initial_count_fp': '21.00', 'last_update_time': '2026-06-12T12:46:24.019953Z', 'maker_fees_dollars': '0.000000', 'maker_fill_cost_dollars': '0.000000', 'no_price_dollars': '0.8700', 'order_id': 'd853a16b-449d-43fc-875f-0c91c74bc39d', 'outcome_side': 'no', 'remaining_count_fp': '21.00', 'side': 'no', 'status': 'resting', 'subaccount_number': 0, 'taker_fees_dollars': '0.000000', 'taker_fill_cost_dollars': '0.000000', 'ticker': 'KXTSAW-26JUN14-A2.70', 'type': 'limit', 'user_id': '6db6972a-11ba-4203-a80d-b435f9c20a3f', 'yes_price_dollars': '0.1300'}}",no,0.94948633559797,0.935,,
passive_limit,0.2,KXTSAW-26JUN14-A2.70,0.8614785466643332,0.96,28,21,7,False,"{'order': {'action': 'buy', 'book_side': 'ask', 'client_order_id': 'ef44c2e7-4ad6-48a9-ba36-3e8b5064cbfe', 'created_time': '2026-06-12T12:46:24.102189Z', 'expiration_time': '2026-06-12T23:59:00Z', 'fill_count_fp': '0.00', 'initial_count_fp': '7.00', 'last_update_time': '2026-06-12T12:46:24.102189Z', 'maker_fees_dollars': '0.000000', 'maker_fill_cost_dollars': '0.000000', 'no_price_dollars': '0.8600', 'order_id': '364a0b52-1c44-4a46-95e1-9e1c842fc64a', 'outcome_side': 'no', 'remaining_count_fp': '7.00', 'side': 'no', 'status': 'resting', 'subaccount_number': 0, 'taker_fees_dollars': '0.000000', 'taker_fill_cost_dollars': '0.000000', 'ticker': 'KXTSAW-26JUN14-A2.70', 'type': 'limit', 'user_id': '6db6972a-11ba-4203-a80d-b435f9c20a3f', 'yes_price_dollars': '0.1400'}}",no,0.94948633559797,0.935,,
passive_limit,0.25,KXTSAW-26JUN14-A2.70,0.8530321165828902,0.96,36,28,8,False,"{'order': {'action': 'buy', 'book_side': 'ask', 'client_order_id': '0674d4e1-44a8-457b-b838-b67beb697742', 'created_time': '2026-06-12T12:46:24.216568Z', 'expiration_time': '2026-06-12T23:59:00Z', 'fill_count_fp': '0.00', 'initial_count_fp': '8.00', 'last_update_time': '2026-06-12T12:46:24.216568Z', 'maker_fees_dollars': '0.000000', 'maker_fill_cost_dollars': '0.000000', 'no_price_dollars': '0.8500', 'order_id': 'dbad44b7-7e07-44a5-be24-b6e312e42b00', 'outcome_side': 'no', 'remaining_count_fp': '8.00', 'side': 'no', 'status': 'resting', 'subaccount_number': 0, 'taker_fees_dollars': '0.000000', 'taker_fill_cost_dollars': '0.000000', 'ticker': 'KXTSAW-26JUN14-A2.70', 'type': 'limit', 'user_id': '6db6972a-11ba-4203-a80d-b435f9c20a3f', 'yes_price_dollars': '0.1500'}}",no,0.94948633559797,0.935,,
passive_limit,0.3,KXTSAW-26JUN14-A2.70,0.8434887475298313,0.96,43,36,7,False,"{'order': {'action': 'buy', 'book_side': 'ask', 'client_order_id': '80d3562d-0344-475e-a9b3-c1537b651394', 'created_time': '2026-06-12T12:46:24.307122Z', 'expiration_time': '2026-06-12T23:59:00Z', 'fill_count_fp': '0.00', 'initial_count_fp': '7.00', 'last_update_time': '2026-06-12T12:46:24.307122Z', 'maker_fees_dollars': '0.000000', 'maker_fill_cost_dollars': '0.000000', 'no_price_dollars': '0.8400', 'order_id': '6d645b67-edd5-4430-92a5-ca4fcb67af56', 'outcome_side': 'no', 'remaining_count_fp': '7.00', 'side': 'no', 'status': 'resting', 'subaccount_number': 0, 'taker_fees_dollars': '0.000000', 'taker_fill_cost_dollars': '0.000000', 'ticker': 'KXTSAW-26JUN14-A2.70', 'type': 'limit', 'user_id': '6db6972a-11ba-4203-a80d-b435f9c20a3f', 'yes_price_dollars': '0.1600'}}",no,0.94948633559797,0.935,,
passive_limit,0.35,KXTSAW-26JUN14-A2.70,0.8326199105527361,0.96,51,43,8,False,"{'order': {'action': 'buy', 'book_side': 'ask', 'client_order_id': '10b17d45-4b85-4922-9777-a80ad75c7547', 'created_time': '2026-06-12T12:46:24.398254Z', 'expiration_time': '2026-06-12T23:59:00Z', 'fill_count_fp': '0.00', 'initial_count_fp': '8.00', 'last_update_time': '2026-06-12T12:46:24.398254Z', 'maker_fees_dollars': '0.000000', 'maker_fill_cost_dollars': '0.000000', 'no_price_dollars': '0.8300', 'order_id': 'caa33935-94e6-4224-8812-c6a5a456a31c', 'outcome_side': 'no', 'remaining_count_fp': '8.00', 'side': 'no', 'status': 'resting', 'subaccount_number': 0, 'taker_fees_dollars': '0.000000', 'taker_fill_cost_dollars': '0.000000', 'ticker': 'KXTSAW-26JUN14-A2.70', 'type': 'limit', 'user_id': '6db6972a-11ba-4203-a80d-b435f9c20a3f', 'yes_price_dollars': '0.1700'}}",no,0.94948633559797,0.935,,
passive_limit,0.4,KXTSAW-26JUN14-A2.70,0.8201288591014477,0.96,60,51,9,False,"{'order': {'action': 'buy', 'book_side': 'ask', 'client_order_id': 'b742b641-7d43-47f9-9d60-bca6b46407ad', 'created_time': '2026-06-12T12:46:24.482305Z', 'expiration_time': '2026-06-12T23:59:00Z', 'fill_count_fp': '0.00', 'initial_count_fp': '9.00', 'last_update_time': '2026-06-12T12:46:24.482305Z', 'maker_fees_dollars': '0.000000', 'maker_fill_cost_dollars': '0.000000', 'no_price_dollars': '0.8200', 'order_id': '493823dc-3b01-4c67-9ab9-93e3a8adc833', 'outcome_side': 'no', 'remaining_count_fp': '9.00', 'side': 'no', 'status': 'resting', 'subaccount_number': 0, 'taker_fees_dollars': '0.000000', 'taker_fill_cost_dollars': '0.000000', 'ticker': 'KXTSAW-26JUN14-A2.70', 'type': 'limit', 'user_id': '6db6972a-11ba-4203-a80d-b435f9c20a3f', 'yes_price_dollars': '0.1800'}}",no,0.94948633559797,0.935,,
passive_limit,0.1,KXTRUFTSA-26JUN12-T1820000,0.9278350515463917,,5,0,5,False,"{'order': {'action': 'buy', 'book_side': 'bid', 'client_order_id': '9f318ddd-5a4c-4652-a1bc-859fed1ae69b', 'created_time': '2026-06-12T12:46:33.026054Z', 'expiration_time': '2026-06-12T23:59:00Z', 'fill_count_fp': '0.00', 'initial_count_fp': '5.00', 'last_update_time': '2026-06-12T12:46:33.026054Z', 'maker_fees_dollars': '0.000000', 'maker_fill_cost_dollars': '0.000000', 'no_price_dollars': '0.0700', 'order_id': '16f86762-c159-47b6-a132-905904bb69ed', 'outcome_side': 'yes', 'remaining_count_fp': '5.00', 'side': 'yes', 'status': 'resting', 'subaccount_number': 0, 'taker_fees_dollars': '0.000000', 'taker_fill_cost_dollars': '0.000000', 'ticker': 'KXTRUFTSA-26JUN12-T1820000', 'type': 'limit', 'user_id': '6db6972a-11ba-4203-a80d-b435f9c20a3f', 'yes_price_dollars': '0.9300'}}",yes,1.0,0.92,,
passive_limit,0.15,KXTRUFTSA-26JUN12-T1820000,0.9239130434782608,,8,5,3,False,"{'order': {'action': 'buy', 'book_side': 'bid', 'client_order_id': 'eab81814-22e9-432a-8d82-35dee8d93702', 'created_time': '2026-06-12T12:46:33.109639Z', 'expiration_time': '2026-06-12T23:59:00Z', 'fill_count_fp': '0.00', 'initial_count_fp': '3.00', 'last_update_time': '2026-06-12T12:46:33.109639Z', 'maker_fees_dollars': '0.000000', 'maker_fill_cost_dollars': '0.000000', 'no_price_dollars': '0.0800', 'order_id': '78e88563-6aca-44a9-abac-67e9ab1a2930', 'outcome_side': 'yes', 'remaining_count_fp': '3.00', 'side': 'yes', 'status': 'resting', 'subaccount_number': 0, 'taker_fees_dollars': '0.000000', 'taker_fill_cost_dollars': '0.000000', 'ticker': 'KXTRUFTSA-26JUN12-T1820000', 'type': 'limit', 'user_id': '6db6972a-11ba-4203-a80d-b435f9c20a3f', 'yes_price_dollars': '0.9200'}}",yes,1.0,0.92,,
passive_limit,0.2,KXTRUFTSA-26JUN12-T1820000,0.9195402298850575,,10,8,2,False,"{'order': {'action': 'buy', 'book_side': 'bid', 'client_order_id': '2690d061-7a2a-4745-ad9b-5a0ed9d6bb82', 'created_time': '2026-06-12T12:46:33.206009Z', 'expiration_time': '2026-06-12T23:59:00Z', 'fill_count_fp': '0.00', 'initial_count_fp': '2.00', 'last_update_time': '2026-06-12T12:46:33.206009Z', 'maker_fees_dollars': '0.000000', 'maker_fill_cost_dollars': '0.000000', 'no_price_dollars': '0.0800', 'order_id': 'a2534638-0b6a-4375-b926-69e756084164', 'outcome_side': 'yes', 'remaining_count_fp': '2.00', 'side': 'yes', 'status': 'resting', 'subaccount_number': 0, 'taker_fees_dollars': '0.000000', 'taker_fill_cost_dollars': '0.000000', 'ticker': 'KXTRUFTSA-26JUN12-T1820000', 'type': 'limit', 'user_id': '6db6972a-11ba-4203-a80d-b435f9c20a3f', 'yes_price_dollars': '0.9200'}}",yes,1.0,0.92,,
passive_limit,0.25,KXTRUFTSA-26JUN12-T1820000,0.9146341463414633,,13,10,3,False,"{'order': {'action': 'buy', 'book_side': 'bid', 'client_order_id': '6ee8f206-2007-4c80-a48d-70525c7e840c', 'created_time': '2026-06-12T12:46:33.318256Z', 'expiration_time': '2026-06-12T23:59:00Z', 'fill_count_fp': '0.00', 'initial_count_fp': '3.00', 'last_update_time': '2026-06-12T12:46:33.318256Z', 'maker_fees_dollars': '0.000000', 'maker_fill_cost_dollars': '0.000000', 'no_price_dollars': '0.0900', 'order_id': 'fcfadcc4-bb09-43d6-a27a-11eea96d14c9', 'outcome_side': 'yes', 'remaining_count_fp': '3.00', 'side': 'yes', 'status': 'resting', 'subaccount_number': 0, 'taker_fees_dollars': '0.000000', 'taker_fill_cost_dollars': '0.000000', 'ticker': 'KXTRUFTSA-26JUN12-T1820000', 'type': 'limit', 'user_id': '6db6972a-11ba-4203-a80d-b435f9c20a3f', 'yes_price_dollars': '0.9100'}}",yes,1.0,0.92,,
passive_limit,0.3,KXTRUFTSA-26JUN12-T1820000,0.9090909090909091,,16,13,3,False,"{'order': {'action': 'buy', 'book_side': 'bid', 'client_order_id': '865de0bd-d67c-46fb-87d0-bac166706f33', 'created_time': '2026-06-12T12:46:33.436332Z', 'expiration_time': '2026-06-12T23:59:00Z', 'fill_count_fp': '0.00', 'initial_count_fp': '3.00', 'last_update_time': '2026-06-12T12:46:33.436332Z', 'maker_fees_dollars': '0.000000', 'maker_fill_cost_dollars': '0.000000', 'no_price_dollars': '0.0900', 'order_id': '6c04f770-3ee5-42e5-bb76-7c1c00ed4b57', 'outcome_side': 'yes', 'remaining_count_fp': '3.00', 'side': 'yes', 'status': 'resting', 'subaccount_number': 0, 'taker_fees_dollars': '0.000000', 'taker_fill_cost_dollars': '0.000000', 'ticker': 'KXTRUFTSA-26JUN12-T1820000', 'type': 'limit', 'user_id': '6db6972a-11ba-4203-a80d-b435f9c20a3f', 'yes_price_dollars': '0.9100'}}",yes,1.0,0.92,,
passive_limit,0.35,KXTRUFTSA-26JUN12-T1820000,0.9027777777777777,,19,16,3,False,"{'order': {'action': 'buy', 'book_side': 'bid', 'client_order_id': '28c48808-3b46-43bd-97f5-25b3fe1bb183', 'created_time': '2026-06-12T12:46:33.527183Z', 'expiration_time': '2026-06-12T23:59:00Z', 'fill_count_fp': '0.00', 'initial_count_fp': '3.00', 'last_update_time': '2026-06-12T12:46:33.527183Z', 'maker_fees_dollars': '0.000000', 'maker_fill_cost_dollars': '0.000000', 'no_price_dollars': '0.1000', 'order_id': 'ec1df712-97c1-4cf8-91de-0930a8ef3f46', 'outcome_side': 'yes', 'remaining_count_fp': '3.00', 'side': 'yes', 'status': 'resting', 'subaccount_number': 0, 'taker_fees_dollars': '0.000000', 'taker_fill_cost_dollars': '0.000000', 'ticker': 'KXTRUFTSA-26JUN12-T1820000', 'type': 'limit', 'user_id': '6db6972a-11ba-4203-a80d-b435f9c20a3f', 'yes_price_dollars': '0.9000'}}",yes,1.0,0.92,,
passive_limit,0.4,KXTRUFTSA-26JUN12-T1820000,0.8955223880597014,,22,19,3,False,"{'order': {'action': 'buy', 'book_side': 'bid', 'client_order_id': '3a7a06ed-d9e6-419b-b3a4-834e8d5be14d', 'created_time': '2026-06-12T12:46:33.627726Z', 'expiration_time': '2026-06-12T23:59:00Z', 'fill_count_fp': '0.00', 'initial_count_fp': '3.00', 'last_update_time': '2026-06-12T12:46:33.627726Z', 'maker_fees_dollars': '0.000000', 'maker_fill_cost_dollars': '0.000000', 'no_price_dollars': '0.1000', 'order_id': '4fdc19e6-1a24-424f-b70d-842bae635d46', 'outcome_side': 'yes', 'remaining_count_fp': '3.00', 'side': 'yes', 'status': 'resting', 'subaccount_number': 0, 'taker_fees_dollars': '0.000000', 'taker_fill_cost_dollars': '0.000000', 'ticker': 'KXTRUFTSA-26JUN12-T1820000', 'type': 'limit', 'user_id': '6db6972a-11ba-4203-a80d-b435f9c20a3f', 'yes_price_dollars': '0.9000'}}",yes,1.0,0.92,,
passive_limit,0.1,KXTRUFTSA-26JUN12-T1920000,0.9278350515463917,,5,0,5,False,"{'order': {'action': 'buy', 'book_side': 'bid', 'client_order_id': '3a51c7b4-47d1-457f-be74-193587663a15', 'created_time': '2026-06-12T12:46:34.355869Z', 'expiration_time': '2026-06-12T23:59:00Z', 'fill_count_fp': '0.00', 'initial_count_fp': '5.00', 'last_update_time': '2026-06-12T12:46:34.355869Z', 'maker_fees_dollars': '0.000000', 'maker_fill_cost_dollars': '0.000000', 'no_price_dollars': '0.0700', 'order_id': '8cb97f38-8959-40e6-877a-2615138e344d', 'outcome_side': 'yes', 'remaining_count_fp': '5.00', 'side': 'yes', 'status': 'resting', 'subaccount_number': 0, 'taker_fees_dollars': '0.000000', 'taker_fill_cost_dollars': '0.000000', 'ticker': 'KXTRUFTSA-26JUN12-T1920000', 'type': 'limit', 'user_id': '6db6972a-11ba-4203-a80d-b435f9c20a3f', 'yes_price_dollars': '0.9300'}}",yes,1.0,0.94,,
passive_limit,0.15,KXTRUFTSA-26JUN12-T1920000,0.9239130434782608,,8,5,3,False,"{'order': {'action': 'buy', 'book_side': 'bid', 'client_order_id': '418059c2-928a-4894-a9ea-5d9676e94c2f', 'created_time': '2026-06-12T12:46:34.445945Z', 'expiration_time': '2026-06-12T23:59:00Z', 'fill_count_fp': '0.00', 'initial_count_fp': '3.00', 'last_update_time': '2026-06-12T12:46:34.445945Z', 'maker_fees_dollars': '0.000000', 'maker_fill_cost_dollars': '0.000000', 'no_price_dollars': '0.0800', 'order_id': '04fb3d75-e751-4153-99a2-1c1b1012ff6c', 'outcome_side': 'yes', 'remaining_count_fp': '3.00', 'side': 'yes', 'status': 'resting', 'subaccount_number': 0, 'taker_fees_dollars': '0.000000', 'taker_fill_cost_dollars': '0.000000', 'ticker': 'KXTRUFTSA-26JUN12-T1920000', 'type': 'limit', 'user_id': '6db6972a-11ba-4203-a80d-b435f9c20a3f', 'yes_price_dollars': '0.9200'}}",yes,1.0,0.94,,
passive_limit,0.2,KXTRUFTSA-26JUN12-T1920000,0.9195402298850575,,10,8,2,False,"{'order': {'action': 'buy', 'book_side': 'bid', 'client_order_id': '9895e48a-d2ef-4843-afd2-55908461e162', 'created_time': '2026-06-12T12:46:34.542092Z', 'expiration_time': '2026-06-12T23:59:00Z', 'fill_count_fp': '0.00', 'initial_count_fp': '2.00', 'last_update_time': '2026-06-12T12:46:34.542092Z', 'maker_fees_dollars': '0.000000', 'maker_fill_cost_dollars': '0.000000', 'no_price_dollars': '0.0800', 'order_id': 'e00ba4b8-5a69-4022-9c18-6264e920846e', 'outcome_side': 'yes', 'remaining_count_fp': '2.00', 'side': 'yes', 'status': 'resting', 'subaccount_number': 0, 'taker_fees_dollars': '0.000000', 'taker_fill_cost_dollars': '0.000000', 'ticker': 'KXTRUFTSA-26JUN12-T1920000', 'type': 'limit', 'user_id': '6db6972a-11ba-4203-a80d-b435f9c20a3f', 'yes_price_dollars': '0.9200'}}",yes,1.0,0.94,,
passive_limit,0.25,KXTRUFTSA-26JUN12-T1920000,0.9146341463414633,,13,10,3,False,"{'order': {'action': 'buy', 'book_side': 'bid', 'client_order_id': '488cc22e-7888-47b8-b037-cfe2e4259996', 'created_time': '2026-06-12T12:46:34.636966Z', 'expiration_time': '2026-06-12T23:59:00Z', 'fill_count_fp': '0.00', 'initial_count_fp': '3.00', 'last_update_time': '2026-06-12T12:46:34.636966Z', 'maker_fees_dollars': '0.000000', 'maker_fill_cost_dollars': '0.000000', 'no_price_dollars': '0.0900', 'order_id': 'ab9a9a18-d07b-4289-a192-84648af34578', 'outcome_side': 'yes', 'remaining_count_fp': '3.00', 'side': 'yes', 'status': 'resting', 'subaccount_number': 0, 'taker_fees_dollars': '0.000000', 'taker_fill_cost_dollars': '0.000000', 'ticker': 'KXTRUFTSA-26JUN12-T1920000', 'type': 'limit', 'user_id': '6db6972a-11ba-4203-a80d-b435f9c20a3f', 'yes_price_dollars': '0.9100'}}",yes,1.0,0.94,,
passive_limit,0.3,KXTRUFTSA-26JUN12-T1920000,0.9090909090909091,,16,13,3,False,"{'order': {'action': 'buy', 'book_side': 'bid', 'client_order_id': 'f742d28d-b01d-436f-91cb-98a09078625b', 'created_time': '2026-06-12T12:46:34.720199Z', 'expiration_time': '2026-06-12T23:59:00Z', 'fill_count_fp': '0.00', 'initial_count_fp': '3.00', 'last_update_time': '2026-06-12T12:46:34.720199Z', 'maker_fees_dollars': '0.000000', 'maker_fill_cost_dollars': '0.000000', 'no_price_dollars': '0.0900', 'order_id': 'd64132f4-8bac-4f43-9b12-f3c77f6f958d', 'outcome_side': 'yes', 'remaining_count_fp': '3.00', 'side': 'yes', 'status': 'resting', 'subaccount_number': 0, 'taker_fees_dollars': '0.000000', 'taker_fill_cost_dollars': '0.000000', 'ticker': 'KXTRUFTSA-26JUN12-T1920000', 'type': 'limit', 'user_id': '6db6972a-11ba-4203-a80d-b435f9c20a3f', 'yes_price_dollars': '0.9100'}}",yes,1.0,0.94,,
passive_limit,0.35,KXTRUFTSA-26JUN12-T1920000,0.9027777777777777,,19,16,3,False,"{'order': {'action': 'buy', 'book_side': 'bid', 'client_order_id': 'f64388c4-08c4-40bb-bf90-c398a88ad687', 'created_time': '2026-06-12T12:46:34.825972Z', 'expiration_time': '2026-06-12T23:59:00Z', 'fill_count_fp': '0.00', 'initial_count_fp': '3.00', 'last_update_time': '2026-06-12T12:46:34.825972Z', 'maker_fees_dollars': '0.000000', 'maker_fill_cost_dollars': '0.000000', 'no_price_dollars': '0.1000', 'order_id': '7f7d7fae-f36e-4428-9278-3a697cf028d1', 'outcome_side': 'yes', 'remaining_count_fp': '3.00', 'side': 'yes', 'status': 'resting', 'subaccount_number': 0, 'taker_fees_dollars': '0.000000', 'taker_fill_cost_dollars': '0.000000', 'ticker': 'KXTRUFTSA-26JUN12-T1920000', 'type': 'limit', 'user_id': '6db6972a-11ba-4203-a80d-b435f9c20a3f', 'yes_price_dollars': '0.9000'}}",yes,1.0,0.94,,
passive_limit,0.4,KXTRUFTSA-26JUN12-T1920000,0.8955223880597014,,22,19,3,False,"{'order': {'action': 'buy', 'book_side': 'bid', 'client_order_id': 'eeaf489a-b65e-427a-b71f-29c281363616', 'created_time': '2026-06-12T12:46:34.910753Z', 'expiration_time': '2026-06-12T23:59:00Z', 'fill_count_fp': '0.00', 'initial_count_fp': '3.00', 'last_update_time': '2026-06-12T12:46:34.910753Z', 'maker_fees_dollars': '0.000000', 'maker_fill_cost_dollars': '0.000000', 'no_price_dollars': '0.1000', 'order_id': 'd90ed504-5e8d-48d7-ac77-fd8ee64877c4', 'outcome_side': 'yes', 'remaining_count_fp': '3.00', 'side': 'yes', 'status': 'resting', 'subaccount_number': 0, 'taker_fees_dollars': '0.000000', 'taker_fill_cost_dollars': '0.000000', 'ticker': 'KXTRUFTSA-26JUN12-T1920000', 'type': 'limit', 'user_id': '6db6972a-11ba-4203-a80d-b435f9c20a3f', 'yes_price_dollars': '0.9000'}}",yes,1.0,0.94,,
passive_limit,0.1,KXTRUFTSA-26JUN12-T2020000,0.9278350515463917,,5,0,5,False,"{'order': {'action': 'buy', 'book_side': 'bid', 'client_order_id': '2de37392-6b12-476e-ae19-e6ff0bba314f', 'created_time': '2026-06-12T12:46:35.66751Z', 'expiration_time': '2026-06-12T23:59:00Z', 'fill_count_fp': '0.00', 'initial_count_fp': '5.00', 'last_update_time': '2026-06-12T12:46:35.66751Z', 'maker_fees_dollars': '0.000000', 'maker_fill_cost_dollars': '0.000000', 'no_price_dollars': '0.0700', 'order_id': '39c28539-b77b-42bb-b008-6c37be5bf06d', 'outcome_side': 'yes', 'remaining_count_fp': '5.00', 'side': 'yes', 'status': 'resting', 'subaccount_number': 0, 'taker_fees_dollars': '0.000000', 'taker_fill_cost_dollars': '0.000000', 'ticker': 'KXTRUFTSA-26JUN12-T2020000', 'type': 'limit', 'user_id': '6db6972a-11ba-4203-a80d-b435f9c20a3f', 'yes_price_dollars': '0.9300'}}",yes,1.0,0.91,,
passive_limit,0.15,KXTRUFTSA-26JUN12-T2020000,0.9239130434782608,,8,5,3,False,"{'order': {'action': 'buy', 'book_side': 'bid', 'client_order_id': '63837a64-6829-4fe3-9ccc-8ffb61be88ca', 'created_time': '2026-06-12T12:46:35.75304Z', 'expiration_time': '2026-06-12T23:59:00Z', 'fill_count_fp': '0.00', 'initial_count_fp': '3.00', 'last_update_time': '2026-06-12T12:46:35.75304Z', 'maker_fees_dollars': '0.000000', 'maker_fill_cost_dollars': '0.000000', 'no_price_dollars': '0.0800', 'order_id': 'b41c541c-2b69-438c-9279-c26e67fb816c', 'outcome_side': 'yes', 'remaining_count_fp': '3.00', 'side': 'yes', 'status': 'resting', 'subaccount_number': 0, 'taker_fees_dollars': '0.000000', 'taker_fill_cost_dollars': '0.000000', 'ticker': 'KXTRUFTSA-26JUN12-T2020000', 'type': 'limit', 'user_id': '6db6972a-11ba-4203-a80d-b435f9c20a3f', 'yes_price_dollars': '0.9200'}}",yes,1.0,0.91,,
passive_limit,0.2,KXTRUFTSA-26JUN12-T2020000,0.9195402298850575,,10,8,2,False,"{'order': {'action': 'buy', 'book_side': 'bid', 'client_order_id': 'ba7b9c7f-08ed-4c78-98f2-06183053988a', 'created_time': '2026-06-12T12:46:35.835172Z', 'expiration_time': '2026-06-12T23:59:00Z', 'fill_count_fp': '0.00', 'initial_count_fp': '2.00', 'last_update_time': '2026-06-12T12:46:35.835172Z', 'maker_fees_dollars': '0.000000', 'maker_fill_cost_dollars': '0.000000', 'no_price_dollars': '0.0800', 'order_id': '89424899-c926-496a-9b1f-9cf8fc789f3d', 'outcome_side': 'yes', 'remaining_count_fp': '2.00', 'side': 'yes', 'status': 'resting', 'subaccount_number': 0, 'taker_fees_dollars': '0.000000', 'taker_fill_cost_dollars': '0.000000', 'ticker': 'KXTRUFTSA-26JUN12-T2020000', 'type': 'limit', 'user_id': '6db6972a-11ba-4203-a80d-b435f9c20a3f', 'yes_price_dollars': '0.9200'}}",yes,1.0,0.91,,
passive_limit,0.25,KXTRUFTSA-26JUN12-T2020000,0.9146341463414633,,13,10,3,False,"{'order': {'action': 'buy', 'book_side': 'bid', 'client_order_id': '5b9aa73e-fe4c-43e2-8d80-eb2bdc1a905d', 'created_time': '2026-06-12T12:46:35.916725Z', 'expiration_time': '2026-06-12T23:59:00Z', 'fill_count_fp': '0.00', 'initial_count_fp': '3.00', 'last_update_time': '2026-06-12T12:46:35.916725Z', 'maker_fees_dollars': '0.000000', 'maker_fill_cost_dollars': '0.000000', 'no_price_dollars': '0.0900', 'order_id': '3c944e88-a115-44ba-9d26-381deb6c5595', 'outcome_side': 'yes', 'remaining_count_fp': '3.00', 'side': 'yes', 'status': 'resting', 'subaccount_number': 0, 'taker_fees_dollars': '0.000000', 'taker_fill_cost_dollars': '0.000000', 'ticker': 'KXTRUFTSA-26JUN12-T2020000', 'type': 'limit', 'user_id': '6db6972a-11ba-4203-a80d-b435f9c20a3f', 'yes_price_dollars': '0.9100'}}",yes,1.0,0.91,,
passive_limit,0.3,KXTRUFTSA-26JUN12-T2020000,0.9090909090909091,,16,13,3,False,"{'order': {'action': 'buy', 'book_side': 'bid', 'client_order_id': 'ace6ba81-92c2-4509-baf0-b14863a8af94', 'created_time': '2026-06-12T12:46:35.992977Z', 'expiration_time': '2026-06-12T23:59:00Z', 'fill_count_fp': '0.00', 'initial_count_fp': '3.00', 'last_update_time': '2026-06-12T12:46:35.992977Z', 'maker_fees_dollars': '0.000000', 'maker_fill_cost_dollars': '0.000000', 'no_price_dollars': '0.0900', 'order_id': '5a171609-d5d7-4d27-ab94-7817a543404d', 'outcome_side': 'yes', 'remaining_count_fp': '3.00', 'side': 'yes', 'status': 'resting', 'subaccount_number': 0, 'taker_fees_dollars': '0.000000', 'taker_fill_cost_dollars': '0.000000', 'ticker': 'KXTRUFTSA-26JUN12-T2020000', 'type': 'limit', 'user_id': '6db6972a-11ba-4203-a80d-b435f9c20a3f', 'yes_price_dollars': '0.9100'}}",yes,1.0,0.91,,
passive_limit,0.35,KXTRUFTSA-26JUN12-T2020000,0.9027777777777777,,19,16,3,False,"{'order': {'action': 'buy', 'book_side': 'bid', 'client_order_id': '567256d8-fedb-41b4-ba36-0aaa358f018c', 'created_time': '2026-06-12T12:46:36.07515Z', 'expiration_time': '2026-06-12T23:59:00Z', 'fill_count_fp': '0.00', 'initial_count_fp': '3.00', 'last_update_time': '2026-06-12T12:46:36.07515Z', 'maker_fees_dollars': '0.000000', 'maker_fill_cost_dollars': '0.000000', 'no_price_dollars': '0.1000', 'order_id': '56cf277d-b8f8-411d-bc92-d392b9d7a743', 'outcome_side': 'yes', 'remaining_count_fp': '3.00', 'side': 'yes', 'status': 'resting', 'subaccount_number': 0, 'taker_fees_dollars': '0.000000', 'taker_fill_cost_dollars': '0.000000', 'ticker': 'KXTRUFTSA-26JUN12-T2020000', 'type': 'limit', 'user_id': '6db6972a-11ba-4203-a80d-b435f9c20a3f', 'yes_price_dollars': '0.9000'}}",yes,1.0,0.91,,
passive_limit,0.4,KXTRUFTSA-26JUN12-T2020000,0.8955223880597014,,22,19,3,False,"{'order': {'action': 'buy', 'book_side': 'bid', 'client_order_id': '4c111d04-c7ca-4119-bb5c-edc883366b4c', 'created_time': '2026-06-12T12:46:38.268914Z', 'expiration_time': '2026-06-12T23:59:00Z', 'fill_count_fp': '0.00', 'initial_count_fp': '3.00', 'last_update_time': '2026-06-12T12:46:38.268914Z', 'maker_fees_dollars': '0.000000', 'maker_fill_cost_dollars': '0.000000', 'no_price_dollars': '0.1000', 'order_id': '526295dd-f557-4e79-b5f9-22488ddd8d58', 'outcome_side': 'yes', 'remaining_count_fp': '3.00', 'side': 'yes', 'status': 'resting', 'subaccount_number': 0, 'taker_fees_dollars': '0.000000', 'taker_fill_cost_dollars': '0.000000', 'ticker': 'KXTRUFTSA-26JUN12-T2020000', 'type': 'limit', 'user_id': '6db6972a-11ba-4203-a80d-b435f9c20a3f', 'yes_price_dollars': '0.9000'}}",yes,1.0,0.91,,
passive_limit,0.1,KXTRUFTSA-26JUN12-T2120000,0.9278350515463917,,5,0,5,False,"{'order': {'action': 'buy', 'book_side': 'bid', 'client_order_id': '39e98a8a-41f1-48f9-9262-161e9993aa55', 'created_time': '2026-06-12T12:46:39.000913Z', 'expiration_time': '2026-06-12T23:59:00Z', 'fill_count_fp': '0.00', 'initial_count_fp': '5.00', 'last_update_time': '2026-06-12T12:46:39.000913Z', 'maker_fees_dollars': '0.000000', 'maker_fill_cost_dollars': '0.000000', 'no_price_dollars': '0.0700', 'order_id': 'f83ab88b-b470-4b4c-919d-ed7be81e32a2', 'outcome_side': 'yes', 'remaining_count_fp': '5.00', 'side': 'yes', 'status': 'resting', 'subaccount_number': 0, 'taker_fees_dollars': '0.000000', 'taker_fill_cost_dollars': '0.000000', 'ticker': 'KXTRUFTSA-26JUN12-T2120000', 'type': 'limit', 'user_id': '6db6972a-11ba-4203-a80d-b435f9c20a3f', 'yes_price_dollars': '0.9300'}}",yes,1.0,0.9,,
passive_limit,0.15,KXTRUFTSA-26JUN12-T2120000,0.9239130434782608,,8,5,3,False,"{'order': {'action': 'buy', 'book_side': 'bid', 'client_order_id': '78306217-3826-4779-bae5-fd534dae4bcc', 'created_time': '2026-06-12T12:46:39.102254Z', 'expiration_time': '2026-06-12T23:59:00Z', 'fill_count_fp': '0.00', 'initial_count_fp': '3.00', 'last_update_time': '2026-06-12T12:46:39.102254Z', 'maker_fees_dollars': '0.000000', 'maker_fill_cost_dollars': '0.000000', 'no_price_dollars': '0.0800', 'order_id': '5c32ace9-86d9-4d79-b909-0596ff69d09c', 'outcome_side': 'yes', 'remaining_count_fp': '3.00', 'side': 'yes', 'status': 'resting', 'subaccount_number': 0, 'taker_fees_dollars': '0.000000', 'taker_fill_cost_dollars': '0.000000', 'ticker': 'KXTRUFTSA-26JUN12-T2120000', 'type': 'limit', 'user_id': '6db6972a-11ba-4203-a80d-b435f9c20a3f', 'yes_price_dollars': '0.9200'}}",yes,1.0,0.9,,
passive_limit,0.2,KXTRUFTSA-26JUN12-T2120000,0.9195402298850575,,10,8,2,False,"{'order': {'action': 'buy', 'book_side': 'bid', 'client_order_id': '06ff5c45-a641-425c-a601-37c228180185', 'created_time': '2026-06-12T12:46:39.234309Z', 'expiration_time': '2026-06-12T23:59:00Z', 'fill_count_fp': '0.00', 'initial_count_fp': '2.00', 'last_update_time': '2026-06-12T12:46:39.234309Z', 'maker_fees_dollars': '0.000000', 'maker_fill_cost_dollars': '0.000000', 'no_price_dollars': '0.0800', 'order_id': '1417f3d3-8cc6-455b-8f2e-0e8cba0868f8', 'outcome_side': 'yes', 'remaining_count_fp': '2.00', 'side': 'yes', 'status': 'resting', 'subaccount_number': 0, 'taker_fees_dollars': '0.000000', 'taker_fill_cost_dollars': '0.000000', 'ticker': 'KXTRUFTSA-26JUN12-T2120000', 'type': 'limit', 'user_id': '6db6972a-11ba-4203-a80d-b435f9c20a3f', 'yes_price_dollars': '0.9200'}}",yes,1.0,0.9,,
passive_limit,0.25,KXTRUFTSA-26JUN12-T2120000,0.9146341463414633,,13,10,3,False,"{'order': {'action': 'buy', 'book_side': 'bid', 'client_order_id': 'baa83f98-1c91-4111-9011-1030f5ef9702', 'created_time': '2026-06-12T12:46:39.329589Z', 'expiration_time': '2026-06-12T23:59:00Z', 'fill_count_fp': '0.00', 'initial_count_fp': '3.00', 'last_update_time': '2026-06-12T12:46:39.329589Z', 'maker_fees_dollars': '0.000000', 'maker_fill_cost_dollars': '0.000000', 'no_price_dollars': '0.0900', 'order_id': '66edb9e1-fd50-4fe9-9c72-11bcc3f66fbf', 'outcome_side': 'yes', 'remaining_count_fp': '3.00', 'side': 'yes', 'status': 'resting', 'subaccount_number': 0, 'taker_fees_dollars': '0.000000', 'taker_fill_cost_dollars': '0.000000', 'ticker': 'KXTRUFTSA-26JUN12-T2120000', 'type': 'limit', 'user_id': '6db6972a-11ba-4203-a80d-b435f9c20a3f', 'yes_price_dollars': '0.9100'}}",yes,1.0,0.9,,
passive_limit,0.3,KXTRUFTSA-26JUN12-T2120000,0.9090909090909091,,16,13,3,False,"{'order': {'action': 'buy', 'book_side': 'bid', 'client_order_id': '6d42e14f-1f3c-46fc-bf16-7ee4729907ca', 'created_time': '2026-06-12T12:46:39.413889Z', 'expiration_time': '2026-06-12T23:59:00Z', 'fill_count_fp': '0.00', 'initial_count_fp': '3.00', 'last_update_time': '2026-06-12T12:46:39.413889Z', 'maker_fees_dollars': '0.000000', 'maker_fill_cost_dollars': '0.000000', 'no_price_dollars': '0.0900', 'order_id': '2a2ea638-444a-46e3-a17a-4ce27721de48', 'outcome_side': 'yes', 'remaining_count_fp': '3.00', 'side': 'yes', 'status': 'resting', 'subaccount_number': 0, 'taker_fees_dollars': '0.000000', 'taker_fill_cost_dollars': '0.000000', 'ticker': 'KXTRUFTSA-26JUN12-T2120000', 'type': 'limit', 'user_id': '6db6972a-11ba-4203-a80d-b435f9c20a3f', 'yes_price_dollars': '0.9100'}}",yes,1.0,0.9,,
passive_limit,0.35,KXTRUFTSA-26JUN12-T2120000,0.9027777777777777,,19,16,3,False,"{'order': {'action': 'buy', 'book_side': 'bid', 'client_order_id': '3c4798c9-cbd5-433e-af03-445a038e8555', 'created_time': '2026-06-12T12:46:39.505218Z', 'expiration_time': '2026-06-12T23:59:00Z', 'fill_count_fp': '0.00', 'initial_count_fp': '3.00', 'last_update_time': '2026-06-12T12:46:39.505218Z', 'maker_fees_dollars': '0.000000', 'maker_fill_cost_dollars': '0.000000', 'no_price_dollars': '0.1000', 'order_id': '5ed91535-2ad7-4dbe-8d49-b93667397118', 'outcome_side': 'yes', 'remaining_count_fp': '3.00', 'side': 'yes', 'status': 'resting', 'subaccount_number': 0, 'taker_fees_dollars': '0.000000', 'taker_fill_cost_dollars': '0.000000', 'ticker': 'KXTRUFTSA-26JUN12-T2120000', 'type': 'limit', 'user_id': '6db6972a-11ba-4203-a80d-b435f9c20a3f', 'yes_price_dollars': '0.9000'}}",yes,1.0,0.9,,
passive_limit,0.4,KXTRUFTSA-26JUN12-T2120000,0.8955223880597014,,22,19,3,False,"{'order': {'action': 'buy', 'book_side': 'bid', 'client_order_id': '0971cb38-f39b-49fb-b5fa-eeddd02736cf', 'created_time': '2026-06-12T12:46:39.58856Z', 'expiration_time': '2026-06-12T23:59:00Z', 'fill_count_fp': '0.00', 'initial_count_fp': '3.00', 'last_update_time': '2026-06-12T12:46:39.58856Z', 'maker_fees_dollars': '0.000000', 'maker_fill_cost_dollars': '0.000000', 'no_price_dollars': '0.1000', 'order_id': '24f1ccea-34e7-4e94-9e9e-ca5d0469cd07', 'outcome_side': 'yes', 'remaining_count_fp': '3.00', 'side': 'yes', 'status': 'resting', 'subaccount_number': 0, 'taker_fees_dollars': '0.000000', 'taker_fill_cost_dollars': '0.000000', 'ticker': 'KXTRUFTSA-26JUN12-T2120000', 'type': 'limit', 'user_id': '6db6972a-11ba-4203-a80d-b435f9c20a3f', 'yes_price_dollars': '0.9000'}}",yes,1.0,0.9,,
passive_limit,0.1,KXTRUFTSA-26JUN12-T2220000,0.9278350515463917,,5,0,5,False,"{'order': {'action': 'buy', 'book_side': 'bid', 'client_order_id': '3503dbdf-2742-40c2-b68b-f03486428b99', 'created_time': '2026-06-12T12:46:40.275165Z', 'expiration_time': '2026-06-12T23:59:00Z', 'fill_count_fp': '0.00', 'initial_count_fp': '5.00', 'last_update_time': '2026-06-12T12:46:40.275165Z', 'maker_fees_dollars': '0.000000', 'maker_fill_cost_dollars': '0.000000', 'no_price_dollars': '0.0700', 'order_id': '43102c89-67ac-4b64-8157-465668c00dcb', 'outcome_side': 'yes', 'remaining_count_fp': '5.00', 'side': 'yes', 'status': 'resting', 'subaccount_number': 0, 'taker_fees_dollars': '0.000000', 'taker_fill_cost_dollars': '0.000000', 'ticker': 'KXTRUFTSA-26JUN12-T2220000', 'type': 'limit', 'user_id': '6db6972a-11ba-4203-a80d-b435f9c20a3f', 'yes_price_dollars': '0.9300'}}",yes,1.0,0.93,,
passive_limit,0.15,KXTRUFTSA-26JUN12-T2220000,0.9239130434782608,,8,5,3,False,"{'order': {'action': 'buy', 'book_side': 'bid', 'client_order_id': '69ec7071-7887-4bcb-a867-b31221a1be0f', 'created_time': '2026-06-12T12:46:40.365363Z', 'expiration_time': '2026-06-12T23:59:00Z', 'fill_count_fp': '0.00', 'initial_count_fp': '3.00', 'last_update_time': '2026-06-12T12:46:40.365363Z', 'maker_fees_dollars': '0.000000', 'maker_fill_cost_dollars': '0.000000', 'no_price_dollars': '0.0800', 'order_id': '0157e698-5df3-453c-be94-5aecba5ced32', 'outcome_side': 'yes', 'remaining_count_fp': '3.00', 'side': 'yes', 'status': 'resting', 'subaccount_number': 0, 'taker_fees_dollars': '0.000000', 'taker_fill_cost_dollars': '0.000000', 'ticker': 'KXTRUFTSA-26JUN12-T2220000', 'type': 'limit', 'user_id': '6db6972a-11ba-4203-a80d-b435f9c20a3f', 'yes_price_dollars': '0.9200'}}",yes,1.0,0.93,,
passive_limit,0.2,KXTRUFTSA-26JUN12-T2220000,0.9195402298850575,,10,8,2,False,"{'order': {'action': 'buy', 'book_side': 'bid', 'client_order_id': '764e9428-1fe3-4a9b-bd7c-3f4d7c0de419', 'created_time': '2026-06-12T12:46:40.448376Z', 'expiration_time': '2026-06-12T23:59:00Z', 'fill_count_fp': '0.00', 'initial_count_fp': '2.00', 'last_update_time': '2026-06-12T12:46:40.448376Z', 'maker_fees_dollars': '0.000000', 'maker_fill_cost_dollars': '0.000000', 'no_price_dollars': '0.0800', 'order_id': '8f6b654a-08c9-406e-99b2-e0bfe4080e94', 'outcome_side': 'yes', 'remaining_count_fp': '2.00', 'side': 'yes', 'status': 'resting', 'subaccount_number': 0, 'taker_fees_dollars': '0.000000', 'taker_fill_cost_dollars': '0.000000', 'ticker': 'KXTRUFTSA-26JUN12-T2220000', 'type': 'limit', 'user_id': '6db6972a-11ba-4203-a80d-b435f9c20a3f', 'yes_price_dollars': '0.9200'}}",yes,1.0,0.93,,
passive_limit,0.25,KXTRUFTSA-26JUN12-T2220000,0.9146341463414633,,13,10,3,False,"{'order': {'action': 'buy', 'book_side': 'bid', 'client_order_id': '21d78c57-6003-460e-be0a-8dec4062a399', 'created_time': '2026-06-12T12:46:40.555999Z', 'expiration_time': '2026-06-12T23:59:00Z', 'fill_count_fp': '0.00', 'initial_count_fp': '3.00', 'last_update_time': '2026-06-12T12:46:40.555999Z', 'maker_fees_dollars': '0.000000', 'maker_fill_cost_dollars': '0.000000', 'no_price_dollars': '0.0900', 'order_id': 'cf48e986-3d48-4c37-a18f-9f9712fb4f10', 'outcome_side': 'yes', 'remaining_count_fp': '3.00', 'side': 'yes', 'status': 'resting', 'subaccount_number': 0, 'taker_fees_dollars': '0.000000', 'taker_fill_cost_dollars': '0.000000', 'ticker': 'KXTRUFTSA-26JUN12-T2220000', 'type': 'limit', 'user_id': '6db6972a-11ba-4203-a80d-b435f9c20a3f', 'yes_price_dollars': '0.9100'}}",yes,1.0,0.93,,
passive_limit,0.3,KXTRUFTSA-26JUN12-T2220000,0.9090909090909091,,16,13,3,False,"{'order': {'action': 'buy', 'book_side': 'bid', 'client_order_id': 'e211e6d7-03dc-4583-8bc6-bbceb1fe7ff1', 'created_time': '2026-06-12T12:46:40.641601Z', 'expiration_time': '2026-06-12T23:59:00Z', 'fill_count_fp': '0.00', 'initial_count_fp': '3.00', 'last_update_time': '2026-06-12T12:46:40.641601Z', 'maker_fees_dollars': '0.000000', 'maker_fill_cost_dollars': '0.000000', 'no_price_dollars': '0.0900', 'order_id': '34189f23-7b82-425c-b9cf-6eea641133cc', 'outcome_side': 'yes', 'remaining_count_fp': '3.00', 'side': 'yes', 'status': 'resting', 'subaccount_number': 0, 'taker_fees_dollars': '0.000000', 'taker_fill_cost_dollars': '0.000000', 'ticker': 'KXTRUFTSA-26JUN12-T2220000', 'type': 'limit', 'user_id': '6db6972a-11ba-4203-a80d-b435f9c20a3f', 'yes_price_dollars': '0.9100'}}",yes,1.0,0.93,,
passive_limit,0.35,KXTRUFTSA-26JUN12-T2220000,0.9027777777777777,,19,16,3,False,"{'order': {'action': 'buy', 'book_side': 'bid', 'client_order_id': 'fbdb212c-42dd-48e0-9493-4f6f8c42c6af', 'created_time': '2026-06-12T12:46:40.722132Z', 'expiration_time': '2026-06-12T23:59:00Z', 'fill_count_fp': '0.00', 'initial_count_fp': '3.00', 'last_update_time': '2026-06-12T12:46:40.722132Z', 'maker_fees_dollars': '0.000000', 'maker_fill_cost_dollars': '0.000000', 'no_price_dollars': '0.1000', 'order_id': 'd5a1be2e-dd48-4e6b-a588-7444dbf3ef06', 'outcome_side': 'yes', 'remaining_count_fp': '3.00', 'side': 'yes', 'status': 'resting', 'subaccount_number': 0, 'taker_fees_dollars': '0.000000', 'taker_fill_cost_dollars': '0.000000', 'ticker': 'KXTRUFTSA-26JUN12-T2220000', 'type': 'limit', 'user_id': '6db6972a-11ba-4203-a80d-b435f9c20a3f', 'yes_price_dollars': '0.9000'}}",yes,1.0,0.93,,
passive_limit,0.4,KXTRUFTSA-26JUN12-T2220000,0.8955223880597014,,22,19,3,False,"{'order': {'action': 'buy', 'book_side': 'bid', 'client_order_id': '31d8f3ef-cc4f-43a3-87ec-8fbe037186e2', 'created_time': '2026-06-12T12:46:40.830428Z', 'expiration_time': '2026-06-12T23:59:00Z', 'fill_count_fp': '0.00', 'initial_count_fp': '3.00', 'last_update_time': '2026-06-12T12:46:40.830428Z', 'maker_fees_dollars': '0.000000', 'maker_fill_cost_dollars': '0.000000', 'no_price_dollars': '0.1000', 'order_id': '33f84fbd-d81b-408c-b0b4-e4667656ec40', 'outcome_side': 'yes', 'remaining_count_fp': '3.00', 'side': 'yes', 'status': 'resting', 'subaccount_number': 0, 'taker_fees_dollars': '0.000000', 'taker_fill_cost_dollars': '0.000000', 'ticker': 'KXTRUFTSA-26JUN12-T2220000', 'type': 'limit', 'user_id': '6db6972a-11ba-4203-a80d-b435f9c20a3f', 'yes_price_dollars': '0.9000'}}",yes,1.0,0.93,,
passive_limit,0.1,KXTRUFTSA-26JUN12-T2320000,0.9278350515463917,,5,0,5,False,"{'order': {'action': 'buy', 'book_side': 'bid', 'client_order_id': '93a878a5-33e7-4ae9-b798-7eaa336e2478', 'created_time': '2026-06-12T12:46:41.562949Z', 'expiration_time': '2026-06-12T23:59:00Z', 'fill_count_fp': '0.00', 'initial_count_fp': '5.00', 'last_update_time': '2026-06-12T12:46:41.562949Z', 'maker_fees_dollars': '0.000000', 'maker_fill_cost_dollars': '0.000000', 'no_price_dollars': '0.0700', 'order_id': '2a36f291-8e88-4d84-854d-aae048726086', 'outcome_side': 'yes', 'remaining_count_fp': '5.00', 'side': 'yes', 'status': 'resting', 'subaccount_number': 0, 'taker_fees_dollars': '0.000000', 'taker_fill_cost_dollars': '0.000000', 'ticker': 'KXTRUFTSA-26JUN12-T2320000', 'type': 'limit', 'user_id': '6db6972a-11ba-4203-a80d-b435f9c20a3f', 'yes_price_dollars': '0.9300'}}",yes,1.0,0.91,,
passive_limit,0.15,KXTRUFTSA-26JUN12-T2320000,0.9239130434782608,,8,5,3,False,"{'order': {'action': 'buy', 'book_side': 'bid', 'client_order_id': '9d54e003-c7f1-4318-9c2f-b5ed2b031263', 'created_time': '2026-06-12T12:46:41.674382Z', 'expiration_time': '2026-06-12T23:59:00Z', 'fill_count_fp': '0.00', 'initial_count_fp': '3.00', 'last_update_time': '2026-06-12T12:46:41.674382Z', 'maker_fees_dollars': '0.000000', 'maker_fill_cost_dollars': '0.000000', 'no_price_dollars': '0.0800', 'order_id': '6f32ab63-db53-454c-bdb2-c056345b0a3f', 'outcome_side': 'yes', 'remaining_count_fp': '3.00', 'side': 'yes', 'status': 'resting', 'subaccount_number': 0, 'taker_fees_dollars': '0.000000', 'taker_fill_cost_dollars': '0.000000', 'ticker': 'KXTRUFTSA-26JUN12-T2320000', 'type': 'limit', 'user_id': '6db6972a-11ba-4203-a80d-b435f9c20a3f', 'yes_price_dollars': '0.9200'}}",yes,1.0,0.91,,
passive_limit,0.2,KXTRUFTSA-26JUN12-T2320000,0.9195402298850575,,10,8,2,False,"{'order': {'action': 'buy', 'book_side': 'bid', 'client_order_id': '87de40fd-9675-48f8-91cd-8e2082f43841', 'created_time': '2026-06-12T12:46:41.825623Z', 'expiration_time': '2026-06-12T23:59:00Z', 'fill_count_fp': '0.00', 'initial_count_fp': '2.00', 'last_update_time': '2026-06-12T12:46:41.825623Z', 'maker_fees_dollars': '0.000000', 'maker_fill_cost_dollars': '0.000000', 'no_price_dollars': '0.0800', 'order_id': '342b6b80-186d-452b-8098-74ada4548e06', 'outcome_side': 'yes', 'remaining_count_fp': '2.00', 'side': 'yes', 'status': 'resting', 'subaccount_number': 0, 'taker_fees_dollars': '0.000000', 'taker_fill_cost_dollars': '0.000000', 'ticker': 'KXTRUFTSA-26JUN12-T2320000', 'type': 'limit', 'user_id': '6db6972a-11ba-4203-a80d-b435f9c20a3f', 'yes_price_dollars': '0.9200'}}",yes,1.0,0.91,,
passive_limit,0.25,KXTRUFTSA-26JUN12-T2320000,0.9146341463414633,,13,10,3,False,"{'order': {'action': 'buy', 'book_side': 'bid', 'client_order_id': 'c02080bd-7200-4f5e-a86c-8e691bec0c30', 'created_time': '2026-06-12T12:46:41.968229Z', 'expiration_time': '2026-06-12T23:59:00Z', 'fill_count_fp': '0.00', 'initial_count_fp': '3.00', 'last_update_time': '2026-06-12T12:46:41.968229Z', 'maker_fees_dollars': '0.000000', 'maker_fill_cost_dollars': '0.000000', 'no_price_dollars': '0.0900', 'order_id': '39271953-065b-4602-be24-f5e69231c78e', 'outcome_side': 'yes', 'remaining_count_fp': '3.00', 'side': 'yes', 'status': 'resting', 'subaccount_number': 0, 'taker_fees_dollars': '0.000000', 'taker_fill_cost_dollars': '0.000000', 'ticker': 'KXTRUFTSA-26JUN12-T2320000', 'type': 'limit', 'user_id': '6db6972a-11ba-4203-a80d-b435f9c20a3f', 'yes_price_dollars': '0.9100'}}",yes,1.0,0.91,,
passive_limit,0.3,KXTRUFTSA-26JUN12-T2320000,0.9090909090909091,,16,13,3,False,"{'order': {'action': 'buy', 'book_side': 'bid', 'client_order_id': '0037b2dc-c852-47ac-bcab-17e0abde681c', 'created_time': '2026-06-12T12:46:42.077792Z', 'expiration_time': '2026-06-12T23:59:00Z', 'fill_count_fp': '0.00', 'initial_count_fp': '3.00', 'last_update_time': '2026-06-12T12:46:42.077792Z', 'maker_fees_dollars': '0.000000', 'maker_fill_cost_dollars': '0.000000', 'no_price_dollars': '0.0900', 'order_id': '4dd3040b-51c5-4adb-93b1-ad76ff709f7c', 'outcome_side': 'yes', 'remaining_count_fp': '3.00', 'side': 'yes', 'status': 'resting', 'subaccount_number': 0, 'taker_fees_dollars': '0.000000', 'taker_fill_cost_dollars': '0.000000', 'ticker': 'KXTRUFTSA-26JUN12-T2320000', 'type': 'limit', 'user_id': '6db6972a-11ba-4203-a80d-b435f9c20a3f', 'yes_price_dollars': '0.9100'}}",yes,1.0,0.91,,
passive_limit,0.35,KXTRUFTSA-26JUN12-T2320000,0.9027777777777777,,19,16,3,False,"{'order': {'action': 'buy', 'book_side': 'bid', 'client_order_id': 'f98c4c6f-0772-49a6-bba7-9e24ff02df52', 'created_time': '2026-06-12T12:46:42.165631Z', 'expiration_time': '2026-06-12T23:59:00Z', 'fill_count_fp': '0.00', 'initial_count_fp': '3.00', 'last_update_time': '2026-06-12T12:46:42.165631Z', 'maker_fees_dollars': '0.000000', 'maker_fill_cost_dollars': '0.000000', 'no_price_dollars': '0.1000', 'order_id': 'b083cbb5-b922-49d9-a930-4566a861ad82', 'outcome_side': 'yes', 'remaining_count_fp': '3.00', 'side': 'yes', 'status': 'resting', 'subaccount_number': 0, 'taker_fees_dollars': '0.000000', 'taker_fill_cost_dollars': '0.000000', 'ticker': 'KXTRUFTSA-26JUN12-T2320000', 'type': 'limit', 'user_id': '6db6972a-11ba-4203-a80d-b435f9c20a3f', 'yes_price_dollars': '0.9000'}}",yes,1.0,0.91,,
passive_limit,0.4,KXTRUFTSA-26JUN12-T2320000,0.8955223880597014,,22,19,3,False,"{'order': {'action': 'buy', 'book_side': 'bid', 'client_order_id': '3adc5043-5b8e-4b0a-81f7-4fb9eb2b5d88', 'created_time': '2026-06-12T12:46:42.253828Z', 'expiration_time': '2026-06-12T23:59:00Z', 'fill_count_fp': '0.00', 'initial_count_fp': '3.00', 'last_update_time': '2026-06-12T12:46:42.253828Z', 'maker_fees_dollars': '0.000000', 'maker_fill_cost_dollars': '0.000000', 'no_price_dollars': '0.1000', 'order_id': 'f5df4c80-2308-4319-9aa8-f27efd9cc4a6', 'outcome_side': 'yes', 'remaining_count_fp': '3.00', 'side': 'yes', 'status': 'resting', 'subaccount_number': 0, 'taker_fees_dollars': '0.000000', 'taker_fill_cost_dollars': '0.000000', 'ticker': 'KXTRUFTSA-26JUN12-T2320000', 'type': 'limit', 'user_id': '6db6972a-11ba-4203-a80d-b435f9c20a3f', 'yes_price_dollars': '0.9000'}}",yes,1.0,0.91,,
passive_limit,0.1,KXTRUFTSA-26JUN12-T2420000,0.9278350515463917,,5,0,5,False,"{'order': {'action': 'buy', 'book_side': 'bid', 'client_order_id': '480adc96-e9d6-4bf5-be31-a3566ed2f5e9', 'created_time': '2026-06-12T12:46:42.973969Z', 'expiration_time': '2026-06-12T23:59:00Z', 'fill_count_fp': '0.00', 'initial_count_fp': '5.00', 'last_update_time': '2026-06-12T12:46:42.973969Z', 'maker_fees_dollars': '0.000000', 'maker_fill_cost_dollars': '0.000000', 'no_price_dollars': '0.0700', 'order_id': '71d8eb82-1520-45bd-9751-3e977efac46e', 'outcome_side': 'yes', 'remaining_count_fp': '5.00', 'side': 'yes', 'status': 'resting', 'subaccount_number': 0, 'taker_fees_dollars': '0.000000', 'taker_fill_cost_dollars': '0.000000', 'ticker': 'KXTRUFTSA-26JUN12-T2420000', 'type': 'limit', 'user_id': '6db6972a-11ba-4203-a80d-b435f9c20a3f', 'yes_price_dollars': '0.9300'}}",yes,1.0,0.9,,
passive_limit,0.15,KXTRUFTSA-26JUN12-T2420000,0.9239130434782608,,8,5,3,False,"{'order': {'action': 'buy', 'book_side': 'bid', 'client_order_id': '904796e8-beb9-4a3c-aa33-3d2ee0d6b57f', 'created_time': '2026-06-12T12:46:43.083021Z', 'expiration_time': '2026-06-12T23:59:00Z', 'fill_count_fp': '0.00', 'initial_count_fp': '3.00', 'last_update_time': '2026-06-12T12:46:43.083021Z', 'maker_fees_dollars': '0.000000', 'maker_fill_cost_dollars': '0.000000', 'no_price_dollars': '0.0800', 'order_id': 'd093de97-ac77-4122-b935-a75cf5b522cb', 'outcome_side': 'yes', 'remaining_count_fp': '3.00', 'side': 'yes', 'status': 'resting', 'subaccount_number': 0, 'taker_fees_dollars': '0.000000', 'taker_fill_cost_dollars': '0.000000', 'ticker': 'KXTRUFTSA-26JUN12-T2420000', 'type': 'limit', 'user_id': '6db6972a-11ba-4203-a80d-b435f9c20a3f', 'yes_price_dollars': '0.9200'}}",yes,1.0,0.9,,
passive_limit,0.2,KXTRUFTSA-26JUN12-T2420000,0.9195402298850575,,10,8,2,False,"{'order': {'action': 'buy', 'book_side': 'bid', 'client_order_id': 'fc1fb9d3-fd2a-429e-8464-55bff52917f1', 'created_time': '2026-06-12T12:46:43.170373Z', 'expiration_time': '2026-06-12T23:59:00Z', 'fill_count_fp': '0.00', 'initial_count_fp': '2.00', 'last_update_time': '2026-06-12T12:46:43.170373Z', 'maker_fees_dollars': '0.000000', 'maker_fill_cost_dollars': '0.000000', 'no_price_dollars': '0.0800', 'order_id': '71da470c-b8c1-4ea7-bd94-eb7ebdbb16de', 'outcome_side': 'yes', 'remaining_count_fp': '2.00', 'side': 'yes', 'status': 'resting', 'subaccount_number': 0, 'taker_fees_dollars': '0.000000', 'taker_fill_cost_dollars': '0.000000', 'ticker': 'KXTRUFTSA-26JUN12-T2420000', 'type': 'limit', 'user_id': '6db6972a-11ba-4203-a80d-b435f9c20a3f', 'yes_price_dollars': '0.9200'}}",yes,1.0,0.9,,
passive_limit,0.25,KXTRUFTSA-26JUN12-T2420000,0.9146341463414633,,13,10,3,False,"{'order': {'action': 'buy', 'book_side': 'bid', 'client_order_id': '1dd713cd-56a5-463b-8191-39584341537e', 'created_time': '2026-06-12T12:46:43.25934Z', 'expiration_time': '2026-06-12T23:59:00Z', 'fill_count_fp': '0.00', 'initial_count_fp': '3.00', 'last_update_time': '2026-06-12T12:46:43.25934Z', 'maker_fees_dollars': '0.000000', 'maker_fill_cost_dollars': '0.000000', 'no_price_dollars': '0.0900', 'order_id': '70ec7b05-92fa-451f-9710-7bb99ec01b8c', 'outcome_side': 'yes', 'remaining_count_fp': '3.00', 'side': 'yes', 'status': 'resting', 'subaccount_number': 0, 'taker_fees_dollars': '0.000000', 'taker_fill_cost_dollars': '0.000000', 'ticker': 'KXTRUFTSA-26JUN12-T2420000', 'type': 'limit', 'user_id': '6db6972a-11ba-4203-a80d-b435f9c20a3f', 'yes_price_dollars': '0.9100'}}",yes,1.0,0.9,,
passive_limit,0.3,KXTRUFTSA-26JUN12-T2420000,0.9090909090909091,,16,13,3,False,"{'order': {'action': 'buy', 'book_side': 'bid', 'client_order_id': '84e09242-bbd4-410e-a34d-0ca9b7ad4cb4', 'created_time': '2026-06-12T12:46:43.338082Z', 'expiration_time': '2026-06-12T23:59:00Z', 'fill_count_fp': '0.00', 'initial_count_fp': '3.00', 'last_update_time': '2026-06-12T12:46:43.338082Z', 'maker_fees_dollars': '0.000000', 'maker_fill_cost_dollars': '0.000000', 'no_price_dollars': '0.0900', 'order_id': '8efc0e41-eca8-4dcb-be19-eca3b48c4337', 'outcome_side': 'yes', 'remaining_count_fp': '3.00', 'side': 'yes', 'status': 'resting', 'subaccount_number': 0, 'taker_fees_dollars': '0.000000', 'taker_fill_cost_dollars': '0.000000', 'ticker': 'KXTRUFTSA-26JUN12-T2420000', 'type': 'limit', 'user_id': '6db6972a-11ba-4203-a80d-b435f9c20a3f', 'yes_price_dollars': '0.9100'}}",yes,1.0,0.9,,
passive_limit,0.35,KXTRUFTSA-26JUN12-T2420000,0.9027777777777777,,19,16,3,False,"{'order': {'action': 'buy', 'book_side': 'bid', 'client_order_id': '29adf67a-352b-4e09-990a-2288ffa095ab', 'created_time': '2026-06-12T12:46:43.426976Z', 'expiration_time': '2026-06-12T23:59:00Z', 'fill_count_fp': '0.00', 'initial_count_fp': '3.00', 'last_update_time': '2026-06-12T12:46:43.426976Z', 'maker_fees_dollars': '0.000000', 'maker_fill_cost_dollars': '0.000000', 'no_price_dollars': '0.1000', 'order_id': 'c638c18b-b6f7-4eb3-a0f1-454c06e732f2', 'outcome_side': 'yes', 'remaining_count_fp': '3.00', 'side': 'yes', 'status': 'resting', 'subaccount_number': 0, 'taker_fees_dollars': '0.000000', 'taker_fill_cost_dollars': '0.000000', 'ticker': 'KXTRUFTSA-26JUN12-T2420000', 'type': 'limit', 'user_id': '6db6972a-11ba-4203-a80d-b435f9c20a3f', 'yes_price_dollars': '0.9000'}}",yes,1.0,0.9,,
passive_limit,0.4,KXTRUFTSA-26JUN12-T2420000,0.8955223880597014,,22,19,3,False,"{'order': {'action': 'buy', 'book_side': 'bid', 'client_order_id': '48325b89-62e7-431a-a869-d014af0eb58f', 'created_time': '2026-06-12T12:46:45.592504Z', 'expiration_time': '2026-06-12T23:59:00Z', 'fill_count_fp': '0.00', 'initial_count_fp': '3.00', 'last_update_time': '2026-06-12T12:46:45.592504Z', 'maker_fees_dollars': '0.000000', 'maker_fill_cost_dollars': '0.000000', 'no_price_dollars': '0.1000', 'order_id': 'e375fcc9-45c9-4de4-86c0-123ed9016da2', 'outcome_side': 'yes', 'remaining_count_fp': '3.00', 'side': 'yes', 'status': 'resting', 'subaccount_number': 0, 'taker_fees_dollars': '0.000000', 'taker_fill_cost_dollars': '0.000000', 'ticker': 'KXTRUFTSA-26JUN12-T2420000', 'type': 'limit', 'user_id': '6db6972a-11ba-4203-a80d-b435f9c20a3f', 'yes_price_dollars': '0.9000'}}",yes,1.0,0.9,,
passive_limit,0.1,KXTRUFTSA-26JUN12-T2520000,0.9278350515463917,,5,0,5,False,"{'order': {'action': 'buy', 'book_side': 'bid', 'client_order_id': '8fc635af-a746-4dae-b982-194e933d1f5d', 'created_time': '2026-06-12T12:46:46.361873Z', 'expiration_time': '2026-06-12T23:59:00Z', 'fill_count_fp': '0.00', 'initial_count_fp': '5.00', 'last_update_time': '2026-06-12T12:46:46.361873Z', 'maker_fees_dollars': '0.000000', 'maker_fill_cost_dollars': '0.000000', 'no_price_dollars': '0.0700', 'order_id': 'd73e513f-ef78-4b9c-aba9-9660b38a77d4', 'outcome_side': 'yes', 'remaining_count_fp': '5.00', 'side': 'yes', 'status': 'resting', 'subaccount_number': 0, 'taker_fees_dollars': '0.000000', 'taker_fill_cost_dollars': '0.000000', 'ticker': 'KXTRUFTSA-26JUN12-T2520000', 'type': 'limit', 'user_id': '6db6972a-11ba-4203-a80d-b435f9c20a3f', 'yes_price_dollars': '0.9300'}}",yes,1.0,0.91,,
passive_limit,0.15,KXTRUFTSA-26JUN12-T2520000,0.9239130434782608,,8,5,3,False,"{'order': {'action': 'buy', 'book_side': 'bid', 'client_order_id': '87227564-ff69-480a-bfec-ccc5f2c975af', 'created_time': '2026-06-12T12:46:46.446129Z', 'expiration_time': '2026-06-12T23:59:00Z', 'fill_count_fp': '0.00', 'initial_count_fp': '3.00', 'last_update_time': '2026-06-12T12:46:46.446129Z', 'maker_fees_dollars': '0.000000', 'maker_fill_cost_dollars': '0.000000', 'no_price_dollars': '0.0800', 'order_id': '94be3ed9-17a5-45fd-92eb-9805ebc6091b', 'outcome_side': 'yes', 'remaining_count_fp': '3.00', 'side': 'yes', 'status': 'resting', 'subaccount_number': 0, 'taker_fees_dollars': '0.000000', 'taker_fill_cost_dollars': '0.000000', 'ticker': 'KXTRUFTSA-26JUN12-T2520000', 'type': 'limit', 'user_id': '6db6972a-11ba-4203-a80d-b435f9c20a3f', 'yes_price_dollars': '0.9200'}}",yes,1.0,0.91,,
passive_limit,0.2,KXTRUFTSA-26JUN12-T2520000,0.9195402298850575,,10,8,2,False,"{'order': {'action': 'buy', 'book_side': 'bid', 'client_order_id': '28b98725-16af-42ed-9d8f-554a373ea0f4', 'created_time': '2026-06-12T12:46:46.56179Z', 'expiration_time': '2026-06-12T23:59:00Z', 'fill_count_fp': '0.00', 'initial_count_fp': '2.00', 'last_update_time': '2026-06-12T12:46:46.56179Z', 'maker_fees_dollars': '0.000000', 'maker_fill_cost_dollars': '0.000000', 'no_price_dollars': '0.0800', 'order_id': 'ad5a5137-db7b-4ed2-8aec-f85d141d6b07', 'outcome_side': 'yes', 'remaining_count_fp': '2.00', 'side': 'yes', 'status': 'resting', 'subaccount_number': 0, 'taker_fees_dollars': '0.000000', 'taker_fill_cost_dollars': '0.000000', 'ticker': 'KXTRUFTSA-26JUN12-T2520000', 'type': 'limit', 'user_id': '6db6972a-11ba-4203-a80d-b435f9c20a3f', 'yes_price_dollars': '0.9200'}}",yes,1.0,0.91,,
passive_limit,0.25,KXTRUFTSA-26JUN12-T2520000,0.9146341463414633,,13,10,3,False,"{'order': {'action': 'buy', 'book_side': 'bid', 'client_order_id': 'd65a3e55-12d7-4451-b675-74faa6c731f5', 'created_time': '2026-06-12T12:46:46.669628Z', 'expiration_time': '2026-06-12T23:59:00Z', 'fill_count_fp': '0.00', 'initial_count_fp': '3.00', 'last_update_time': '2026-06-12T12:46:46.669628Z', 'maker_fees_dollars': '0.000000', 'maker_fill_cost_dollars': '0.000000', 'no_price_dollars': '0.0900', 'order_id': '44318a88-99be-497f-9786-8adbc17796c6', 'outcome_side': 'yes', 'remaining_count_fp': '3.00', 'side': 'yes', 'status': 'resting', 'subaccount_number': 0, 'taker_fees_dollars': '0.000000', 'taker_fill_cost_dollars': '0.000000', 'ticker': 'KXTRUFTSA-26JUN12-T2520000', 'type': 'limit', 'user_id': '6db6972a-11ba-4203-a80d-b435f9c20a3f', 'yes_price_dollars': '0.9100'}}",yes,1.0,0.91,,
passive_limit,0.3,KXTRUFTSA-26JUN12-T2520000,0.9090909090909091,,16,13,3,False,"{'order': {'action': 'buy', 'book_side': 'bid', 'client_order_id': '408c4c99-76c0-4170-935d-a52cee8dd63b', 'created_time': '2026-06-12T12:46:46.75421Z', 'expiration_time': '2026-06-12T23:59:00Z', 'fill_count_fp': '0.00', 'initial_count_fp': '3.00', 'last_update_time': '2026-06-12T12:46:46.75421Z', 'maker_fees_dollars': '0.000000', 'maker_fill_cost_dollars': '0.000000', 'no_price_dollars': '0.0900', 'order_id': 'cfc8e694-437a-4678-a00c-59876bf604cb', 'outcome_side': 'yes', 'remaining_count_fp': '3.00', 'side': 'yes', 'status': 'resting', 'subaccount_number': 0, 'taker_fees_dollars': '0.000000', 'taker_fill_cost_dollars': '0.000000', 'ticker': 'KXTRUFTSA-26JUN12-T2520000', 'type': 'limit', 'user_id': '6db6972a-11ba-4203-a80d-b435f9c20a3f', 'yes_price_dollars': '0.9100'}}",yes,1.0,0.91,,
passive_limit,0.35,KXTRUFTSA-26JUN12-T2520000,0.9027777777777777,,19,16,3,False,"{'order': {'action': 'buy', 'book_side': 'bid', 'client_order_id': '32dc228c-0951-4ecd-8437-692aab2e8582', 'created_time': '2026-06-12T12:46:46.844891Z', 'expiration_time': '2026-06-12T23:59:00Z', 'fill_count_fp': '0.00', 'initial_count_fp': '3.00', 'last_update_time': '2026-06-12T12:46:46.844891Z', 'maker_fees_dollars': '0.000000', 'maker_fill_cost_dollars': '0.000000', 'no_price_dollars': '0.1000', 'order_id': '46fc41f2-56e4-4846-9659-5ff05f044591', 'outcome_side': 'yes', 'remaining_count_fp': '3.00', 'side': 'yes', 'status': 'resting', 'subaccount_number': 0, 'taker_fees_dollars': '0.000000', 'taker_fill_cost_dollars': '0.000000', 'ticker': 'KXTRUFTSA-26JUN12-T2520000', 'type': 'limit', 'user_id': '6db6972a-11ba-4203-a80d-b435f9c20a3f', 'yes_price_dollars': '0.9000'}}",yes,1.0,0.91,,
passive_limit,0.4,KXTRUFTSA-26JUN12-T2520000,0.8955223880597014,,22,19,3,False,"{'order': {'action': 'buy', 'book_side': 'bid', 'client_order_id': '1e7ded1e-3b4f-4505-a3e1-b35ae5503e02', 'created_time': '2026-06-12T12:46:46.934101Z', 'expiration_time': '2026-06-12T23:59:00Z', 'fill_count_fp': '0.00', 'initial_count_fp': '3.00', 'last_update_time': '2026-06-12T12:46:46.934101Z', 'maker_fees_dollars': '0.000000', 'maker_fill_cost_dollars': '0.000000', 'no_price_dollars': '0.1000', 'order_id': '2208e174-f1dc-4423-8070-7c126bb53cee', 'outcome_side': 'yes', 'remaining_count_fp': '3.00', 'side': 'yes', 'status': 'resting', 'subaccount_number': 0, 'taker_fees_dollars': '0.000000', 'taker_fill_cost_dollars': '0.000000', 'ticker': 'KXTRUFTSA-26JUN12-T2520000', 'type': 'limit', 'user_id': '6db6972a-11ba-4203-a80d-b435f9c20a3f', 'yes_price_dollars': '0.9000'}}",yes,1.0,0.91,,
passive_limit,0.1,KXTRUFTSA-26JUN12-T2620000,0.927835049314156,0.99,5,0,5,False,"{'order': {'action': 'buy', 'book_side': 'bid', 'client_order_id': 'f3829839-0bcf-4c6a-aef4-c714f5ffbaa8', 'created_time': '2026-06-12T12:46:47.669011Z', 'expiration_time': '2026-06-12T23:59:00Z', 'fill_count_fp': '0.00', 'initial_count_fp': '5.00', 'last_update_time': '2026-06-12T12:46:47.669011Z', 'maker_fees_dollars': '0.000000', 'maker_fill_cost_dollars': '0.000000', 'no_price_dollars': '0.0700', 'order_id': 'a552676a-b136-4a7b-97b6-a41e5b8122ff', 'outcome_side': 'yes', 'remaining_count_fp': '5.00', 'side': 'yes', 'status': 'resting', 'subaccount_number': 0, 'taker_fees_dollars': '0.000000', 'taker_fill_cost_dollars': '0.000000', 'ticker': 'KXTRUFTSA-26JUN12-T2620000', 'type': 'limit', 'user_id': '6db6972a-11ba-4203-a80d-b435f9c20a3f', 'yes_price_dollars': '0.9300'}}",yes,0.9999999978347314,0.94,,
passive_limit,0.15,KXTRUFTSA-26JUN12-T2620000,0.923913041124708,0.99,8,5,3,False,"{'order': {'action': 'buy', 'book_side': 'bid', 'client_order_id': 'ab9fcf3d-0106-4a90-9d16-1abda7a1e261', 'created_time': '2026-06-12T12:46:47.759303Z', 'expiration_time': '2026-06-12T23:59:00Z', 'fill_count_fp': '0.00', 'initial_count_fp': '3.00', 'last_update_time': '2026-06-12T12:46:47.759303Z', 'maker_fees_dollars': '0.000000', 'maker_fill_cost_dollars': '0.000000', 'no_price_dollars': '0.0800', 'order_id': '1d1c708b-c95a-4aca-a65b-65942c0a5c85', 'outcome_side': 'yes', 'remaining_count_fp': '3.00', 'side': 'yes', 'status': 'resting', 'subaccount_number': 0, 'taker_fees_dollars': '0.000000', 'taker_fill_cost_dollars': '0.000000', 'ticker': 'KXTRUFTSA-26JUN12-T2620000', 'type': 'limit', 'user_id': '6db6972a-11ba-4203-a80d-b435f9c20a3f', 'yes_price_dollars': '0.9200'}}",yes,0.9999999978347314,0.94,,
passive_limit,0.2,KXTRUFTSA-26JUN12-T2620000,0.9195402273962429,0.99,10,8,2,False,"{'order': {'action': 'buy', 'book_side': 'bid', 'client_order_id': '82c1d2b1-2af1-4113-9f6d-3afdd11dfb7c', 'created_time': '2026-06-12T12:46:47.868037Z', 'expiration_time': '2026-06-12T23:59:00Z', 'fill_count_fp': '0.00', 'initial_count_fp': '2.00', 'last_update_time': '2026-06-12T12:46:47.868037Z', 'maker_fees_dollars': '0.000000', 'maker_fill_cost_dollars': '0.000000', 'no_price_dollars': '0.0800', 'order_id': 'd48a8300-1592-4d23-be72-4e1a6355e6c1', 'outcome_side': 'yes', 'remaining_count_fp': '2.00', 'side': 'yes', 'status': 'resting', 'subaccount_number': 0, 'taker_fees_dollars': '0.000000', 'taker_fill_cost_dollars': '0.000000', 'ticker': 'KXTRUFTSA-26JUN12-T2620000', 'type': 'limit', 'user_id': '6db6972a-11ba-4203-a80d-b435f9c20a3f', 'yes_price_dollars': '0.9200'}}",yes,0.9999999978347314,0.94,,
passive_limit,0.25,KXTRUFTSA-26JUN12-T2620000,0.9146341437008918,0.99,13,10,3,False,"{'order': {'action': 'buy', 'book_side': 'bid', 'client_order_id': '35a960ea-50b8-4c5e-9d86-498f3590efcc', 'created_time': '2026-06-12T12:46:47.96391Z', 'expiration_time': '2026-06-12T23:59:00Z', 'fill_count_fp': '0.00', 'initial_count_fp': '3.00', 'last_update_time': '2026-06-12T12:46:47.96391Z', 'maker_fees_dollars': '0.000000', 'maker_fill_cost_dollars': '0.000000', 'no_price_dollars': '0.0900', 'order_id': 'adb3fc08-0ae0-4d93-b902-d59b76125660', 'outcome_side': 'yes', 'remaining_count_fp': '3.00', 'side': 'yes', 'status': 'resting', 'subaccount_number': 0, 'taker_fees_dollars': '0.000000', 'taker_fill_cost_dollars': '0.000000', 'ticker': 'KXTRUFTSA-26JUN12-T2620000', 'type': 'limit', 'user_id': '6db6972a-11ba-4203-a80d-b435f9c20a3f', 'yes_price_dollars': '0.9100'}}",yes,0.9999999978347314,0.94,,
passive_limit,0.3,KXTRUFTSA-26JUN12-T2620000,0.9090909062788718,0.99,16,13,3,False,"{'order': {'action': 'buy', 'book_side': 'bid', 'client_order_id': '3e6738ab-a335-4d51-91e7-ce5b8f2a8532', 'created_time': '2026-06-12T12:46:48.051128Z', 'expiration_time': '2026-06-12T23:59:00Z', 'fill_count_fp': '0.00', 'initial_count_fp': '3.00', 'last_update_time': '2026-06-12T12:46:48.051128Z', 'maker_fees_dollars': '0.000000', 'maker_fill_cost_dollars': '0.000000', 'no_price_dollars': '0.0900', 'order_id': 'e32953d5-cf09-4c3c-9402-c21ea4453765', 'outcome_side': 'yes', 'remaining_count_fp': '3.00', 'side': 'yes', 'status': 'resting', 'subaccount_number': 0, 'taker_fees_dollars': '0.000000', 'taker_fill_cost_dollars': '0.000000', 'ticker': 'KXTRUFTSA-26JUN12-T2620000', 'type': 'limit', 'user_id': '6db6972a-11ba-4203-a80d-b435f9c20a3f', 'yes_price_dollars': '0.9100'}}",yes,0.9999999978347314,0.94,,
passive_limit,0.35,KXTRUFTSA-26JUN12-T2620000,0.9027777747704602,0.99,19,16,3,False,"{'order': {'action': 'buy', 'book_side': 'bid', 'client_order_id': '18353a09-34d2-4bca-8c0d-40459898f5a5', 'created_time': '2026-06-12T12:46:48.135629Z', 'expiration_time': '2026-06-12T23:59:00Z', 'fill_count_fp': '0.00', 'initial_count_fp': '3.00', 'last_update_time': '2026-06-12T12:46:48.135629Z', 'maker_fees_dollars': '0.000000', 'maker_fill_cost_dollars': '0.000000', 'no_price_dollars': '0.1000', 'order_id': 'd1de2315-c700-404b-a4d6-89ccb2f02413', 'outcome_side': 'yes', 'remaining_count_fp': '3.00', 'side': 'yes', 'status': 'resting', 'subaccount_number': 0, 'taker_fees_dollars': '0.000000', 'taker_fill_cost_dollars': '0.000000', 'ticker': 'KXTRUFTSA-26JUN12-T2620000', 'type': 'limit', 'user_id': '6db6972a-11ba-4203-a80d-b435f9c20a3f', 'yes_price_dollars': '0.9000'}}",yes,0.9999999978347314,0.94,,
passive_limit,0.4,KXTRUFTSA-26JUN12-T2620000,0.8955223848279572,0.99,22,19,3,False,"{'order': {'action': 'buy', 'book_side': 'bid', 'client_order_id': '594738b1-351c-4a67-be9b-1a5c50924062', 'created_time': '2026-06-12T12:46:48.237748Z', 'expiration_time': '2026-06-12T23:59:00Z', 'fill_count_fp': '0.00', 'initial_count_fp': '3.00', 'last_update_time': '2026-06-12T12:46:48.237748Z', 'maker_fees_dollars': '0.000000', 'maker_fill_cost_dollars': '0.000000', 'no_price_dollars': '0.1000', 'order_id': '809fe33a-19c4-4508-b728-23aff2acd7bc', 'outcome_side': 'yes', 'remaining_count_fp': '3.00', 'side': 'yes', 'status': 'resting', 'subaccount_number': 0, 'taker_fees_dollars': '0.000000', 'taker_fill_cost_dollars': '0.000000', 'ticker': 'KXTRUFTSA-26JUN12-T2620000', 'type': 'limit', 'user_id': '6db6972a-11ba-4203-a80d-b435f9c20a3f', 'yes_price_dollars': '0.9000'}}",yes,0.9999999978347314,0.94,,
passive_limit,0.1,KXTRUFTSA-26JUN12-T2720000,0.927564952358402,0.99,5,0,5,False,"{'order': {'action': 'buy', 'book_side': 'bid', 'client_order_id': '6c89f9ea-38da-42b3-8cb6-03447ab3a6bd', 'created_time': '2026-06-12T12:46:49.012825Z', 'expiration_time': '2026-06-12T23:59:00Z', 'fill_count_fp': '0.00', 'initial_count_fp': '5.00', 'last_update_time': '2026-06-12T12:46:49.012825Z', 'maker_fees_dollars': '0.000000', 'maker_fill_cost_dollars': '0.000000', 'no_price_dollars': '0.0700', 'order_id': '0e80e352-3a69-4f7f-b6fc-ac92681e1824', 'outcome_side': 'yes', 'remaining_count_fp': '5.00', 'side': 'yes', 'status': 'resting', 'subaccount_number': 0, 'taker_fees_dollars': '0.000000', 'taker_fill_cost_dollars': '0.000000', 'ticker': 'KXTRUFTSA-26JUN12-T2720000', 'type': 'limit', 'user_id': '6db6972a-11ba-4203-a80d-b435f9c20a3f', 'yes_price_dollars': '0.9300'}}",yes,0.99973800378765,0.925,,
passive_limit,0.15,KXTRUFTSA-26JUN12-T2720000,0.923628264986576,0.99,8,5,3,False,"{'order': {'action': 'buy', 'book_side': 'bid', 'client_order_id': '977710f1-f171-40b1-be66-bf0c6ed477d8', 'created_time': '2026-06-12T12:46:49.133267Z', 'expiration_time': '2026-06-12T23:59:00Z', 'fill_count_fp': '0.00', 'initial_count_fp': '3.00', 'last_update_time': '2026-06-12T12:46:49.133267Z', 'maker_fees_dollars': '0.000000', 'maker_fill_cost_dollars': '0.000000', 'no_price_dollars': '0.0800', 'order_id': '1262fab1-c05a-4b95-b768-76971f4091bd', 'outcome_side': 'yes', 'remaining_count_fp': '3.00', 'side': 'yes', 'status': 'resting', 'subaccount_number': 0, 'taker_fees_dollars': '0.000000', 'taker_fill_cost_dollars': '0.000000', 'ticker': 'KXTRUFTSA-26JUN12-T2720000', 'type': 'limit', 'user_id': '6db6972a-11ba-4203-a80d-b435f9c20a3f', 'yes_price_dollars': '0.9200'}}",yes,0.99973800378765,0.925,,
passive_limit,0.2,KXTRUFTSA-26JUN12-T2720000,0.9192390848133908,0.99,10,8,2,False,"{'order': {'action': 'buy', 'book_side': 'bid', 'client_order_id': 'b868ce1a-b564-477f-9930-def8ea6e36ef', 'created_time': '2026-06-12T12:46:49.252278Z', 'expiration_time': '2026-06-12T23:59:00Z', 'fill_count_fp': '0.00', 'initial_count_fp': '2.00', 'last_update_time': '2026-06-12T12:46:49.252278Z', 'maker_fees_dollars': '0.000000', 'maker_fill_cost_dollars': '0.000000', 'no_price_dollars': '0.0800', 'order_id': '6c3c1891-4f0d-47aa-b293-7378fa1971d8', 'outcome_side': 'yes', 'remaining_count_fp': '2.00', 'side': 'yes', 'status': 'resting', 'subaccount_number': 0, 'taker_fees_dollars': '0.000000', 'taker_fill_cost_dollars': '0.000000', 'ticker': 'KXTRUFTSA-26JUN12-T2720000', 'type': 'limit', 'user_id': '6db6972a-11ba-4203-a80d-b435f9c20a3f', 'yes_price_dollars': '0.9200'}}",yes,0.99973800378765,0.925,,
passive_limit,0.25,KXTRUFTSA-26JUN12-T2720000,0.9143146387654267,0.99,13,10,3,False,"{'order': {'action': 'buy', 'book_side': 'bid', 'client_order_id': '62ac377a-8d48-47ca-93fc-cdb48601a623', 'created_time': '2026-06-12T12:46:49.336811Z', 'expiration_time': '2026-06-12T23:59:00Z', 'fill_count_fp': '0.00', 'initial_count_fp': '3.00', 'last_update_time': '2026-06-12T12:46:49.336811Z', 'maker_fees_dollars': '0.000000', 'maker_fill_cost_dollars': '0.000000', 'no_price_dollars': '0.0900', 'order_id': '12fdf270-c635-49d7-91f2-488dba816113', 'outcome_side': 'yes', 'remaining_count_fp': '3.00', 'side': 'yes', 'status': 'resting', 'subaccount_number': 0, 'taker_fees_dollars': '0.000000', 'taker_fill_cost_dollars': '0.000000', 'ticker': 'KXTRUFTSA-26JUN12-T2720000', 'type': 'limit', 'user_id': '6db6972a-11ba-4203-a80d-b435f9c20a3f', 'yes_price_dollars': '0.9100'}}",yes,0.99973800378765,0.925,,
passive_limit,0.3,KXTRUFTSA-26JUN12-T2720000,0.9087506542696753,0.99,16,13,3,False,"{'order': {'action': 'buy', 'book_side': 'bid', 'client_order_id': '3f42518f-787f-4af8-9167-421865973f59', 'created_time': '2026-06-12T12:46:49.423607Z', 'expiration_time': '2026-06-12T23:59:00Z', 'fill_count_fp': '0.00', 'initial_count_fp': '3.00', 'last_update_time': '2026-06-12T12:46:49.423607Z', 'maker_fees_dollars': '0.000000', 'maker_fill_cost_dollars': '0.000000', 'no_price_dollars': '0.0900', 'order_id': '2f88869a-3046-49b0-95c7-f2365cc3c380', 'outcome_side': 'yes', 'remaining_count_fp': '3.00', 'side': 'yes', 'status': 'resting', 'subaccount_number': 0, 'taker_fees_dollars': '0.000000', 'taker_fill_cost_dollars': '0.000000', 'ticker': 'KXTRUFTSA-26JUN12-T2720000', 'type': 'limit', 'user_id': '6db6972a-11ba-4203-a80d-b435f9c20a3f', 'yes_price_dollars': '0.9100'}}",yes,0.99973800378765,0.925,,
passive_limit,0.35,KXTRUFTSA-26JUN12-T2720000,0.9024138941495138,0.99,19,16,3,False,"{'order': {'action': 'buy', 'book_side': 'bid', 'client_order_id': 'ad4ffc50-1590-4cb4-94a9-229b6e229cc8', 'created_time': '2026-06-12T12:46:49.506769Z', 'expiration_time': '2026-06-12T23:59:00Z', 'fill_count_fp': '0.00', 'initial_count_fp': '3.00', 'last_update_time': '2026-06-12T12:46:49.506769Z', 'maker_fees_dollars': '0.000000', 'maker_fill_cost_dollars': '0.000000', 'no_price_dollars': '0.1000', 'order_id': 'c73e6576-5dd9-4c1b-89c1-5cbd7177f5df', 'outcome_side': 'yes', 'remaining_count_fp': '3.00', 'side': 'yes', 'status': 'resting', 'subaccount_number': 0, 'taker_fees_dollars': '0.000000', 'taker_fill_cost_dollars': '0.000000', 'ticker': 'KXTRUFTSA-26JUN12-T2720000', 'type': 'limit', 'user_id': '6db6972a-11ba-4203-a80d-b435f9c20a3f', 'yes_price_dollars': '0.9000'}}",yes,0.99973800378765,0.925,,
passive_limit,0.4,KXTRUFTSA-26JUN12-T2720000,0.8951313489367909,0.99,22,19,3,False,"{'order': {'action': 'buy', 'book_side': 'bid', 'client_order_id': '19b8d388-6b19-4bbc-8f23-9ada7f433489', 'created_time': '2026-06-12T12:46:49.607999Z', 'expiration_time': '2026-06-12T23:59:00Z', 'fill_count_fp': '0.00', 'initial_count_fp': '3.00', 'last_update_time': '2026-06-12T12:46:49.607999Z', 'maker_fees_dollars': '0.000000', 'maker_fill_cost_dollars': '0.000000', 'no_price_dollars': '0.1000', 'order_id': '0ede2ae8-a303-45e5-bb54-60a0418e60b1', 'outcome_side': 'yes', 'remaining_count_fp': '3.00', 'side': 'yes', 'status': 'resting', 'subaccount_number': 0, 'taker_fees_dollars': '0.000000', 'taker_fill_cost_dollars': '0.000000', 'ticker': 'KXTRUFTSA-26JUN12-T2720000', 'type': 'limit', 'user_id': '6db6972a-11ba-4203-a80d-b435f9c20a3f', 'yes_price_dollars': '0.9000'}}",yes,0.99973800378765,0.925,,
aggressive_buy,0.1,KXTRUFTSA-26JUN12-T2820000,0.69,,7,0,7,False,"{'order': {'action': 'buy', 'book_side': 'bid', 'client_order_id': '6111cc9f-9fea-42cd-94df-11c6321d3955', 'created_time': '2026-06-12T12:46:50.395816Z', 'expiration_time': '2026-06-12T23:59:00Z', 'fill_count_fp': '7.00', 'initial_count_fp': '7.00', 'last_update_time': '2026-06-12T12:46:50.395816Z', 'maker_fees_dollars': '0.000000', 'maker_fill_cost_dollars': '0.000000', 'no_price_dollars': '0.3100', 'order_id': '382ea7f8-7bcd-42a1-afb8-7c16a6e207bb', 'outcome_side': 'yes', 'remaining_count_fp': '0.00', 'side': 'yes', 'status': 'executed', 'subaccount_number': 0, 'taker_fees_dollars': '0.104900', 'taker_fill_cost_dollars': '4.830000', 'ticker': 'KXTRUFTSA-26JUN12-T2820000', 'type': 'limit', 'user_id': '6db6972a-11ba-4203-a80d-b435f9c20a3f', 'yes_price_dollars': '0.6900'}}",yes,0.8566339097563177,0.63,0.7800349585116677,25.0
aggressive_buy,0.15,KXTRUFTSA-26JUN12-T2820000,0.69,,10,7,3,False,"{'order': {'action': 'buy', 'book_side': 'bid', 'client_order_id': 'b2ac1a2b-fc90-4f00-bb80-6c69ff847c7a', 'created_time': '2026-06-12T12:46:50.5031Z', 'expiration_time': '2026-06-12T23:59:00Z', 'fill_count_fp': '3.00', 'initial_count_fp': '3.00', 'last_update_time': '2026-06-12T12:46:50.5031Z', 'maker_fees_dollars': '0.000000', 'maker_fill_cost_dollars': '0.000000', 'no_price_dollars': '0.3100', 'order_id': '7a9cc627-0cdb-4de6-b86b-c06daddc1af0', 'outcome_side': 'yes', 'remaining_count_fp': '0.00', 'side': 'yes', 'status': 'executed', 'subaccount_number': 0, 'taker_fees_dollars': '0.045000', 'taker_fill_cost_dollars': '2.070000', 'ticker': 'KXTRUFTSA-26JUN12-T2820000', 'type': 'limit', 'user_id': '6db6972a-11ba-4203-a80d-b435f9c20a3f', 'yes_price_dollars': '0.6900'}}",yes,0.8566339097563177,0.63,0.7680803366916497,18.0
aggressive_buy,0.2,KXTRUFTSA-26JUN12-T2820000,0.69,,14,10,4,False,"{'order': {'action': 'buy', 'book_side': 'bid', 'client_order_id': '49c7b718-792b-4f0b-bafa-5ccbbb47ede2', 'created_time': '2026-06-12T12:46:50.612368Z', 'expiration_time': '2026-06-12T23:59:00Z', 'fill_count_fp': '4.00', 'initial_count_fp': '4.00', 'last_update_time': '2026-06-12T12:46:50.612368Z', 'maker_fees_dollars': '0.000000', 'maker_fill_cost_dollars': '0.000000', 'no_price_dollars': '0.3100', 'order_id': '8cc0beab-a402-460c-a31c-b91dbfe4c5e4', 'outcome_side': 'yes', 'remaining_count_fp': '0.00', 'side': 'yes', 'status': 'executed', 'subaccount_number': 0, 'taker_fees_dollars': '0.059900', 'taker_fill_cost_dollars': '2.760000', 'ticker': 'KXTRUFTSA-26JUN12-T2820000', 'type': 'limit', 'user_id': '6db6972a-11ba-4203-a80d-b435f9c20a3f', 'yes_price_dollars': '0.6900'}}",yes,0.8566339097563177,0.63,0.7547516204095605,15.0
aggressive_buy,0.25,KXTRUFTSA-26JUN12-T2820000,0.69,,17,14,3,False,"{'order': {'action': 'buy', 'book_side': 'bid', 'client_order_id': '1c532ab7-ffcc-43f6-bd8c-03f137fa9b53', 'created_time': '2026-06-12T12:46:50.716673Z', 'expiration_time': '2026-06-12T23:59:00Z', 'fill_count_fp': '3.00', 'initial_count_fp': '3.00', 'last_update_time': '2026-06-12T12:46:50.716673Z', 'maker_fees_dollars': '0.000000', 'maker_fill_cost_dollars': '0.000000', 'no_price_dollars': '0.3100', 'order_id': '26c0aed4-70cb-4354-9032-88e1fbd5859d', 'outcome_side': 'yes', 'remaining_count_fp': '0.00', 'side': 'yes', 'status': 'executed', 'subaccount_number': 0, 'taker_fees_dollars': '0.045000', 'taker_fill_cost_dollars': '2.070000', 'ticker': 'KXTRUFTSA-26JUN12-T2820000', 'type': 'limit', 'user_id': '6db6972a-11ba-4203-a80d-b435f9c20a3f', 'yes_price_dollars': '0.6900'}}",yes,0.8566339097563177,0.63,0.7397974509223386,11.0
aggressive_buy,0.3,KXTRUFTSA-26JUN12-T2820000,0.69,,21,17,4,False,"{'order': {'action': 'buy', 'book_side': 'bid', 'client_order_id': 'fda1de9d-7191-44dc-be1d-f4cbdc3335e1', 'created_time': '2026-06-12T12:46:50.801666Z', 'expiration_time': '2026-06-12T23:59:00Z', 'fill_count_fp': '4.00', 'initial_count_fp': '4.00', 'last_update_time': '2026-06-12T12:46:50.801666Z', 'maker_fees_dollars': '0.000000', 'maker_fill_cost_dollars': '0.000000', 'no_price_dollars': '0.3100', 'order_id': '1d4f0f85-2099-4c98-8a70-adde8dac96c9', 'outcome_side': 'yes', 'remaining_count_fp': '0.00', 'side': 'yes', 'status': 'executed', 'subaccount_number': 0, 'taker_fees_dollars': '0.059900', 'taker_fill_cost_dollars': '2.760000', 'ticker': 'KXTRUFTSA-26JUN12-T2820000', 'type': 'limit', 'user_id': '6db6972a-11ba-4203-a80d-b435f9c20a3f', 'yes_price_dollars': '0.6900'}}",yes,0.8566339097563177,0.63,0.7229011815017113,8.0
aggressive_buy,0.35,KXTRUFTSA-26JUN12-T2820000,0.69,,24,21,3,False,"{'order': {'action': 'buy', 'book_side': 'bid', 'client_order_id': 'ad896339-eecb-4ab6-9f53-cc88bc9be0e4', 'created_time': '2026-06-12T12:46:50.884639Z', 'expiration_time': '2026-06-12T23:59:00Z', 'fill_count_fp': '3.00', 'initial_count_fp': '3.00', 'last_update_time': '2026-06-12T12:46:50.884639Z', 'maker_fees_dollars': '0.000000', 'maker_fill_cost_dollars': '0.000000', 'no_price_dollars': '0.3100', 'order_id': '0d700a03-8f7f-44c8-9201-e192d7532ddf', 'outcome_side': 'yes', 'remaining_count_fp': '0.00', 'side': 'yes', 'status': 'executed', 'subaccount_number': 0, 'taker_fees_dollars': '0.045000', 'taker_fill_cost_dollars': '2.070000', 'ticker': 'KXTRUFTSA-26JUN12-T2820000', 'type': 'limit', 'user_id': '6db6972a-11ba-4203-a80d-b435f9c20a3f', 'yes_price_dollars': '0.6900'}}",yes,0.8566339097563177,0.63,0.7036582079948857,4.0
passive_limit,0.4,KXTRUFTSA-26JUN12-T2820000,0.6815431488900263,0.69,28,24,4,False,"{'order': {'action': 'buy', 'book_side': 'bid', 'client_order_id': 'a69f00d5-6369-437d-9f29-8a8b6e26a458', 'created_time': '2026-06-12T12:46:50.99778Z', 'expiration_time': '2026-06-12T23:59:00Z', 'fill_count_fp': '0.00', 'initial_count_fp': '4.00', 'last_update_time': '2026-06-12T12:46:50.99778Z', 'maker_fees_dollars': '0.000000', 'maker_fill_cost_dollars': '0.000000', 'no_price_dollars': '0.3200', 'order_id': 'b47e46ba-088d-4908-aa54-9325e0858172', 'outcome_side': 'yes', 'remaining_count_fp': '4.00', 'side': 'yes', 'status': 'resting', 'subaccount_number': 0, 'taker_fees_dollars': '0.000000', 'taker_fill_cost_dollars': '0.000000', 'ticker': 'KXTRUFTSA-26JUN12-T2820000', 'type': 'limit', 'user_id': '6db6972a-11ba-4203-a80d-b435f9c20a3f', 'yes_price_dollars': '0.6800'}}",yes,0.8566339097563177,0.63,,
passive_limit,0.15,KXTRUFTSA-26JUN12-T2920000,0.8255193947978405,0.9,8,0,8,False,"{'order': {'action': 'buy', 'book_side': 'ask', 'client_order_id': 'd65264fc-0d11-43a8-8559-5a3e63a780df', 'created_time': '2026-06-12T12:46:51.89251Z', 'expiration_time': '2026-06-12T23:59:00Z', 'fill_count_fp': '0.00', 'initial_count_fp': '8.00', 'last_update_time': '2026-06-12T12:46:51.89251Z', 'maker_fees_dollars': '0.000000', 'maker_fill_cost_dollars': '0.000000', 'no_price_dollars': '0.8300', 'order_id': '6f587474-bcb1-4535-a826-304d18873270', 'outcome_side': 'no', 'remaining_count_fp': '8.00', 'side': 'no', 'status': 'resting', 'subaccount_number': 0, 'taker_fees_dollars': '0.000000', 'taker_fill_cost_dollars': '0.000000', 'ticker': 'KXTRUFTSA-26JUN12-T2920000', 'type': 'limit', 'user_id': '6db6972a-11ba-4203-a80d-b435f9c20a3f', 'yes_price_dollars': '0.1700'}}",no,0.9094778432140134,0.83,,
passive_limit,0.2,KXTRUFTSA-26JUN12-T2920000,0.8154917738092107,0.9,12,8,4,False,"{'order': {'action': 'buy', 'book_side': 'ask', 'client_order_id': 'b8fbae64-8940-4fa7-b5d4-96cc675de4e5', 'created_time': '2026-06-12T12:46:52.000271Z', 'expiration_time': '2026-06-12T23:59:00Z', 'fill_count_fp': '0.00', 'initial_count_fp': '4.00', 'last_update_time': '2026-06-12T12:46:52.000271Z', 'maker_fees_dollars': '0.000000', 'maker_fill_cost_dollars': '0.000000', 'no_price_dollars': '0.8200', 'order_id': '27a8853c-24d5-455f-8636-6dfbe9d91946', 'outcome_side': 'no', 'remaining_count_fp': '4.00', 'side': 'no', 'status': 'resting', 'subaccount_number': 0, 'taker_fees_dollars': '0.000000', 'taker_fill_cost_dollars': '0.000000', 'ticker': 'KXTRUFTSA-26JUN12-T2920000', 'type': 'limit', 'user_id': '6db6972a-11ba-4203-a80d-b435f9c20a3f', 'yes_price_dollars': '0.1800'}}",no,0.9094778432140134,0.83,,
passive_limit,0.25,KXTRUFTSA-26JUN12-T2920000,0.8042412722122113,0.9,15,12,3,False,"{'order': {'action': 'buy', 'book_side': 'ask', 'client_order_id': '811f8590-6fb0-44bd-8393-9c4a17740977', 'created_time': '2026-06-12T12:46:52.08876Z', 'expiration_time': '2026-06-12T23:59:00Z', 'fill_count_fp': '0.00', 'initial_count_fp': '3.00', 'last_update_time': '2026-06-12T12:46:52.08876Z', 'maker_fees_dollars': '0.000000', 'maker_fill_cost_dollars': '0.000000', 'no_price_dollars': '0.8000', 'order_id': 'dc51d392-1e24-4c5a-8938-dbc26f0adfbd', 'outcome_side': 'no', 'remaining_count_fp': '3.00', 'side': 'no', 'status': 'resting', 'subaccount_number': 0, 'taker_fees_dollars': '0.000000', 'taker_fill_cost_dollars': '0.000000', 'ticker': 'KXTRUFTSA-26JUN12-T2920000', 'type': 'limit', 'user_id': '6db6972a-11ba-4203-a80d-b435f9c20a3f', 'yes_price_dollars': '0.2000'}}",no,0.9094778432140134,0.83,,
passive_limit,0.3,KXTRUFTSA-26JUN12-T2920000,0.7915296665117056,0.9,18,15,3,False,"{'order': {'action': 'buy', 'book_side': 'ask', 'client_order_id': '53c8255c-a4ab-403a-8614-11cd0815da3e', 'created_time': '2026-06-12T12:46:52.171506Z', 'expiration_time': '2026-06-12T23:59:00Z', 'fill_count_fp': '0.00', 'initial_count_fp': '3.00', 'last_update_time': '2026-06-12T12:46:52.171506Z', 'maker_fees_dollars': '0.000000', 'maker_fill_cost_dollars': '0.000000', 'no_price_dollars': '0.7900', 'order_id': '8adc34f7-1943-4300-a805-c953b68b7116', 'outcome_side': 'no', 'remaining_count_fp': '3.00', 'side': 'no', 'status': 'resting', 'subaccount_number': 0, 'taker_fees_dollars': '0.000000', 'taker_fill_cost_dollars': '0.000000', 'ticker': 'KXTRUFTSA-26JUN12-T2920000', 'type': 'limit', 'user_id': '6db6972a-11ba-4203-a80d-b435f9c20a3f', 'yes_price_dollars': '0.2100'}}",no,0.9094778432140134,0.83,,
passive_limit,0.35,KXTRUFTSA-26JUN12-T2920000,0.777052560019463,0.9,22,18,4,False,"{'order': {'action': 'buy', 'book_side': 'ask', 'client_order_id': '6bb1c1bf-749e-4242-9bda-eaddd3dd3891', 'created_time': '2026-06-12T12:46:52.255349Z', 'expiration_time': '2026-06-12T23:59:00Z', 'fill_count_fp': '0.00', 'initial_count_fp': '4.00', 'last_update_time': '2026-06-12T12:46:52.255349Z', 'maker_fees_dollars': '0.000000', 'maker_fill_cost_dollars': '0.000000', 'no_price_dollars': '0.7800', 'order_id': 'a9f99b36-c617-4f28-bf16-26c837c1da9b', 'outcome_side': 'no', 'remaining_count_fp': '4.00', 'side': 'no', 'status': 'resting', 'subaccount_number': 0, 'taker_fees_dollars': '0.000000', 'taker_fill_cost_dollars': '0.000000', 'ticker': 'KXTRUFTSA-26JUN12-T2920000', 'type': 'limit', 'user_id': '6db6972a-11ba-4203-a80d-b435f9c20a3f', 'yes_price_dollars': '0.2200'}}",no,0.9094778432140134,0.83,,
passive_limit,0.4,KXTRUFTSA-26JUN12-T2920000,0.760414691364199,0.9,25,22,3,False,"{'order': {'action': 'buy', 'book_side': 'ask', 'client_order_id': 'f91c8aa4-4dd6-4bfa-90eb-2e2832ce9a66', 'created_time': '2026-06-12T12:46:52.340901Z', 'expiration_time': '2026-06-12T23:59:00Z', 'fill_count_fp': '0.00', 'initial_count_fp': '3.00', 'last_update_time': '2026-06-12T12:46:52.340901Z', 'maker_fees_dollars': '0.000000', 'maker_fill_cost_dollars': '0.000000', 'no_price_dollars': '0.7600', 'order_id': '0d6899d4-4e7f-4eca-8255-6746615bb604', 'outcome_side': 'no', 'remaining_count_fp': '3.00', 'side': 'no', 'status': 'resting', 'subaccount_number': 0, 'taker_fees_dollars': '0.000000', 'taker_fill_cost_dollars': '0.000000', 'ticker': 'KXTRUFTSA-26JUN12-T2920000', 'type': 'limit', 'user_id': '6db6972a-11ba-4203-a80d-b435f9c20a3f', 'yes_price_dollars': '0.2400'}}",no,0.9094778432140134,0.83,,
passive_limit,0.15,KXTRUFTSA-26JUN12-T3020000,0.9238131957612157,,8,0,8,False,"{'order': {'action': 'buy', 'book_side': 'ask', 'client_order_id': '5a45540d-a9f7-4827-94b1-06ee9dcc9825', 'created_time': '2026-06-12T12:46:53.146014Z', 'expiration_time': '2026-06-12T23:59:00Z', 'fill_count_fp': '0.00', 'initial_count_fp': '8.00', 'last_update_time': '2026-06-12T12:46:53.146014Z', 'maker_fees_dollars': '0.000000', 'maker_fill_cost_dollars': '0.000000', 'no_price_dollars': '0.9200', 'order_id': 'e9651675-69b7-422c-a8df-b13838b406fa', 'outcome_side': 'no', 'remaining_count_fp': '8.00', 'side': 'no', 'status': 'resting', 'subaccount_number': 0, 'taker_fees_dollars': '0.000000', 'taker_fill_cost_dollars': '0.000000', 'ticker': 'KXTRUFTSA-26JUN12-T3020000', 'type': 'limit', 'user_id': '6db6972a-11ba-4203-a80d-b435f9c20a3f', 'yes_price_dollars': '0.0800'}}",no,0.9999081401003185,0.89,,
passive_limit,0.2,KXTRUFTSA-26JUN12-T3020000,0.9194346437934694,,10,8,2,False,"{'order': {'action': 'buy', 'book_side': 'ask', 'client_order_id': '60a4f777-a90a-42fa-86f3-4b37a8b7eb42', 'created_time': '2026-06-12T12:46:53.230733Z', 'expiration_time': '2026-06-12T23:59:00Z', 'fill_count_fp': '0.00', 'initial_count_fp': '2.00', 'last_update_time': '2026-06-12T12:46:53.230733Z', 'maker_fees_dollars': '0.000000', 'maker_fill_cost_dollars': '0.000000', 'no_price_dollars': '0.9200', 'order_id': '93099506-7499-4334-a11a-6c4c828b2c1d', 'outcome_side': 'no', 'remaining_count_fp': '2.00', 'side': 'no', 'status': 'resting', 'subaccount_number': 0, 'taker_fees_dollars': '0.000000', 'taker_fill_cost_dollars': '0.000000', 'ticker': 'KXTRUFTSA-26JUN12-T3020000', 'type': 'limit', 'user_id': '6db6972a-11ba-4203-a80d-b435f9c20a3f', 'yes_price_dollars': '0.0800'}}",no,0.9999081401003185,0.89,,
passive_limit,0.25,KXTRUFTSA-26JUN12-T3020000,0.9145221220735591,,13,10,3,False,"{'order': {'action': 'buy', 'book_side': 'ask', 'client_order_id': 'c4775c70-e75c-45d7-adb1-2682352db1bb', 'created_time': '2026-06-12T12:46:53.336462Z', 'expiration_time': '2026-06-12T23:59:00Z', 'fill_count_fp': '0.00', 'initial_count_fp': '3.00', 'last_update_time': '2026-06-12T12:46:53.336462Z', 'maker_fees_dollars': '0.000000', 'maker_fill_cost_dollars': '0.000000', 'no_price_dollars': '0.9100', 'order_id': 'dc5df2c4-73d3-473c-89ed-bb74b62dd86f', 'outcome_side': 'no', 'remaining_count_fp': '3.00', 'side': 'no', 'status': 'resting', 'subaccount_number': 0, 'taker_fees_dollars': '0.000000', 'taker_fill_cost_dollars': '0.000000', 'ticker': 'KXTRUFTSA-26JUN12-T3020000', 'type': 'limit', 'user_id': '6db6972a-11ba-4203-a80d-b435f9c20a3f', 'yes_price_dollars': '0.0900'}}",no,0.9999081401003185,0.89,,
passive_limit,0.3,KXTRUFTSA-26JUN12-T3020000,0.9089716105198941,,16,13,3,False,"{'order': {'action': 'buy', 'book_side': 'ask', 'client_order_id': 'b00cb69f-51ae-4841-b618-16c3766fccea', 'created_time': '2026-06-12T12:46:53.4201Z', 'expiration_time': '2026-06-12T23:59:00Z', 'fill_count_fp': '0.00', 'initial_count_fp': '3.00', 'last_update_time': '2026-06-12T12:46:53.4201Z', 'maker_fees_dollars': '0.000000', 'maker_fill_cost_dollars': '0.000000', 'no_price_dollars': '0.9100', 'order_id': 'd0f5cdbf-6bcc-46ee-990a-b1290d2871e2', 'outcome_side': 'no', 'remaining_count_fp': '3.00', 'side': 'no', 'status': 'resting', 'subaccount_number': 0, 'taker_fees_dollars': '0.000000', 'taker_fill_cost_dollars': '0.000000', 'ticker': 'KXTRUFTSA-26JUN12-T3020000', 'type': 'limit', 'user_id': '6db6972a-11ba-4203-a80d-b435f9c20a3f', 'yes_price_dollars': '0.0900'}}",no,0.9999081401003185,0.89,,
passive_limit,0.35,KXTRUFTSA-26JUN12-T3020000,0.9026501945837756,,19,16,3,False,"{'order': {'action': 'buy', 'book_side': 'ask', 'client_order_id': 'ff17b557-d107-45ab-ba50-43c225ab698b', 'created_time': '2026-06-12T12:46:53.513601Z', 'expiration_time': '2026-06-12T23:59:00Z', 'fill_count_fp': '0.00', 'initial_count_fp': '3.00', 'last_update_time': '2026-06-12T12:46:53.513601Z', 'maker_fees_dollars': '0.000000', 'maker_fill_cost_dollars': '0.000000', 'no_price_dollars': '0.9000', 'order_id': 'd671a3b5-cd13-484b-8749-cd5ae9becc23', 'outcome_side': 'no', 'remaining_count_fp': '3.00', 'side': 'no', 'status': 'resting', 'subaccount_number': 0, 'taker_fees_dollars': '0.000000', 'taker_fill_cost_dollars': '0.000000', 'ticker': 'KXTRUFTSA-26JUN12-T3020000', 'type': 'limit', 'user_id': '6db6972a-11ba-4203-a80d-b435f9c20a3f', 'yes_price_dollars': '0.1000'}}",no,0.9999081401003185,0.89,,
passive_limit,0.4,KXTRUFTSA-26JUN12-T3020000,0.8953852837318186,,22,19,3,False,"{'order': {'action': 'buy', 'book_side': 'ask', 'client_order_id': '8d3f2bea-d03f-4cc1-a2fc-4c84fe5fe1ab', 'created_time': '2026-06-12T12:46:53.621398Z', 'expiration_time': '2026-06-12T23:59:00Z', 'fill_count_fp': '0.00', 'initial_count_fp': '3.00', 'last_update_time': '2026-06-12T12:46:53.621398Z', 'maker_fees_dollars': '0.000000', 'maker_fill_cost_dollars': '0.000000', 'no_price_dollars': '0.9000', 'order_id': 'e59a7983-c7e2-4232-81ee-ce49fcfd0fb1', 'outcome_side': 'no', 'remaining_count_fp': '3.00', 'side': 'no', 'status': 'resting', 'subaccount_number': 0, 'taker_fees_dollars': '0.000000', 'taker_fill_cost_dollars': '0.000000', 'ticker': 'KXTRUFTSA-26JUN12-T3020000', 'type': 'limit', 'user_id': '6db6972a-11ba-4203-a80d-b435f9c20a3f', 'yes_price_dollars': '0.1000'}}",no,0.9999081401003185,0.89,,
passive_limit,0.15,KXTRUFTSA-26JUN12-T3120000,0.9239130430389283,,8,0,8,False,"{'order': {'action': 'buy', 'book_side': 'ask', 'client_order_id': '2e279861-e973-4c69-b46c-c4410cafd716', 'created_time': '2026-06-12T12:46:54.348615Z', 'expiration_time': '2026-06-12T23:59:00Z', 'fill_count_fp': '0.00', 'initial_count_fp': '8.00', 'last_update_time': '2026-06-12T12:46:54.348615Z', 'maker_fees_dollars': '0.000000', 'maker_fill_cost_dollars': '0.000000', 'no_price_dollars': '0.9200', 'order_id': 'ee059015-e0bf-4f83-8a61-1413f5ea46f1', 'outcome_side': 'no', 'remaining_count_fp': '8.00', 'side': 'no', 'status': 'resting', 'subaccount_number': 0, 'taker_fees_dollars': '0.000000', 'taker_fill_cost_dollars': '0.000000', 'ticker': 'KXTRUFTSA-26JUN12-T3120000', 'type': 'limit', 'user_id': '6db6972a-11ba-4203-a80d-b435f9c20a3f', 'yes_price_dollars': '0.0800'}}",no,0.9999999995958141,0.9299999999999999,,
passive_limit,0.2,KXTRUFTSA-26JUN12-T3120000,0.9195402294204758,,10,8,2,False,"{'order': {'action': 'buy', 'book_side': 'ask', 'client_order_id': 'c002ed18-ca28-4df3-8340-82b8cae23fec', 'created_time': '2026-06-12T12:46:54.463457Z', 'expiration_time': '2026-06-12T23:59:00Z', 'fill_count_fp': '0.00', 'initial_count_fp': '2.00', 'last_update_time': '2026-06-12T12:46:54.463457Z', 'maker_fees_dollars': '0.000000', 'maker_fill_cost_dollars': '0.000000', 'no_price_dollars': '0.9200', 'order_id': 'd0ba28e0-5d8a-4ee8-ba4f-75de9d19fbd9', 'outcome_side': 'no', 'remaining_count_fp': '2.00', 'side': 'no', 'status': 'resting', 'subaccount_number': 0, 'taker_fees_dollars': '0.000000', 'taker_fill_cost_dollars': '0.000000', 'ticker': 'KXTRUFTSA-26JUN12-T3120000', 'type': 'limit', 'user_id': '6db6972a-11ba-4203-a80d-b435f9c20a3f', 'yes_price_dollars': '0.0800'}}",no,0.9999999995958141,0.9299999999999999,,
passive_limit,0.25,KXTRUFTSA-26JUN12-T3120000,0.9146341458485537,,13,10,3,False,"{'order': {'action': 'buy', 'book_side': 'ask', 'client_order_id': '3cf4ad5e-c669-477b-9f75-33f070228734', 'created_time': '2026-06-12T12:46:54.559961Z', 'expiration_time': '2026-06-12T23:59:00Z', 'fill_count_fp': '0.00', 'initial_count_fp': '3.00', 'last_update_time': '2026-06-12T12:46:54.559961Z', 'maker_fees_dollars': '0.000000', 'maker_fill_cost_dollars': '0.000000', 'no_price_dollars': '0.9100', 'order_id': '8d19266a-ce90-4d63-a3f8-adce036e0e2f', 'outcome_side': 'no', 'remaining_count_fp': '3.00', 'side': 'no', 'status': 'resting', 'subaccount_number': 0, 'taker_fees_dollars': '0.000000', 'taker_fill_cost_dollars': '0.000000', 'ticker': 'KXTRUFTSA-26JUN12-T3120000', 'type': 'limit', 'user_id': '6db6972a-11ba-4203-a80d-b435f9c20a3f', 'yes_price_dollars': '0.0900'}}",no,0.9999999995958141,0.9299999999999999,,
passive_limit,0.3,KXTRUFTSA-26JUN12-T3120000,0.9090909085659924,,16,13,3,False,"{'order': {'action': 'buy', 'book_side': 'ask', 'client_order_id': '36fc9aee-83b8-4c5a-b639-20590dec1bd0', 'created_time': '2026-06-12T12:46:54.67062Z', 'expiration_time': '2026-06-12T23:59:00Z', 'fill_count_fp': '0.00', 'initial_count_fp': '3.00', 'last_update_time': '2026-06-12T12:46:54.67062Z', 'maker_fees_dollars': '0.000000', 'maker_fill_cost_dollars': '0.000000', 'no_price_dollars': '0.9100', 'order_id': '2f135126-46b3-4523-ac41-87e619a457e6', 'outcome_side': 'no', 'remaining_count_fp': '3.00', 'side': 'no', 'status': 'resting', 'subaccount_number': 0, 'taker_fees_dollars': '0.000000', 'taker_fill_cost_dollars': '0.000000', 'ticker': 'KXTRUFTSA-26JUN12-T3120000', 'type': 'limit', 'user_id': '6db6972a-11ba-4203-a80d-b435f9c20a3f', 'yes_price_dollars': '0.0900'}}",no,0.9999999995958141,0.9299999999999999,,
passive_limit,0.35,KXTRUFTSA-26JUN12-T3120000,0.9027777772164084,,19,16,3,False,"{'order': {'action': 'buy', 'book_side': 'ask', 'client_order_id': '00896c9b-8c10-4ee4-8fe1-a194a6371455', 'created_time': '2026-06-12T12:46:54.757733Z', 'expiration_time': '2026-06-12T23:59:00Z', 'fill_count_fp': '0.00', 'initial_count_fp': '3.00', 'last_update_time': '2026-06-12T12:46:54.757733Z', 'maker_fees_dollars': '0.000000', 'maker_fill_cost_dollars': '0.000000', 'no_price_dollars': '0.9000', 'order_id': '1fff2bf9-90b9-4ca2-ae3e-4bb4fe9d8169', 'outcome_side': 'no', 'remaining_count_fp': '3.00', 'side': 'no', 'status': 'resting', 'subaccount_number': 0, 'taker_fees_dollars': '0.000000', 'taker_fill_cost_dollars': '0.000000', 'ticker': 'KXTRUFTSA-26JUN12-T3120000', 'type': 'limit', 'user_id': '6db6972a-11ba-4203-a80d-b435f9c20a3f', 'yes_price_dollars': '0.1000'}}",no,0.9999999995958141,0.9299999999999999,,
passive_limit,0.4,KXTRUFTSA-26JUN12-T3120000,0.8955223874564389,,22,19,3,False,"{'order': {'action': 'buy', 'book_side': 'ask', 'client_order_id': '0f590c8b-10fd-4653-b58f-56a6bb8d0594', 'created_time': '2026-06-12T12:46:54.854963Z', 'expiration_time': '2026-06-12T23:59:00Z', 'fill_count_fp': '0.00', 'initial_count_fp': '3.00', 'last_update_time': '2026-06-12T12:46:54.854963Z', 'maker_fees_dollars': '0.000000', 'maker_fill_cost_dollars': '0.000000', 'no_price_dollars': '0.9000', 'order_id': '706353b0-4805-4a43-ab83-c182d49fb8c0', 'outcome_side': 'no', 'remaining_count_fp': '3.00', 'side': 'no', 'status': 'resting', 'subaccount_number': 0, 'taker_fees_dollars': '0.000000', 'taker_fill_cost_dollars': '0.000000', 'ticker': 'KXTRUFTSA-26JUN12-T3120000', 'type': 'limit', 'user_id': '6db6972a-11ba-4203-a80d-b435f9c20a3f', 'yes_price_dollars': '0.1000'}}",no,0.9999999995958141,0.9299999999999999,,
passive_limit,0.15,KXTRUFTSA-26JUN12-T3220000,0.9239130434782608,,8,0,8,False,"{'order': {'action': 'buy', 'book_side': 'ask', 'client_order_id': 'eb7c1650-9a01-4c31-bd10-09f630fd41b9', 'created_time': '2026-06-12T12:46:55.702769Z', 'expiration_time': '2026-06-12T23:59:00Z', 'fill_count_fp': '0.00', 'initial_count_fp': '8.00', 'last_update_time': '2026-06-12T12:46:55.702769Z', 'maker_fees_dollars': '0.000000', 'maker_fill_cost_dollars': '0.000000', 'no_price_dollars': '0.9200', 'order_id': '4de0a36e-858a-4cd6-8d40-ab3026e6dbca', 'outcome_side': 'no', 'remaining_count_fp': '8.00', 'side': 'no', 'status': 'resting', 'subaccount_number': 0, 'taker_fees_dollars': '0.000000', 'taker_fill_cost_dollars': '0.000000', 'ticker': 'KXTRUFTSA-26JUN12-T3220000', 'type': 'limit', 'user_id': '6db6972a-11ba-4203-a80d-b435f9c20a3f', 'yes_price_dollars': '0.0800'}}",no,1.0,0.94,,
passive_limit,0.2,KXTRUFTSA-26JUN12-T3220000,0.9195402298850575,,10,8,2,False,"{'order': {'action': 'buy', 'book_side': 'ask', 'client_order_id': '889654cb-819e-495a-aea9-51fa9e877abd', 'created_time': '2026-06-12T12:46:55.824982Z', 'expiration_time': '2026-06-12T23:59:00Z', 'fill_count_fp': '0.00', 'initial_count_fp': '2.00', 'last_update_time': '2026-06-12T12:46:55.824982Z', 'maker_fees_dollars': '0.000000', 'maker_fill_cost_dollars': '0.000000', 'no_price_dollars': '0.9200', 'order_id': 'b6d335a1-58ee-45ab-9ead-f8671d8760ae', 'outcome_side': 'no', 'remaining_count_fp': '2.00', 'side': 'no', 'status': 'resting', 'subaccount_number': 0, 'taker_fees_dollars': '0.000000', 'taker_fill_cost_dollars': '0.000000', 'ticker': 'KXTRUFTSA-26JUN12-T3220000', 'type': 'limit', 'user_id': '6db6972a-11ba-4203-a80d-b435f9c20a3f', 'yes_price_dollars': '0.0800'}}",no,1.0,0.94,,
passive_limit,0.25,KXTRUFTSA-26JUN12-T3220000,0.9146341463414633,,13,10,3,False,"{'order': {'action': 'buy', 'book_side': 'ask', 'client_order_id': '4955334a-9be7-4556-a353-752f6a89712d', 'created_time': '2026-06-12T12:46:55.957097Z', 'expiration_time': '2026-06-12T23:59:00Z', 'fill_count_fp': '0.00', 'initial_count_fp': '3.00', 'last_update_time': '2026-06-12T12:46:55.957097Z', 'maker_fees_dollars': '0.000000', 'maker_fill_cost_dollars': '0.000000', 'no_price_dollars': '0.9100', 'order_id': 'bfbe8f22-60a2-4912-9df9-4451fc8a2c84', 'outcome_side': 'no', 'remaining_count_fp': '3.00', 'side': 'no', 'status': 'resting', 'subaccount_number': 0, 'taker_fees_dollars': '0.000000', 'taker_fill_cost_dollars': '0.000000', 'ticker': 'KXTRUFTSA-26JUN12-T3220000', 'type': 'limit', 'user_id': '6db6972a-11ba-4203-a80d-b435f9c20a3f', 'yes_price_dollars': '0.0900'}}",no,1.0,0.94,,
passive_limit,0.3,KXTRUFTSA-26JUN12-T3220000,0.9090909090909091,,16,13,3,False,"{'order': {'action': 'buy', 'book_side': 'ask', 'client_order_id': '19757e35-2d9d-4515-ae19-46f8e86e9d39', 'created_time': '2026-06-12T12:46:56.047697Z', 'expiration_time': '2026-06-12T23:59:00Z', 'fill_count_fp': '0.00', 'initial_count_fp': '3.00', 'last_update_time': '2026-06-12T12:46:56.047697Z', 'maker_fees_dollars': '0.000000', 'maker_fill_cost_dollars': '0.000000', 'no_price_dollars': '0.9100', 'order_id': '292f9803-131b-492c-860d-769736ea9496', 'outcome_side': 'no', 'remaining_count_fp': '3.00', 'side': 'no', 'status': 'resting', 'subaccount_number': 0, 'taker_fees_dollars': '0.000000', 'taker_fill_cost_dollars': '0.000000', 'ticker': 'KXTRUFTSA-26JUN12-T3220000', 'type': 'limit', 'user_id': '6db6972a-11ba-4203-a80d-b435f9c20a3f', 'yes_price_dollars': '0.0900'}}",no,1.0,0.94,,
passive_limit,0.35,KXTRUFTSA-26JUN12-T3220000,0.9027777777777777,,19,16,3,False,"{'order': {'action': 'buy', 'book_side': 'ask', 'client_order_id': 'f95acd22-a001-4fe1-911b-29fa58fa36e0', 'created_time': '2026-06-12T12:46:56.137112Z', 'expiration_time': '2026-06-12T23:59:00Z', 'fill_count_fp': '0.00', 'initial_count_fp': '3.00', 'last_update_time': '2026-06-12T12:46:56.137112Z', 'maker_fees_dollars': '0.000000', 'maker_fill_cost_dollars': '0.000000', 'no_price_dollars': '0.9000', 'order_id': 'd2971f84-85ad-420f-87d5-dfe105cbeb19', 'outcome_side': 'no', 'remaining_count_fp': '3.00', 'side': 'no', 'status': 'resting', 'subaccount_number': 0, 'taker_fees_dollars': '0.000000', 'taker_fill_cost_dollars': '0.000000', 'ticker': 'KXTRUFTSA-26JUN12-T3220000', 'type': 'limit', 'user_id': '6db6972a-11ba-4203-a80d-b435f9c20a3f', 'yes_price_dollars': '0.1000'}}",no,1.0,0.94,,
passive_limit,0.4,KXTRUFTSA-26JUN12-T3220000,0.8955223880597014,,22,19,3,False,"{'order': {'action': 'buy', 'book_side': 'ask', 'client_order_id': '9b5e1816-755d-4d25-bc47-32d62e418d35', 'created_time': '2026-06-12T12:46:56.262865Z', 'expiration_time': '2026-06-12T23:59:00Z', 'fill_count_fp': '0.00', 'initial_count_fp': '3.00', 'last_update_time': '2026-06-12T12:46:56.262865Z', 'maker_fees_dollars': '0.000000', 'maker_fill_cost_dollars': '0.000000', 'no_price_dollars': '0.9000', 'order_id': 'c22b8dc2-a23f-4d29-b87e-e3f36306411b', 'outcome_side': 'no', 'remaining_count_fp': '3.00', 'side': 'no', 'status': 'resting', 'subaccount_number': 0, 'taker_fees_dollars': '0.000000', 'taker_fill_cost_dollars': '0.000000', 'ticker': 'KXTRUFTSA-26JUN12-T3220000', 'type': 'limit', 'user_id': '6db6972a-11ba-4203-a80d-b435f9c20a3f', 'yes_price_dollars': '0.1000'}}",no,1.0,0.94,,
