type,pct,ticker,price,best_ask,target_shares,exposure_before,shares,dry_run,response,side,model_prob,market_prob,limit_price,available_shares
passive_limit,0.1,KXTSAW-26JUN14-A2.45,0.9278350515463917,0.99,13,0,13,False,"{'order': {'action': 'buy', 'book_side': 'bid', 'client_order_id': '6710958c-0301-407a-a8ae-658c162233a9', 'created_time': '2026-06-09T21:28:52.83678Z', 'expiration_time': '2026-06-09T23:59:00Z', 'fill_count_fp': '0.00', 'initial_count_fp': '13.00', 'last_update_time': '2026-06-09T21:28:52.83678Z', 'maker_fees_dollars': '0.000000', 'maker_fill_cost_dollars': '0.000000', 'no_price_dollars': '0.0700', 'order_id': '2afa1d5b-71b7-4ebc-a395-39fa46ae7228', 'outcome_side': 'yes', 'remaining_count_fp': '13.00', 'side': 'yes', 'status': 'resting', 'subaccount_number': 0, 'taker_fees_dollars': '0.000000', 'taker_fill_cost_dollars': '0.000000', 'ticker': 'KXTSAW-26JUN14-A2.45', 'type': 'limit', 'user_id': '6db6972a-11ba-4203-a80d-b435f9c20a3f', 'yes_price_dollars': '0.9300'}}",yes,1.0,0.945,,
passive_limit,0.15,KXTSAW-26JUN14-A2.45,0.9239130434782608,0.99,20,13,7,False,"{'order': {'action': 'buy', 'book_side': 'bid', 'client_order_id': 'd6e9d20f-481b-4280-a8b6-6c6d0503842d', 'created_time': '2026-06-09T21:28:55.26413Z', 'expiration_time': '2026-06-09T23:59:00Z', 'fill_count_fp': '0.00', 'initial_count_fp': '7.00', 'last_update_time': '2026-06-09T21:28:55.26413Z', 'maker_fees_dollars': '0.000000', 'maker_fill_cost_dollars': '0.000000', 'no_price_dollars': '0.0800', 'order_id': '8f4b5656-f28f-4807-a760-dbfcd9021772', 'outcome_side': 'yes', 'remaining_count_fp': '7.00', 'side': 'yes', 'status': 'resting', 'subaccount_number': 0, 'taker_fees_dollars': '0.000000', 'taker_fill_cost_dollars': '0.000000', 'ticker': 'KXTSAW-26JUN14-A2.45', 'type': 'limit', 'user_id': '6db6972a-11ba-4203-a80d-b435f9c20a3f', 'yes_price_dollars': '0.9200'}}",yes,1.0,0.945,,
passive_limit,0.2,KXTSAW-26JUN14-A2.45,0.9195402298850575,0.99,27,20,7,False,"{'order': {'action': 'buy', 'book_side': 'bid', 'client_order_id': 'c9c6ca36-0842-4215-a6b4-96ea15da6ea5', 'created_time': '2026-06-09T21:28:57.720307Z', 'expiration_time': '2026-06-09T23:59:00Z', 'fill_count_fp': '0.00', 'initial_count_fp': '7.00', 'last_update_time': '2026-06-09T21:28:57.720307Z', 'maker_fees_dollars': '0.000000', 'maker_fill_cost_dollars': '0.000000', 'no_price_dollars': '0.0800', 'order_id': '241ed1bf-274a-4487-8d72-b025e4c03f0c', 'outcome_side': 'yes', 'remaining_count_fp': '7.00', 'side': 'yes', 'status': 'resting', 'subaccount_number': 0, 'taker_fees_dollars': '0.000000', 'taker_fill_cost_dollars': '0.000000', 'ticker': 'KXTSAW-26JUN14-A2.45', 'type': 'limit', 'user_id': '6db6972a-11ba-4203-a80d-b435f9c20a3f', 'yes_price_dollars': '0.9200'}}",yes,1.0,0.945,,
passive_limit,0.25,KXTSAW-26JUN14-A2.45,0.9146341463414633,0.99,33,27,6,False,"{'order': {'action': 'buy', 'book_side': 'bid', 'client_order_id': '2b621f0d-4edb-418e-9433-d5a7ebf666f7', 'created_time': '2026-06-09T21:29:00.072799Z', 'expiration_time': '2026-06-09T23:59:00Z', 'fill_count_fp': '0.00', 'initial_count_fp': '6.00', 'last_update_time': '2026-06-09T21:29:00.072799Z', 'maker_fees_dollars': '0.000000', 'maker_fill_cost_dollars': '0.000000', 'no_price_dollars': '0.0900', 'order_id': 'f50974c8-8351-4b96-9522-049ecd7844a9', 'outcome_side': 'yes', 'remaining_count_fp': '6.00', 'side': 'yes', 'status': 'resting', 'subaccount_number': 0, 'taker_fees_dollars': '0.000000', 'taker_fill_cost_dollars': '0.000000', 'ticker': 'KXTSAW-26JUN14-A2.45', 'type': 'limit', 'user_id': '6db6972a-11ba-4203-a80d-b435f9c20a3f', 'yes_price_dollars': '0.9100'}}",yes,1.0,0.945,,
passive_limit,0.3,KXTSAW-26JUN14-A2.45,0.9090909090909091,0.99,40,33,7,False,"{'order': {'action': 'buy', 'book_side': 'bid', 'client_order_id': '5f1b46ce-5ecf-4d97-8c11-6b71671e8ebb', 'created_time': '2026-06-09T21:29:02.404279Z', 'expiration_time': '2026-06-09T23:59:00Z', 'fill_count_fp': '0.00', 'initial_count_fp': '7.00', 'last_update_time': '2026-06-09T21:29:02.404279Z', 'maker_fees_dollars': '0.000000', 'maker_fill_cost_dollars': '0.000000', 'no_price_dollars': '0.0900', 'order_id': '312ac28e-4072-46d4-beb5-bbd01cc468bf', 'outcome_side': 'yes', 'remaining_count_fp': '7.00', 'side': 'yes', 'status': 'resting', 'subaccount_number': 0, 'taker_fees_dollars': '0.000000', 'taker_fill_cost_dollars': '0.000000', 'ticker': 'KXTSAW-26JUN14-A2.45', 'type': 'limit', 'user_id': '6db6972a-11ba-4203-a80d-b435f9c20a3f', 'yes_price_dollars': '0.9100'}}",yes,1.0,0.945,,
passive_limit,0.35,KXTSAW-26JUN14-A2.45,0.9027777777777777,0.99,48,40,8,False,"{'order': {'action': 'buy', 'book_side': 'bid', 'client_order_id': '0f170ec1-9c47-42b7-b00b-5736e30ef017', 'created_time': '2026-06-09T21:29:04.739997Z', 'expiration_time': '2026-06-09T23:59:00Z', 'fill_count_fp': '0.00', 'initial_count_fp': '8.00', 'last_update_time': '2026-06-09T21:29:04.739997Z', 'maker_fees_dollars': '0.000000', 'maker_fill_cost_dollars': '0.000000', 'no_price_dollars': '0.1000', 'order_id': 'd97f5edf-c64e-4fa1-9df8-d6a6c0dbb2a4', 'outcome_side': 'yes', 'remaining_count_fp': '8.00', 'side': 'yes', 'status': 'resting', 'subaccount_number': 0, 'taker_fees_dollars': '0.000000', 'taker_fill_cost_dollars': '0.000000', 'ticker': 'KXTSAW-26JUN14-A2.45', 'type': 'limit', 'user_id': '6db6972a-11ba-4203-a80d-b435f9c20a3f', 'yes_price_dollars': '0.9000'}}",yes,1.0,0.945,,
passive_limit,0.4,KXTSAW-26JUN14-A2.45,0.8955223880597014,0.99,55,48,7,False,"{'order': {'action': 'buy', 'book_side': 'bid', 'client_order_id': '9af2c4d3-845c-4eaf-8d16-c7db674e7c26', 'created_time': '2026-06-09T21:29:07.053837Z', 'expiration_time': '2026-06-09T23:59:00Z', 'fill_count_fp': '0.00', 'initial_count_fp': '7.00', 'last_update_time': '2026-06-09T21:29:07.053837Z', 'maker_fees_dollars': '0.000000', 'maker_fill_cost_dollars': '0.000000', 'no_price_dollars': '0.1000', 'order_id': '05183805-421e-4073-ba9f-20bff794b3da', 'outcome_side': 'yes', 'remaining_count_fp': '7.00', 'side': 'yes', 'status': 'resting', 'subaccount_number': 0, 'taker_fees_dollars': '0.000000', 'taker_fill_cost_dollars': '0.000000', 'ticker': 'KXTSAW-26JUN14-A2.45', 'type': 'limit', 'user_id': '6db6972a-11ba-4203-a80d-b435f9c20a3f', 'yes_price_dollars': '0.9000'}}",yes,1.0,0.945,,
passive_limit,0.1,KXTSAW-26JUN14-A2.50,0.9278350515463917,0.99,13,0,13,False,"{'order': {'action': 'buy', 'book_side': 'bid', 'client_order_id': '71de514f-8a11-4f61-8d75-26bd685e0499', 'created_time': '2026-06-09T21:29:08.795796Z', 'expiration_time': '2026-06-09T23:59:00Z', 'fill_count_fp': '0.00', 'initial_count_fp': '13.00', 'last_update_time': '2026-06-09T21:29:08.795796Z', 'maker_fees_dollars': '0.000000', 'maker_fill_cost_dollars': '0.000000', 'no_price_dollars': '0.0700', 'order_id': '3187c26e-b77a-4d16-baf7-1f5639ed1242', 'outcome_side': 'yes', 'remaining_count_fp': '13.00', 'side': 'yes', 'status': 'resting', 'subaccount_number': 0, 'taker_fees_dollars': '0.000000', 'taker_fill_cost_dollars': '0.000000', 'ticker': 'KXTSAW-26JUN14-A2.50', 'type': 'limit', 'user_id': '6db6972a-11ba-4203-a80d-b435f9c20a3f', 'yes_price_dollars': '0.9300'}}",yes,1.0,0.945,,
passive_limit,0.15,KXTSAW-26JUN14-A2.50,0.9239130434782608,0.99,20,13,7,False,"{'order': {'action': 'buy', 'book_side': 'bid', 'client_order_id': '93cd7876-d6c6-4d51-838f-d97ec61c9460', 'created_time': '2026-06-09T21:29:11.297253Z', 'expiration_time': '2026-06-09T23:59:00Z', 'fill_count_fp': '0.00', 'initial_count_fp': '7.00', 'last_update_time': '2026-06-09T21:29:11.297253Z', 'maker_fees_dollars': '0.000000', 'maker_fill_cost_dollars': '0.000000', 'no_price_dollars': '0.0800', 'order_id': '51487181-1057-42d5-976c-6bae53b1c654', 'outcome_side': 'yes', 'remaining_count_fp': '7.00', 'side': 'yes', 'status': 'resting', 'subaccount_number': 0, 'taker_fees_dollars': '0.000000', 'taker_fill_cost_dollars': '0.000000', 'ticker': 'KXTSAW-26JUN14-A2.50', 'type': 'limit', 'user_id': '6db6972a-11ba-4203-a80d-b435f9c20a3f', 'yes_price_dollars': '0.9200'}}",yes,1.0,0.945,,
passive_limit,0.2,KXTSAW-26JUN14-A2.50,0.9195402298850575,0.99,27,20,7,False,"{'order': {'action': 'buy', 'book_side': 'bid', 'client_order_id': '8bc0e031-76f8-4b4b-8df0-ae8aea6bfefd', 'created_time': '2026-06-09T21:29:13.636695Z', 'expiration_time': '2026-06-09T23:59:00Z', 'fill_count_fp': '0.00', 'initial_count_fp': '7.00', 'last_update_time': '2026-06-09T21:29:13.636695Z', 'maker_fees_dollars': '0.000000', 'maker_fill_cost_dollars': '0.000000', 'no_price_dollars': '0.0800', 'order_id': '59b2d908-cf61-4bfb-88f2-ece8d04c5680', 'outcome_side': 'yes', 'remaining_count_fp': '7.00', 'side': 'yes', 'status': 'resting', 'subaccount_number': 0, 'taker_fees_dollars': '0.000000', 'taker_fill_cost_dollars': '0.000000', 'ticker': 'KXTSAW-26JUN14-A2.50', 'type': 'limit', 'user_id': '6db6972a-11ba-4203-a80d-b435f9c20a3f', 'yes_price_dollars': '0.9200'}}",yes,1.0,0.945,,
passive_limit,0.25,KXTSAW-26JUN14-A2.50,0.9146341463414633,0.99,33,27,6,False,"{'order': {'action': 'buy', 'book_side': 'bid', 'client_order_id': '9b05549e-19e5-41f6-bb1d-0263aa2b56ba', 'created_time': '2026-06-09T21:29:15.964189Z', 'expiration_time': '2026-06-09T23:59:00Z', 'fill_count_fp': '0.00', 'initial_count_fp': '6.00', 'last_update_time': '2026-06-09T21:29:15.964189Z', 'maker_fees_dollars': '0.000000', 'maker_fill_cost_dollars': '0.000000', 'no_price_dollars': '0.0900', 'order_id': 'b3e0bcab-aa0a-44c0-a669-6779258ea45c', 'outcome_side': 'yes', 'remaining_count_fp': '6.00', 'side': 'yes', 'status': 'resting', 'subaccount_number': 0, 'taker_fees_dollars': '0.000000', 'taker_fill_cost_dollars': '0.000000', 'ticker': 'KXTSAW-26JUN14-A2.50', 'type': 'limit', 'user_id': '6db6972a-11ba-4203-a80d-b435f9c20a3f', 'yes_price_dollars': '0.9100'}}",yes,1.0,0.945,,
passive_limit,0.3,KXTSAW-26JUN14-A2.50,0.9090909090909091,0.99,40,33,7,False,"{'order': {'action': 'buy', 'book_side': 'bid', 'client_order_id': '5f5f1ba5-5a8b-4334-9f99-960d7c38ceac', 'created_time': '2026-06-09T21:29:18.297152Z', 'expiration_time': '2026-06-09T23:59:00Z', 'fill_count_fp': '0.00', 'initial_count_fp': '7.00', 'last_update_time': '2026-06-09T21:29:18.297152Z', 'maker_fees_dollars': '0.000000', 'maker_fill_cost_dollars': '0.000000', 'no_price_dollars': '0.0900', 'order_id': 'b6348c05-721a-432b-9096-8fd937942e42', 'outcome_side': 'yes', 'remaining_count_fp': '7.00', 'side': 'yes', 'status': 'resting', 'subaccount_number': 0, 'taker_fees_dollars': '0.000000', 'taker_fill_cost_dollars': '0.000000', 'ticker': 'KXTSAW-26JUN14-A2.50', 'type': 'limit', 'user_id': '6db6972a-11ba-4203-a80d-b435f9c20a3f', 'yes_price_dollars': '0.9100'}}",yes,1.0,0.945,,
passive_limit,0.35,KXTSAW-26JUN14-A2.50,0.9027777777777777,0.99,48,40,8,False,"{'order': {'action': 'buy', 'book_side': 'bid', 'client_order_id': 'dcfc5069-4c46-4bab-a160-2f13c30c08af', 'created_time': '2026-06-09T21:29:20.648197Z', 'expiration_time': '2026-06-09T23:59:00Z', 'fill_count_fp': '0.00', 'initial_count_fp': '8.00', 'last_update_time': '2026-06-09T21:29:20.648197Z', 'maker_fees_dollars': '0.000000', 'maker_fill_cost_dollars': '0.000000', 'no_price_dollars': '0.1000', 'order_id': '8b842527-fddd-469f-b5f6-24664c4d937e', 'outcome_side': 'yes', 'remaining_count_fp': '8.00', 'side': 'yes', 'status': 'resting', 'subaccount_number': 0, 'taker_fees_dollars': '0.000000', 'taker_fill_cost_dollars': '0.000000', 'ticker': 'KXTSAW-26JUN14-A2.50', 'type': 'limit', 'user_id': '6db6972a-11ba-4203-a80d-b435f9c20a3f', 'yes_price_dollars': '0.9000'}}",yes,1.0,0.945,,
passive_limit,0.4,KXTSAW-26JUN14-A2.50,0.8955223880597014,0.99,55,48,7,False,"{'order': {'action': 'buy', 'book_side': 'bid', 'client_order_id': '75a6a93d-53ce-4da8-a92e-97fc6feeea37', 'created_time': '2026-06-09T21:29:22.959057Z', 'expiration_time': '2026-06-09T23:59:00Z', 'fill_count_fp': '0.00', 'initial_count_fp': '7.00', 'last_update_time': '2026-06-09T21:29:22.959057Z', 'maker_fees_dollars': '0.000000', 'maker_fill_cost_dollars': '0.000000', 'no_price_dollars': '0.1000', 'order_id': 'ae181460-bcaf-4824-804c-22f0882248a2', 'outcome_side': 'yes', 'remaining_count_fp': '7.00', 'side': 'yes', 'status': 'resting', 'subaccount_number': 0, 'taker_fees_dollars': '0.000000', 'taker_fill_cost_dollars': '0.000000', 'ticker': 'KXTSAW-26JUN14-A2.50', 'type': 'limit', 'user_id': '6db6972a-11ba-4203-a80d-b435f9c20a3f', 'yes_price_dollars': '0.9000'}}",yes,1.0,0.945,,
passive_limit,0.1,KXTSAW-26JUN14-A2.55,0.9278350514212226,0.99,13,0,13,False,"{'order': {'action': 'buy', 'book_side': 'bid', 'client_order_id': 'ae34c473-109f-4e7b-b764-40a76ee9f247', 'created_time': '2026-06-09T21:29:25.6865Z', 'expiration_time': '2026-06-09T23:59:00Z', 'fill_count_fp': '0.00', 'initial_count_fp': '13.00', 'last_update_time': '2026-06-09T21:29:25.6865Z', 'maker_fees_dollars': '0.000000', 'maker_fill_cost_dollars': '0.000000', 'no_price_dollars': '0.0700', 'order_id': '6578f13d-d8ee-4364-9e15-c954d45bec96', 'outcome_side': 'yes', 'remaining_count_fp': '13.00', 'side': 'yes', 'status': 'resting', 'subaccount_number': 0, 'taker_fees_dollars': '0.000000', 'taker_fill_cost_dollars': '0.000000', 'ticker': 'KXTSAW-26JUN14-A2.55', 'type': 'limit', 'user_id': '6db6972a-11ba-4203-a80d-b435f9c20a3f', 'yes_price_dollars': '0.9300'}}",yes,0.999999999878586,0.965,,
passive_limit,0.15,KXTSAW-26JUN14-A2.55,0.9239130433462891,0.99,20,13,7,False,"{'order': {'action': 'buy', 'book_side': 'bid', 'client_order_id': 'f9a8ec3f-c4d8-49dd-b50c-786d1dcb18b6', 'created_time': '2026-06-09T21:29:28.247805Z', 'expiration_time': '2026-06-09T23:59:00Z', 'fill_count_fp': '0.00', 'initial_count_fp': '7.00', 'last_update_time': '2026-06-09T21:29:28.247805Z', 'maker_fees_dollars': '0.000000', 'maker_fill_cost_dollars': '0.000000', 'no_price_dollars': '0.0800', 'order_id': '666aa3c0-4a91-458f-ad45-1b346d594c16', 'outcome_side': 'yes', 'remaining_count_fp': '7.00', 'side': 'yes', 'status': 'resting', 'subaccount_number': 0, 'taker_fees_dollars': '0.000000', 'taker_fill_cost_dollars': '0.000000', 'ticker': 'KXTSAW-26JUN14-A2.55', 'type': 'limit', 'user_id': '6db6972a-11ba-4203-a80d-b435f9c20a3f', 'yes_price_dollars': '0.9200'}}",yes,0.999999999878586,0.965,,
passive_limit,0.2,KXTSAW-26JUN14-A2.55,0.9195402297455011,0.99,27,20,7,False,"{'order': {'action': 'buy', 'book_side': 'bid', 'client_order_id': '8795d3ee-8a25-4359-8453-d444bd288a73', 'created_time': '2026-06-09T21:29:30.609082Z', 'expiration_time': '2026-06-09T23:59:00Z', 'fill_count_fp': '0.00', 'initial_count_fp': '7.00', 'last_update_time': '2026-06-09T21:29:30.609082Z', 'maker_fees_dollars': '0.000000', 'maker_fill_cost_dollars': '0.000000', 'no_price_dollars': '0.0800', 'order_id': '8ead143a-1bfd-44d7-90b4-5d0e0c3fdbe6', 'outcome_side': 'yes', 'remaining_count_fp': '7.00', 'side': 'yes', 'status': 'resting', 'subaccount_number': 0, 'taker_fees_dollars': '0.000000', 'taker_fill_cost_dollars': '0.000000', 'ticker': 'KXTSAW-26JUN14-A2.55', 'type': 'limit', 'user_id': '6db6972a-11ba-4203-a80d-b435f9c20a3f', 'yes_price_dollars': '0.9200'}}",yes,0.999999999878586,0.965,,
passive_limit,0.25,KXTSAW-26JUN14-A2.55,0.9146341461933976,0.99,33,27,6,False,"{'order': {'action': 'buy', 'book_side': 'bid', 'client_order_id': '34736b04-286e-47c8-9378-e1e6e1d9a901', 'created_time': '2026-06-09T21:29:33.350279Z', 'expiration_time': '2026-06-09T23:59:00Z', 'fill_count_fp': '0.00', 'initial_count_fp': '6.00', 'last_update_time': '2026-06-09T21:29:33.350279Z', 'maker_fees_dollars': '0.000000', 'maker_fill_cost_dollars': '0.000000', 'no_price_dollars': '0.0900', 'order_id': '2f9eb689-7fe7-4243-ab73-b99fcdb2d546', 'outcome_side': 'yes', 'remaining_count_fp': '6.00', 'side': 'yes', 'status': 'resting', 'subaccount_number': 0, 'taker_fees_dollars': '0.000000', 'taker_fill_cost_dollars': '0.000000', 'ticker': 'KXTSAW-26JUN14-A2.55', 'type': 'limit', 'user_id': '6db6972a-11ba-4203-a80d-b435f9c20a3f', 'yes_price_dollars': '0.9100'}}",yes,0.999999999878586,0.965,,
passive_limit,0.3,KXTSAW-26JUN14-A2.55,0.9090909089332285,0.99,40,33,7,False,"{'order': {'action': 'buy', 'book_side': 'bid', 'client_order_id': '1df78176-e064-40c4-b42e-d62a0f2dd18b', 'created_time': '2026-06-09T21:29:35.727351Z', 'expiration_time': '2026-06-09T23:59:00Z', 'fill_count_fp': '0.00', 'initial_count_fp': '7.00', 'last_update_time': '2026-06-09T21:29:35.727351Z', 'maker_fees_dollars': '0.000000', 'maker_fill_cost_dollars': '0.000000', 'no_price_dollars': '0.0900', 'order_id': 'a58b653a-4569-4bdb-944e-2447fe655bcd', 'outcome_side': 'yes', 'remaining_count_fp': '7.00', 'side': 'yes', 'status': 'resting', 'subaccount_number': 0, 'taker_fees_dollars': '0.000000', 'taker_fill_cost_dollars': '0.000000', 'ticker': 'KXTSAW-26JUN14-A2.55', 'type': 'limit', 'user_id': '6db6972a-11ba-4203-a80d-b435f9c20a3f', 'yes_price_dollars': '0.9100'}}",yes,0.999999999878586,0.965,,
passive_limit,0.35,KXTSAW-26JUN14-A2.55,0.9027777776091471,0.99,48,40,8,False,"{'order': {'action': 'buy', 'book_side': 'bid', 'client_order_id': '1b12fd6d-3901-4512-8523-75275343d9ec', 'created_time': '2026-06-09T21:29:38.02119Z', 'expiration_time': '2026-06-09T23:59:00Z', 'fill_count_fp': '0.00', 'initial_count_fp': '8.00', 'last_update_time': '2026-06-09T21:29:38.02119Z', 'maker_fees_dollars': '0.000000', 'maker_fill_cost_dollars': '0.000000', 'no_price_dollars': '0.1000', 'order_id': '21f1ae94-176f-4e12-af6a-96d4fc049ede', 'outcome_side': 'yes', 'remaining_count_fp': '8.00', 'side': 'yes', 'status': 'resting', 'subaccount_number': 0, 'taker_fees_dollars': '0.000000', 'taker_fill_cost_dollars': '0.000000', 'ticker': 'KXTSAW-26JUN14-A2.55', 'type': 'limit', 'user_id': '6db6972a-11ba-4203-a80d-b435f9c20a3f', 'yes_price_dollars': '0.9000'}}",yes,0.999999999878586,0.965,,
passive_limit,0.4,KXTSAW-26JUN14-A2.55,0.8955223878784865,0.99,55,48,7,False,"{'order': {'action': 'buy', 'book_side': 'bid', 'client_order_id': 'cd14d9fe-8218-4917-abbb-f626c92dd271', 'created_time': '2026-06-09T21:29:40.547176Z', 'expiration_time': '2026-06-09T23:59:00Z', 'fill_count_fp': '0.00', 'initial_count_fp': '7.00', 'last_update_time': '2026-06-09T21:29:40.547176Z', 'maker_fees_dollars': '0.000000', 'maker_fill_cost_dollars': '0.000000', 'no_price_dollars': '0.1000', 'order_id': '950cda78-902a-4578-8dd6-447da2996117', 'outcome_side': 'yes', 'remaining_count_fp': '7.00', 'side': 'yes', 'status': 'resting', 'subaccount_number': 0, 'taker_fees_dollars': '0.000000', 'taker_fill_cost_dollars': '0.000000', 'ticker': 'KXTSAW-26JUN14-A2.55', 'type': 'limit', 'user_id': '6db6972a-11ba-4203-a80d-b435f9c20a3f', 'yes_price_dollars': '0.9000'}}",yes,0.999999999878586,0.965,,
passive_limit,0.2,KXTSAW-26JUN14-A2.60,0.9194822406213659,0.99,27,21,6,False,"{'order': {'action': 'buy', 'book_side': 'bid', 'client_order_id': '4333f91b-434e-4edf-86ec-0131dcde64a1', 'created_time': '2026-06-09T21:29:42.295641Z', 'expiration_time': '2026-06-09T23:59:00Z', 'fill_count_fp': '0.00', 'initial_count_fp': '6.00', 'last_update_time': '2026-06-09T21:29:42.295641Z', 'maker_fees_dollars': '0.000000', 'maker_fill_cost_dollars': '0.000000', 'no_price_dollars': '0.0800', 'order_id': 'a32144f1-0822-4f6f-a71a-f9cf5d9532fb', 'outcome_side': 'yes', 'remaining_count_fp': '6.00', 'side': 'yes', 'status': 'resting', 'subaccount_number': 0, 'taker_fees_dollars': '0.000000', 'taker_fill_cost_dollars': '0.000000', 'ticker': 'KXTSAW-26JUN14-A2.60', 'type': 'limit', 'user_id': '6db6972a-11ba-4203-a80d-b435f9c20a3f', 'yes_price_dollars': '0.9200'}}",yes,0.9999495493405884,0.985,,
passive_limit,0.25,KXTSAW-26JUN14-A2.60,0.914572621147059,0.99,33,27,6,False,"{'order': {'action': 'buy', 'book_side': 'bid', 'client_order_id': 'bdc79ed0-6313-4fa5-835a-05b98a978edf', 'created_time': '2026-06-09T21:29:44.659084Z', 'expiration_time': '2026-06-09T23:59:00Z', 'fill_count_fp': '0.00', 'initial_count_fp': '6.00', 'last_update_time': '2026-06-09T21:29:44.659084Z', 'maker_fees_dollars': '0.000000', 'maker_fill_cost_dollars': '0.000000', 'no_price_dollars': '0.0900', 'order_id': '89b13711-3b0a-431a-ae80-d05ccad4646c', 'outcome_side': 'yes', 'remaining_count_fp': '6.00', 'side': 'yes', 'status': 'resting', 'subaccount_number': 0, 'taker_fees_dollars': '0.000000', 'taker_fill_cost_dollars': '0.000000', 'ticker': 'KXTSAW-26JUN14-A2.60', 'type': 'limit', 'user_id': '6db6972a-11ba-4203-a80d-b435f9c20a3f', 'yes_price_dollars': '0.9100'}}",yes,0.9999495493405884,0.985,,
passive_limit,0.3,KXTSAW-26JUN14-A2.60,0.9090253887540111,0.99,40,33,7,False,"{'order': {'action': 'buy', 'book_side': 'bid', 'client_order_id': 'ddf11f4f-d266-4f3a-8e1c-8beb70492766', 'created_time': '2026-06-09T21:29:47.315789Z', 'expiration_time': '2026-06-09T23:59:00Z', 'fill_count_fp': '0.00', 'initial_count_fp': '7.00', 'last_update_time': '2026-06-09T21:29:47.315789Z', 'maker_fees_dollars': '0.000000', 'maker_fill_cost_dollars': '0.000000', 'no_price_dollars': '0.0900', 'order_id': 'd45a4bad-d8f5-4107-babb-b9fb4509c7d8', 'outcome_side': 'yes', 'remaining_count_fp': '7.00', 'side': 'yes', 'status': 'resting', 'subaccount_number': 0, 'taker_fees_dollars': '0.000000', 'taker_fill_cost_dollars': '0.000000', 'ticker': 'KXTSAW-26JUN14-A2.60', 'type': 'limit', 'user_id': '6db6972a-11ba-4203-a80d-b435f9c20a3f', 'yes_price_dollars': '0.9100'}}",yes,0.9999495493405884,0.985,,
passive_limit,0.35,KXTSAW-26JUN14-A2.60,0.9027077074174839,0.99,48,40,8,False,"{'order': {'action': 'buy', 'book_side': 'bid', 'client_order_id': 'e14516d1-59a4-436b-9aef-5364b6f3af08', 'created_time': '2026-06-09T21:29:49.925823Z', 'expiration_time': '2026-06-09T23:59:00Z', 'fill_count_fp': '0.00', 'initial_count_fp': '8.00', 'last_update_time': '2026-06-09T21:29:49.925823Z', 'maker_fees_dollars': '0.000000', 'maker_fill_cost_dollars': '0.000000', 'no_price_dollars': '0.1000', 'order_id': '077ebe3e-bf07-462a-975b-b1bd2da10e23', 'outcome_side': 'yes', 'remaining_count_fp': '8.00', 'side': 'yes', 'status': 'resting', 'subaccount_number': 0, 'taker_fees_dollars': '0.000000', 'taker_fill_cost_dollars': '0.000000', 'ticker': 'KXTSAW-26JUN14-A2.60', 'type': 'limit', 'user_id': '6db6972a-11ba-4203-a80d-b435f9c20a3f', 'yes_price_dollars': '0.9000'}}",yes,0.9999495493405884,0.985,,
passive_limit,0.4,KXTSAW-26JUN14-A2.60,0.8954470885680423,0.99,55,48,7,False,"{'order': {'action': 'buy', 'book_side': 'bid', 'client_order_id': 'acc2361b-573c-4fba-814d-576627d84b32', 'created_time': '2026-06-09T21:29:52.264739Z', 'expiration_time': '2026-06-09T23:59:00Z', 'fill_count_fp': '0.00', 'initial_count_fp': '7.00', 'last_update_time': '2026-06-09T21:29:52.264739Z', 'maker_fees_dollars': '0.000000', 'maker_fill_cost_dollars': '0.000000', 'no_price_dollars': '0.1000', 'order_id': '7275eaab-6d20-41fe-a357-61960a96ba46', 'outcome_side': 'yes', 'remaining_count_fp': '7.00', 'side': 'yes', 'status': 'resting', 'subaccount_number': 0, 'taker_fees_dollars': '0.000000', 'taker_fill_cost_dollars': '0.000000', 'ticker': 'KXTSAW-26JUN14-A2.60', 'type': 'limit', 'user_id': '6db6972a-11ba-4203-a80d-b435f9c20a3f', 'yes_price_dollars': '0.9000'}}",yes,0.9999495493405884,0.985,,
passive_limit,0.15,KXTSAW-26JUN14-A2.70,0.7508580917582782,0.95,24,0,24,False,"{'order': {'action': 'buy', 'book_side': 'ask', 'client_order_id': '7300d879-a9d5-4918-bb74-1aaea7bc564f', 'created_time': '2026-06-09T21:29:56.394465Z', 'expiration_time': '2026-06-09T23:59:00Z', 'fill_count_fp': '0.00', 'initial_count_fp': '24.00', 'last_update_time': '2026-06-09T21:29:56.394465Z', 'maker_fees_dollars': '0.000000', 'maker_fill_cost_dollars': '0.000000', 'no_price_dollars': '0.7500', 'order_id': '319afb6c-081b-4ce8-9672-47e8dfae49dd', 'outcome_side': 'no', 'remaining_count_fp': '24.00', 'side': 'no', 'status': 'resting', 'subaccount_number': 0, 'taker_fees_dollars': '0.000000', 'taker_fill_cost_dollars': '0.000000', 'ticker': 'KXTSAW-26JUN14-A2.70', 'type': 'limit', 'user_id': '6db6972a-11ba-4203-a80d-b435f9c20a3f', 'yes_price_dollars': '0.2500'}}",no,0.840789444417616,0.9299999999999999,,
passive_limit,0.2,KXTSAW-26JUN14-A2.70,0.7365395912846161,0.95,33,24,9,False,"{'order': {'action': 'buy', 'book_side': 'ask', 'client_order_id': 'cae1f226-985e-4aa0-b715-a7270bd88330', 'created_time': '2026-06-09T21:29:58.907911Z', 'expiration_time': '2026-06-09T23:59:00Z', 'fill_count_fp': '0.00', 'initial_count_fp': '9.00', 'last_update_time': '2026-06-09T21:29:58.907911Z', 'maker_fees_dollars': '0.000000', 'maker_fill_cost_dollars': '0.000000', 'no_price_dollars': '0.7400', 'order_id': '4b8ad212-f25b-4c5a-8e9d-b1ef5f618995', 'outcome_side': 'no', 'remaining_count_fp': '9.00', 'side': 'no', 'status': 'resting', 'subaccount_number': 0, 'taker_fees_dollars': '0.000000', 'taker_fill_cost_dollars': '0.000000', 'ticker': 'KXTSAW-26JUN14-A2.70', 'type': 'limit', 'user_id': '6db6972a-11ba-4203-a80d-b435f9c20a3f', 'yes_price_dollars': '0.2600'}}",no,0.840789444417616,0.9299999999999999,,
passive_limit,0.25,KXTSAW-26JUN14-A2.70,0.7204749322166049,0.95,42,33,9,False,"{'order': {'action': 'buy', 'book_side': 'ask', 'client_order_id': '884b0d41-8b94-40ed-9e76-ed7c23db9157', 'created_time': '2026-06-09T21:30:01.272825Z', 'expiration_time': '2026-06-09T23:59:00Z', 'fill_count_fp': '0.00', 'initial_count_fp': '9.00', 'last_update_time': '2026-06-09T21:30:01.272825Z', 'maker_fees_dollars': '0.000000', 'maker_fill_cost_dollars': '0.000000', 'no_price_dollars': '0.7200', 'order_id': 'da353fe5-d184-4a10-b54e-675e7da88bf5', 'outcome_side': 'no', 'remaining_count_fp': '9.00', 'side': 'no', 'status': 'resting', 'subaccount_number': 0, 'taker_fees_dollars': '0.000000', 'taker_fill_cost_dollars': '0.000000', 'ticker': 'KXTSAW-26JUN14-A2.70', 'type': 'limit', 'user_id': '6db6972a-11ba-4203-a80d-b435f9c20a3f', 'yes_price_dollars': '0.2800'}}",no,0.840789444417616,0.9299999999999999,,
passive_limit,0.3,KXTSAW-26JUN14-A2.70,0.7023239537891117,0.95,52,42,10,False,"{'order': {'action': 'buy', 'book_side': 'ask', 'client_order_id': 'fec3c509-e578-42e8-8077-8008ce5e64b6', 'created_time': '2026-06-09T21:30:03.602441Z', 'expiration_time': '2026-06-09T23:59:00Z', 'fill_count_fp': '0.00', 'initial_count_fp': '10.00', 'last_update_time': '2026-06-09T21:30:03.602441Z', 'maker_fees_dollars': '0.000000', 'maker_fill_cost_dollars': '0.000000', 'no_price_dollars': '0.7000', 'order_id': '87769825-cb2e-4ba4-a1af-a4b4b1bf4cf5', 'outcome_side': 'no', 'remaining_count_fp': '10.00', 'side': 'no', 'status': 'resting', 'subaccount_number': 0, 'taker_fees_dollars': '0.000000', 'taker_fill_cost_dollars': '0.000000', 'ticker': 'KXTSAW-26JUN14-A2.70', 'type': 'limit', 'user_id': '6db6972a-11ba-4203-a80d-b435f9c20a3f', 'yes_price_dollars': '0.3000'}}",no,0.840789444417616,0.9299999999999999,,
passive_limit,0.35,KXTSAW-26JUN14-A2.70,0.6816520061355777,0.95,62,52,10,False,"{'order': {'action': 'buy', 'book_side': 'ask', 'client_order_id': '014e043b-5125-4844-83c9-ef37b5b3d500', 'created_time': '2026-06-09T21:30:05.915531Z', 'expiration_time': '2026-06-09T23:59:00Z', 'fill_count_fp': '0.00', 'initial_count_fp': '10.00', 'last_update_time': '2026-06-09T21:30:05.915531Z', 'maker_fees_dollars': '0.000000', 'maker_fill_cost_dollars': '0.000000', 'no_price_dollars': '0.6800', 'order_id': 'eca2907e-9266-4481-9068-91c6622a2b30', 'outcome_side': 'no', 'remaining_count_fp': '10.00', 'side': 'no', 'status': 'resting', 'subaccount_number': 0, 'taker_fees_dollars': '0.000000', 'taker_fill_cost_dollars': '0.000000', 'ticker': 'KXTSAW-26JUN14-A2.70', 'type': 'limit', 'user_id': '6db6972a-11ba-4203-a80d-b435f9c20a3f', 'yes_price_dollars': '0.3200'}}",no,0.840789444417616,0.9299999999999999,,
passive_limit,0.4,KXTSAW-26JUN14-A2.70,0.6578946931606209,0.95,74,62,12,False,"{'order': {'action': 'buy', 'book_side': 'ask', 'client_order_id': '9b144e68-5695-4da2-8c6d-ef8bf24a1c69', 'created_time': '2026-06-09T21:30:08.410408Z', 'expiration_time': '2026-06-09T23:59:00Z', 'fill_count_fp': '0.00', 'initial_count_fp': '12.00', 'last_update_time': '2026-06-09T21:30:08.410408Z', 'maker_fees_dollars': '0.000000', 'maker_fill_cost_dollars': '0.000000', 'no_price_dollars': '0.6600', 'order_id': '020194be-4235-40bc-a292-1c36cc5f61ef', 'outcome_side': 'no', 'remaining_count_fp': '12.00', 'side': 'no', 'status': 'resting', 'subaccount_number': 0, 'taker_fees_dollars': '0.000000', 'taker_fill_cost_dollars': '0.000000', 'ticker': 'KXTSAW-26JUN14-A2.70', 'type': 'limit', 'user_id': '6db6972a-11ba-4203-a80d-b435f9c20a3f', 'yes_price_dollars': '0.3400'}}",no,0.840789444417616,0.9299999999999999,,
passive_limit,0.1,KXTRUFTSA-26JUN09-T2170000,0.9277761120301752,,5,0,5,False,"{'order': {'action': 'buy', 'book_side': 'bid', 'client_order_id': 'd78b0818-5460-4b8a-8ec0-858bc8547547', 'created_time': '2026-06-09T21:30:21.340053Z', 'expiration_time': '2026-06-09T23:59:00Z', 'fill_count_fp': '0.00', 'initial_count_fp': '5.00', 'last_update_time': '2026-06-09T21:30:21.340053Z', 'maker_fees_dollars': '0.000000', 'maker_fill_cost_dollars': '0.000000', 'no_price_dollars': '0.0700', 'order_id': 'd65fd190-fdd8-496b-8a27-a941ae0c2c52', 'outcome_side': 'yes', 'remaining_count_fp': '5.00', 'side': 'yes', 'status': 'resting', 'subaccount_number': 0, 'taker_fees_dollars': '0.000000', 'taker_fill_cost_dollars': '0.000000', 'ticker': 'KXTRUFTSA-26JUN09-T2170000', 'type': 'limit', 'user_id': '6db6972a-11ba-4203-a80d-b435f9c20a3f', 'yes_price_dollars': '0.9300'}}",yes,0.99994282866927,0.92,,
passive_limit,0.15,KXTRUFTSA-26JUN09-T2170000,0.9238509007274673,,8,5,3,False,"{'order': {'action': 'buy', 'book_side': 'bid', 'client_order_id': 'df5956f4-3f6a-4004-9582-5f78a22552de', 'created_time': '2026-06-09T21:30:23.896617Z', 'expiration_time': '2026-06-09T23:59:00Z', 'fill_count_fp': '0.00', 'initial_count_fp': '3.00', 'last_update_time': '2026-06-09T21:30:23.896617Z', 'maker_fees_dollars': '0.000000', 'maker_fill_cost_dollars': '0.000000', 'no_price_dollars': '0.0800', 'order_id': '1c768907-1d24-4ddb-872f-50d8ab0803c6', 'outcome_side': 'yes', 'remaining_count_fp': '3.00', 'side': 'yes', 'status': 'resting', 'subaccount_number': 0, 'taker_fees_dollars': '0.000000', 'taker_fill_cost_dollars': '0.000000', 'ticker': 'KXTRUFTSA-26JUN09-T2170000', 'type': 'limit', 'user_id': '6db6972a-11ba-4203-a80d-b435f9c20a3f', 'yes_price_dollars': '0.9200'}}",yes,0.99994282866927,0.92,,
passive_limit,0.2,KXTRUFTSA-26JUN09-T2170000,0.9194745157118045,,10,8,2,False,"{'order': {'action': 'buy', 'book_side': 'bid', 'client_order_id': 'de4a7f7a-8095-4cf7-8332-a493a39bd902', 'created_time': '2026-06-09T21:30:25.172427Z', 'expiration_time': '2026-06-09T23:59:00Z', 'fill_count_fp': '0.00', 'initial_count_fp': '2.00', 'last_update_time': '2026-06-09T21:30:25.172427Z', 'maker_fees_dollars': '0.000000', 'maker_fill_cost_dollars': '0.000000', 'no_price_dollars': '0.0800', 'order_id': '2e186e00-0032-41cc-bede-38a608697499', 'outcome_side': 'yes', 'remaining_count_fp': '2.00', 'side': 'yes', 'status': 'resting', 'subaccount_number': 0, 'taker_fees_dollars': '0.000000', 'taker_fill_cost_dollars': '0.000000', 'ticker': 'KXTRUFTSA-26JUN09-T2170000', 'type': 'limit', 'user_id': '6db6972a-11ba-4203-a80d-b435f9c20a3f', 'yes_price_dollars': '0.9200'}}",yes,0.99994282866927,0.92,,
passive_limit,0.25,KXTRUFTSA-26JUN09-T2170000,0.9145644252064268,,13,10,3,False,"{'order': {'action': 'buy', 'book_side': 'bid', 'client_order_id': '224c1b62-6da3-40fa-8c0b-8ef85a0d1420', 'created_time': '2026-06-09T21:30:27.645188Z', 'expiration_time': '2026-06-09T23:59:00Z', 'fill_count_fp': '0.00', 'initial_count_fp': '3.00', 'last_update_time': '2026-06-09T21:30:27.645188Z', 'maker_fees_dollars': '0.000000', 'maker_fill_cost_dollars': '0.000000', 'no_price_dollars': '0.0900', 'order_id': '68034e1f-892c-4e30-b915-ddb76de6fb08', 'outcome_side': 'yes', 'remaining_count_fp': '3.00', 'side': 'yes', 'status': 'resting', 'subaccount_number': 0, 'taker_fees_dollars': '0.000000', 'taker_fill_cost_dollars': '0.000000', 'ticker': 'KXTRUFTSA-26JUN09-T2170000', 'type': 'limit', 'user_id': '6db6972a-11ba-4203-a80d-b435f9c20a3f', 'yes_price_dollars': '0.9100'}}",yes,0.99994282866927,0.92,,
passive_limit,0.3,KXTRUFTSA-26JUN09-T2170000,0.9090166606094414,,16,13,3,False,"{'order': {'action': 'buy', 'book_side': 'bid', 'client_order_id': '5b531b47-c5b7-4e1d-b4b8-885b08030709', 'created_time': '2026-06-09T21:30:30.023125Z', 'expiration_time': '2026-06-09T23:59:00Z', 'fill_count_fp': '0.00', 'initial_count_fp': '3.00', 'last_update_time': '2026-06-09T21:30:30.023125Z', 'maker_fees_dollars': '0.000000', 'maker_fill_cost_dollars': '0.000000', 'no_price_dollars': '0.0900', 'order_id': 'd6c01abf-0f45-49e4-aa89-27e9036b5b6c', 'outcome_side': 'yes', 'remaining_count_fp': '3.00', 'side': 'yes', 'status': 'resting', 'subaccount_number': 0, 'taker_fees_dollars': '0.000000', 'taker_fill_cost_dollars': '0.000000', 'ticker': 'KXTRUFTSA-26JUN09-T2170000', 'type': 'limit', 'user_id': '6db6972a-11ba-4203-a80d-b435f9c20a3f', 'yes_price_dollars': '0.9100'}}",yes,0.99994282866927,0.92,,
passive_limit,0.35,KXTRUFTSA-26JUN09-T2170000,0.9026983731517638,,19,16,3,False,"{'order': {'action': 'buy', 'book_side': 'bid', 'client_order_id': '00ec9249-42c0-406d-9967-15640d57d483', 'created_time': '2026-06-09T21:30:32.379415Z', 'expiration_time': '2026-06-09T23:59:00Z', 'fill_count_fp': '0.00', 'initial_count_fp': '3.00', 'last_update_time': '2026-06-09T21:30:32.379415Z', 'maker_fees_dollars': '0.000000', 'maker_fill_cost_dollars': '0.000000', 'no_price_dollars': '0.1000', 'order_id': 'dfb31d34-16f5-499e-8027-72bcfafa4e8a', 'outcome_side': 'yes', 'remaining_count_fp': '3.00', 'side': 'yes', 'status': 'resting', 'subaccount_number': 0, 'taker_fees_dollars': '0.000000', 'taker_fill_cost_dollars': '0.000000', 'ticker': 'KXTRUFTSA-26JUN09-T2170000', 'type': 'limit', 'user_id': '6db6972a-11ba-4203-a80d-b435f9c20a3f', 'yes_price_dollars': '0.9000'}}",yes,0.99994282866927,0.92,,
passive_limit,0.4,KXTRUFTSA-26JUN09-T2170000,0.8954370577153282,,22,19,3,False,"{'order': {'action': 'buy', 'book_side': 'bid', 'client_order_id': '3e152ee6-4c6a-4e0c-ae09-9c018277fea4', 'created_time': '2026-06-09T21:30:34.720675Z', 'expiration_time': '2026-06-09T23:59:00Z', 'fill_count_fp': '0.00', 'initial_count_fp': '3.00', 'last_update_time': '2026-06-09T21:30:34.720675Z', 'maker_fees_dollars': '0.000000', 'maker_fill_cost_dollars': '0.000000', 'no_price_dollars': '0.1000', 'order_id': '5a0257c6-a341-4f6d-9c41-7ca21d053284', 'outcome_side': 'yes', 'remaining_count_fp': '3.00', 'side': 'yes', 'status': 'resting', 'subaccount_number': 0, 'taker_fees_dollars': '0.000000', 'taker_fill_cost_dollars': '0.000000', 'ticker': 'KXTRUFTSA-26JUN09-T2170000', 'type': 'limit', 'user_id': '6db6972a-11ba-4203-a80d-b435f9c20a3f', 'yes_price_dollars': '0.9000'}}",yes,0.99994282866927,0.92,,
passive_limit,0.1,KXTRUFTSA-26JUN09-T2270000,0.8527598520799198,0.99,5,0,5,False,"{'order': {'action': 'buy', 'book_side': 'bid', 'client_order_id': 'f226497a-19fa-4e65-ad86-51cc3f9fcd2e', 'created_time': '2026-06-09T21:30:35.882126Z', 'expiration_time': '2026-06-09T23:59:00Z', 'fill_count_fp': '0.00', 'initial_count_fp': '5.00', 'last_update_time': '2026-06-09T21:30:35.882126Z', 'maker_fees_dollars': '0.000000', 'maker_fill_cost_dollars': '0.000000', 'no_price_dollars': '0.1500', 'order_id': '934c1676-e453-4657-8379-f744233a5ce3', 'outcome_side': 'yes', 'remaining_count_fp': '5.00', 'side': 'yes', 'status': 'resting', 'subaccount_number': 0, 'taker_fees_dollars': '0.000000', 'taker_fill_cost_dollars': '0.000000', 'ticker': 'KXTRUFTSA-26JUN09-T2270000', 'type': 'limit', 'user_id': '6db6972a-11ba-4203-a80d-b435f9c20a3f', 'yes_price_dollars': '0.8500'}}",yes,0.9271770565175222,0.95,,
passive_limit,0.15,KXTRUFTSA-26JUN09-T2270000,0.8447576701277415,0.99,8,5,3,False,"{'order': {'action': 'buy', 'book_side': 'bid', 'client_order_id': '97799bfa-a5d6-4685-b26b-c79631b24cf0', 'created_time': '2026-06-09T21:30:38.480384Z', 'expiration_time': '2026-06-09T23:59:00Z', 'fill_count_fp': '0.00', 'initial_count_fp': '3.00', 'last_update_time': '2026-06-09T21:30:38.480384Z', 'maker_fees_dollars': '0.000000', 'maker_fill_cost_dollars': '0.000000', 'no_price_dollars': '0.1600', 'order_id': 'ab328bf2-1a4b-4842-8c25-fe967b217a8c', 'outcome_side': 'yes', 'remaining_count_fp': '3.00', 'side': 'yes', 'status': 'resting', 'subaccount_number': 0, 'taker_fees_dollars': '0.000000', 'taker_fill_cost_dollars': '0.000000', 'ticker': 'KXTRUFTSA-26JUN09-T2270000', 'type': 'limit', 'user_id': '6db6972a-11ba-4203-a80d-b435f9c20a3f', 'yes_price_dollars': '0.8400'}}",yes,0.9271770565175222,0.95,,
passive_limit,0.2,KXTRUFTSA-26JUN09-T2270000,0.8358356971465771,0.99,11,8,3,False,"{'order': {'action': 'buy', 'book_side': 'bid', 'client_order_id': 'b3e61e08-fa26-4645-867d-8eb5811fbfcc', 'created_time': '2026-06-09T21:30:41.161996Z', 'expiration_time': '2026-06-09T23:59:00Z', 'fill_count_fp': '0.00', 'initial_count_fp': '3.00', 'last_update_time': '2026-06-09T21:30:41.161996Z', 'maker_fees_dollars': '0.000000', 'maker_fill_cost_dollars': '0.000000', 'no_price_dollars': '0.1600', 'order_id': '1cfa2280-e4b2-4114-a1bd-852069a094fd', 'outcome_side': 'yes', 'remaining_count_fp': '3.00', 'side': 'yes', 'status': 'resting', 'subaccount_number': 0, 'taker_fees_dollars': '0.000000', 'taker_fill_cost_dollars': '0.000000', 'ticker': 'KXTRUFTSA-26JUN09-T2270000', 'type': 'limit', 'user_id': '6db6972a-11ba-4203-a80d-b435f9c20a3f', 'yes_price_dollars': '0.8400'}}",yes,0.9271770565175222,0.95,,
passive_limit,0.25,KXTRUFTSA-26JUN09-T2270000,0.8258256786799051,0.99,14,11,3,False,"{'order': {'action': 'buy', 'book_side': 'bid', 'client_order_id': '6828327c-fbac-40e9-af4a-21114fb43232', 'created_time': '2026-06-09T21:30:43.482736Z', 'expiration_time': '2026-06-09T23:59:00Z', 'fill_count_fp': '0.00', 'initial_count_fp': '3.00', 'last_update_time': '2026-06-09T21:30:43.482736Z', 'maker_fees_dollars': '0.000000', 'maker_fill_cost_dollars': '0.000000', 'no_price_dollars': '0.1700', 'order_id': '152c10c6-cd1e-4229-bbc5-157334276624', 'outcome_side': 'yes', 'remaining_count_fp': '3.00', 'side': 'yes', 'status': 'resting', 'subaccount_number': 0, 'taker_fees_dollars': '0.000000', 'taker_fill_cost_dollars': '0.000000', 'ticker': 'KXTRUFTSA-26JUN09-T2270000', 'type': 'limit', 'user_id': '6db6972a-11ba-4203-a80d-b435f9c20a3f', 'yes_price_dollars': '0.8300'}}",yes,0.9271770565175222,0.95,,
passive_limit,0.3,KXTRUFTSA-26JUN09-T2270000,0.814515657814964,0.99,18,14,4,False,"{'order': {'action': 'buy', 'book_side': 'bid', 'client_order_id': '9dcfa8a6-7e5b-431a-9b9c-724ff80197cf', 'created_time': '2026-06-09T21:30:45.792408Z', 'expiration_time': '2026-06-09T23:59:00Z', 'fill_count_fp': '0.00', 'initial_count_fp': '4.00', 'last_update_time': '2026-06-09T21:30:45.792408Z', 'maker_fees_dollars': '0.000000', 'maker_fill_cost_dollars': '0.000000', 'no_price_dollars': '0.1900', 'order_id': '9d8eacbb-2941-4289-a45c-b662d865eb00', 'outcome_side': 'yes', 'remaining_count_fp': '4.00', 'side': 'yes', 'status': 'resting', 'subaccount_number': 0, 'taker_fees_dollars': '0.000000', 'taker_fill_cost_dollars': '0.000000', 'ticker': 'KXTRUFTSA-26JUN09-T2270000', 'type': 'limit', 'user_id': '6db6972a-11ba-4203-a80d-b435f9c20a3f', 'yes_price_dollars': '0.8100'}}",yes,0.9271770565175222,0.95,,
passive_limit,0.35,KXTRUFTSA-26JUN09-T2270000,0.8016348007187808,0.99,21,18,3,False,"{'order': {'action': 'buy', 'book_side': 'bid', 'client_order_id': 'c4a81739-5c54-440d-be70-3f800c19fa5c', 'created_time': '2026-06-09T21:30:48.43027Z', 'expiration_time': '2026-06-09T23:59:00Z', 'fill_count_fp': '0.00', 'initial_count_fp': '3.00', 'last_update_time': '2026-06-09T21:30:48.43027Z', 'maker_fees_dollars': '0.000000', 'maker_fill_cost_dollars': '0.000000', 'no_price_dollars': '0.2000', 'order_id': '561561dc-055f-487d-9b85-b47ddf7d4ec0', 'outcome_side': 'yes', 'remaining_count_fp': '3.00', 'side': 'yes', 'status': 'resting', 'subaccount_number': 0, 'taker_fees_dollars': '0.000000', 'taker_fill_cost_dollars': '0.000000', 'ticker': 'KXTRUFTSA-26JUN09-T2270000', 'type': 'limit', 'user_id': '6db6972a-11ba-4203-a80d-b435f9c20a3f', 'yes_price_dollars': '0.8000'}}",yes,0.9271770565175222,0.95,,
passive_limit,0.4,KXTRUFTSA-26JUN09-T2270000,0.7868314276380928,0.99,25,21,4,False,"{'order': {'action': 'buy', 'book_side': 'bid', 'client_order_id': 'fa7f7115-0515-43b1-b57b-006be0dd7684', 'created_time': '2026-06-09T21:30:50.747984Z', 'expiration_time': '2026-06-09T23:59:00Z', 'fill_count_fp': '0.00', 'initial_count_fp': '4.00', 'last_update_time': '2026-06-09T21:30:50.747984Z', 'maker_fees_dollars': '0.000000', 'maker_fill_cost_dollars': '0.000000', 'no_price_dollars': '0.2100', 'order_id': '4cf48706-b55c-47ab-af59-8254c3a74672', 'outcome_side': 'yes', 'remaining_count_fp': '4.00', 'side': 'yes', 'status': 'resting', 'subaccount_number': 0, 'taker_fees_dollars': '0.000000', 'taker_fill_cost_dollars': '0.000000', 'ticker': 'KXTRUFTSA-26JUN09-T2270000', 'type': 'limit', 'user_id': '6db6972a-11ba-4203-a80d-b435f9c20a3f', 'yes_price_dollars': '0.7900'}}",yes,0.9271770565175222,0.95,,
aggressive_buy,0.15,KXTRUFTSA-26JUN09-T2370000,0.48,,15,0,15,False,"{'order': {'action': 'buy', 'book_side': 'ask', 'client_order_id': 'c53001ce-fb5f-4e6f-86f5-06aee65cfa1a', 'created_time': '2026-06-09T21:30:52.191552Z', 'expiration_time': '2026-06-09T23:59:00Z', 'fill_count_fp': '15.00', 'initial_count_fp': '15.00', 'last_update_time': '2026-06-09T21:30:52.191552Z', 'maker_fees_dollars': '0.000000', 'maker_fill_cost_dollars': '0.000000', 'no_price_dollars': '0.4800', 'order_id': '1bf0606f-28c2-4c20-a916-0736f1667011', 'outcome_side': 'no', 'remaining_count_fp': '0.00', 'side': 'no', 'status': 'executed', 'subaccount_number': 0, 'taker_fees_dollars': '0.262100', 'taker_fill_cost_dollars': '7.200000', 'ticker': 'KXTRUFTSA-26JUN09-T2370000', 'type': 'limit', 'user_id': '6db6972a-11ba-4203-a80d-b435f9c20a3f', 'yes_price_dollars': '0.5200'}}",no,0.8283792109998881,0.43999999999999995,0.737368707608574,100.0
aggressive_buy,0.2,KXTRUFTSA-26JUN09-T2370000,0.48,,20,15,5,False,"{'order': {'action': 'buy', 'book_side': 'ask', 'client_order_id': '64e102bf-6ab1-4a46-bf46-7d2cc0c250f3', 'created_time': '2026-06-09T21:30:54.732328Z', 'expiration_time': '2026-06-09T23:59:00Z', 'fill_count_fp': '0.00', 'initial_count_fp': '5.00', 'last_update_time': '2026-06-09T21:30:54.732328Z', 'maker_fees_dollars': '0.000000', 'maker_fill_cost_dollars': '0.000000', 'no_price_dollars': '0.4800', 'order_id': '283cb631-8f7d-4e1c-a4ea-111d89606ac9', 'outcome_side': 'no', 'remaining_count_fp': '5.00', 'side': 'no', 'status': 'resting', 'subaccount_number': 0, 'taker_fees_dollars': '0.000000', 'taker_fill_cost_dollars': '0.000000', 'ticker': 'KXTRUFTSA-26JUN09-T2370000', 'type': 'limit', 'user_id': '6db6972a-11ba-4203-a80d-b435f9c20a3f', 'yes_price_dollars': '0.5200'}}",no,0.8283792109998881,0.43999999999999995,0.722274955172285,85.0
aggressive_buy,0.25,KXTRUFTSA-26JUN09-T2370000,0.48,,25,20,5,False,"{'order': {'action': 'buy', 'book_side': 'ask', 'client_order_id': '3e3b8ec9-4a72-4d9f-9962-5d1364f0dc93', 'created_time': '2026-06-09T21:30:57.255445Z', 'expiration_time': '2026-06-09T23:59:00Z', 'fill_count_fp': '0.00', 'initial_count_fp': '5.00', 'last_update_time': '2026-06-09T21:30:57.255445Z', 'maker_fees_dollars': '0.000000', 'maker_fill_cost_dollars': '0.000000', 'no_price_dollars': '0.4800', 'order_id': '6b0ee417-c8da-4ffe-8ed3-efd0a1532a8a', 'outcome_side': 'no', 'remaining_count_fp': '5.00', 'side': 'no', 'status': 'resting', 'subaccount_number': 0, 'taker_fees_dollars': '0.000000', 'taker_fill_cost_dollars': '0.000000', 'ticker': 'KXTRUFTSA-26JUN09-T2370000', 'type': 'limit', 'user_id': '6db6972a-11ba-4203-a80d-b435f9c20a3f', 'yes_price_dollars': '0.5200'}}",no,0.8283792109998881,0.43999999999999995,0.7053405012193756,80.0
aggressive_buy,0.3,KXTRUFTSA-26JUN09-T2370000,0.48,,30,25,5,False,"{'order': {'action': 'buy', 'book_side': 'ask', 'client_order_id': 'c9227cb8-d2f7-4585-b7a2-bcae2004fcc7', 'created_time': '2026-06-09T21:30:59.606337Z', 'expiration_time': '2026-06-09T23:59:00Z', 'fill_count_fp': '0.00', 'initial_count_fp': '5.00', 'last_update_time': '2026-06-09T21:30:59.606337Z', 'maker_fees_dollars': '0.000000', 'maker_fill_cost_dollars': '0.000000', 'no_price_dollars': '0.4800', 'order_id': 'a64c0afb-b050-4310-9d34-2e9abab4fec5', 'outcome_side': 'no', 'remaining_count_fp': '5.00', 'side': 'no', 'status': 'resting', 'subaccount_number': 0, 'taker_fees_dollars': '0.000000', 'taker_fill_cost_dollars': '0.000000', 'ticker': 'KXTRUFTSA-26JUN09-T2370000', 'type': 'limit', 'user_id': '6db6972a-11ba-4203-a80d-b435f9c20a3f', 'yes_price_dollars': '0.5200'}}",no,0.8283792109998881,0.43999999999999995,0.6862067675323222,75.0
aggressive_buy,0.35,KXTRUFTSA-26JUN09-T2370000,0.48,,35,30,5,False,"{'order': {'action': 'buy', 'book_side': 'ask', 'client_order_id': 'dea83c43-0a8e-4c28-b21c-ecb01aa079d0', 'created_time': '2026-06-09T21:31:01.898624Z', 'expiration_time': '2026-06-09T23:59:00Z', 'fill_count_fp': '0.00', 'initial_count_fp': '5.00', 'last_update_time': '2026-06-09T21:31:01.898624Z', 'maker_fees_dollars': '0.000000', 'maker_fill_cost_dollars': '0.000000', 'no_price_dollars': '0.4800', 'order_id': '274fc423-b903-4c99-90fb-8a57f724ac29', 'outcome_side': 'no', 'remaining_count_fp': '5.00', 'side': 'no', 'status': 'resting', 'subaccount_number': 0, 'taker_fees_dollars': '0.000000', 'taker_fill_cost_dollars': '0.000000', 'ticker': 'KXTRUFTSA-26JUN09-T2370000', 'type': 'limit', 'user_id': '6db6972a-11ba-4203-a80d-b435f9c20a3f', 'yes_price_dollars': '0.5200'}}",no,0.8283792109998881,0.43999999999999995,0.6644155708331778,70.0
aggressive_buy,0.4,KXTRUFTSA-26JUN09-T2370000,0.48,,40,35,5,False,"{'order': {'action': 'buy', 'book_side': 'ask', 'client_order_id': 'd1721491-c139-48c2-9cf3-e36f2a4519d5', 'created_time': '2026-06-09T21:31:04.235089Z', 'expiration_time': '2026-06-09T23:59:00Z', 'fill_count_fp': '0.00', 'initial_count_fp': '5.00', 'last_update_time': '2026-06-09T21:31:04.235089Z', 'maker_fees_dollars': '0.000000', 'maker_fill_cost_dollars': '0.000000', 'no_price_dollars': '0.4800', 'order_id': 'b8a98fec-e5c9-466f-a415-c6fa2ce21a3d', 'outcome_side': 'no', 'remaining_count_fp': '5.00', 'side': 'no', 'status': 'resting', 'subaccount_number': 0, 'taker_fees_dollars': '0.000000', 'taker_fill_cost_dollars': '0.000000', 'ticker': 'KXTRUFTSA-26JUN09-T2370000', 'type': 'limit', 'user_id': '6db6972a-11ba-4203-a80d-b435f9c20a3f', 'yes_price_dollars': '0.5200'}}",no,0.8283792109998881,0.43999999999999995,0.6393719567162508,65.0
aggressive_buy,0.15,KXTRUFTSA-26JUN09-T2470000,0.91,,8,0,8,False,"{'order': {'action': 'buy', 'book_side': 'ask', 'client_order_id': '397a924d-b665-4e8d-ba0e-6b73d2257a17', 'created_time': '2026-06-09T21:31:05.524684Z', 'expiration_time': '2026-06-09T23:59:00Z', 'fill_count_fp': '8.00', 'initial_count_fp': '8.00', 'last_update_time': '2026-06-09T21:31:05.524684Z', 'maker_fees_dollars': '0.000000', 'maker_fill_cost_dollars': '0.000000', 'no_price_dollars': '0.9100', 'order_id': 'f8ef4ed9-22ea-442f-bc2c-c3c92363aee8', 'outcome_side': 'no', 'remaining_count_fp': '0.00', 'side': 'no', 'status': 'executed', 'subaccount_number': 0, 'taker_fees_dollars': '0.045900', 'taker_fill_cost_dollars': '7.280000', 'ticker': 'KXTRUFTSA-26JUN09-T2470000', 'type': 'limit', 'user_id': '6db6972a-11ba-4203-a80d-b435f9c20a3f', 'yes_price_dollars': '0.0900'}}",no,0.9995968805945757,0.88,0.9234748702114953,100.0
aggressive_buy,0.2,KXTRUFTSA-26JUN09-T2470000,0.91,,10,8,2,False,"{'order': {'action': 'buy', 'book_side': 'ask', 'client_order_id': 'dfe3d8b0-a942-48e2-9b2e-025e10a9aad3', 'created_time': '2026-06-09T21:31:07.836253Z', 'expiration_time': '2026-06-09T23:59:00Z', 'fill_count_fp': '0.00', 'initial_count_fp': '2.00', 'last_update_time': '2026-06-09T21:31:07.836253Z', 'maker_fees_dollars': '0.000000', 'maker_fill_cost_dollars': '0.000000', 'no_price_dollars': '0.9100', 'order_id': '2ee9d55b-dcef-4f01-8eee-c751db1e0436', 'outcome_side': 'no', 'remaining_count_fp': '2.00', 'side': 'no', 'status': 'resting', 'subaccount_number': 0, 'taker_fees_dollars': '0.000000', 'taker_fill_cost_dollars': '0.000000', 'ticker': 'KXTRUFTSA-26JUN09-T2470000', 'type': 'limit', 'user_id': '6db6972a-11ba-4203-a80d-b435f9c20a3f', 'yes_price_dollars': '0.0900'}}",no,0.9995968805945757,0.88,0.9190768742466386,92.0
aggressive_buy,0.25,KXTRUFTSA-26JUN09-T2470000,0.91,,13,10,3,False,"{'order': {'action': 'buy', 'book_side': 'ask', 'client_order_id': '3a7dc320-3a2f-439c-9b9f-4874d4633e45', 'created_time': '2026-06-09T21:31:10.266598Z', 'expiration_time': '2026-06-09T23:59:00Z', 'fill_count_fp': '0.00', 'initial_count_fp': '3.00', 'last_update_time': '2026-06-09T21:31:10.266598Z', 'maker_fees_dollars': '0.000000', 'maker_fill_cost_dollars': '0.000000', 'no_price_dollars': '0.9100', 'order_id': 'b9e3cd74-d850-4596-af98-a326a07f2e75', 'outcome_side': 'no', 'remaining_count_fp': '3.00', 'side': 'no', 'status': 'resting', 'subaccount_number': 0, 'taker_fees_dollars': '0.000000', 'taker_fill_cost_dollars': '0.000000', 'ticker': 'KXTRUFTSA-26JUN09-T2470000', 'type': 'limit', 'user_id': '6db6972a-11ba-4203-a80d-b435f9c20a3f', 'yes_price_dollars': '0.0900'}}",no,0.9995968805945757,0.88,0.9141425373104581,90.0
passive_limit,0.3,KXTRUFTSA-26JUN09-T2470000,0.9085673773955529,0.91,16,13,3,False,"{'order': {'action': 'buy', 'book_side': 'ask', 'client_order_id': 'e635f2ab-8827-4dfe-b73d-708071f9bd2e', 'created_time': '2026-06-09T21:31:12.65139Z', 'expiration_time': '2026-06-09T23:59:00Z', 'fill_count_fp': '0.00', 'initial_count_fp': '3.00', 'last_update_time': '2026-06-09T21:31:12.65139Z', 'maker_fees_dollars': '0.000000', 'maker_fill_cost_dollars': '0.000000', 'no_price_dollars': '0.9100', 'order_id': '08a6ca1a-bbb8-4fdd-9d5c-9ef90055b8d9', 'outcome_side': 'no', 'remaining_count_fp': '3.00', 'side': 'no', 'status': 'resting', 'subaccount_number': 0, 'taker_fees_dollars': '0.000000', 'taker_fill_cost_dollars': '0.000000', 'ticker': 'KXTRUFTSA-26JUN09-T2470000', 'type': 'limit', 'user_id': '6db6972a-11ba-4203-a80d-b435f9c20a3f', 'yes_price_dollars': '0.0900'}}",no,0.9995968805945757,0.88,,
passive_limit,0.35,KXTRUFTSA-26JUN09-T2470000,0.9022178897146884,0.91,19,16,3,False,"{'order': {'action': 'buy', 'book_side': 'ask', 'client_order_id': '2e355c30-89d8-4d0b-9427-42208e04ea3a', 'created_time': '2026-06-09T21:31:14.954043Z', 'expiration_time': '2026-06-09T23:59:00Z', 'fill_count_fp': '0.00', 'initial_count_fp': '3.00', 'last_update_time': '2026-06-09T21:31:14.954043Z', 'maker_fees_dollars': '0.000000', 'maker_fill_cost_dollars': '0.000000', 'no_price_dollars': '0.9000', 'order_id': '2e96d795-2b1c-4d1a-980d-22b4ac724b2c', 'outcome_side': 'no', 'remaining_count_fp': '3.00', 'side': 'no', 'status': 'resting', 'subaccount_number': 0, 'taker_fees_dollars': '0.000000', 'taker_fill_cost_dollars': '0.000000', 'ticker': 'KXTRUFTSA-26JUN09-T2470000', 'type': 'limit', 'user_id': '6db6972a-11ba-4203-a80d-b435f9c20a3f', 'yes_price_dollars': '0.1000'}}",no,0.9995968805945757,0.88,,
passive_limit,0.4,KXTRUFTSA-26JUN09-T2470000,0.8949207173053368,0.91,22,19,3,False,"{'order': {'action': 'buy', 'book_side': 'ask', 'client_order_id': '5adf1cd7-b940-4d36-8332-fadee228d613', 'created_time': '2026-06-09T21:31:17.30204Z', 'expiration_time': '2026-06-09T23:59:00Z', 'fill_count_fp': '0.00', 'initial_count_fp': '3.00', 'last_update_time': '2026-06-09T21:31:17.30204Z', 'maker_fees_dollars': '0.000000', 'maker_fill_cost_dollars': '0.000000', 'no_price_dollars': '0.8900', 'order_id': '2f18928c-483e-41ec-b842-3cb63ac65265', 'outcome_side': 'no', 'remaining_count_fp': '3.00', 'side': 'no', 'status': 'resting', 'subaccount_number': 0, 'taker_fees_dollars': '0.000000', 'taker_fill_cost_dollars': '0.000000', 'ticker': 'KXTRUFTSA-26JUN09-T2470000', 'type': 'limit', 'user_id': '6db6972a-11ba-4203-a80d-b435f9c20a3f', 'yes_price_dollars': '0.1100'}}",no,0.9995968805945757,0.88,,
passive_limit,0.15,KXTRUFTSA-26JUN09-T2570000,0.9239130387277062,0.98,8,0,8,False,"{'order': {'action': 'buy', 'book_side': 'ask', 'client_order_id': '6731306b-fdae-4da6-9375-f4385473e4d9', 'created_time': '2026-06-09T21:31:18.966504Z', 'expiration_time': '2026-06-09T23:59:00Z', 'fill_count_fp': '0.00', 'initial_count_fp': '8.00', 'last_update_time': '2026-06-09T21:31:18.966504Z', 'maker_fees_dollars': '0.000000', 'maker_fill_cost_dollars': '0.000000', 'no_price_dollars': '0.9200', 'order_id': 'ad1cbf0c-7eae-45cd-a2e2-3830d8d9dbe3', 'outcome_side': 'no', 'remaining_count_fp': '8.00', 'side': 'no', 'status': 'resting', 'subaccount_number': 0, 'taker_fees_dollars': '0.000000', 'taker_fill_cost_dollars': '0.000000', 'ticker': 'KXTRUFTSA-26JUN09-T2570000', 'type': 'limit', 'user_id': '6db6972a-11ba-4203-a80d-b435f9c20a3f', 'yes_price_dollars': '0.0800'}}",no,0.9999999956294898,0.965,,
passive_limit,0.2,KXTRUFTSA-26JUN09-T2570000,0.9195402248614825,0.98,10,8,2,False,"{'order': {'action': 'buy', 'book_side': 'ask', 'client_order_id': '19d5869d-3d17-4df3-ad23-0dff12b5834a', 'created_time': '2026-06-09T21:31:21.264936Z', 'expiration_time': '2026-06-09T23:59:00Z', 'fill_count_fp': '0.00', 'initial_count_fp': '2.00', 'last_update_time': '2026-06-09T21:31:21.264936Z', 'maker_fees_dollars': '0.000000', 'maker_fill_cost_dollars': '0.000000', 'no_price_dollars': '0.9200', 'order_id': '53da07f1-6681-4533-b0c8-9d2fc08e659f', 'outcome_side': 'no', 'remaining_count_fp': '2.00', 'side': 'no', 'status': 'resting', 'subaccount_number': 0, 'taker_fees_dollars': '0.000000', 'taker_fill_cost_dollars': '0.000000', 'ticker': 'KXTRUFTSA-26JUN09-T2570000', 'type': 'limit', 'user_id': '6db6972a-11ba-4203-a80d-b435f9c20a3f', 'yes_price_dollars': '0.0800'}}",no,0.9999999956294898,0.965,,
passive_limit,0.25,KXTRUFTSA-26JUN09-T2570000,0.9146341410115729,0.98,13,10,3,False,"{'order': {'action': 'buy', 'book_side': 'ask', 'client_order_id': '8086691a-011b-4743-8312-95d80ba2405d', 'created_time': '2026-06-09T21:31:23.68538Z', 'expiration_time': '2026-06-09T23:59:00Z', 'fill_count_fp': '0.00', 'initial_count_fp': '3.00', 'last_update_time': '2026-06-09T21:31:23.68538Z', 'maker_fees_dollars': '0.000000', 'maker_fill_cost_dollars': '0.000000', 'no_price_dollars': '0.9100', 'order_id': '862e6e00-cb01-451c-ba06-480a57f2a4b6', 'outcome_side': 'no', 'remaining_count_fp': '3.00', 'side': 'no', 'status': 'resting', 'subaccount_number': 0, 'taker_fees_dollars': '0.000000', 'taker_fill_cost_dollars': '0.000000', 'ticker': 'KXTRUFTSA-26JUN09-T2570000', 'type': 'limit', 'user_id': '6db6972a-11ba-4203-a80d-b435f9c20a3f', 'yes_price_dollars': '0.0900'}}",no,0.9999999956294898,0.965,,
passive_limit,0.3,KXTRUFTSA-26JUN09-T2570000,0.9090909034149218,0.98,16,13,3,False,"{'order': {'action': 'buy', 'book_side': 'ask', 'client_order_id': '7f2c9b16-2ce3-4062-a2f6-1e988d66e853', 'created_time': '2026-06-09T21:31:26.174408Z', 'expiration_time': '2026-06-09T23:59:00Z', 'fill_count_fp': '0.00', 'initial_count_fp': '3.00', 'last_update_time': '2026-06-09T21:31:26.174408Z', 'maker_fees_dollars': '0.000000', 'maker_fill_cost_dollars': '0.000000', 'no_price_dollars': '0.9100', 'order_id': '16062cbd-abc2-4665-9b54-73a02d59aff2', 'outcome_side': 'no', 'remaining_count_fp': '3.00', 'side': 'no', 'status': 'resting', 'subaccount_number': 0, 'taker_fees_dollars': '0.000000', 'taker_fill_cost_dollars': '0.000000', 'ticker': 'KXTRUFTSA-26JUN09-T2570000', 'type': 'limit', 'user_id': '6db6972a-11ba-4203-a80d-b435f9c20a3f', 'yes_price_dollars': '0.0900'}}",no,0.9999999956294898,0.965,,
passive_limit,0.35,KXTRUFTSA-26JUN09-T2570000,0.9027777717076246,0.98,19,16,3,False,"{'order': {'action': 'buy', 'book_side': 'ask', 'client_order_id': 'da6e8862-8d42-444e-905c-cbf91c81c3f3', 'created_time': '2026-06-09T21:31:28.614625Z', 'expiration_time': '2026-06-09T23:59:00Z', 'fill_count_fp': '0.00', 'initial_count_fp': '3.00', 'last_update_time': '2026-06-09T21:31:28.614625Z', 'maker_fees_dollars': '0.000000', 'maker_fill_cost_dollars': '0.000000', 'no_price_dollars': '0.9000', 'order_id': '42628af9-80cc-4458-a64a-9c30949a25e7', 'outcome_side': 'no', 'remaining_count_fp': '3.00', 'side': 'no', 'status': 'resting', 'subaccount_number': 0, 'taker_fees_dollars': '0.000000', 'taker_fill_cost_dollars': '0.000000', 'ticker': 'KXTRUFTSA-26JUN09-T2570000', 'type': 'limit', 'user_id': '6db6972a-11ba-4203-a80d-b435f9c20a3f', 'yes_price_dollars': '0.1000'}}",no,0.9999999956294898,0.965,,
passive_limit,0.4,KXTRUFTSA-26JUN09-T2570000,0.8955223815365518,0.98,22,19,3,False,"{'order': {'action': 'buy', 'book_side': 'ask', 'client_order_id': 'fa0f9787-b2ae-46bb-ad7a-e0c7893b5547', 'created_time': '2026-06-09T21:31:30.9936Z', 'expiration_time': '2026-06-09T23:59:00Z', 'fill_count_fp': '0.00', 'initial_count_fp': '3.00', 'last_update_time': '2026-06-09T21:31:30.9936Z', 'maker_fees_dollars': '0.000000', 'maker_fill_cost_dollars': '0.000000', 'no_price_dollars': '0.9000', 'order_id': 'c6ce87e9-56c1-4cb9-a998-92cf74895646', 'outcome_side': 'no', 'remaining_count_fp': '3.00', 'side': 'no', 'status': 'resting', 'subaccount_number': 0, 'taker_fees_dollars': '0.000000', 'taker_fill_cost_dollars': '0.000000', 'ticker': 'KXTRUFTSA-26JUN09-T2570000', 'type': 'limit', 'user_id': '6db6972a-11ba-4203-a80d-b435f9c20a3f', 'yes_price_dollars': '0.1000'}}",no,0.9999999956294898,0.965,,
passive_limit,0.15,KXTRUFTSA-26JUN09-T2670000,0.9239130434782605,0.99,8,0,8,False,"{'order': {'action': 'buy', 'book_side': 'ask', 'client_order_id': '432adcc5-e3e4-4735-9d95-13eec905bf71', 'created_time': '2026-06-09T21:31:32.311704Z', 'expiration_time': '2026-06-09T23:59:00Z', 'fill_count_fp': '0.00', 'initial_count_fp': '8.00', 'last_update_time': '2026-06-09T21:31:32.311704Z', 'maker_fees_dollars': '0.000000', 'maker_fill_cost_dollars': '0.000000', 'no_price_dollars': '0.9200', 'order_id': '87908036-2ff1-440a-90ef-fcf26b62dc35', 'outcome_side': 'no', 'remaining_count_fp': '8.00', 'side': 'no', 'status': 'resting', 'subaccount_number': 0, 'taker_fees_dollars': '0.000000', 'taker_fill_cost_dollars': '0.000000', 'ticker': 'KXTRUFTSA-26JUN09-T2670000', 'type': 'limit', 'user_id': '6db6972a-11ba-4203-a80d-b435f9c20a3f', 'yes_price_dollars': '0.0800'}}",no,0.9999999999999998,0.975,,
passive_limit,0.2,KXTRUFTSA-26JUN09-T2670000,0.9195402298850571,0.99,10,8,2,False,"{'order': {'action': 'buy', 'book_side': 'ask', 'client_order_id': '04d330fc-21a9-4b56-a3b3-88213da8739f', 'created_time': '2026-06-09T21:31:34.653862Z', 'expiration_time': '2026-06-09T23:59:00Z', 'fill_count_fp': '0.00', 'initial_count_fp': '2.00', 'last_update_time': '2026-06-09T21:31:34.653862Z', 'maker_fees_dollars': '0.000000', 'maker_fill_cost_dollars': '0.000000', 'no_price_dollars': '0.9200', 'order_id': 'b6766094-c77a-43f5-a0f5-7db4fc98a2be', 'outcome_side': 'no', 'remaining_count_fp': '2.00', 'side': 'no', 'status': 'resting', 'subaccount_number': 0, 'taker_fees_dollars': '0.000000', 'taker_fill_cost_dollars': '0.000000', 'ticker': 'KXTRUFTSA-26JUN09-T2670000', 'type': 'limit', 'user_id': '6db6972a-11ba-4203-a80d-b435f9c20a3f', 'yes_price_dollars': '0.0800'}}",no,0.9999999999999998,0.975,,
passive_limit,0.25,KXTRUFTSA-26JUN09-T2670000,0.9146341463414631,0.99,13,10,3,False,"{'order': {'action': 'buy', 'book_side': 'ask', 'client_order_id': '2f06fc7c-a630-4fb4-83dd-8fea96b69267', 'created_time': '2026-06-09T21:31:36.95237Z', 'expiration_time': '2026-06-09T23:59:00Z', 'fill_count_fp': '0.00', 'initial_count_fp': '3.00', 'last_update_time': '2026-06-09T21:31:36.95237Z', 'maker_fees_dollars': '0.000000', 'maker_fill_cost_dollars': '0.000000', 'no_price_dollars': '0.9100', 'order_id': 'd6364674-ff65-4536-a127-e5a327fe19a6', 'outcome_side': 'no', 'remaining_count_fp': '3.00', 'side': 'no', 'status': 'resting', 'subaccount_number': 0, 'taker_fees_dollars': '0.000000', 'taker_fill_cost_dollars': '0.000000', 'ticker': 'KXTRUFTSA-26JUN09-T2670000', 'type': 'limit', 'user_id': '6db6972a-11ba-4203-a80d-b435f9c20a3f', 'yes_price_dollars': '0.0900'}}",no,0.9999999999999998,0.975,,
passive_limit,0.3,KXTRUFTSA-26JUN09-T2670000,0.9090909090909087,0.99,16,13,3,False,"{'order': {'action': 'buy', 'book_side': 'ask', 'client_order_id': 'b2d7b4b9-70d8-418d-87b6-321750a0ac22', 'created_time': '2026-06-09T21:31:39.393958Z', 'expiration_time': '2026-06-09T23:59:00Z', 'fill_count_fp': '0.00', 'initial_count_fp': '3.00', 'last_update_time': '2026-06-09T21:31:39.393958Z', 'maker_fees_dollars': '0.000000', 'maker_fill_cost_dollars': '0.000000', 'no_price_dollars': '0.9100', 'order_id': '9d0f489e-eff0-45e3-ab10-adaaaa5aeb8c', 'outcome_side': 'no', 'remaining_count_fp': '3.00', 'side': 'no', 'status': 'resting', 'subaccount_number': 0, 'taker_fees_dollars': '0.000000', 'taker_fill_cost_dollars': '0.000000', 'ticker': 'KXTRUFTSA-26JUN09-T2670000', 'type': 'limit', 'user_id': '6db6972a-11ba-4203-a80d-b435f9c20a3f', 'yes_price_dollars': '0.0900'}}",no,0.9999999999999998,0.975,,
passive_limit,0.35,KXTRUFTSA-26JUN09-T2670000,0.9027777777777773,0.99,19,16,3,False,"{'order': {'action': 'buy', 'book_side': 'ask', 'client_order_id': '7fd7f585-a35e-4bdd-bbe3-4a9a08ac5e64', 'created_time': '2026-06-09T21:31:41.974398Z', 'expiration_time': '2026-06-09T23:59:00Z', 'fill_count_fp': '0.00', 'initial_count_fp': '3.00', 'last_update_time': '2026-06-09T21:31:41.974398Z', 'maker_fees_dollars': '0.000000', 'maker_fill_cost_dollars': '0.000000', 'no_price_dollars': '0.9000', 'order_id': '8f07fb5d-8756-40a0-97cd-3c3a4b353bf2', 'outcome_side': 'no', 'remaining_count_fp': '3.00', 'side': 'no', 'status': 'resting', 'subaccount_number': 0, 'taker_fees_dollars': '0.000000', 'taker_fill_cost_dollars': '0.000000', 'ticker': 'KXTRUFTSA-26JUN09-T2670000', 'type': 'limit', 'user_id': '6db6972a-11ba-4203-a80d-b435f9c20a3f', 'yes_price_dollars': '0.1000'}}",no,0.9999999999999998,0.975,,
passive_limit,0.4,KXTRUFTSA-26JUN09-T2670000,0.8955223880597011,0.99,22,19,3,False,"{'order': {'action': 'buy', 'book_side': 'ask', 'client_order_id': '5b419212-d041-4ea7-ab1f-de9e24cf4f5e', 'created_time': '2026-06-09T21:31:44.321131Z', 'expiration_time': '2026-06-09T23:59:00Z', 'fill_count_fp': '0.00', 'initial_count_fp': '3.00', 'last_update_time': '2026-06-09T21:31:44.321131Z', 'maker_fees_dollars': '0.000000', 'maker_fill_cost_dollars': '0.000000', 'no_price_dollars': '0.9000', 'order_id': 'aea3d435-bf9a-465a-9ee3-b6990c2c7814', 'outcome_side': 'no', 'remaining_count_fp': '3.00', 'side': 'no', 'status': 'resting', 'subaccount_number': 0, 'taker_fees_dollars': '0.000000', 'taker_fill_cost_dollars': '0.000000', 'ticker': 'KXTRUFTSA-26JUN09-T2670000', 'type': 'limit', 'user_id': '6db6972a-11ba-4203-a80d-b435f9c20a3f', 'yes_price_dollars': '0.1000'}}",no,0.9999999999999998,0.975,,
passive_limit,0.15,KXTRUFTSA-26JUN09-T2770000,0.9239130434782608,0.96,8,0,8,False,"{'order': {'action': 'buy', 'book_side': 'ask', 'client_order_id': '4a06fa25-8ce0-4bac-bca1-cb060018f7aa', 'created_time': '2026-06-09T21:31:45.519712Z', 'expiration_time': '2026-06-09T23:59:00Z', 'fill_count_fp': '0.00', 'initial_count_fp': '8.00', 'last_update_time': '2026-06-09T21:31:45.519712Z', 'maker_fees_dollars': '0.000000', 'maker_fill_cost_dollars': '0.000000', 'no_price_dollars': '0.9200', 'order_id': '0e399048-699f-4076-ba99-007bbca0427d', 'outcome_side': 'no', 'remaining_count_fp': '8.00', 'side': 'no', 'status': 'resting', 'subaccount_number': 0, 'taker_fees_dollars': '0.000000', 'taker_fill_cost_dollars': '0.000000', 'ticker': 'KXTRUFTSA-26JUN09-T2770000', 'type': 'limit', 'user_id': '6db6972a-11ba-4203-a80d-b435f9c20a3f', 'yes_price_dollars': '0.0800'}}",no,1.0,0.97,,
passive_limit,0.2,KXTRUFTSA-26JUN09-T2770000,0.9195402298850575,0.96,10,8,2,False,"{'order': {'action': 'buy', 'book_side': 'ask', 'client_order_id': '623144c2-417a-4d36-a723-fdb473d7681a', 'created_time': '2026-06-09T21:31:48.17182Z', 'expiration_time': '2026-06-09T23:59:00Z', 'fill_count_fp': '0.00', 'initial_count_fp': '2.00', 'last_update_time': '2026-06-09T21:31:48.17182Z', 'maker_fees_dollars': '0.000000', 'maker_fill_cost_dollars': '0.000000', 'no_price_dollars': '0.9200', 'order_id': '52818905-16d0-4778-addd-230a390cc257', 'outcome_side': 'no', 'remaining_count_fp': '2.00', 'side': 'no', 'status': 'resting', 'subaccount_number': 0, 'taker_fees_dollars': '0.000000', 'taker_fill_cost_dollars': '0.000000', 'ticker': 'KXTRUFTSA-26JUN09-T2770000', 'type': 'limit', 'user_id': '6db6972a-11ba-4203-a80d-b435f9c20a3f', 'yes_price_dollars': '0.0800'}}",no,1.0,0.97,,
passive_limit,0.25,KXTRUFTSA-26JUN09-T2770000,0.9146341463414633,0.96,13,10,3,False,"{'order': {'action': 'buy', 'book_side': 'ask', 'client_order_id': '49409562-d661-489b-93f1-6161dfe17f7d', 'created_time': '2026-06-09T21:31:50.484813Z', 'expiration_time': '2026-06-09T23:59:00Z', 'fill_count_fp': '0.00', 'initial_count_fp': '3.00', 'last_update_time': '2026-06-09T21:31:50.484813Z', 'maker_fees_dollars': '0.000000', 'maker_fill_cost_dollars': '0.000000', 'no_price_dollars': '0.9100', 'order_id': 'b37e42d6-8034-4bf9-9077-9c437a2dc94c', 'outcome_side': 'no', 'remaining_count_fp': '3.00', 'side': 'no', 'status': 'resting', 'subaccount_number': 0, 'taker_fees_dollars': '0.000000', 'taker_fill_cost_dollars': '0.000000', 'ticker': 'KXTRUFTSA-26JUN09-T2770000', 'type': 'limit', 'user_id': '6db6972a-11ba-4203-a80d-b435f9c20a3f', 'yes_price_dollars': '0.0900'}}",no,1.0,0.97,,
passive_limit,0.3,KXTRUFTSA-26JUN09-T2770000,0.9090909090909091,0.96,16,13,3,False,"{'order': {'action': 'buy', 'book_side': 'ask', 'client_order_id': '7ba64d62-f943-410c-b20b-a20b41629cec', 'created_time': '2026-06-09T21:31:52.808141Z', 'expiration_time': '2026-06-09T23:59:00Z', 'fill_count_fp': '0.00', 'initial_count_fp': '3.00', 'last_update_time': '2026-06-09T21:31:52.808141Z', 'maker_fees_dollars': '0.000000', 'maker_fill_cost_dollars': '0.000000', 'no_price_dollars': '0.9100', 'order_id': 'f9c2ab18-f026-42fd-b1ce-e8793cc4d392', 'outcome_side': 'no', 'remaining_count_fp': '3.00', 'side': 'no', 'status': 'resting', 'subaccount_number': 0, 'taker_fees_dollars': '0.000000', 'taker_fill_cost_dollars': '0.000000', 'ticker': 'KXTRUFTSA-26JUN09-T2770000', 'type': 'limit', 'user_id': '6db6972a-11ba-4203-a80d-b435f9c20a3f', 'yes_price_dollars': '0.0900'}}",no,1.0,0.97,,
passive_limit,0.35,KXTRUFTSA-26JUN09-T2770000,0.9027777777777777,0.96,19,16,3,False,"{'order': {'action': 'buy', 'book_side': 'ask', 'client_order_id': '32a3256e-f346-4ef8-ad59-dd6d92c52566', 'created_time': '2026-06-09T21:31:55.226475Z', 'expiration_time': '2026-06-09T23:59:00Z', 'fill_count_fp': '0.00', 'initial_count_fp': '3.00', 'last_update_time': '2026-06-09T21:31:55.226475Z', 'maker_fees_dollars': '0.000000', 'maker_fill_cost_dollars': '0.000000', 'no_price_dollars': '0.9000', 'order_id': 'a2f95fa6-6c2d-4523-88d5-921003a93f6c', 'outcome_side': 'no', 'remaining_count_fp': '3.00', 'side': 'no', 'status': 'resting', 'subaccount_number': 0, 'taker_fees_dollars': '0.000000', 'taker_fill_cost_dollars': '0.000000', 'ticker': 'KXTRUFTSA-26JUN09-T2770000', 'type': 'limit', 'user_id': '6db6972a-11ba-4203-a80d-b435f9c20a3f', 'yes_price_dollars': '0.1000'}}",no,1.0,0.97,,
passive_limit,0.4,KXTRUFTSA-26JUN09-T2770000,0.8955223880597014,0.96,22,19,3,False,"{'order': {'action': 'buy', 'book_side': 'ask', 'client_order_id': '1bbbbbb9-e4bf-4512-9696-f75d1c5b20d0', 'created_time': '2026-06-09T21:31:57.694704Z', 'expiration_time': '2026-06-09T23:59:00Z', 'fill_count_fp': '0.00', 'initial_count_fp': '3.00', 'last_update_time': '2026-06-09T21:31:57.694704Z', 'maker_fees_dollars': '0.000000', 'maker_fill_cost_dollars': '0.000000', 'no_price_dollars': '0.9000', 'order_id': '53aa892c-9643-4974-98ef-614aa709e75e', 'outcome_side': 'no', 'remaining_count_fp': '3.00', 'side': 'no', 'status': 'resting', 'subaccount_number': 0, 'taker_fees_dollars': '0.000000', 'taker_fill_cost_dollars': '0.000000', 'ticker': 'KXTRUFTSA-26JUN09-T2770000', 'type': 'limit', 'user_id': '6db6972a-11ba-4203-a80d-b435f9c20a3f', 'yes_price_dollars': '0.1000'}}",no,1.0,0.97,,
passive_limit,0.15,KXTRUFTSA-26JUN09-T2870000,0.9239130434782608,,8,0,8,False,"{'order': {'action': 'buy', 'book_side': 'ask', 'client_order_id': 'f142af3d-e0ad-4ee4-a38d-04e6611642d6', 'created_time': '2026-06-09T21:31:59.073047Z', 'expiration_time': '2026-06-09T23:59:00Z', 'fill_count_fp': '0.00', 'initial_count_fp': '8.00', 'last_update_time': '2026-06-09T21:31:59.073047Z', 'maker_fees_dollars': '0.000000', 'maker_fill_cost_dollars': '0.000000', 'no_price_dollars': '0.9200', 'order_id': '419dc827-9456-466d-a234-5ebbda58ded9', 'outcome_side': 'no', 'remaining_count_fp': '8.00', 'side': 'no', 'status': 'resting', 'subaccount_number': 0, 'taker_fees_dollars': '0.000000', 'taker_fill_cost_dollars': '0.000000', 'ticker': 'KXTRUFTSA-26JUN09-T2870000', 'type': 'limit', 'user_id': '6db6972a-11ba-4203-a80d-b435f9c20a3f', 'yes_price_dollars': '0.0800'}}",no,1.0,0.96,,
passive_limit,0.2,KXTRUFTSA-26JUN09-T2870000,0.9195402298850575,,10,8,2,False,"{'order': {'action': 'buy', 'book_side': 'ask', 'client_order_id': '6a8b1d37-cee5-4adc-bc9d-8363c30fdc2a', 'created_time': '2026-06-09T21:32:01.397437Z', 'expiration_time': '2026-06-09T23:59:00Z', 'fill_count_fp': '0.00', 'initial_count_fp': '2.00', 'last_update_time': '2026-06-09T21:32:01.397437Z', 'maker_fees_dollars': '0.000000', 'maker_fill_cost_dollars': '0.000000', 'no_price_dollars': '0.9200', 'order_id': '034287c9-c16c-4333-aaca-75356557bf9d', 'outcome_side': 'no', 'remaining_count_fp': '2.00', 'side': 'no', 'status': 'resting', 'subaccount_number': 0, 'taker_fees_dollars': '0.000000', 'taker_fill_cost_dollars': '0.000000', 'ticker': 'KXTRUFTSA-26JUN09-T2870000', 'type': 'limit', 'user_id': '6db6972a-11ba-4203-a80d-b435f9c20a3f', 'yes_price_dollars': '0.0800'}}",no,1.0,0.96,,
passive_limit,0.25,KXTRUFTSA-26JUN09-T2870000,0.9146341463414633,,13,10,3,False,"{'order': {'action': 'buy', 'book_side': 'ask', 'client_order_id': 'ba508fc3-cca3-4953-9c17-09b077cf5061', 'created_time': '2026-06-09T21:32:03.731364Z', 'expiration_time': '2026-06-09T23:59:00Z', 'fill_count_fp': '0.00', 'initial_count_fp': '3.00', 'last_update_time': '2026-06-09T21:32:03.731364Z', 'maker_fees_dollars': '0.000000', 'maker_fill_cost_dollars': '0.000000', 'no_price_dollars': '0.9100', 'order_id': '269ac456-bbeb-4307-9342-8166ae42b422', 'outcome_side': 'no', 'remaining_count_fp': '3.00', 'side': 'no', 'status': 'resting', 'subaccount_number': 0, 'taker_fees_dollars': '0.000000', 'taker_fill_cost_dollars': '0.000000', 'ticker': 'KXTRUFTSA-26JUN09-T2870000', 'type': 'limit', 'user_id': '6db6972a-11ba-4203-a80d-b435f9c20a3f', 'yes_price_dollars': '0.0900'}}",no,1.0,0.96,,
passive_limit,0.3,KXTRUFTSA-26JUN09-T2870000,0.9090909090909091,,16,13,3,False,"{'order': {'action': 'buy', 'book_side': 'ask', 'client_order_id': '32d10a23-5296-47a9-80d0-b29531a9a99a', 'created_time': '2026-06-09T21:32:06.056075Z', 'expiration_time': '2026-06-09T23:59:00Z', 'fill_count_fp': '0.00', 'initial_count_fp': '3.00', 'last_update_time': '2026-06-09T21:32:06.056075Z', 'maker_fees_dollars': '0.000000', 'maker_fill_cost_dollars': '0.000000', 'no_price_dollars': '0.9100', 'order_id': '8958098d-29c1-4167-b0b6-de1a54414302', 'outcome_side': 'no', 'remaining_count_fp': '3.00', 'side': 'no', 'status': 'resting', 'subaccount_number': 0, 'taker_fees_dollars': '0.000000', 'taker_fill_cost_dollars': '0.000000', 'ticker': 'KXTRUFTSA-26JUN09-T2870000', 'type': 'limit', 'user_id': '6db6972a-11ba-4203-a80d-b435f9c20a3f', 'yes_price_dollars': '0.0900'}}",no,1.0,0.96,,
passive_limit,0.35,KXTRUFTSA-26JUN09-T2870000,0.9027777777777777,,19,16,3,False,"{'order': {'action': 'buy', 'book_side': 'ask', 'client_order_id': '93c0ee06-5a60-4df6-9906-24fd1f9ec555', 'created_time': '2026-06-09T21:32:08.57485Z', 'expiration_time': '2026-06-09T23:59:00Z', 'fill_count_fp': '0.00', 'initial_count_fp': '3.00', 'last_update_time': '2026-06-09T21:32:08.57485Z', 'maker_fees_dollars': '0.000000', 'maker_fill_cost_dollars': '0.000000', 'no_price_dollars': '0.9000', 'order_id': 'fdc98fa4-c11a-4acf-be69-c7db21fdc0de', 'outcome_side': 'no', 'remaining_count_fp': '3.00', 'side': 'no', 'status': 'resting', 'subaccount_number': 0, 'taker_fees_dollars': '0.000000', 'taker_fill_cost_dollars': '0.000000', 'ticker': 'KXTRUFTSA-26JUN09-T2870000', 'type': 'limit', 'user_id': '6db6972a-11ba-4203-a80d-b435f9c20a3f', 'yes_price_dollars': '0.1000'}}",no,1.0,0.96,,
passive_limit,0.4,KXTRUFTSA-26JUN09-T2870000,0.8955223880597014,,22,19,3,False,"{'order': {'action': 'buy', 'book_side': 'ask', 'client_order_id': '1a5243c1-b87e-4a09-adf5-b61f2f1a664e', 'created_time': '2026-06-09T21:32:11.182386Z', 'expiration_time': '2026-06-09T23:59:00Z', 'fill_count_fp': '0.00', 'initial_count_fp': '3.00', 'last_update_time': '2026-06-09T21:32:11.182386Z', 'maker_fees_dollars': '0.000000', 'maker_fill_cost_dollars': '0.000000', 'no_price_dollars': '0.9000', 'order_id': '070fe490-93c1-4b2e-981e-b95147471231', 'outcome_side': 'no', 'remaining_count_fp': '3.00', 'side': 'no', 'status': 'resting', 'subaccount_number': 0, 'taker_fees_dollars': '0.000000', 'taker_fill_cost_dollars': '0.000000', 'ticker': 'KXTRUFTSA-26JUN09-T2870000', 'type': 'limit', 'user_id': '6db6972a-11ba-4203-a80d-b435f9c20a3f', 'yes_price_dollars': '0.1000'}}",no,1.0,0.96,,
passive_limit,0.15,KXTRUFTSA-26JUN09-T2970000,0.9239130434782608,,8,0,8,False,"{'order': {'action': 'buy', 'book_side': 'ask', 'client_order_id': 'f794207e-e7ab-4e09-8a10-e505b802ebab', 'created_time': '2026-06-09T21:32:12.423693Z', 'expiration_time': '2026-06-09T23:59:00Z', 'fill_count_fp': '0.00', 'initial_count_fp': '8.00', 'last_update_time': '2026-06-09T21:32:12.423693Z', 'maker_fees_dollars': '0.000000', 'maker_fill_cost_dollars': '0.000000', 'no_price_dollars': '0.9200', 'order_id': 'b658ebe8-1490-47b9-be67-ec4f2a8531f8', 'outcome_side': 'no', 'remaining_count_fp': '8.00', 'side': 'no', 'status': 'resting', 'subaccount_number': 0, 'taker_fees_dollars': '0.000000', 'taker_fill_cost_dollars': '0.000000', 'ticker': 'KXTRUFTSA-26JUN09-T2970000', 'type': 'limit', 'user_id': '6db6972a-11ba-4203-a80d-b435f9c20a3f', 'yes_price_dollars': '0.0800'}}",no,1.0,0.94,,
passive_limit,0.2,KXTRUFTSA-26JUN09-T2970000,0.9195402298850575,,10,8,2,False,"{'order': {'action': 'buy', 'book_side': 'ask', 'client_order_id': 'ad37f633-69b1-4c3f-9698-89ab90906627', 'created_time': '2026-06-09T21:32:14.76558Z', 'expiration_time': '2026-06-09T23:59:00Z', 'fill_count_fp': '0.00', 'initial_count_fp': '2.00', 'last_update_time': '2026-06-09T21:32:14.76558Z', 'maker_fees_dollars': '0.000000', 'maker_fill_cost_dollars': '0.000000', 'no_price_dollars': '0.9200', 'order_id': 'c3cc5a0e-75b9-44e1-8728-14e1694fbc25', 'outcome_side': 'no', 'remaining_count_fp': '2.00', 'side': 'no', 'status': 'resting', 'subaccount_number': 0, 'taker_fees_dollars': '0.000000', 'taker_fill_cost_dollars': '0.000000', 'ticker': 'KXTRUFTSA-26JUN09-T2970000', 'type': 'limit', 'user_id': '6db6972a-11ba-4203-a80d-b435f9c20a3f', 'yes_price_dollars': '0.0800'}}",no,1.0,0.94,,
passive_limit,0.25,KXTRUFTSA-26JUN09-T2970000,0.9146341463414633,,13,10,3,False,"{'order': {'action': 'buy', 'book_side': 'ask', 'client_order_id': '075dfb6c-2a63-4593-bd72-b1b2024c3c07', 'created_time': '2026-06-09T21:32:17.073841Z', 'expiration_time': '2026-06-09T23:59:00Z', 'fill_count_fp': '0.00', 'initial_count_fp': '3.00', 'last_update_time': '2026-06-09T21:32:17.073841Z', 'maker_fees_dollars': '0.000000', 'maker_fill_cost_dollars': '0.000000', 'no_price_dollars': '0.9100', 'order_id': '1ee45d01-cbde-435f-9b6f-d189efdc1d66', 'outcome_side': 'no', 'remaining_count_fp': '3.00', 'side': 'no', 'status': 'resting', 'subaccount_number': 0, 'taker_fees_dollars': '0.000000', 'taker_fill_cost_dollars': '0.000000', 'ticker': 'KXTRUFTSA-26JUN09-T2970000', 'type': 'limit', 'user_id': '6db6972a-11ba-4203-a80d-b435f9c20a3f', 'yes_price_dollars': '0.0900'}}",no,1.0,0.94,,
passive_limit,0.3,KXTRUFTSA-26JUN09-T2970000,0.9090909090909091,,16,13,3,False,"{'order': {'action': 'buy', 'book_side': 'ask', 'client_order_id': '3a630d4d-591b-4fc4-b72e-d435631dcfb2', 'created_time': '2026-06-09T21:32:19.420589Z', 'expiration_time': '2026-06-09T23:59:00Z', 'fill_count_fp': '0.00', 'initial_count_fp': '3.00', 'last_update_time': '2026-06-09T21:32:19.420589Z', 'maker_fees_dollars': '0.000000', 'maker_fill_cost_dollars': '0.000000', 'no_price_dollars': '0.9100', 'order_id': '585bf1de-429f-4da0-b043-7a869d3f8ec3', 'outcome_side': 'no', 'remaining_count_fp': '3.00', 'side': 'no', 'status': 'resting', 'subaccount_number': 0, 'taker_fees_dollars': '0.000000', 'taker_fill_cost_dollars': '0.000000', 'ticker': 'KXTRUFTSA-26JUN09-T2970000', 'type': 'limit', 'user_id': '6db6972a-11ba-4203-a80d-b435f9c20a3f', 'yes_price_dollars': '0.0900'}}",no,1.0,0.94,,
passive_limit,0.35,KXTRUFTSA-26JUN09-T2970000,0.9027777777777777,,19,16,3,False,"{'order': {'action': 'buy', 'book_side': 'ask', 'client_order_id': 'f7ef093a-dba1-495e-a350-70bbcba18e93', 'created_time': '2026-06-09T21:32:21.748533Z', 'expiration_time': '2026-06-09T23:59:00Z', 'fill_count_fp': '0.00', 'initial_count_fp': '3.00', 'last_update_time': '2026-06-09T21:32:21.748533Z', 'maker_fees_dollars': '0.000000', 'maker_fill_cost_dollars': '0.000000', 'no_price_dollars': '0.9000', 'order_id': '5d194068-3adf-412e-9ade-0dedcd5b7b62', 'outcome_side': 'no', 'remaining_count_fp': '3.00', 'side': 'no', 'status': 'resting', 'subaccount_number': 0, 'taker_fees_dollars': '0.000000', 'taker_fill_cost_dollars': '0.000000', 'ticker': 'KXTRUFTSA-26JUN09-T2970000', 'type': 'limit', 'user_id': '6db6972a-11ba-4203-a80d-b435f9c20a3f', 'yes_price_dollars': '0.1000'}}",no,1.0,0.94,,
passive_limit,0.4,KXTRUFTSA-26JUN09-T2970000,0.8955223880597014,,22,19,3,False,"{'order': {'action': 'buy', 'book_side': 'ask', 'client_order_id': 'e8029f29-51aa-46a8-8f98-e2cd2f610e3a', 'created_time': '2026-06-09T21:32:24.347782Z', 'expiration_time': '2026-06-09T23:59:00Z', 'fill_count_fp': '0.00', 'initial_count_fp': '3.00', 'last_update_time': '2026-06-09T21:32:24.347782Z', 'maker_fees_dollars': '0.000000', 'maker_fill_cost_dollars': '0.000000', 'no_price_dollars': '0.9000', 'order_id': '8c183199-234d-4f78-a2ee-64497d54c400', 'outcome_side': 'no', 'remaining_count_fp': '3.00', 'side': 'no', 'status': 'resting', 'subaccount_number': 0, 'taker_fees_dollars': '0.000000', 'taker_fill_cost_dollars': '0.000000', 'ticker': 'KXTRUFTSA-26JUN09-T2970000', 'type': 'limit', 'user_id': '6db6972a-11ba-4203-a80d-b435f9c20a3f', 'yes_price_dollars': '0.1000'}}",no,1.0,0.94,,
passive_limit,0.15,KXTRUFTSA-26JUN09-T3070000,0.9239130434782608,,8,0,8,False,"{'order': {'action': 'buy', 'book_side': 'ask', 'client_order_id': '09c9d833-0f2b-47bb-bde3-160140a98a1e', 'created_time': '2026-06-09T21:32:26.36668Z', 'expiration_time': '2026-06-09T23:59:00Z', 'fill_count_fp': '0.00', 'initial_count_fp': '8.00', 'last_update_time': '2026-06-09T21:32:26.36668Z', 'maker_fees_dollars': '0.000000', 'maker_fill_cost_dollars': '0.000000', 'no_price_dollars': '0.9200', 'order_id': 'b309ec6b-8691-4926-83a4-7b4271963953', 'outcome_side': 'no', 'remaining_count_fp': '8.00', 'side': 'no', 'status': 'resting', 'subaccount_number': 0, 'taker_fees_dollars': '0.000000', 'taker_fill_cost_dollars': '0.000000', 'ticker': 'KXTRUFTSA-26JUN09-T3070000', 'type': 'limit', 'user_id': '6db6972a-11ba-4203-a80d-b435f9c20a3f', 'yes_price_dollars': '0.0800'}}",no,1.0,0.96,,
passive_limit,0.2,KXTRUFTSA-26JUN09-T3070000,0.9195402298850575,,10,8,2,False,"{'order': {'action': 'buy', 'book_side': 'ask', 'client_order_id': 'e3d947c1-f0c6-48c9-a16d-7ccc4de2a982', 'created_time': '2026-06-09T21:32:28.778252Z', 'expiration_time': '2026-06-09T23:59:00Z', 'fill_count_fp': '0.00', 'initial_count_fp': '2.00', 'last_update_time': '2026-06-09T21:32:28.778252Z', 'maker_fees_dollars': '0.000000', 'maker_fill_cost_dollars': '0.000000', 'no_price_dollars': '0.9200', 'order_id': 'bd3bd856-6f20-439b-88ec-38325124e107', 'outcome_side': 'no', 'remaining_count_fp': '2.00', 'side': 'no', 'status': 'resting', 'subaccount_number': 0, 'taker_fees_dollars': '0.000000', 'taker_fill_cost_dollars': '0.000000', 'ticker': 'KXTRUFTSA-26JUN09-T3070000', 'type': 'limit', 'user_id': '6db6972a-11ba-4203-a80d-b435f9c20a3f', 'yes_price_dollars': '0.0800'}}",no,1.0,0.96,,
passive_limit,0.25,KXTRUFTSA-26JUN09-T3070000,0.9146341463414633,,13,10,3,False,"{'order': {'action': 'buy', 'book_side': 'ask', 'client_order_id': '4e1ca330-ef85-4cb0-b151-a3f2c29d4da1', 'created_time': '2026-06-09T21:32:31.137703Z', 'expiration_time': '2026-06-09T23:59:00Z', 'fill_count_fp': '0.00', 'initial_count_fp': '3.00', 'last_update_time': '2026-06-09T21:32:31.137703Z', 'maker_fees_dollars': '0.000000', 'maker_fill_cost_dollars': '0.000000', 'no_price_dollars': '0.9100', 'order_id': '529f7432-0ccb-4bbc-bb13-e1f09a95315e', 'outcome_side': 'no', 'remaining_count_fp': '3.00', 'side': 'no', 'status': 'resting', 'subaccount_number': 0, 'taker_fees_dollars': '0.000000', 'taker_fill_cost_dollars': '0.000000', 'ticker': 'KXTRUFTSA-26JUN09-T3070000', 'type': 'limit', 'user_id': '6db6972a-11ba-4203-a80d-b435f9c20a3f', 'yes_price_dollars': '0.0900'}}",no,1.0,0.96,,
passive_limit,0.3,KXTRUFTSA-26JUN09-T3070000,0.9090909090909091,,16,13,3,False,"{'order': {'action': 'buy', 'book_side': 'ask', 'client_order_id': '352f6994-43b9-4902-aa9f-de3e7a477f3a', 'created_time': '2026-06-09T21:32:33.587279Z', 'expiration_time': '2026-06-09T23:59:00Z', 'fill_count_fp': '0.00', 'initial_count_fp': '3.00', 'last_update_time': '2026-06-09T21:32:33.587279Z', 'maker_fees_dollars': '0.000000', 'maker_fill_cost_dollars': '0.000000', 'no_price_dollars': '0.9100', 'order_id': 'ce5cbcb8-a4bc-4f65-837e-70cefa472038', 'outcome_side': 'no', 'remaining_count_fp': '3.00', 'side': 'no', 'status': 'resting', 'subaccount_number': 0, 'taker_fees_dollars': '0.000000', 'taker_fill_cost_dollars': '0.000000', 'ticker': 'KXTRUFTSA-26JUN09-T3070000', 'type': 'limit', 'user_id': '6db6972a-11ba-4203-a80d-b435f9c20a3f', 'yes_price_dollars': '0.0900'}}",no,1.0,0.96,,
passive_limit,0.35,KXTRUFTSA-26JUN09-T3070000,0.9027777777777777,,19,16,3,False,"{'order': {'action': 'buy', 'book_side': 'ask', 'client_order_id': '5b07eedc-b42b-4421-bdf9-3d84b0f97568', 'created_time': '2026-06-09T21:32:36.135409Z', 'expiration_time': '2026-06-09T23:59:00Z', 'fill_count_fp': '0.00', 'initial_count_fp': '3.00', 'last_update_time': '2026-06-09T21:32:36.135409Z', 'maker_fees_dollars': '0.000000', 'maker_fill_cost_dollars': '0.000000', 'no_price_dollars': '0.9000', 'order_id': 'd7bf8207-820c-42c7-95da-b2d9b02c0748', 'outcome_side': 'no', 'remaining_count_fp': '3.00', 'side': 'no', 'status': 'resting', 'subaccount_number': 0, 'taker_fees_dollars': '0.000000', 'taker_fill_cost_dollars': '0.000000', 'ticker': 'KXTRUFTSA-26JUN09-T3070000', 'type': 'limit', 'user_id': '6db6972a-11ba-4203-a80d-b435f9c20a3f', 'yes_price_dollars': '0.1000'}}",no,1.0,0.96,,
passive_limit,0.4,KXTRUFTSA-26JUN09-T3070000,0.8955223880597014,,22,19,3,False,"{'order': {'action': 'buy', 'book_side': 'ask', 'client_order_id': 'd734188d-50b3-47c1-8222-ab1d58da874c', 'created_time': '2026-06-09T21:32:38.9473Z', 'expiration_time': '2026-06-09T23:59:00Z', 'fill_count_fp': '0.00', 'initial_count_fp': '3.00', 'last_update_time': '2026-06-09T21:32:38.9473Z', 'maker_fees_dollars': '0.000000', 'maker_fill_cost_dollars': '0.000000', 'no_price_dollars': '0.9000', 'order_id': '48f44fa5-e9f5-420e-8357-6afbd76363ea', 'outcome_side': 'no', 'remaining_count_fp': '3.00', 'side': 'no', 'status': 'resting', 'subaccount_number': 0, 'taker_fees_dollars': '0.000000', 'taker_fill_cost_dollars': '0.000000', 'ticker': 'KXTRUFTSA-26JUN09-T3070000', 'type': 'limit', 'user_id': '6db6972a-11ba-4203-a80d-b435f9c20a3f', 'yes_price_dollars': '0.1000'}}",no,1.0,0.96,,
passive_limit,0.15,KXTRUFTSA-26JUN09-T3170000,0.9239130434782608,,8,0,8,False,"{'order': {'action': 'buy', 'book_side': 'ask', 'client_order_id': '2186ef27-61c4-4720-be82-197469cdfb2b', 'created_time': '2026-06-09T21:32:41.272328Z', 'expiration_time': '2026-06-09T23:59:00Z', 'fill_count_fp': '0.00', 'initial_count_fp': '8.00', 'last_update_time': '2026-06-09T21:32:41.272328Z', 'maker_fees_dollars': '0.000000', 'maker_fill_cost_dollars': '0.000000', 'no_price_dollars': '0.9200', 'order_id': 'b687adbe-4616-4c66-8520-0e0d87e2759d', 'outcome_side': 'no', 'remaining_count_fp': '8.00', 'side': 'no', 'status': 'resting', 'subaccount_number': 0, 'taker_fees_dollars': '0.000000', 'taker_fill_cost_dollars': '0.000000', 'ticker': 'KXTRUFTSA-26JUN09-T3170000', 'type': 'limit', 'user_id': '6db6972a-11ba-4203-a80d-b435f9c20a3f', 'yes_price_dollars': '0.0800'}}",no,1.0,0.96,,
passive_limit,0.2,KXTRUFTSA-26JUN09-T3170000,0.9195402298850575,,10,8,2,False,"{'order': {'action': 'buy', 'book_side': 'ask', 'client_order_id': '14d47a07-7f5b-4a36-8a71-ad4c7aa1c6d0', 'created_time': '2026-06-09T21:32:43.716962Z', 'expiration_time': '2026-06-09T23:59:00Z', 'fill_count_fp': '0.00', 'initial_count_fp': '2.00', 'last_update_time': '2026-06-09T21:32:43.716962Z', 'maker_fees_dollars': '0.000000', 'maker_fill_cost_dollars': '0.000000', 'no_price_dollars': '0.9200', 'order_id': '01f00d6d-613d-41f0-ac8f-398acda5c598', 'outcome_side': 'no', 'remaining_count_fp': '2.00', 'side': 'no', 'status': 'resting', 'subaccount_number': 0, 'taker_fees_dollars': '0.000000', 'taker_fill_cost_dollars': '0.000000', 'ticker': 'KXTRUFTSA-26JUN09-T3170000', 'type': 'limit', 'user_id': '6db6972a-11ba-4203-a80d-b435f9c20a3f', 'yes_price_dollars': '0.0800'}}",no,1.0,0.96,,
passive_limit,0.25,KXTRUFTSA-26JUN09-T3170000,0.9146341463414633,,13,10,3,False,"{'order': {'action': 'buy', 'book_side': 'ask', 'client_order_id': '4a2a1d86-ca1d-4b61-9389-2f7b9c6206b8', 'created_time': '2026-06-09T21:32:46.184501Z', 'expiration_time': '2026-06-09T23:59:00Z', 'fill_count_fp': '0.00', 'initial_count_fp': '3.00', 'last_update_time': '2026-06-09T21:32:46.184501Z', 'maker_fees_dollars': '0.000000', 'maker_fill_cost_dollars': '0.000000', 'no_price_dollars': '0.9100', 'order_id': 'b4fcecd5-b2de-4811-81b5-ec21cf1a605b', 'outcome_side': 'no', 'remaining_count_fp': '3.00', 'side': 'no', 'status': 'resting', 'subaccount_number': 0, 'taker_fees_dollars': '0.000000', 'taker_fill_cost_dollars': '0.000000', 'ticker': 'KXTRUFTSA-26JUN09-T3170000', 'type': 'limit', 'user_id': '6db6972a-11ba-4203-a80d-b435f9c20a3f', 'yes_price_dollars': '0.0900'}}",no,1.0,0.96,,
passive_limit,0.3,KXTRUFTSA-26JUN09-T3170000,0.9090909090909091,,16,13,3,False,"{'order': {'action': 'buy', 'book_side': 'ask', 'client_order_id': 'e32302e2-58d0-4c7e-a41c-0081ae72a21c', 'created_time': '2026-06-09T21:32:48.712011Z', 'expiration_time': '2026-06-09T23:59:00Z', 'fill_count_fp': '0.00', 'initial_count_fp': '3.00', 'last_update_time': '2026-06-09T21:32:48.712011Z', 'maker_fees_dollars': '0.000000', 'maker_fill_cost_dollars': '0.000000', 'no_price_dollars': '0.9100', 'order_id': 'd820e024-0361-48bc-adbc-fae347c47000', 'outcome_side': 'no', 'remaining_count_fp': '3.00', 'side': 'no', 'status': 'resting', 'subaccount_number': 0, 'taker_fees_dollars': '0.000000', 'taker_fill_cost_dollars': '0.000000', 'ticker': 'KXTRUFTSA-26JUN09-T3170000', 'type': 'limit', 'user_id': '6db6972a-11ba-4203-a80d-b435f9c20a3f', 'yes_price_dollars': '0.0900'}}",no,1.0,0.96,,
passive_limit,0.35,KXTRUFTSA-26JUN09-T3170000,0.9027777777777777,,19,16,3,False,"{'order': {'action': 'buy', 'book_side': 'ask', 'client_order_id': 'a867c68d-eca3-4714-8436-11de6f57c551', 'created_time': '2026-06-09T21:32:51.208017Z', 'expiration_time': '2026-06-09T23:59:00Z', 'fill_count_fp': '0.00', 'initial_count_fp': '3.00', 'last_update_time': '2026-06-09T21:32:51.208017Z', 'maker_fees_dollars': '0.000000', 'maker_fill_cost_dollars': '0.000000', 'no_price_dollars': '0.9000', 'order_id': '630f0ba2-35f6-4c70-b76e-7423f5e3a148', 'outcome_side': 'no', 'remaining_count_fp': '3.00', 'side': 'no', 'status': 'resting', 'subaccount_number': 0, 'taker_fees_dollars': '0.000000', 'taker_fill_cost_dollars': '0.000000', 'ticker': 'KXTRUFTSA-26JUN09-T3170000', 'type': 'limit', 'user_id': '6db6972a-11ba-4203-a80d-b435f9c20a3f', 'yes_price_dollars': '0.1000'}}",no,1.0,0.96,,
passive_limit,0.4,KXTRUFTSA-26JUN09-T3170000,0.8955223880597014,,22,19,3,False,"{'order': {'action': 'buy', 'book_side': 'ask', 'client_order_id': '08d25851-9353-46f0-be31-837086da7d17', 'created_time': '2026-06-09T21:32:53.989452Z', 'expiration_time': '2026-06-09T23:59:00Z', 'fill_count_fp': '0.00', 'initial_count_fp': '3.00', 'last_update_time': '2026-06-09T21:32:53.989452Z', 'maker_fees_dollars': '0.000000', 'maker_fill_cost_dollars': '0.000000', 'no_price_dollars': '0.9000', 'order_id': 'c4d8f09f-4038-488c-b8dd-0b3f577dc1db', 'outcome_side': 'no', 'remaining_count_fp': '3.00', 'side': 'no', 'status': 'resting', 'subaccount_number': 0, 'taker_fees_dollars': '0.000000', 'taker_fill_cost_dollars': '0.000000', 'ticker': 'KXTRUFTSA-26JUN09-T3170000', 'type': 'limit', 'user_id': '6db6972a-11ba-4203-a80d-b435f9c20a3f', 'yes_price_dollars': '0.1000'}}",no,1.0,0.96,,
passive_limit,0.15,KXTRUFTSA-26JUN09-T3270000,0.9239130434782608,,8,0,8,False,"{'order': {'action': 'buy', 'book_side': 'ask', 'client_order_id': 'cc6e18ac-0bbc-4eb9-9211-fc4f0d090652', 'created_time': '2026-06-09T21:32:56.816874Z', 'expiration_time': '2026-06-09T23:59:00Z', 'fill_count_fp': '0.00', 'initial_count_fp': '8.00', 'last_update_time': '2026-06-09T21:32:56.816874Z', 'maker_fees_dollars': '0.000000', 'maker_fill_cost_dollars': '0.000000', 'no_price_dollars': '0.9200', 'order_id': '55cf249a-a37e-4b16-9826-058503d70f6f', 'outcome_side': 'no', 'remaining_count_fp': '8.00', 'side': 'no', 'status': 'resting', 'subaccount_number': 0, 'taker_fees_dollars': '0.000000', 'taker_fill_cost_dollars': '0.000000', 'ticker': 'KXTRUFTSA-26JUN09-T3270000', 'type': 'limit', 'user_id': '6db6972a-11ba-4203-a80d-b435f9c20a3f', 'yes_price_dollars': '0.0800'}}",no,1.0,0.96,,
passive_limit,0.2,KXTRUFTSA-26JUN09-T3270000,0.9195402298850575,,10,8,2,False,"{'order': {'action': 'buy', 'book_side': 'ask', 'client_order_id': '5b714bd2-3528-4158-ac4a-cc408d5eab33', 'created_time': '2026-06-09T21:32:59.299692Z', 'expiration_time': '2026-06-09T23:59:00Z', 'fill_count_fp': '0.00', 'initial_count_fp': '2.00', 'last_update_time': '2026-06-09T21:32:59.299692Z', 'maker_fees_dollars': '0.000000', 'maker_fill_cost_dollars': '0.000000', 'no_price_dollars': '0.9200', 'order_id': 'a92b3a0d-72d5-4f04-b120-b3bca7b0b58d', 'outcome_side': 'no', 'remaining_count_fp': '2.00', 'side': 'no', 'status': 'resting', 'subaccount_number': 0, 'taker_fees_dollars': '0.000000', 'taker_fill_cost_dollars': '0.000000', 'ticker': 'KXTRUFTSA-26JUN09-T3270000', 'type': 'limit', 'user_id': '6db6972a-11ba-4203-a80d-b435f9c20a3f', 'yes_price_dollars': '0.0800'}}",no,1.0,0.96,,
passive_limit,0.25,KXTRUFTSA-26JUN09-T3270000,0.9146341463414633,,13,10,3,False,"{'order': {'action': 'buy', 'book_side': 'ask', 'client_order_id': '590d08ca-54a8-45c3-8f06-068cbfd59056', 'created_time': '2026-06-09T21:33:02.198023Z', 'expiration_time': '2026-06-09T23:59:00Z', 'fill_count_fp': '0.00', 'initial_count_fp': '3.00', 'last_update_time': '2026-06-09T21:33:02.198023Z', 'maker_fees_dollars': '0.000000', 'maker_fill_cost_dollars': '0.000000', 'no_price_dollars': '0.9100', 'order_id': '37406696-385b-4c0a-a29f-d26cca4e3f4e', 'outcome_side': 'no', 'remaining_count_fp': '3.00', 'side': 'no', 'status': 'resting', 'subaccount_number': 0, 'taker_fees_dollars': '0.000000', 'taker_fill_cost_dollars': '0.000000', 'ticker': 'KXTRUFTSA-26JUN09-T3270000', 'type': 'limit', 'user_id': '6db6972a-11ba-4203-a80d-b435f9c20a3f', 'yes_price_dollars': '0.0900'}}",no,1.0,0.96,,
passive_limit,0.3,KXTRUFTSA-26JUN09-T3270000,0.9090909090909091,,16,13,3,False,"{'order': {'action': 'buy', 'book_side': 'ask', 'client_order_id': '90998afb-b350-413d-8b20-2f7e62c04021', 'created_time': '2026-06-09T21:33:03.209796Z', 'expiration_time': '2026-06-09T23:59:00Z', 'fill_count_fp': '0.00', 'initial_count_fp': '3.00', 'last_update_time': '2026-06-09T21:33:03.209796Z', 'maker_fees_dollars': '0.000000', 'maker_fill_cost_dollars': '0.000000', 'no_price_dollars': '0.9100', 'order_id': '30c9da84-f9b5-461a-aa75-e6b8b1b2cd25', 'outcome_side': 'no', 'remaining_count_fp': '3.00', 'side': 'no', 'status': 'resting', 'subaccount_number': 0, 'taker_fees_dollars': '0.000000', 'taker_fill_cost_dollars': '0.000000', 'ticker': 'KXTRUFTSA-26JUN09-T3270000', 'type': 'limit', 'user_id': '6db6972a-11ba-4203-a80d-b435f9c20a3f', 'yes_price_dollars': '0.0900'}}",no,1.0,0.96,,
passive_limit,0.35,KXTRUFTSA-26JUN09-T3270000,0.9027777777777777,,19,16,3,False,"{'order': {'action': 'buy', 'book_side': 'ask', 'client_order_id': '87cb4210-52d4-4100-be29-18d68c93ec40', 'created_time': '2026-06-09T21:33:06.272892Z', 'expiration_time': '2026-06-09T23:59:00Z', 'fill_count_fp': '0.00', 'initial_count_fp': '3.00', 'last_update_time': '2026-06-09T21:33:06.272892Z', 'maker_fees_dollars': '0.000000', 'maker_fill_cost_dollars': '0.000000', 'no_price_dollars': '0.9000', 'order_id': 'f2f843ab-537b-480e-8a6b-090e9b4a934a', 'outcome_side': 'no', 'remaining_count_fp': '3.00', 'side': 'no', 'status': 'resting', 'subaccount_number': 0, 'taker_fees_dollars': '0.000000', 'taker_fill_cost_dollars': '0.000000', 'ticker': 'KXTRUFTSA-26JUN09-T3270000', 'type': 'limit', 'user_id': '6db6972a-11ba-4203-a80d-b435f9c20a3f', 'yes_price_dollars': '0.1000'}}",no,1.0,0.96,,
passive_limit,0.4,KXTRUFTSA-26JUN09-T3270000,0.8955223880597014,,22,19,3,False,"{'order': {'action': 'buy', 'book_side': 'ask', 'client_order_id': 'f67e1fc5-3231-4da7-b4c1-eac8e7a40322', 'created_time': '2026-06-09T21:33:09.316969Z', 'expiration_time': '2026-06-09T23:59:00Z', 'fill_count_fp': '0.00', 'initial_count_fp': '3.00', 'last_update_time': '2026-06-09T21:33:09.316969Z', 'maker_fees_dollars': '0.000000', 'maker_fill_cost_dollars': '0.000000', 'no_price_dollars': '0.9000', 'order_id': '3bfe7b8f-d214-4a7b-8226-0660eccc0645', 'outcome_side': 'no', 'remaining_count_fp': '3.00', 'side': 'no', 'status': 'resting', 'subaccount_number': 0, 'taker_fees_dollars': '0.000000', 'taker_fill_cost_dollars': '0.000000', 'ticker': 'KXTRUFTSA-26JUN09-T3270000', 'type': 'limit', 'user_id': '6db6972a-11ba-4203-a80d-b435f9c20a3f', 'yes_price_dollars': '0.1000'}}",no,1.0,0.96,,
passive_limit,0.15,KXTRUFTSA-26JUN09-T3370000,0.9239130434782608,,8,0,8,False,"{'order': {'action': 'buy', 'book_side': 'ask', 'client_order_id': '1acf9ddd-adc1-4c91-ae4a-d298a49b0cac', 'created_time': '2026-06-09T21:33:13.960029Z', 'expiration_time': '2026-06-09T23:59:00Z', 'fill_count_fp': '0.00', 'initial_count_fp': '8.00', 'last_update_time': '2026-06-09T21:33:13.960029Z', 'maker_fees_dollars': '0.000000', 'maker_fill_cost_dollars': '0.000000', 'no_price_dollars': '0.9200', 'order_id': '66988d70-3016-4318-acdc-72cf50101be2', 'outcome_side': 'no', 'remaining_count_fp': '8.00', 'side': 'no', 'status': 'resting', 'subaccount_number': 0, 'taker_fees_dollars': '0.000000', 'taker_fill_cost_dollars': '0.000000', 'ticker': 'KXTRUFTSA-26JUN09-T3370000', 'type': 'limit', 'user_id': '6db6972a-11ba-4203-a80d-b435f9c20a3f', 'yes_price_dollars': '0.0800'}}",no,1.0,0.96,,
passive_limit,0.2,KXTRUFTSA-26JUN09-T3370000,0.9195402298850575,,10,8,2,False,"{'order': {'action': 'buy', 'book_side': 'ask', 'client_order_id': '8d304013-9707-4368-b1bc-1789803bb52e', 'created_time': '2026-06-09T21:33:18.330976Z', 'expiration_time': '2026-06-09T23:59:00Z', 'fill_count_fp': '0.00', 'initial_count_fp': '2.00', 'last_update_time': '2026-06-09T21:33:18.330976Z', 'maker_fees_dollars': '0.000000', 'maker_fill_cost_dollars': '0.000000', 'no_price_dollars': '0.9200', 'order_id': '229d0a1f-1418-476f-9c19-7d8cb025d296', 'outcome_side': 'no', 'remaining_count_fp': '2.00', 'side': 'no', 'status': 'resting', 'subaccount_number': 0, 'taker_fees_dollars': '0.000000', 'taker_fill_cost_dollars': '0.000000', 'ticker': 'KXTRUFTSA-26JUN09-T3370000', 'type': 'limit', 'user_id': '6db6972a-11ba-4203-a80d-b435f9c20a3f', 'yes_price_dollars': '0.0800'}}",no,1.0,0.96,,
passive_limit,0.25,KXTRUFTSA-26JUN09-T3370000,0.9146341463414633,,13,10,3,False,"{'order': {'action': 'buy', 'book_side': 'ask', 'client_order_id': 'bd8c3d7a-9510-4d0e-b6e4-ae6f09428d27', 'created_time': '2026-06-09T21:33:21.491433Z', 'expiration_time': '2026-06-09T23:59:00Z', 'fill_count_fp': '0.00', 'initial_count_fp': '3.00', 'last_update_time': '2026-06-09T21:33:21.491433Z', 'maker_fees_dollars': '0.000000', 'maker_fill_cost_dollars': '0.000000', 'no_price_dollars': '0.9100', 'order_id': 'f654f56e-99d1-4eeb-a949-b6b390b43707', 'outcome_side': 'no', 'remaining_count_fp': '3.00', 'side': 'no', 'status': 'resting', 'subaccount_number': 0, 'taker_fees_dollars': '0.000000', 'taker_fill_cost_dollars': '0.000000', 'ticker': 'KXTRUFTSA-26JUN09-T3370000', 'type': 'limit', 'user_id': '6db6972a-11ba-4203-a80d-b435f9c20a3f', 'yes_price_dollars': '0.0900'}}",no,1.0,0.96,,
passive_limit,0.3,KXTRUFTSA-26JUN09-T3370000,0.9090909090909091,,16,13,3,False,"{'order': {'action': 'buy', 'book_side': 'ask', 'client_order_id': 'ff1f4b49-ac02-4d41-89a7-7434e8c0b732', 'created_time': '2026-06-09T21:33:24.369991Z', 'expiration_time': '2026-06-09T23:59:00Z', 'fill_count_fp': '0.00', 'initial_count_fp': '3.00', 'last_update_time': '2026-06-09T21:33:24.369991Z', 'maker_fees_dollars': '0.000000', 'maker_fill_cost_dollars': '0.000000', 'no_price_dollars': '0.9100', 'order_id': 'a48c33cf-d388-403b-aa3d-ea81f313db86', 'outcome_side': 'no', 'remaining_count_fp': '3.00', 'side': 'no', 'status': 'resting', 'subaccount_number': 0, 'taker_fees_dollars': '0.000000', 'taker_fill_cost_dollars': '0.000000', 'ticker': 'KXTRUFTSA-26JUN09-T3370000', 'type': 'limit', 'user_id': '6db6972a-11ba-4203-a80d-b435f9c20a3f', 'yes_price_dollars': '0.0900'}}",no,1.0,0.96,,
passive_limit,0.35,KXTRUFTSA-26JUN09-T3370000,0.9027777777777777,,19,16,3,False,"{'order': {'action': 'buy', 'book_side': 'ask', 'client_order_id': 'b09020d4-cedb-4056-9168-d5cd10636691', 'created_time': '2026-06-09T21:33:27.407947Z', 'expiration_time': '2026-06-09T23:59:00Z', 'fill_count_fp': '0.00', 'initial_count_fp': '3.00', 'last_update_time': '2026-06-09T21:33:27.407947Z', 'maker_fees_dollars': '0.000000', 'maker_fill_cost_dollars': '0.000000', 'no_price_dollars': '0.9000', 'order_id': 'cc8e2c76-45d2-4d02-baa1-0044ed9639a3', 'outcome_side': 'no', 'remaining_count_fp': '3.00', 'side': 'no', 'status': 'resting', 'subaccount_number': 0, 'taker_fees_dollars': '0.000000', 'taker_fill_cost_dollars': '0.000000', 'ticker': 'KXTRUFTSA-26JUN09-T3370000', 'type': 'limit', 'user_id': '6db6972a-11ba-4203-a80d-b435f9c20a3f', 'yes_price_dollars': '0.1000'}}",no,1.0,0.96,,
passive_limit,0.4,KXTRUFTSA-26JUN09-T3370000,0.8955223880597014,,22,19,3,False,"{'order': {'action': 'buy', 'book_side': 'ask', 'client_order_id': '5011ab65-771e-4a8e-ab44-ec299d66adb3', 'created_time': '2026-06-09T21:33:29.847741Z', 'expiration_time': '2026-06-09T23:59:00Z', 'fill_count_fp': '0.00', 'initial_count_fp': '3.00', 'last_update_time': '2026-06-09T21:33:29.847741Z', 'maker_fees_dollars': '0.000000', 'maker_fill_cost_dollars': '0.000000', 'no_price_dollars': '0.9000', 'order_id': 'ccdca13d-30d4-4aae-b095-9493e660ba6d', 'outcome_side': 'no', 'remaining_count_fp': '3.00', 'side': 'no', 'status': 'resting', 'subaccount_number': 0, 'taker_fees_dollars': '0.000000', 'taker_fill_cost_dollars': '0.000000', 'ticker': 'KXTRUFTSA-26JUN09-T3370000', 'type': 'limit', 'user_id': '6db6972a-11ba-4203-a80d-b435f9c20a3f', 'yes_price_dollars': '0.1000'}}",no,1.0,0.96,,
passive_limit,0.15,KXTRUFTSA-26JUN09-T3470000,0.9239130434782608,,8,0,8,False,"{'order': {'action': 'buy', 'book_side': 'ask', 'client_order_id': 'd11503f8-d96e-4b58-b5e1-fa8b17ea72b0', 'created_time': '2026-06-09T21:33:31.930869Z', 'expiration_time': '2026-06-09T23:59:00Z', 'fill_count_fp': '0.00', 'initial_count_fp': '8.00', 'last_update_time': '2026-06-09T21:33:31.930869Z', 'maker_fees_dollars': '0.000000', 'maker_fill_cost_dollars': '0.000000', 'no_price_dollars': '0.9200', 'order_id': '4e08266b-dd04-4e4e-8780-e93ac6fe0a78', 'outcome_side': 'no', 'remaining_count_fp': '8.00', 'side': 'no', 'status': 'resting', 'subaccount_number': 0, 'taker_fees_dollars': '0.000000', 'taker_fill_cost_dollars': '0.000000', 'ticker': 'KXTRUFTSA-26JUN09-T3470000', 'type': 'limit', 'user_id': '6db6972a-11ba-4203-a80d-b435f9c20a3f', 'yes_price_dollars': '0.0800'}}",no,1.0,0.96,,
passive_limit,0.2,KXTRUFTSA-26JUN09-T3470000,0.9195402298850575,,10,8,2,False,"{'order': {'action': 'buy', 'book_side': 'ask', 'client_order_id': 'bbff5038-1e7a-43ff-897a-acde03fe04dc', 'created_time': '2026-06-09T21:33:34.36143Z', 'expiration_time': '2026-06-09T23:59:00Z', 'fill_count_fp': '0.00', 'initial_count_fp': '2.00', 'last_update_time': '2026-06-09T21:33:34.36143Z', 'maker_fees_dollars': '0.000000', 'maker_fill_cost_dollars': '0.000000', 'no_price_dollars': '0.9200', 'order_id': '845cec94-31b4-486f-b3e5-4ab3df8bdfc2', 'outcome_side': 'no', 'remaining_count_fp': '2.00', 'side': 'no', 'status': 'resting', 'subaccount_number': 0, 'taker_fees_dollars': '0.000000', 'taker_fill_cost_dollars': '0.000000', 'ticker': 'KXTRUFTSA-26JUN09-T3470000', 'type': 'limit', 'user_id': '6db6972a-11ba-4203-a80d-b435f9c20a3f', 'yes_price_dollars': '0.0800'}}",no,1.0,0.96,,
passive_limit,0.25,KXTRUFTSA-26JUN09-T3470000,0.9146341463414633,,13,10,3,False,"{'order': {'action': 'buy', 'book_side': 'ask', 'client_order_id': '4eb6738d-52f9-4496-896f-485a7ff8d2aa', 'created_time': '2026-06-09T21:33:36.670549Z', 'expiration_time': '2026-06-09T23:59:00Z', 'fill_count_fp': '0.00', 'initial_count_fp': '3.00', 'last_update_time': '2026-06-09T21:33:36.670549Z', 'maker_fees_dollars': '0.000000', 'maker_fill_cost_dollars': '0.000000', 'no_price_dollars': '0.9100', 'order_id': '7a163ace-ce68-41e1-a118-d5210ed6009b', 'outcome_side': 'no', 'remaining_count_fp': '3.00', 'side': 'no', 'status': 'resting', 'subaccount_number': 0, 'taker_fees_dollars': '0.000000', 'taker_fill_cost_dollars': '0.000000', 'ticker': 'KXTRUFTSA-26JUN09-T3470000', 'type': 'limit', 'user_id': '6db6972a-11ba-4203-a80d-b435f9c20a3f', 'yes_price_dollars': '0.0900'}}",no,1.0,0.96,,
passive_limit,0.3,KXTRUFTSA-26JUN09-T3470000,0.9090909090909091,,16,13,3,False,"{'order': {'action': 'buy', 'book_side': 'ask', 'client_order_id': 'b40e5b03-a4c3-4f10-b5fa-38661ba7d391', 'created_time': '2026-06-09T21:33:39.114527Z', 'expiration_time': '2026-06-09T23:59:00Z', 'fill_count_fp': '0.00', 'initial_count_fp': '3.00', 'last_update_time': '2026-06-09T21:33:39.114527Z', 'maker_fees_dollars': '0.000000', 'maker_fill_cost_dollars': '0.000000', 'no_price_dollars': '0.9100', 'order_id': 'f5c70e40-606b-42ff-b4ad-aabec6c34434', 'outcome_side': 'no', 'remaining_count_fp': '3.00', 'side': 'no', 'status': 'resting', 'subaccount_number': 0, 'taker_fees_dollars': '0.000000', 'taker_fill_cost_dollars': '0.000000', 'ticker': 'KXTRUFTSA-26JUN09-T3470000', 'type': 'limit', 'user_id': '6db6972a-11ba-4203-a80d-b435f9c20a3f', 'yes_price_dollars': '0.0900'}}",no,1.0,0.96,,
passive_limit,0.35,KXTRUFTSA-26JUN09-T3470000,0.9027777777777777,,19,16,3,False,"{'order': {'action': 'buy', 'book_side': 'ask', 'client_order_id': '7b0ece25-3d73-4939-a805-9805698b3038', 'created_time': '2026-06-09T21:33:41.64388Z', 'expiration_time': '2026-06-09T23:59:00Z', 'fill_count_fp': '0.00', 'initial_count_fp': '3.00', 'last_update_time': '2026-06-09T21:33:41.64388Z', 'maker_fees_dollars': '0.000000', 'maker_fill_cost_dollars': '0.000000', 'no_price_dollars': '0.9000', 'order_id': 'ec1ee84f-84ce-4cf8-800d-28c5bc180f43', 'outcome_side': 'no', 'remaining_count_fp': '3.00', 'side': 'no', 'status': 'resting', 'subaccount_number': 0, 'taker_fees_dollars': '0.000000', 'taker_fill_cost_dollars': '0.000000', 'ticker': 'KXTRUFTSA-26JUN09-T3470000', 'type': 'limit', 'user_id': '6db6972a-11ba-4203-a80d-b435f9c20a3f', 'yes_price_dollars': '0.1000'}}",no,1.0,0.96,,
passive_limit,0.4,KXTRUFTSA-26JUN09-T3470000,0.8955223880597014,,22,19,3,False,"{'order': {'action': 'buy', 'book_side': 'ask', 'client_order_id': '642be520-6578-4bd6-a43b-0e13742230d6', 'created_time': '2026-06-09T21:33:43.930237Z', 'expiration_time': '2026-06-09T23:59:00Z', 'fill_count_fp': '0.00', 'initial_count_fp': '3.00', 'last_update_time': '2026-06-09T21:33:43.930237Z', 'maker_fees_dollars': '0.000000', 'maker_fill_cost_dollars': '0.000000', 'no_price_dollars': '0.9000', 'order_id': 'fa2f34ed-ab03-4044-937b-fdfbd83af3d1', 'outcome_side': 'no', 'remaining_count_fp': '3.00', 'side': 'no', 'status': 'resting', 'subaccount_number': 0, 'taker_fees_dollars': '0.000000', 'taker_fill_cost_dollars': '0.000000', 'ticker': 'KXTRUFTSA-26JUN09-T3470000', 'type': 'limit', 'user_id': '6db6972a-11ba-4203-a80d-b435f9c20a3f', 'yes_price_dollars': '0.1000'}}",no,1.0,0.96,,
passive_limit,0.15,KXTRUFTSA-26JUN09-T3570000,0.9239130434782608,,8,0,8,False,"{'order': {'action': 'buy', 'book_side': 'ask', 'client_order_id': '568f013e-a6c3-4d37-96b9-031d7dbecb4e', 'created_time': '2026-06-09T21:33:45.094438Z', 'expiration_time': '2026-06-09T23:59:00Z', 'fill_count_fp': '0.00', 'initial_count_fp': '8.00', 'last_update_time': '2026-06-09T21:33:45.094438Z', 'maker_fees_dollars': '0.000000', 'maker_fill_cost_dollars': '0.000000', 'no_price_dollars': '0.9200', 'order_id': 'c356654d-b84c-422b-bb47-c16bcf6fbabf', 'outcome_side': 'no', 'remaining_count_fp': '8.00', 'side': 'no', 'status': 'resting', 'subaccount_number': 0, 'taker_fees_dollars': '0.000000', 'taker_fill_cost_dollars': '0.000000', 'ticker': 'KXTRUFTSA-26JUN09-T3570000', 'type': 'limit', 'user_id': '6db6972a-11ba-4203-a80d-b435f9c20a3f', 'yes_price_dollars': '0.0800'}}",no,1.0,0.96,,
passive_limit,0.2,KXTRUFTSA-26JUN09-T3570000,0.9195402298850575,,10,8,2,False,"{'order': {'action': 'buy', 'book_side': 'ask', 'client_order_id': '6ee139bc-7307-4ee3-91e1-7004b93d0e23', 'created_time': '2026-06-09T21:33:47.422045Z', 'expiration_time': '2026-06-09T23:59:00Z', 'fill_count_fp': '0.00', 'initial_count_fp': '2.00', 'last_update_time': '2026-06-09T21:33:47.422045Z', 'maker_fees_dollars': '0.000000', 'maker_fill_cost_dollars': '0.000000', 'no_price_dollars': '0.9200', 'order_id': '5b6ac405-0bc7-4702-bf66-7d4fd136ec38', 'outcome_side': 'no', 'remaining_count_fp': '2.00', 'side': 'no', 'status': 'resting', 'subaccount_number': 0, 'taker_fees_dollars': '0.000000', 'taker_fill_cost_dollars': '0.000000', 'ticker': 'KXTRUFTSA-26JUN09-T3570000', 'type': 'limit', 'user_id': '6db6972a-11ba-4203-a80d-b435f9c20a3f', 'yes_price_dollars': '0.0800'}}",no,1.0,0.96,,
passive_limit,0.25,KXTRUFTSA-26JUN09-T3570000,0.9146341463414633,,13,10,3,False,"{'order': {'action': 'buy', 'book_side': 'ask', 'client_order_id': '336df777-e1a5-455a-aa85-37cccb54a401', 'created_time': '2026-06-09T21:33:49.74897Z', 'expiration_time': '2026-06-09T23:59:00Z', 'fill_count_fp': '0.00', 'initial_count_fp': '3.00', 'last_update_time': '2026-06-09T21:33:49.74897Z', 'maker_fees_dollars': '0.000000', 'maker_fill_cost_dollars': '0.000000', 'no_price_dollars': '0.9100', 'order_id': '0f34a894-54f8-4009-95cd-33ccf0d6b311', 'outcome_side': 'no', 'remaining_count_fp': '3.00', 'side': 'no', 'status': 'resting', 'subaccount_number': 0, 'taker_fees_dollars': '0.000000', 'taker_fill_cost_dollars': '0.000000', 'ticker': 'KXTRUFTSA-26JUN09-T3570000', 'type': 'limit', 'user_id': '6db6972a-11ba-4203-a80d-b435f9c20a3f', 'yes_price_dollars': '0.0900'}}",no,1.0,0.96,,
passive_limit,0.3,KXTRUFTSA-26JUN09-T3570000,0.9090909090909091,,16,13,3,False,"{'order': {'action': 'buy', 'book_side': 'ask', 'client_order_id': 'ae994421-695b-4e57-a175-9d2f3e82d65d', 'created_time': '2026-06-09T21:33:52.066523Z', 'expiration_time': '2026-06-09T23:59:00Z', 'fill_count_fp': '0.00', 'initial_count_fp': '3.00', 'last_update_time': '2026-06-09T21:33:52.066523Z', 'maker_fees_dollars': '0.000000', 'maker_fill_cost_dollars': '0.000000', 'no_price_dollars': '0.9100', 'order_id': '389065f6-1af4-4574-afc9-70b8ee189c13', 'outcome_side': 'no', 'remaining_count_fp': '3.00', 'side': 'no', 'status': 'resting', 'subaccount_number': 0, 'taker_fees_dollars': '0.000000', 'taker_fill_cost_dollars': '0.000000', 'ticker': 'KXTRUFTSA-26JUN09-T3570000', 'type': 'limit', 'user_id': '6db6972a-11ba-4203-a80d-b435f9c20a3f', 'yes_price_dollars': '0.0900'}}",no,1.0,0.96,,
passive_limit,0.35,KXTRUFTSA-26JUN09-T3570000,0.9027777777777777,,19,16,3,False,"{'order': {'action': 'buy', 'book_side': 'ask', 'client_order_id': '8c6fca93-f484-4f51-8c55-86019204c70c', 'created_time': '2026-06-09T21:33:54.463118Z', 'expiration_time': '2026-06-09T23:59:00Z', 'fill_count_fp': '0.00', 'initial_count_fp': '3.00', 'last_update_time': '2026-06-09T21:33:54.463118Z', 'maker_fees_dollars': '0.000000', 'maker_fill_cost_dollars': '0.000000', 'no_price_dollars': '0.9000', 'order_id': 'b31cfbe6-aece-4600-9b10-fa842117a35a', 'outcome_side': 'no', 'remaining_count_fp': '3.00', 'side': 'no', 'status': 'resting', 'subaccount_number': 0, 'taker_fees_dollars': '0.000000', 'taker_fill_cost_dollars': '0.000000', 'ticker': 'KXTRUFTSA-26JUN09-T3570000', 'type': 'limit', 'user_id': '6db6972a-11ba-4203-a80d-b435f9c20a3f', 'yes_price_dollars': '0.1000'}}",no,1.0,0.96,,
passive_limit,0.4,KXTRUFTSA-26JUN09-T3570000,0.8955223880597014,,22,19,3,False,"{'order': {'action': 'buy', 'book_side': 'ask', 'client_order_id': '111f2eec-2672-4626-b93d-d10c9ccf3215', 'created_time': '2026-06-09T21:33:56.96326Z', 'expiration_time': '2026-06-09T23:59:00Z', 'fill_count_fp': '0.00', 'initial_count_fp': '3.00', 'last_update_time': '2026-06-09T21:33:56.96326Z', 'maker_fees_dollars': '0.000000', 'maker_fill_cost_dollars': '0.000000', 'no_price_dollars': '0.9000', 'order_id': '3c72706b-4ce6-4ed5-b23f-b1651ffbc4ad', 'outcome_side': 'no', 'remaining_count_fp': '3.00', 'side': 'no', 'status': 'resting', 'subaccount_number': 0, 'taker_fees_dollars': '0.000000', 'taker_fill_cost_dollars': '0.000000', 'ticker': 'KXTRUFTSA-26JUN09-T3570000', 'type': 'limit', 'user_id': '6db6972a-11ba-4203-a80d-b435f9c20a3f', 'yes_price_dollars': '0.1000'}}",no,1.0,0.96,,
