type,pct,ticker,price,best_ask,target_shares,exposure_before,shares,dry_run,response,side,model_prob,market_prob,limit_price,available_shares
passive_limit,0.1,KXTSAW-26JUN14-A2.45,0.9278350515463917,0.99,13,0,13,False,"{'order': {'action': 'buy', 'book_side': 'bid', 'client_order_id': 'a2b9ed7d-2b43-48c7-9c9c-646945e6a7a5', 'created_time': '2026-06-11T12:42:39.988308Z', 'expiration_time': '2026-06-11T23:59:00Z', 'fill_count_fp': '0.00', 'initial_count_fp': '13.00', 'last_update_time': '2026-06-11T12:42:39.988308Z', 'maker_fees_dollars': '0.000000', 'maker_fill_cost_dollars': '0.000000', 'no_price_dollars': '0.0700', 'order_id': 'f7d4a589-ea5a-419c-8d01-bf8017eb0c97', 'outcome_side': 'yes', 'remaining_count_fp': '13.00', 'side': 'yes', 'status': 'resting', 'subaccount_number': 0, 'taker_fees_dollars': '0.000000', 'taker_fill_cost_dollars': '0.000000', 'ticker': 'KXTSAW-26JUN14-A2.45', 'type': 'limit', 'user_id': '6db6972a-11ba-4203-a80d-b435f9c20a3f', 'yes_price_dollars': '0.9300'}}",yes,1.0,0.945,,
passive_limit,0.15,KXTSAW-26JUN14-A2.45,0.9239130434782608,0.99,20,13,7,False,"{'order': {'action': 'buy', 'book_side': 'bid', 'client_order_id': '9cdee11b-ca06-49f2-a018-1be209431966', 'created_time': '2026-06-11T12:42:40.254403Z', 'expiration_time': '2026-06-11T23:59:00Z', 'fill_count_fp': '0.00', 'initial_count_fp': '7.00', 'last_update_time': '2026-06-11T12:42:40.254403Z', 'maker_fees_dollars': '0.000000', 'maker_fill_cost_dollars': '0.000000', 'no_price_dollars': '0.0800', 'order_id': 'fd58ffeb-4aeb-4b17-94d9-d8d2105a525a', 'outcome_side': 'yes', 'remaining_count_fp': '7.00', 'side': 'yes', 'status': 'resting', 'subaccount_number': 0, 'taker_fees_dollars': '0.000000', 'taker_fill_cost_dollars': '0.000000', 'ticker': 'KXTSAW-26JUN14-A2.45', 'type': 'limit', 'user_id': '6db6972a-11ba-4203-a80d-b435f9c20a3f', 'yes_price_dollars': '0.9200'}}",yes,1.0,0.945,,
passive_limit,0.2,KXTSAW-26JUN14-A2.45,0.9195402298850575,0.99,27,20,7,False,"{'order': {'action': 'buy', 'book_side': 'bid', 'client_order_id': 'fd580039-b355-4d46-8b3f-5df1c1263695', 'created_time': '2026-06-11T12:42:40.510548Z', 'expiration_time': '2026-06-11T23:59:00Z', 'fill_count_fp': '0.00', 'initial_count_fp': '7.00', 'last_update_time': '2026-06-11T12:42:40.510548Z', 'maker_fees_dollars': '0.000000', 'maker_fill_cost_dollars': '0.000000', 'no_price_dollars': '0.0800', 'order_id': 'e31a9bb6-f89d-43ad-9e3b-a331dfa696aa', 'outcome_side': 'yes', 'remaining_count_fp': '7.00', 'side': 'yes', 'status': 'resting', 'subaccount_number': 0, 'taker_fees_dollars': '0.000000', 'taker_fill_cost_dollars': '0.000000', 'ticker': 'KXTSAW-26JUN14-A2.45', 'type': 'limit', 'user_id': '6db6972a-11ba-4203-a80d-b435f9c20a3f', 'yes_price_dollars': '0.9200'}}",yes,1.0,0.945,,
passive_limit,0.25,KXTSAW-26JUN14-A2.45,0.9146341463414633,0.99,33,27,6,False,"{'order': {'action': 'buy', 'book_side': 'bid', 'client_order_id': '3c0caec2-0e78-4804-a35e-5a8388fa95be', 'created_time': '2026-06-11T12:42:40.908433Z', 'expiration_time': '2026-06-11T23:59:00Z', 'fill_count_fp': '0.00', 'initial_count_fp': '6.00', 'last_update_time': '2026-06-11T12:42:40.908433Z', 'maker_fees_dollars': '0.000000', 'maker_fill_cost_dollars': '0.000000', 'no_price_dollars': '0.0900', 'order_id': '06601742-c09b-4424-a8c1-f4428cf1e377', 'outcome_side': 'yes', 'remaining_count_fp': '6.00', 'side': 'yes', 'status': 'resting', 'subaccount_number': 0, 'taker_fees_dollars': '0.000000', 'taker_fill_cost_dollars': '0.000000', 'ticker': 'KXTSAW-26JUN14-A2.45', 'type': 'limit', 'user_id': '6db6972a-11ba-4203-a80d-b435f9c20a3f', 'yes_price_dollars': '0.9100'}}",yes,1.0,0.945,,
passive_limit,0.3,KXTSAW-26JUN14-A2.45,0.9090909090909091,0.99,40,33,7,False,"{'order': {'action': 'buy', 'book_side': 'bid', 'client_order_id': 'a7ec6d26-bd89-4ab8-8980-816f14546f33', 'created_time': '2026-06-11T12:42:41.468265Z', 'expiration_time': '2026-06-11T23:59:00Z', 'fill_count_fp': '0.00', 'initial_count_fp': '7.00', 'last_update_time': '2026-06-11T12:42:41.468265Z', 'maker_fees_dollars': '0.000000', 'maker_fill_cost_dollars': '0.000000', 'no_price_dollars': '0.0900', 'order_id': 'd3bb8ff9-add4-4c6f-b510-6f429e9b2509', 'outcome_side': 'yes', 'remaining_count_fp': '7.00', 'side': 'yes', 'status': 'resting', 'subaccount_number': 0, 'taker_fees_dollars': '0.000000', 'taker_fill_cost_dollars': '0.000000', 'ticker': 'KXTSAW-26JUN14-A2.45', 'type': 'limit', 'user_id': '6db6972a-11ba-4203-a80d-b435f9c20a3f', 'yes_price_dollars': '0.9100'}}",yes,1.0,0.945,,
passive_limit,0.35,KXTSAW-26JUN14-A2.45,0.9027777777777777,0.99,48,40,8,False,"{'order': {'action': 'buy', 'book_side': 'bid', 'client_order_id': 'ed58b056-176d-46be-921f-01ba1a6e83fc', 'created_time': '2026-06-11T12:42:41.836612Z', 'expiration_time': '2026-06-11T23:59:00Z', 'fill_count_fp': '0.00', 'initial_count_fp': '8.00', 'last_update_time': '2026-06-11T12:42:41.836612Z', 'maker_fees_dollars': '0.000000', 'maker_fill_cost_dollars': '0.000000', 'no_price_dollars': '0.1000', 'order_id': '37088dc3-0c55-4c5a-812d-9cb39dc17e4b', 'outcome_side': 'yes', 'remaining_count_fp': '8.00', 'side': 'yes', 'status': 'resting', 'subaccount_number': 0, 'taker_fees_dollars': '0.000000', 'taker_fill_cost_dollars': '0.000000', 'ticker': 'KXTSAW-26JUN14-A2.45', 'type': 'limit', 'user_id': '6db6972a-11ba-4203-a80d-b435f9c20a3f', 'yes_price_dollars': '0.9000'}}",yes,1.0,0.945,,
passive_limit,0.4,KXTSAW-26JUN14-A2.45,0.8955223880597014,0.99,55,48,7,False,"{'order': {'action': 'buy', 'book_side': 'bid', 'client_order_id': 'f078c3b4-c32a-4c35-8300-e8ba4754dd4e', 'created_time': '2026-06-11T12:42:42.327438Z', 'expiration_time': '2026-06-11T23:59:00Z', 'fill_count_fp': '0.00', 'initial_count_fp': '7.00', 'last_update_time': '2026-06-11T12:42:42.327438Z', 'maker_fees_dollars': '0.000000', 'maker_fill_cost_dollars': '0.000000', 'no_price_dollars': '0.1000', 'order_id': '03ca2e7a-df51-4e16-9b99-25a000223085', 'outcome_side': 'yes', 'remaining_count_fp': '7.00', 'side': 'yes', 'status': 'resting', 'subaccount_number': 0, 'taker_fees_dollars': '0.000000', 'taker_fill_cost_dollars': '0.000000', 'ticker': 'KXTSAW-26JUN14-A2.45', 'type': 'limit', 'user_id': '6db6972a-11ba-4203-a80d-b435f9c20a3f', 'yes_price_dollars': '0.9000'}}",yes,1.0,0.945,,
passive_limit,0.1,KXTSAW-26JUN14-A2.50,0.9278350515463917,0.99,13,0,13,False,"{'order': {'action': 'buy', 'book_side': 'bid', 'client_order_id': '691fa331-027c-40a7-ad28-bc35532b93df', 'created_time': '2026-06-11T12:42:44.577189Z', 'expiration_time': '2026-06-11T23:59:00Z', 'fill_count_fp': '0.00', 'initial_count_fp': '13.00', 'last_update_time': '2026-06-11T12:42:44.577189Z', 'maker_fees_dollars': '0.000000', 'maker_fill_cost_dollars': '0.000000', 'no_price_dollars': '0.0700', 'order_id': '0b96697d-8706-4ce5-8028-7ee1099f963d', 'outcome_side': 'yes', 'remaining_count_fp': '13.00', 'side': 'yes', 'status': 'resting', 'subaccount_number': 0, 'taker_fees_dollars': '0.000000', 'taker_fill_cost_dollars': '0.000000', 'ticker': 'KXTSAW-26JUN14-A2.50', 'type': 'limit', 'user_id': '6db6972a-11ba-4203-a80d-b435f9c20a3f', 'yes_price_dollars': '0.9300'}}",yes,1.0,0.945,,
passive_limit,0.15,KXTSAW-26JUN14-A2.50,0.9239130434782608,0.99,20,13,7,False,"{'order': {'action': 'buy', 'book_side': 'bid', 'client_order_id': '2d450a14-c914-4bcd-abaa-0bf43dfcfac4', 'created_time': '2026-06-11T12:42:44.847373Z', 'expiration_time': '2026-06-11T23:59:00Z', 'fill_count_fp': '0.00', 'initial_count_fp': '7.00', 'last_update_time': '2026-06-11T12:42:44.847373Z', 'maker_fees_dollars': '0.000000', 'maker_fill_cost_dollars': '0.000000', 'no_price_dollars': '0.0800', 'order_id': '62d88197-96b7-4940-81d8-d49762f65c79', 'outcome_side': 'yes', 'remaining_count_fp': '7.00', 'side': 'yes', 'status': 'resting', 'subaccount_number': 0, 'taker_fees_dollars': '0.000000', 'taker_fill_cost_dollars': '0.000000', 'ticker': 'KXTSAW-26JUN14-A2.50', 'type': 'limit', 'user_id': '6db6972a-11ba-4203-a80d-b435f9c20a3f', 'yes_price_dollars': '0.9200'}}",yes,1.0,0.945,,
passive_limit,0.2,KXTSAW-26JUN14-A2.50,0.9195402298850575,0.99,27,20,7,False,"{'order': {'action': 'buy', 'book_side': 'bid', 'client_order_id': '170cebdd-32a4-47c4-83eb-7321393373a8', 'created_time': '2026-06-11T12:42:45.065633Z', 'expiration_time': '2026-06-11T23:59:00Z', 'fill_count_fp': '0.00', 'initial_count_fp': '7.00', 'last_update_time': '2026-06-11T12:42:45.065633Z', 'maker_fees_dollars': '0.000000', 'maker_fill_cost_dollars': '0.000000', 'no_price_dollars': '0.0800', 'order_id': 'd75edb44-5598-4ca2-a5c3-ef75471d3255', 'outcome_side': 'yes', 'remaining_count_fp': '7.00', 'side': 'yes', 'status': 'resting', 'subaccount_number': 0, 'taker_fees_dollars': '0.000000', 'taker_fill_cost_dollars': '0.000000', 'ticker': 'KXTSAW-26JUN14-A2.50', 'type': 'limit', 'user_id': '6db6972a-11ba-4203-a80d-b435f9c20a3f', 'yes_price_dollars': '0.9200'}}",yes,1.0,0.945,,
passive_limit,0.25,KXTSAW-26JUN14-A2.50,0.9146341463414633,0.99,33,27,6,False,"{'order': {'action': 'buy', 'book_side': 'bid', 'client_order_id': '63527599-048b-4392-990e-d732ec33d984', 'created_time': '2026-06-11T12:42:45.241235Z', 'expiration_time': '2026-06-11T23:59:00Z', 'fill_count_fp': '0.00', 'initial_count_fp': '6.00', 'last_update_time': '2026-06-11T12:42:45.241235Z', 'maker_fees_dollars': '0.000000', 'maker_fill_cost_dollars': '0.000000', 'no_price_dollars': '0.0900', 'order_id': '3427c8d9-b52e-4b76-ba78-f32e62630885', 'outcome_side': 'yes', 'remaining_count_fp': '6.00', 'side': 'yes', 'status': 'resting', 'subaccount_number': 0, 'taker_fees_dollars': '0.000000', 'taker_fill_cost_dollars': '0.000000', 'ticker': 'KXTSAW-26JUN14-A2.50', 'type': 'limit', 'user_id': '6db6972a-11ba-4203-a80d-b435f9c20a3f', 'yes_price_dollars': '0.9100'}}",yes,1.0,0.945,,
passive_limit,0.3,KXTSAW-26JUN14-A2.50,0.9090909090909091,0.99,40,33,7,False,"{'order': {'action': 'buy', 'book_side': 'bid', 'client_order_id': '2f715a9f-5195-492e-b3dd-81ea784c970f', 'created_time': '2026-06-11T12:42:45.452461Z', 'expiration_time': '2026-06-11T23:59:00Z', 'fill_count_fp': '0.00', 'initial_count_fp': '7.00', 'last_update_time': '2026-06-11T12:42:45.452461Z', 'maker_fees_dollars': '0.000000', 'maker_fill_cost_dollars': '0.000000', 'no_price_dollars': '0.0900', 'order_id': '2ecf3f63-b191-458c-b2ee-ceb26d948ebd', 'outcome_side': 'yes', 'remaining_count_fp': '7.00', 'side': 'yes', 'status': 'resting', 'subaccount_number': 0, 'taker_fees_dollars': '0.000000', 'taker_fill_cost_dollars': '0.000000', 'ticker': 'KXTSAW-26JUN14-A2.50', 'type': 'limit', 'user_id': '6db6972a-11ba-4203-a80d-b435f9c20a3f', 'yes_price_dollars': '0.9100'}}",yes,1.0,0.945,,
passive_limit,0.35,KXTSAW-26JUN14-A2.50,0.9027777777777777,0.99,48,40,8,False,"{'order': {'action': 'buy', 'book_side': 'bid', 'client_order_id': 'c2f093d3-c7ca-400f-9eaf-832f7633c86f', 'created_time': '2026-06-11T12:42:45.627558Z', 'expiration_time': '2026-06-11T23:59:00Z', 'fill_count_fp': '0.00', 'initial_count_fp': '8.00', 'last_update_time': '2026-06-11T12:42:45.627558Z', 'maker_fees_dollars': '0.000000', 'maker_fill_cost_dollars': '0.000000', 'no_price_dollars': '0.1000', 'order_id': '0d4c9c45-0578-4544-b351-2329c2c3b3eb', 'outcome_side': 'yes', 'remaining_count_fp': '8.00', 'side': 'yes', 'status': 'resting', 'subaccount_number': 0, 'taker_fees_dollars': '0.000000', 'taker_fill_cost_dollars': '0.000000', 'ticker': 'KXTSAW-26JUN14-A2.50', 'type': 'limit', 'user_id': '6db6972a-11ba-4203-a80d-b435f9c20a3f', 'yes_price_dollars': '0.9000'}}",yes,1.0,0.945,,
passive_limit,0.4,KXTSAW-26JUN14-A2.50,0.8955223880597014,0.99,55,48,7,False,"{'order': {'action': 'buy', 'book_side': 'bid', 'client_order_id': 'c6a75dd3-0f4f-489b-ae69-fa15db0f4746', 'created_time': '2026-06-11T12:42:45.830559Z', 'expiration_time': '2026-06-11T23:59:00Z', 'fill_count_fp': '0.00', 'initial_count_fp': '7.00', 'last_update_time': '2026-06-11T12:42:45.830559Z', 'maker_fees_dollars': '0.000000', 'maker_fill_cost_dollars': '0.000000', 'no_price_dollars': '0.1000', 'order_id': '8d531c1f-7e1f-4614-9ba6-509064dfa114', 'outcome_side': 'yes', 'remaining_count_fp': '7.00', 'side': 'yes', 'status': 'resting', 'subaccount_number': 0, 'taker_fees_dollars': '0.000000', 'taker_fill_cost_dollars': '0.000000', 'ticker': 'KXTSAW-26JUN14-A2.50', 'type': 'limit', 'user_id': '6db6972a-11ba-4203-a80d-b435f9c20a3f', 'yes_price_dollars': '0.9000'}}",yes,1.0,0.945,,
passive_limit,0.1,KXTSAW-26JUN14-A2.55,0.9278350515463495,0.99,13,0,13,False,"{'order': {'action': 'buy', 'book_side': 'bid', 'client_order_id': '1dc628e3-d1a2-4fd0-a248-71c869cafeb0', 'created_time': '2026-06-11T12:42:47.317496Z', 'expiration_time': '2026-06-11T23:59:00Z', 'fill_count_fp': '0.00', 'initial_count_fp': '13.00', 'last_update_time': '2026-06-11T12:42:47.317496Z', 'maker_fees_dollars': '0.000000', 'maker_fill_cost_dollars': '0.000000', 'no_price_dollars': '0.0700', 'order_id': 'b6b62009-1d2a-45c2-91e3-4a22ca113f79', 'outcome_side': 'yes', 'remaining_count_fp': '13.00', 'side': 'yes', 'status': 'resting', 'subaccount_number': 0, 'taker_fees_dollars': '0.000000', 'taker_fill_cost_dollars': '0.000000', 'ticker': 'KXTSAW-26JUN14-A2.55', 'type': 'limit', 'user_id': '6db6972a-11ba-4203-a80d-b435f9c20a3f', 'yes_price_dollars': '0.9300'}}",yes,0.999999999999959,0.965,,
passive_limit,0.15,KXTSAW-26JUN14-A2.55,0.9239130434782162,0.99,20,13,7,False,"{'order': {'action': 'buy', 'book_side': 'bid', 'client_order_id': '833d0ed2-3d60-4e03-903c-e5696f86d533', 'created_time': '2026-06-11T12:42:47.525823Z', 'expiration_time': '2026-06-11T23:59:00Z', 'fill_count_fp': '0.00', 'initial_count_fp': '7.00', 'last_update_time': '2026-06-11T12:42:47.525823Z', 'maker_fees_dollars': '0.000000', 'maker_fill_cost_dollars': '0.000000', 'no_price_dollars': '0.0800', 'order_id': 'b0c08f89-abf6-4c0b-8c16-95bf7a9f35d5', 'outcome_side': 'yes', 'remaining_count_fp': '7.00', 'side': 'yes', 'status': 'resting', 'subaccount_number': 0, 'taker_fees_dollars': '0.000000', 'taker_fill_cost_dollars': '0.000000', 'ticker': 'KXTSAW-26JUN14-A2.55', 'type': 'limit', 'user_id': '6db6972a-11ba-4203-a80d-b435f9c20a3f', 'yes_price_dollars': '0.9200'}}",yes,0.999999999999959,0.965,,
passive_limit,0.2,KXTSAW-26JUN14-A2.55,0.9195402298850102,0.99,27,20,7,False,"{'order': {'action': 'buy', 'book_side': 'bid', 'client_order_id': '084b4191-8078-4547-bc0d-f10ec2c56922', 'created_time': '2026-06-11T12:42:47.704136Z', 'expiration_time': '2026-06-11T23:59:00Z', 'fill_count_fp': '0.00', 'initial_count_fp': '7.00', 'last_update_time': '2026-06-11T12:42:47.704136Z', 'maker_fees_dollars': '0.000000', 'maker_fill_cost_dollars': '0.000000', 'no_price_dollars': '0.0800', 'order_id': '3b036ae8-9b9f-4f16-aece-e792eb014d93', 'outcome_side': 'yes', 'remaining_count_fp': '7.00', 'side': 'yes', 'status': 'resting', 'subaccount_number': 0, 'taker_fees_dollars': '0.000000', 'taker_fill_cost_dollars': '0.000000', 'ticker': 'KXTSAW-26JUN14-A2.55', 'type': 'limit', 'user_id': '6db6972a-11ba-4203-a80d-b435f9c20a3f', 'yes_price_dollars': '0.9200'}}",yes,0.999999999999959,0.965,,
passive_limit,0.25,KXTSAW-26JUN14-A2.55,0.9146341463414134,0.99,33,27,6,False,"{'order': {'action': 'buy', 'book_side': 'bid', 'client_order_id': '73469e67-993b-4d38-bdf6-f49751aed18e', 'created_time': '2026-06-11T12:42:48.066519Z', 'expiration_time': '2026-06-11T23:59:00Z', 'fill_count_fp': '0.00', 'initial_count_fp': '6.00', 'last_update_time': '2026-06-11T12:42:48.066519Z', 'maker_fees_dollars': '0.000000', 'maker_fill_cost_dollars': '0.000000', 'no_price_dollars': '0.0900', 'order_id': 'f66d3820-76e7-409e-ab4c-7059fe2fc721', 'outcome_side': 'yes', 'remaining_count_fp': '6.00', 'side': 'yes', 'status': 'resting', 'subaccount_number': 0, 'taker_fees_dollars': '0.000000', 'taker_fill_cost_dollars': '0.000000', 'ticker': 'KXTSAW-26JUN14-A2.55', 'type': 'limit', 'user_id': '6db6972a-11ba-4203-a80d-b435f9c20a3f', 'yes_price_dollars': '0.9100'}}",yes,0.999999999999959,0.965,,
passive_limit,0.3,KXTSAW-26JUN14-A2.55,0.909090909090856,0.99,40,33,7,False,"{'order': {'action': 'buy', 'book_side': 'bid', 'client_order_id': '46f66a69-8d18-4971-a2a1-d60bd5a5d5ac', 'created_time': '2026-06-11T12:42:48.261293Z', 'expiration_time': '2026-06-11T23:59:00Z', 'fill_count_fp': '0.00', 'initial_count_fp': '7.00', 'last_update_time': '2026-06-11T12:42:48.261293Z', 'maker_fees_dollars': '0.000000', 'maker_fill_cost_dollars': '0.000000', 'no_price_dollars': '0.0900', 'order_id': '8401d136-6c6d-4d10-bbb4-f0fec74c749a', 'outcome_side': 'yes', 'remaining_count_fp': '7.00', 'side': 'yes', 'status': 'resting', 'subaccount_number': 0, 'taker_fees_dollars': '0.000000', 'taker_fill_cost_dollars': '0.000000', 'ticker': 'KXTSAW-26JUN14-A2.55', 'type': 'limit', 'user_id': '6db6972a-11ba-4203-a80d-b435f9c20a3f', 'yes_price_dollars': '0.9100'}}",yes,0.999999999999959,0.965,,
passive_limit,0.35,KXTSAW-26JUN14-A2.55,0.9027777777777208,0.99,48,40,8,False,"{'order': {'action': 'buy', 'book_side': 'bid', 'client_order_id': '74f131d9-c7cf-45e0-b344-38f889424797', 'created_time': '2026-06-11T12:42:48.486729Z', 'expiration_time': '2026-06-11T23:59:00Z', 'fill_count_fp': '0.00', 'initial_count_fp': '8.00', 'last_update_time': '2026-06-11T12:42:48.486729Z', 'maker_fees_dollars': '0.000000', 'maker_fill_cost_dollars': '0.000000', 'no_price_dollars': '0.1000', 'order_id': 'a74fc823-4165-4223-b94b-a8214d370026', 'outcome_side': 'yes', 'remaining_count_fp': '8.00', 'side': 'yes', 'status': 'resting', 'subaccount_number': 0, 'taker_fees_dollars': '0.000000', 'taker_fill_cost_dollars': '0.000000', 'ticker': 'KXTSAW-26JUN14-A2.55', 'type': 'limit', 'user_id': '6db6972a-11ba-4203-a80d-b435f9c20a3f', 'yes_price_dollars': '0.9000'}}",yes,0.999999999999959,0.965,,
passive_limit,0.4,KXTSAW-26JUN14-A2.55,0.8955223880596402,0.99,55,48,7,False,"{'order': {'action': 'buy', 'book_side': 'bid', 'client_order_id': '8630a686-81d5-4fcb-97cd-9120c45782cf', 'created_time': '2026-06-11T12:42:48.686694Z', 'expiration_time': '2026-06-11T23:59:00Z', 'fill_count_fp': '0.00', 'initial_count_fp': '7.00', 'last_update_time': '2026-06-11T12:42:48.686694Z', 'maker_fees_dollars': '0.000000', 'maker_fill_cost_dollars': '0.000000', 'no_price_dollars': '0.1000', 'order_id': 'd58f0934-bee2-4d08-a143-43cb67ed0c49', 'outcome_side': 'yes', 'remaining_count_fp': '7.00', 'side': 'yes', 'status': 'resting', 'subaccount_number': 0, 'taker_fees_dollars': '0.000000', 'taker_fill_cost_dollars': '0.000000', 'ticker': 'KXTSAW-26JUN14-A2.55', 'type': 'limit', 'user_id': '6db6972a-11ba-4203-a80d-b435f9c20a3f', 'yes_price_dollars': '0.9000'}}",yes,0.999999999999959,0.965,,
passive_limit,0.2,KXTSAW-26JUN14-A2.60,0.9195389571856656,0.99,27,21,6,False,"{'order': {'action': 'buy', 'book_side': 'bid', 'client_order_id': 'fa4a5087-b644-459c-bb3c-2a704ff35e2a', 'created_time': '2026-06-11T12:42:50.101136Z', 'expiration_time': '2026-06-11T23:59:00Z', 'fill_count_fp': '0.00', 'initial_count_fp': '6.00', 'last_update_time': '2026-06-11T12:42:50.101136Z', 'maker_fees_dollars': '0.000000', 'maker_fill_cost_dollars': '0.000000', 'no_price_dollars': '0.0800', 'order_id': 'b750c255-e011-4942-bcf4-34a3527650d5', 'outcome_side': 'yes', 'remaining_count_fp': '6.00', 'side': 'yes', 'status': 'resting', 'subaccount_number': 0, 'taker_fees_dollars': '0.000000', 'taker_fill_cost_dollars': '0.000000', 'ticker': 'KXTSAW-26JUN14-A2.60', 'type': 'limit', 'user_id': '6db6972a-11ba-4203-a80d-b435f9c20a3f', 'yes_price_dollars': '0.9200'}}",yes,0.9999988927515292,0.985,,
passive_limit,0.25,KXTSAW-26JUN14-A2.60,0.9146327960384502,0.99,33,27,6,False,"{'order': {'action': 'buy', 'book_side': 'bid', 'client_order_id': 'ea016fec-3d59-4137-b17b-cd2036644034', 'created_time': '2026-06-11T12:42:50.300275Z', 'expiration_time': '2026-06-11T23:59:00Z', 'fill_count_fp': '0.00', 'initial_count_fp': '6.00', 'last_update_time': '2026-06-11T12:42:50.300275Z', 'maker_fees_dollars': '0.000000', 'maker_fill_cost_dollars': '0.000000', 'no_price_dollars': '0.0900', 'order_id': '7d83b30e-cbcf-415d-b179-334732166abe', 'outcome_side': 'yes', 'remaining_count_fp': '6.00', 'side': 'yes', 'status': 'resting', 'subaccount_number': 0, 'taker_fees_dollars': '0.000000', 'taker_fill_cost_dollars': '0.000000', 'ticker': 'KXTSAW-26JUN14-A2.60', 'type': 'limit', 'user_id': '6db6972a-11ba-4203-a80d-b435f9c20a3f', 'yes_price_dollars': '0.9100'}}",yes,0.9999988927515292,0.985,,
passive_limit,0.3,KXTSAW-26JUN14-A2.60,0.9090894711058821,0.99,40,33,7,False,"{'order': {'action': 'buy', 'book_side': 'bid', 'client_order_id': '4e1bbdc3-0ceb-4b5a-be75-57ca47585e72', 'created_time': '2026-06-11T12:42:50.488191Z', 'expiration_time': '2026-06-11T23:59:00Z', 'fill_count_fp': '0.00', 'initial_count_fp': '7.00', 'last_update_time': '2026-06-11T12:42:50.488191Z', 'maker_fees_dollars': '0.000000', 'maker_fill_cost_dollars': '0.000000', 'no_price_dollars': '0.0900', 'order_id': 'e8f5351e-dff8-4cdc-9945-d3569c52698b', 'outcome_side': 'yes', 'remaining_count_fp': '7.00', 'side': 'yes', 'status': 'resting', 'subaccount_number': 0, 'taker_fees_dollars': '0.000000', 'taker_fill_cost_dollars': '0.000000', 'ticker': 'KXTSAW-26JUN14-A2.60', 'type': 'limit', 'user_id': '6db6972a-11ba-4203-a80d-b435f9c20a3f', 'yes_price_dollars': '0.9100'}}",yes,0.9999988927515292,0.985,,
passive_limit,0.35,KXTSAW-26JUN14-A2.60,0.9027762399326794,0.99,48,40,8,False,"{'order': {'action': 'buy', 'book_side': 'bid', 'client_order_id': 'b9d92ba1-2f0f-4e9b-a12e-04b2442660ad', 'created_time': '2026-06-11T12:42:50.73838Z', 'expiration_time': '2026-06-11T23:59:00Z', 'fill_count_fp': '0.00', 'initial_count_fp': '8.00', 'last_update_time': '2026-06-11T12:42:50.73838Z', 'maker_fees_dollars': '0.000000', 'maker_fill_cost_dollars': '0.000000', 'no_price_dollars': '0.1000', 'order_id': 'f0c30909-9af3-4d13-bbb1-3198a18ea395', 'outcome_side': 'yes', 'remaining_count_fp': '8.00', 'side': 'yes', 'status': 'resting', 'subaccount_number': 0, 'taker_fees_dollars': '0.000000', 'taker_fill_cost_dollars': '0.000000', 'ticker': 'KXTSAW-26JUN14-A2.60', 'type': 'limit', 'user_id': '6db6972a-11ba-4203-a80d-b435f9c20a3f', 'yes_price_dollars': '0.9000'}}",yes,0.9999988927515292,0.985,,
passive_limit,0.4,KXTSAW-26JUN14-A2.60,0.8955207354500435,0.99,55,48,7,False,"{'order': {'action': 'buy', 'book_side': 'bid', 'client_order_id': 'e736b0d0-5dab-4d2c-9c3a-f1ca448a0583', 'created_time': '2026-06-11T12:42:50.922634Z', 'expiration_time': '2026-06-11T23:59:00Z', 'fill_count_fp': '0.00', 'initial_count_fp': '7.00', 'last_update_time': '2026-06-11T12:42:50.922634Z', 'maker_fees_dollars': '0.000000', 'maker_fill_cost_dollars': '0.000000', 'no_price_dollars': '0.1000', 'order_id': 'f7c5ca8b-cb5b-4d81-8c04-1a08209d0d50', 'outcome_side': 'yes', 'remaining_count_fp': '7.00', 'side': 'yes', 'status': 'resting', 'subaccount_number': 0, 'taker_fees_dollars': '0.000000', 'taker_fill_cost_dollars': '0.000000', 'ticker': 'KXTSAW-26JUN14-A2.60', 'type': 'limit', 'user_id': '6db6972a-11ba-4203-a80d-b435f9c20a3f', 'yes_price_dollars': '0.9000'}}",yes,0.9999988927515292,0.985,,
passive_limit,0.15,KXTSAW-26JUN14-A2.70,0.6730084478092278,0.9,27,0,27,False,"{'order': {'action': 'buy', 'book_side': 'ask', 'client_order_id': '41a06051-2680-4514-903b-f6d3eaaae7bf', 'created_time': '2026-06-11T12:42:54.070526Z', 'expiration_time': '2026-06-11T23:59:00Z', 'fill_count_fp': '0.00', 'initial_count_fp': '27.00', 'last_update_time': '2026-06-11T12:42:54.070526Z', 'maker_fees_dollars': '0.000000', 'maker_fill_cost_dollars': '0.000000', 'no_price_dollars': '0.6700', 'order_id': 'ea1c36ac-7201-48a9-9368-95e5ced70ec2', 'outcome_side': 'no', 'remaining_count_fp': '27.00', 'side': 'no', 'status': 'resting', 'subaccount_number': 0, 'taker_fees_dollars': '0.000000', 'taker_fill_cost_dollars': '0.000000', 'ticker': 'KXTSAW-26JUN14-A2.70', 'type': 'limit', 'user_id': '6db6972a-11ba-4203-a80d-b435f9c20a3f', 'yes_price_dollars': '0.3300'}}",no,0.7691677719844896,0.88,,
passive_limit,0.2,KXTSAW-26JUN14-A2.70,0.6542158298672294,0.9,37,27,10,False,"{'order': {'action': 'buy', 'book_side': 'ask', 'client_order_id': '0e5e65d6-4bd2-434f-8a62-4453db453317', 'created_time': '2026-06-11T12:42:54.253051Z', 'expiration_time': '2026-06-11T23:59:00Z', 'fill_count_fp': '0.00', 'initial_count_fp': '10.00', 'last_update_time': '2026-06-11T12:42:54.253051Z', 'maker_fees_dollars': '0.000000', 'maker_fill_cost_dollars': '0.000000', 'no_price_dollars': '0.6500', 'order_id': '14d97711-4a93-483a-8e87-c0baadfb748c', 'outcome_side': 'no', 'remaining_count_fp': '10.00', 'side': 'no', 'status': 'resting', 'subaccount_number': 0, 'taker_fees_dollars': '0.000000', 'taker_fill_cost_dollars': '0.000000', 'ticker': 'KXTSAW-26JUN14-A2.70', 'type': 'limit', 'user_id': '6db6972a-11ba-4203-a80d-b435f9c20a3f', 'yes_price_dollars': '0.3500'}}",no,0.7691677719844896,0.88,,
passive_limit,0.25,KXTSAW-26JUN14-A2.70,0.6331314292493775,0.9,48,37,11,False,"{'order': {'action': 'buy', 'book_side': 'ask', 'client_order_id': 'ea92de9a-0cb0-4841-9d79-b7bec2ea19b5', 'created_time': '2026-06-11T12:42:54.586342Z', 'expiration_time': '2026-06-11T23:59:00Z', 'fill_count_fp': '0.00', 'initial_count_fp': '11.00', 'last_update_time': '2026-06-11T12:42:54.586342Z', 'maker_fees_dollars': '0.000000', 'maker_fill_cost_dollars': '0.000000', 'no_price_dollars': '0.6300', 'order_id': '2464d14d-e6a0-4977-9a53-20382d7d1ed4', 'outcome_side': 'no', 'remaining_count_fp': '11.00', 'side': 'no', 'status': 'resting', 'subaccount_number': 0, 'taker_fees_dollars': '0.000000', 'taker_fill_cost_dollars': '0.000000', 'ticker': 'KXTSAW-26JUN14-A2.70', 'type': 'limit', 'user_id': '6db6972a-11ba-4203-a80d-b435f9c20a3f', 'yes_price_dollars': '0.3700'}}",no,0.7691677719844896,0.88,,
passive_limit,0.3,KXTSAW-26JUN14-A2.70,0.6093087947850514,0.9,59,48,11,False,"{'order': {'action': 'buy', 'book_side': 'ask', 'client_order_id': '233eae35-ebe8-47e9-9a15-7ba119ddfc90', 'created_time': '2026-06-11T12:42:55.265755Z', 'expiration_time': '2026-06-11T23:59:00Z', 'fill_count_fp': '0.00', 'initial_count_fp': '11.00', 'last_update_time': '2026-06-11T12:42:55.265755Z', 'maker_fees_dollars': '0.000000', 'maker_fill_cost_dollars': '0.000000', 'no_price_dollars': '0.6100', 'order_id': '98d72133-413d-413e-ae15-ada2ef8cdfaa', 'outcome_side': 'no', 'remaining_count_fp': '11.00', 'side': 'no', 'status': 'resting', 'subaccount_number': 0, 'taker_fees_dollars': '0.000000', 'taker_fill_cost_dollars': '0.000000', 'ticker': 'KXTSAW-26JUN14-A2.70', 'type': 'limit', 'user_id': '6db6972a-11ba-4203-a80d-b435f9c20a3f', 'yes_price_dollars': '0.3900'}}",no,0.7691677719844896,0.88,,
passive_limit,0.35,KXTSAW-26JUN14-A2.70,0.5821774610895688,0.9,73,59,14,False,"{'order': {'action': 'buy', 'book_side': 'ask', 'client_order_id': '422eeaae-ee8e-478e-85b6-25da13fb62a4', 'created_time': '2026-06-11T12:42:55.664805Z', 'expiration_time': '2026-06-11T23:59:00Z', 'fill_count_fp': '0.00', 'initial_count_fp': '14.00', 'last_update_time': '2026-06-11T12:42:55.664805Z', 'maker_fees_dollars': '0.000000', 'maker_fill_cost_dollars': '0.000000', 'no_price_dollars': '0.5800', 'order_id': '7dfec186-faaa-4d59-a187-8cf8f540ca5e', 'outcome_side': 'no', 'remaining_count_fp': '14.00', 'side': 'no', 'status': 'resting', 'subaccount_number': 0, 'taker_fees_dollars': '0.000000', 'taker_fill_cost_dollars': '0.000000', 'ticker': 'KXTSAW-26JUN14-A2.70', 'type': 'limit', 'user_id': '6db6972a-11ba-4203-a80d-b435f9c20a3f', 'yes_price_dollars': '0.4200'}}",no,0.7691677719844896,0.88,,
passive_limit,0.4,KXTSAW-26JUN14-A2.70,0.5509966746037157,0.9,87,73,14,False,"{'order': {'action': 'buy', 'book_side': 'ask', 'client_order_id': 'f8acbc3f-9402-4fe0-b9ce-96f061c7449a', 'created_time': '2026-06-11T12:42:56.221298Z', 'expiration_time': '2026-06-11T23:59:00Z', 'fill_count_fp': '0.00', 'initial_count_fp': '14.00', 'last_update_time': '2026-06-11T12:42:56.221298Z', 'maker_fees_dollars': '0.000000', 'maker_fill_cost_dollars': '0.000000', 'no_price_dollars': '0.5500', 'order_id': 'dd42ba71-b844-43be-a4ad-ea7d5aec7433', 'outcome_side': 'no', 'remaining_count_fp': '14.00', 'side': 'no', 'status': 'resting', 'subaccount_number': 0, 'taker_fees_dollars': '0.000000', 'taker_fill_cost_dollars': '0.000000', 'ticker': 'KXTSAW-26JUN14-A2.70', 'type': 'limit', 'user_id': '6db6972a-11ba-4203-a80d-b435f9c20a3f', 'yes_price_dollars': '0.4500'}}",no,0.7691677719844896,0.88,,
passive_limit,0.1,KXTRUFTSA-26JUN11-T1660000,0.9278350515463917,,5,0,5,False,"{'order': {'action': 'buy', 'book_side': 'bid', 'client_order_id': '5a47d998-b95e-4e66-a64c-c8570d9ba397', 'created_time': '2026-06-11T12:43:22.966455Z', 'expiration_time': '2026-06-11T23:59:00Z', 'fill_count_fp': '0.00', 'initial_count_fp': '5.00', 'last_update_time': '2026-06-11T12:43:22.966455Z', 'maker_fees_dollars': '0.000000', 'maker_fill_cost_dollars': '0.000000', 'no_price_dollars': '0.0700', 'order_id': '5d1f389d-ffc5-4dae-8c1d-baa7cce1c46f', 'outcome_side': 'yes', 'remaining_count_fp': '5.00', 'side': 'yes', 'status': 'resting', 'subaccount_number': 0, 'taker_fees_dollars': '0.000000', 'taker_fill_cost_dollars': '0.000000', 'ticker': 'KXTRUFTSA-26JUN11-T1660000', 'type': 'limit', 'user_id': '6db6972a-11ba-4203-a80d-b435f9c20a3f', 'yes_price_dollars': '0.9300'}}",yes,1.0,0.9,,
passive_limit,0.15,KXTRUFTSA-26JUN11-T1660000,0.9239130434782608,,8,5,3,False,"{'order': {'action': 'buy', 'book_side': 'bid', 'client_order_id': '8657ee93-1341-4c63-ba2f-9e69391afdec', 'created_time': '2026-06-11T12:43:23.141583Z', 'expiration_time': '2026-06-11T23:59:00Z', 'fill_count_fp': '0.00', 'initial_count_fp': '3.00', 'last_update_time': '2026-06-11T12:43:23.141583Z', 'maker_fees_dollars': '0.000000', 'maker_fill_cost_dollars': '0.000000', 'no_price_dollars': '0.0800', 'order_id': '012ed126-20ca-46f0-96b4-45201b047c69', 'outcome_side': 'yes', 'remaining_count_fp': '3.00', 'side': 'yes', 'status': 'resting', 'subaccount_number': 0, 'taker_fees_dollars': '0.000000', 'taker_fill_cost_dollars': '0.000000', 'ticker': 'KXTRUFTSA-26JUN11-T1660000', 'type': 'limit', 'user_id': '6db6972a-11ba-4203-a80d-b435f9c20a3f', 'yes_price_dollars': '0.9200'}}",yes,1.0,0.9,,
passive_limit,0.2,KXTRUFTSA-26JUN11-T1660000,0.9195402298850575,,10,8,2,False,"{'order': {'action': 'buy', 'book_side': 'bid', 'client_order_id': '2daae38b-9a84-405c-b973-2a47c116f94b', 'created_time': '2026-06-11T12:43:23.340605Z', 'expiration_time': '2026-06-11T23:59:00Z', 'fill_count_fp': '0.00', 'initial_count_fp': '2.00', 'last_update_time': '2026-06-11T12:43:23.340605Z', 'maker_fees_dollars': '0.000000', 'maker_fill_cost_dollars': '0.000000', 'no_price_dollars': '0.0800', 'order_id': '9e916bbd-b122-4399-a5ab-6380f24e5173', 'outcome_side': 'yes', 'remaining_count_fp': '2.00', 'side': 'yes', 'status': 'resting', 'subaccount_number': 0, 'taker_fees_dollars': '0.000000', 'taker_fill_cost_dollars': '0.000000', 'ticker': 'KXTRUFTSA-26JUN11-T1660000', 'type': 'limit', 'user_id': '6db6972a-11ba-4203-a80d-b435f9c20a3f', 'yes_price_dollars': '0.9200'}}",yes,1.0,0.9,,
passive_limit,0.25,KXTRUFTSA-26JUN11-T1660000,0.9146341463414633,,13,10,3,False,"{'order': {'action': 'buy', 'book_side': 'bid', 'client_order_id': 'd17e1a1e-9e43-467c-b32e-b9294ce6fbe1', 'created_time': '2026-06-11T12:43:23.497365Z', 'expiration_time': '2026-06-11T23:59:00Z', 'fill_count_fp': '0.00', 'initial_count_fp': '3.00', 'last_update_time': '2026-06-11T12:43:23.497365Z', 'maker_fees_dollars': '0.000000', 'maker_fill_cost_dollars': '0.000000', 'no_price_dollars': '0.0900', 'order_id': '9bba2a58-fdf9-486e-a858-11ef580c1cb9', 'outcome_side': 'yes', 'remaining_count_fp': '3.00', 'side': 'yes', 'status': 'resting', 'subaccount_number': 0, 'taker_fees_dollars': '0.000000', 'taker_fill_cost_dollars': '0.000000', 'ticker': 'KXTRUFTSA-26JUN11-T1660000', 'type': 'limit', 'user_id': '6db6972a-11ba-4203-a80d-b435f9c20a3f', 'yes_price_dollars': '0.9100'}}",yes,1.0,0.9,,
passive_limit,0.3,KXTRUFTSA-26JUN11-T1660000,0.9090909090909091,,16,13,3,False,"{'order': {'action': 'buy', 'book_side': 'bid', 'client_order_id': '939734d3-a51d-48e8-b891-2378e7ce053c', 'created_time': '2026-06-11T12:43:23.681296Z', 'expiration_time': '2026-06-11T23:59:00Z', 'fill_count_fp': '0.00', 'initial_count_fp': '3.00', 'last_update_time': '2026-06-11T12:43:23.681296Z', 'maker_fees_dollars': '0.000000', 'maker_fill_cost_dollars': '0.000000', 'no_price_dollars': '0.0900', 'order_id': '83145ad0-6459-495c-9be6-e067427606ef', 'outcome_side': 'yes', 'remaining_count_fp': '3.00', 'side': 'yes', 'status': 'resting', 'subaccount_number': 0, 'taker_fees_dollars': '0.000000', 'taker_fill_cost_dollars': '0.000000', 'ticker': 'KXTRUFTSA-26JUN11-T1660000', 'type': 'limit', 'user_id': '6db6972a-11ba-4203-a80d-b435f9c20a3f', 'yes_price_dollars': '0.9100'}}",yes,1.0,0.9,,
passive_limit,0.35,KXTRUFTSA-26JUN11-T1660000,0.9027777777777777,,19,16,3,False,"{'order': {'action': 'buy', 'book_side': 'bid', 'client_order_id': 'b465db06-e738-4d89-be1e-85f7b8b0a8e5', 'created_time': '2026-06-11T12:43:23.886157Z', 'expiration_time': '2026-06-11T23:59:00Z', 'fill_count_fp': '0.00', 'initial_count_fp': '3.00', 'last_update_time': '2026-06-11T12:43:23.886157Z', 'maker_fees_dollars': '0.000000', 'maker_fill_cost_dollars': '0.000000', 'no_price_dollars': '0.1000', 'order_id': 'dfbac991-2164-48d3-ac0f-5bb3aa4a5d75', 'outcome_side': 'yes', 'remaining_count_fp': '3.00', 'side': 'yes', 'status': 'resting', 'subaccount_number': 0, 'taker_fees_dollars': '0.000000', 'taker_fill_cost_dollars': '0.000000', 'ticker': 'KXTRUFTSA-26JUN11-T1660000', 'type': 'limit', 'user_id': '6db6972a-11ba-4203-a80d-b435f9c20a3f', 'yes_price_dollars': '0.9000'}}",yes,1.0,0.9,,
passive_limit,0.4,KXTRUFTSA-26JUN11-T1660000,0.8955223880597014,,22,19,3,False,"{'order': {'action': 'buy', 'book_side': 'bid', 'client_order_id': '946483f5-cb64-4d2a-b537-dfdf16480055', 'created_time': '2026-06-11T12:43:24.075673Z', 'expiration_time': '2026-06-11T23:59:00Z', 'fill_count_fp': '0.00', 'initial_count_fp': '3.00', 'last_update_time': '2026-06-11T12:43:24.075673Z', 'maker_fees_dollars': '0.000000', 'maker_fill_cost_dollars': '0.000000', 'no_price_dollars': '0.1000', 'order_id': '364b2590-75b9-459d-92cd-1d80b58ad7f1', 'outcome_side': 'yes', 'remaining_count_fp': '3.00', 'side': 'yes', 'status': 'resting', 'subaccount_number': 0, 'taker_fees_dollars': '0.000000', 'taker_fill_cost_dollars': '0.000000', 'ticker': 'KXTRUFTSA-26JUN11-T1660000', 'type': 'limit', 'user_id': '6db6972a-11ba-4203-a80d-b435f9c20a3f', 'yes_price_dollars': '0.9000'}}",yes,1.0,0.9,,
passive_limit,0.1,KXTRUFTSA-26JUN11-T1760000,0.9278350515463917,,5,0,5,False,"{'order': {'action': 'buy', 'book_side': 'bid', 'client_order_id': '2a6f2db8-30eb-499f-a60f-a8825568dd70', 'created_time': '2026-06-11T12:43:26.686419Z', 'expiration_time': '2026-06-11T23:59:00Z', 'fill_count_fp': '0.00', 'initial_count_fp': '5.00', 'last_update_time': '2026-06-11T12:43:26.686419Z', 'maker_fees_dollars': '0.000000', 'maker_fill_cost_dollars': '0.000000', 'no_price_dollars': '0.0700', 'order_id': '43707fc5-e7d9-4d8d-bdb5-4bd0b447af35', 'outcome_side': 'yes', 'remaining_count_fp': '5.00', 'side': 'yes', 'status': 'resting', 'subaccount_number': 0, 'taker_fees_dollars': '0.000000', 'taker_fill_cost_dollars': '0.000000', 'ticker': 'KXTRUFTSA-26JUN11-T1760000', 'type': 'limit', 'user_id': '6db6972a-11ba-4203-a80d-b435f9c20a3f', 'yes_price_dollars': '0.9300'}}",yes,1.0,0.9,,
passive_limit,0.15,KXTRUFTSA-26JUN11-T1760000,0.9239130434782608,,8,5,3,False,"{'order': {'action': 'buy', 'book_side': 'bid', 'client_order_id': 'a2bed0f3-994f-44dc-a4b8-a62074616e78', 'created_time': '2026-06-11T12:43:26.989112Z', 'expiration_time': '2026-06-11T23:59:00Z', 'fill_count_fp': '0.00', 'initial_count_fp': '3.00', 'last_update_time': '2026-06-11T12:43:26.989112Z', 'maker_fees_dollars': '0.000000', 'maker_fill_cost_dollars': '0.000000', 'no_price_dollars': '0.0800', 'order_id': '0d3fc495-443d-4882-9915-5982a8614146', 'outcome_side': 'yes', 'remaining_count_fp': '3.00', 'side': 'yes', 'status': 'resting', 'subaccount_number': 0, 'taker_fees_dollars': '0.000000', 'taker_fill_cost_dollars': '0.000000', 'ticker': 'KXTRUFTSA-26JUN11-T1760000', 'type': 'limit', 'user_id': '6db6972a-11ba-4203-a80d-b435f9c20a3f', 'yes_price_dollars': '0.9200'}}",yes,1.0,0.9,,
passive_limit,0.2,KXTRUFTSA-26JUN11-T1760000,0.9195402298850575,,10,8,2,False,"{'order': {'action': 'buy', 'book_side': 'bid', 'client_order_id': 'ee35dae9-7881-4c65-917d-e70d9e22b633', 'created_time': '2026-06-11T12:43:27.288097Z', 'expiration_time': '2026-06-11T23:59:00Z', 'fill_count_fp': '0.00', 'initial_count_fp': '2.00', 'last_update_time': '2026-06-11T12:43:27.288097Z', 'maker_fees_dollars': '0.000000', 'maker_fill_cost_dollars': '0.000000', 'no_price_dollars': '0.0800', 'order_id': '1a39f144-b1fa-4fbd-8297-af9abe197c02', 'outcome_side': 'yes', 'remaining_count_fp': '2.00', 'side': 'yes', 'status': 'resting', 'subaccount_number': 0, 'taker_fees_dollars': '0.000000', 'taker_fill_cost_dollars': '0.000000', 'ticker': 'KXTRUFTSA-26JUN11-T1760000', 'type': 'limit', 'user_id': '6db6972a-11ba-4203-a80d-b435f9c20a3f', 'yes_price_dollars': '0.9200'}}",yes,1.0,0.9,,
passive_limit,0.25,KXTRUFTSA-26JUN11-T1760000,0.9146341463414633,,13,10,3,False,"{'order': {'action': 'buy', 'book_side': 'bid', 'client_order_id': '010bc3bb-abfa-4a69-9892-84aa79a89557', 'created_time': '2026-06-11T12:43:27.540987Z', 'expiration_time': '2026-06-11T23:59:00Z', 'fill_count_fp': '0.00', 'initial_count_fp': '3.00', 'last_update_time': '2026-06-11T12:43:27.540987Z', 'maker_fees_dollars': '0.000000', 'maker_fill_cost_dollars': '0.000000', 'no_price_dollars': '0.0900', 'order_id': 'e1b6a9fc-97f5-4889-b265-7e1775c115ce', 'outcome_side': 'yes', 'remaining_count_fp': '3.00', 'side': 'yes', 'status': 'resting', 'subaccount_number': 0, 'taker_fees_dollars': '0.000000', 'taker_fill_cost_dollars': '0.000000', 'ticker': 'KXTRUFTSA-26JUN11-T1760000', 'type': 'limit', 'user_id': '6db6972a-11ba-4203-a80d-b435f9c20a3f', 'yes_price_dollars': '0.9100'}}",yes,1.0,0.9,,
passive_limit,0.3,KXTRUFTSA-26JUN11-T1760000,0.9090909090909091,,16,13,3,False,"{'order': {'action': 'buy', 'book_side': 'bid', 'client_order_id': '9aeb0823-13ae-4f9b-a251-2f18a20817ac', 'created_time': '2026-06-11T12:43:27.781823Z', 'expiration_time': '2026-06-11T23:59:00Z', 'fill_count_fp': '0.00', 'initial_count_fp': '3.00', 'last_update_time': '2026-06-11T12:43:27.781823Z', 'maker_fees_dollars': '0.000000', 'maker_fill_cost_dollars': '0.000000', 'no_price_dollars': '0.0900', 'order_id': 'c42407f2-4dbf-4837-b872-fa573b986948', 'outcome_side': 'yes', 'remaining_count_fp': '3.00', 'side': 'yes', 'status': 'resting', 'subaccount_number': 0, 'taker_fees_dollars': '0.000000', 'taker_fill_cost_dollars': '0.000000', 'ticker': 'KXTRUFTSA-26JUN11-T1760000', 'type': 'limit', 'user_id': '6db6972a-11ba-4203-a80d-b435f9c20a3f', 'yes_price_dollars': '0.9100'}}",yes,1.0,0.9,,
passive_limit,0.35,KXTRUFTSA-26JUN11-T1760000,0.9027777777777777,,19,16,3,False,"{'order': {'action': 'buy', 'book_side': 'bid', 'client_order_id': 'f6f3b51f-9026-4bd2-870e-0f9495866dec', 'created_time': '2026-06-11T12:43:27.981874Z', 'expiration_time': '2026-06-11T23:59:00Z', 'fill_count_fp': '0.00', 'initial_count_fp': '3.00', 'last_update_time': '2026-06-11T12:43:27.981874Z', 'maker_fees_dollars': '0.000000', 'maker_fill_cost_dollars': '0.000000', 'no_price_dollars': '0.1000', 'order_id': 'fa1f69d7-7486-4bbc-aa3b-1cc7f3a77ae6', 'outcome_side': 'yes', 'remaining_count_fp': '3.00', 'side': 'yes', 'status': 'resting', 'subaccount_number': 0, 'taker_fees_dollars': '0.000000', 'taker_fill_cost_dollars': '0.000000', 'ticker': 'KXTRUFTSA-26JUN11-T1760000', 'type': 'limit', 'user_id': '6db6972a-11ba-4203-a80d-b435f9c20a3f', 'yes_price_dollars': '0.9000'}}",yes,1.0,0.9,,
passive_limit,0.4,KXTRUFTSA-26JUN11-T1760000,0.8955223880597014,,22,19,3,False,"{'order': {'action': 'buy', 'book_side': 'bid', 'client_order_id': 'c0e303ec-5ec4-4182-b188-eb03683499b7', 'created_time': '2026-06-11T12:43:28.197502Z', 'expiration_time': '2026-06-11T23:59:00Z', 'fill_count_fp': '0.00', 'initial_count_fp': '3.00', 'last_update_time': '2026-06-11T12:43:28.197502Z', 'maker_fees_dollars': '0.000000', 'maker_fill_cost_dollars': '0.000000', 'no_price_dollars': '0.1000', 'order_id': '0904e62d-588a-4ec9-859d-d5bbab59a26e', 'outcome_side': 'yes', 'remaining_count_fp': '3.00', 'side': 'yes', 'status': 'resting', 'subaccount_number': 0, 'taker_fees_dollars': '0.000000', 'taker_fill_cost_dollars': '0.000000', 'ticker': 'KXTRUFTSA-26JUN11-T1760000', 'type': 'limit', 'user_id': '6db6972a-11ba-4203-a80d-b435f9c20a3f', 'yes_price_dollars': '0.9000'}}",yes,1.0,0.9,,
passive_limit,0.1,KXTRUFTSA-26JUN11-T1860000,0.9278350515463917,,5,0,5,False,"{'order': {'action': 'buy', 'book_side': 'bid', 'client_order_id': '3915ff2d-11db-4dac-8d5e-cb5e55e4ded3', 'created_time': '2026-06-11T12:43:30.03122Z', 'expiration_time': '2026-06-11T23:59:00Z', 'fill_count_fp': '0.00', 'initial_count_fp': '5.00', 'last_update_time': '2026-06-11T12:43:30.03122Z', 'maker_fees_dollars': '0.000000', 'maker_fill_cost_dollars': '0.000000', 'no_price_dollars': '0.0700', 'order_id': '81402f60-d3ea-4ac8-96ab-885c11886730', 'outcome_side': 'yes', 'remaining_count_fp': '5.00', 'side': 'yes', 'status': 'resting', 'subaccount_number': 0, 'taker_fees_dollars': '0.000000', 'taker_fill_cost_dollars': '0.000000', 'ticker': 'KXTRUFTSA-26JUN11-T1860000', 'type': 'limit', 'user_id': '6db6972a-11ba-4203-a80d-b435f9c20a3f', 'yes_price_dollars': '0.9300'}}",yes,1.0,0.89,,
passive_limit,0.15,KXTRUFTSA-26JUN11-T1860000,0.9239130434782608,,8,5,3,False,"{'order': {'action': 'buy', 'book_side': 'bid', 'client_order_id': 'a1a9ac59-59b7-47b1-872c-5dd716f0f1e2', 'created_time': '2026-06-11T12:43:30.289908Z', 'expiration_time': '2026-06-11T23:59:00Z', 'fill_count_fp': '0.00', 'initial_count_fp': '3.00', 'last_update_time': '2026-06-11T12:43:30.289908Z', 'maker_fees_dollars': '0.000000', 'maker_fill_cost_dollars': '0.000000', 'no_price_dollars': '0.0800', 'order_id': '0dc70297-c806-41d0-be07-7db90395da13', 'outcome_side': 'yes', 'remaining_count_fp': '3.00', 'side': 'yes', 'status': 'resting', 'subaccount_number': 0, 'taker_fees_dollars': '0.000000', 'taker_fill_cost_dollars': '0.000000', 'ticker': 'KXTRUFTSA-26JUN11-T1860000', 'type': 'limit', 'user_id': '6db6972a-11ba-4203-a80d-b435f9c20a3f', 'yes_price_dollars': '0.9200'}}",yes,1.0,0.89,,
passive_limit,0.2,KXTRUFTSA-26JUN11-T1860000,0.9195402298850575,,10,8,2,False,"{'order': {'action': 'buy', 'book_side': 'bid', 'client_order_id': '58fe08a3-f096-4c77-9d23-48c66dadc138', 'created_time': '2026-06-11T12:43:30.663846Z', 'expiration_time': '2026-06-11T23:59:00Z', 'fill_count_fp': '0.00', 'initial_count_fp': '2.00', 'last_update_time': '2026-06-11T12:43:30.663846Z', 'maker_fees_dollars': '0.000000', 'maker_fill_cost_dollars': '0.000000', 'no_price_dollars': '0.0800', 'order_id': 'ba38e32b-d53b-418d-864f-801caa50d9dd', 'outcome_side': 'yes', 'remaining_count_fp': '2.00', 'side': 'yes', 'status': 'resting', 'subaccount_number': 0, 'taker_fees_dollars': '0.000000', 'taker_fill_cost_dollars': '0.000000', 'ticker': 'KXTRUFTSA-26JUN11-T1860000', 'type': 'limit', 'user_id': '6db6972a-11ba-4203-a80d-b435f9c20a3f', 'yes_price_dollars': '0.9200'}}",yes,1.0,0.89,,
passive_limit,0.25,KXTRUFTSA-26JUN11-T1860000,0.9146341463414633,,13,10,3,False,"{'order': {'action': 'buy', 'book_side': 'bid', 'client_order_id': 'a87f9ac6-229b-416d-aec6-8e5c1ac4154a', 'created_time': '2026-06-11T12:43:31.062065Z', 'expiration_time': '2026-06-11T23:59:00Z', 'fill_count_fp': '0.00', 'initial_count_fp': '3.00', 'last_update_time': '2026-06-11T12:43:31.062065Z', 'maker_fees_dollars': '0.000000', 'maker_fill_cost_dollars': '0.000000', 'no_price_dollars': '0.0900', 'order_id': 'df80d6a6-aa4c-4090-bdfd-b4e35c14eb7a', 'outcome_side': 'yes', 'remaining_count_fp': '3.00', 'side': 'yes', 'status': 'resting', 'subaccount_number': 0, 'taker_fees_dollars': '0.000000', 'taker_fill_cost_dollars': '0.000000', 'ticker': 'KXTRUFTSA-26JUN11-T1860000', 'type': 'limit', 'user_id': '6db6972a-11ba-4203-a80d-b435f9c20a3f', 'yes_price_dollars': '0.9100'}}",yes,1.0,0.89,,
passive_limit,0.3,KXTRUFTSA-26JUN11-T1860000,0.9090909090909091,,16,13,3,False,"{'order': {'action': 'buy', 'book_side': 'bid', 'client_order_id': '77b5c25a-1c88-4de2-8e38-c5a33e6e454f', 'created_time': '2026-06-11T12:43:31.351013Z', 'expiration_time': '2026-06-11T23:59:00Z', 'fill_count_fp': '0.00', 'initial_count_fp': '3.00', 'last_update_time': '2026-06-11T12:43:31.351013Z', 'maker_fees_dollars': '0.000000', 'maker_fill_cost_dollars': '0.000000', 'no_price_dollars': '0.0900', 'order_id': '5e4780a6-44c5-4789-a3e7-db60f28b3ce1', 'outcome_side': 'yes', 'remaining_count_fp': '3.00', 'side': 'yes', 'status': 'resting', 'subaccount_number': 0, 'taker_fees_dollars': '0.000000', 'taker_fill_cost_dollars': '0.000000', 'ticker': 'KXTRUFTSA-26JUN11-T1860000', 'type': 'limit', 'user_id': '6db6972a-11ba-4203-a80d-b435f9c20a3f', 'yes_price_dollars': '0.9100'}}",yes,1.0,0.89,,
passive_limit,0.35,KXTRUFTSA-26JUN11-T1860000,0.9027777777777777,,19,16,3,False,"{'order': {'action': 'buy', 'book_side': 'bid', 'client_order_id': 'a499191a-babf-4669-a26a-cb75f45b0b6e', 'created_time': '2026-06-11T12:43:31.557309Z', 'expiration_time': '2026-06-11T23:59:00Z', 'fill_count_fp': '0.00', 'initial_count_fp': '3.00', 'last_update_time': '2026-06-11T12:43:31.557309Z', 'maker_fees_dollars': '0.000000', 'maker_fill_cost_dollars': '0.000000', 'no_price_dollars': '0.1000', 'order_id': 'd149065d-c068-44eb-a316-633eda26dd79', 'outcome_side': 'yes', 'remaining_count_fp': '3.00', 'side': 'yes', 'status': 'resting', 'subaccount_number': 0, 'taker_fees_dollars': '0.000000', 'taker_fill_cost_dollars': '0.000000', 'ticker': 'KXTRUFTSA-26JUN11-T1860000', 'type': 'limit', 'user_id': '6db6972a-11ba-4203-a80d-b435f9c20a3f', 'yes_price_dollars': '0.9000'}}",yes,1.0,0.89,,
passive_limit,0.4,KXTRUFTSA-26JUN11-T1860000,0.8955223880597014,,22,19,3,False,"{'order': {'action': 'buy', 'book_side': 'bid', 'client_order_id': 'ad8af0d0-78d8-4f7d-9ce7-ed1a025e5306', 'created_time': '2026-06-11T12:43:31.771871Z', 'expiration_time': '2026-06-11T23:59:00Z', 'fill_count_fp': '0.00', 'initial_count_fp': '3.00', 'last_update_time': '2026-06-11T12:43:31.771871Z', 'maker_fees_dollars': '0.000000', 'maker_fill_cost_dollars': '0.000000', 'no_price_dollars': '0.1000', 'order_id': 'c031a2ce-0e50-42eb-b9e0-4483f4e0d597', 'outcome_side': 'yes', 'remaining_count_fp': '3.00', 'side': 'yes', 'status': 'resting', 'subaccount_number': 0, 'taker_fees_dollars': '0.000000', 'taker_fill_cost_dollars': '0.000000', 'ticker': 'KXTRUFTSA-26JUN11-T1860000', 'type': 'limit', 'user_id': '6db6972a-11ba-4203-a80d-b435f9c20a3f', 'yes_price_dollars': '0.9000'}}",yes,1.0,0.89,,
passive_limit,0.1,KXTRUFTSA-26JUN11-T1960000,0.9278350515463917,,5,0,5,False,"{'order': {'action': 'buy', 'book_side': 'bid', 'client_order_id': '35319695-7cbb-4c47-b3b5-8c38fa7ea180', 'created_time': '2026-06-11T12:43:34.16063Z', 'expiration_time': '2026-06-11T23:59:00Z', 'fill_count_fp': '0.00', 'initial_count_fp': '5.00', 'last_update_time': '2026-06-11T12:43:34.16063Z', 'maker_fees_dollars': '0.000000', 'maker_fill_cost_dollars': '0.000000', 'no_price_dollars': '0.0700', 'order_id': 'd4c2e867-0531-4308-a57a-8737032b4092', 'outcome_side': 'yes', 'remaining_count_fp': '5.00', 'side': 'yes', 'status': 'resting', 'subaccount_number': 0, 'taker_fees_dollars': '0.000000', 'taker_fill_cost_dollars': '0.000000', 'ticker': 'KXTRUFTSA-26JUN11-T1960000', 'type': 'limit', 'user_id': '6db6972a-11ba-4203-a80d-b435f9c20a3f', 'yes_price_dollars': '0.9300'}}",yes,1.0,0.89,,
passive_limit,0.15,KXTRUFTSA-26JUN11-T1960000,0.9239130434782608,,8,5,3,False,"{'order': {'action': 'buy', 'book_side': 'bid', 'client_order_id': '9171a2c6-e0e4-4060-8859-25295300e5ba', 'created_time': '2026-06-11T12:43:34.469969Z', 'expiration_time': '2026-06-11T23:59:00Z', 'fill_count_fp': '0.00', 'initial_count_fp': '3.00', 'last_update_time': '2026-06-11T12:43:34.469969Z', 'maker_fees_dollars': '0.000000', 'maker_fill_cost_dollars': '0.000000', 'no_price_dollars': '0.0800', 'order_id': '24928424-73f9-4364-9bbd-c5f2eea6aff4', 'outcome_side': 'yes', 'remaining_count_fp': '3.00', 'side': 'yes', 'status': 'resting', 'subaccount_number': 0, 'taker_fees_dollars': '0.000000', 'taker_fill_cost_dollars': '0.000000', 'ticker': 'KXTRUFTSA-26JUN11-T1960000', 'type': 'limit', 'user_id': '6db6972a-11ba-4203-a80d-b435f9c20a3f', 'yes_price_dollars': '0.9200'}}",yes,1.0,0.89,,
passive_limit,0.2,KXTRUFTSA-26JUN11-T1960000,0.9195402298850575,,10,8,2,False,"{'order': {'action': 'buy', 'book_side': 'bid', 'client_order_id': '2abe357e-c04c-4169-958f-cf027a244050', 'created_time': '2026-06-11T12:43:34.752821Z', 'expiration_time': '2026-06-11T23:59:00Z', 'fill_count_fp': '0.00', 'initial_count_fp': '2.00', 'last_update_time': '2026-06-11T12:43:34.752821Z', 'maker_fees_dollars': '0.000000', 'maker_fill_cost_dollars': '0.000000', 'no_price_dollars': '0.0800', 'order_id': '96f09c3d-4048-4f5f-badd-dd7ac3867cf8', 'outcome_side': 'yes', 'remaining_count_fp': '2.00', 'side': 'yes', 'status': 'resting', 'subaccount_number': 0, 'taker_fees_dollars': '0.000000', 'taker_fill_cost_dollars': '0.000000', 'ticker': 'KXTRUFTSA-26JUN11-T1960000', 'type': 'limit', 'user_id': '6db6972a-11ba-4203-a80d-b435f9c20a3f', 'yes_price_dollars': '0.9200'}}",yes,1.0,0.89,,
passive_limit,0.25,KXTRUFTSA-26JUN11-T1960000,0.9146341463414633,,13,10,3,False,"{'order': {'action': 'buy', 'book_side': 'bid', 'client_order_id': '8bc902a0-9def-4ae0-a087-37317dc7cc8e', 'created_time': '2026-06-11T12:43:34.997936Z', 'expiration_time': '2026-06-11T23:59:00Z', 'fill_count_fp': '0.00', 'initial_count_fp': '3.00', 'last_update_time': '2026-06-11T12:43:34.997936Z', 'maker_fees_dollars': '0.000000', 'maker_fill_cost_dollars': '0.000000', 'no_price_dollars': '0.0900', 'order_id': 'a0fb57bb-fa79-4b45-80d7-41b0390e76f7', 'outcome_side': 'yes', 'remaining_count_fp': '3.00', 'side': 'yes', 'status': 'resting', 'subaccount_number': 0, 'taker_fees_dollars': '0.000000', 'taker_fill_cost_dollars': '0.000000', 'ticker': 'KXTRUFTSA-26JUN11-T1960000', 'type': 'limit', 'user_id': '6db6972a-11ba-4203-a80d-b435f9c20a3f', 'yes_price_dollars': '0.9100'}}",yes,1.0,0.89,,
passive_limit,0.3,KXTRUFTSA-26JUN11-T1960000,0.9090909090909091,,16,13,3,False,"{'order': {'action': 'buy', 'book_side': 'bid', 'client_order_id': '0b703f05-fb3b-456c-965b-9380b2223058', 'created_time': '2026-06-11T12:43:35.275835Z', 'expiration_time': '2026-06-11T23:59:00Z', 'fill_count_fp': '0.00', 'initial_count_fp': '3.00', 'last_update_time': '2026-06-11T12:43:35.275835Z', 'maker_fees_dollars': '0.000000', 'maker_fill_cost_dollars': '0.000000', 'no_price_dollars': '0.0900', 'order_id': 'ebc75c42-1eab-46c4-aaf2-bc7fff5d8e5f', 'outcome_side': 'yes', 'remaining_count_fp': '3.00', 'side': 'yes', 'status': 'resting', 'subaccount_number': 0, 'taker_fees_dollars': '0.000000', 'taker_fill_cost_dollars': '0.000000', 'ticker': 'KXTRUFTSA-26JUN11-T1960000', 'type': 'limit', 'user_id': '6db6972a-11ba-4203-a80d-b435f9c20a3f', 'yes_price_dollars': '0.9100'}}",yes,1.0,0.89,,
passive_limit,0.35,KXTRUFTSA-26JUN11-T1960000,0.9027777777777777,,19,16,3,False,"{'order': {'action': 'buy', 'book_side': 'bid', 'client_order_id': 'a33397fe-7b1a-44d2-9444-cf1484944079', 'created_time': '2026-06-11T12:43:35.527057Z', 'expiration_time': '2026-06-11T23:59:00Z', 'fill_count_fp': '0.00', 'initial_count_fp': '3.00', 'last_update_time': '2026-06-11T12:43:35.527057Z', 'maker_fees_dollars': '0.000000', 'maker_fill_cost_dollars': '0.000000', 'no_price_dollars': '0.1000', 'order_id': '7402bad9-e5ee-4a18-b1d0-b8348e5e4d60', 'outcome_side': 'yes', 'remaining_count_fp': '3.00', 'side': 'yes', 'status': 'resting', 'subaccount_number': 0, 'taker_fees_dollars': '0.000000', 'taker_fill_cost_dollars': '0.000000', 'ticker': 'KXTRUFTSA-26JUN11-T1960000', 'type': 'limit', 'user_id': '6db6972a-11ba-4203-a80d-b435f9c20a3f', 'yes_price_dollars': '0.9000'}}",yes,1.0,0.89,,
passive_limit,0.4,KXTRUFTSA-26JUN11-T1960000,0.8955223880597014,,22,19,3,False,"{'order': {'action': 'buy', 'book_side': 'bid', 'client_order_id': '501d6941-e94c-489b-b832-67a8ffdab2d4', 'created_time': '2026-06-11T12:43:35.808124Z', 'expiration_time': '2026-06-11T23:59:00Z', 'fill_count_fp': '0.00', 'initial_count_fp': '3.00', 'last_update_time': '2026-06-11T12:43:35.808124Z', 'maker_fees_dollars': '0.000000', 'maker_fill_cost_dollars': '0.000000', 'no_price_dollars': '0.1000', 'order_id': '496eba2a-8c5c-43d6-9a9b-6af66b518302', 'outcome_side': 'yes', 'remaining_count_fp': '3.00', 'side': 'yes', 'status': 'resting', 'subaccount_number': 0, 'taker_fees_dollars': '0.000000', 'taker_fill_cost_dollars': '0.000000', 'ticker': 'KXTRUFTSA-26JUN11-T1960000', 'type': 'limit', 'user_id': '6db6972a-11ba-4203-a80d-b435f9c20a3f', 'yes_price_dollars': '0.9000'}}",yes,1.0,0.89,,
passive_limit,0.1,KXTRUFTSA-26JUN11-T2060000,0.9278350515463917,,5,0,5,False,"{'order': {'action': 'buy', 'book_side': 'bid', 'client_order_id': '78f8bd09-57c0-4843-8d3a-d13d751c61ca', 'created_time': '2026-06-11T12:43:39.606518Z', 'expiration_time': '2026-06-11T23:59:00Z', 'fill_count_fp': '0.00', 'initial_count_fp': '5.00', 'last_update_time': '2026-06-11T12:43:39.606518Z', 'maker_fees_dollars': '0.000000', 'maker_fill_cost_dollars': '0.000000', 'no_price_dollars': '0.0700', 'order_id': 'ac5e3b46-7bbf-489f-835c-11f0e47f6e6d', 'outcome_side': 'yes', 'remaining_count_fp': '5.00', 'side': 'yes', 'status': 'resting', 'subaccount_number': 0, 'taker_fees_dollars': '0.000000', 'taker_fill_cost_dollars': '0.000000', 'ticker': 'KXTRUFTSA-26JUN11-T2060000', 'type': 'limit', 'user_id': '6db6972a-11ba-4203-a80d-b435f9c20a3f', 'yes_price_dollars': '0.9300'}}",yes,1.0,0.88,,
passive_limit,0.15,KXTRUFTSA-26JUN11-T2060000,0.9239130434782608,,8,5,3,False,"{'order': {'action': 'buy', 'book_side': 'bid', 'client_order_id': 'a03539e1-6c64-43fd-b984-7ac255bd2cd4', 'created_time': '2026-06-11T12:43:40.159381Z', 'expiration_time': '2026-06-11T23:59:00Z', 'fill_count_fp': '0.00', 'initial_count_fp': '3.00', 'last_update_time': '2026-06-11T12:43:40.159381Z', 'maker_fees_dollars': '0.000000', 'maker_fill_cost_dollars': '0.000000', 'no_price_dollars': '0.0800', 'order_id': 'ae5e05d3-d798-4f34-ba71-0ba3cebc7795', 'outcome_side': 'yes', 'remaining_count_fp': '3.00', 'side': 'yes', 'status': 'resting', 'subaccount_number': 0, 'taker_fees_dollars': '0.000000', 'taker_fill_cost_dollars': '0.000000', 'ticker': 'KXTRUFTSA-26JUN11-T2060000', 'type': 'limit', 'user_id': '6db6972a-11ba-4203-a80d-b435f9c20a3f', 'yes_price_dollars': '0.9200'}}",yes,1.0,0.88,,
passive_limit,0.2,KXTRUFTSA-26JUN11-T2060000,0.9195402298850575,,10,8,2,False,"{'order': {'action': 'buy', 'book_side': 'bid', 'client_order_id': 'd0f3c1cf-fd48-43c7-a8cf-a4c737cc37d9', 'created_time': '2026-06-11T12:43:40.706411Z', 'expiration_time': '2026-06-11T23:59:00Z', 'fill_count_fp': '0.00', 'initial_count_fp': '2.00', 'last_update_time': '2026-06-11T12:43:40.706411Z', 'maker_fees_dollars': '0.000000', 'maker_fill_cost_dollars': '0.000000', 'no_price_dollars': '0.0800', 'order_id': 'dc5dcdec-9a99-4801-935a-1e48375d9259', 'outcome_side': 'yes', 'remaining_count_fp': '2.00', 'side': 'yes', 'status': 'resting', 'subaccount_number': 0, 'taker_fees_dollars': '0.000000', 'taker_fill_cost_dollars': '0.000000', 'ticker': 'KXTRUFTSA-26JUN11-T2060000', 'type': 'limit', 'user_id': '6db6972a-11ba-4203-a80d-b435f9c20a3f', 'yes_price_dollars': '0.9200'}}",yes,1.0,0.88,,
passive_limit,0.25,KXTRUFTSA-26JUN11-T2060000,0.9146341463414633,,13,10,3,False,"{'order': {'action': 'buy', 'book_side': 'bid', 'client_order_id': '3cbfbeea-b94d-4b07-9bc8-155008be4075', 'created_time': '2026-06-11T12:43:41.030064Z', 'expiration_time': '2026-06-11T23:59:00Z', 'fill_count_fp': '0.00', 'initial_count_fp': '3.00', 'last_update_time': '2026-06-11T12:43:41.030064Z', 'maker_fees_dollars': '0.000000', 'maker_fill_cost_dollars': '0.000000', 'no_price_dollars': '0.0900', 'order_id': '49778e34-61a7-4764-a900-ec60267f1cb2', 'outcome_side': 'yes', 'remaining_count_fp': '3.00', 'side': 'yes', 'status': 'resting', 'subaccount_number': 0, 'taker_fees_dollars': '0.000000', 'taker_fill_cost_dollars': '0.000000', 'ticker': 'KXTRUFTSA-26JUN11-T2060000', 'type': 'limit', 'user_id': '6db6972a-11ba-4203-a80d-b435f9c20a3f', 'yes_price_dollars': '0.9100'}}",yes,1.0,0.88,,
passive_limit,0.3,KXTRUFTSA-26JUN11-T2060000,0.9090909090909091,,16,13,3,False,"{'order': {'action': 'buy', 'book_side': 'bid', 'client_order_id': '08028158-ddeb-4778-a2ed-01c21835aaf0', 'created_time': '2026-06-11T12:43:41.464815Z', 'expiration_time': '2026-06-11T23:59:00Z', 'fill_count_fp': '0.00', 'initial_count_fp': '3.00', 'last_update_time': '2026-06-11T12:43:41.464815Z', 'maker_fees_dollars': '0.000000', 'maker_fill_cost_dollars': '0.000000', 'no_price_dollars': '0.0900', 'order_id': '5f1036dc-9ea7-4097-9713-c194c2c68865', 'outcome_side': 'yes', 'remaining_count_fp': '3.00', 'side': 'yes', 'status': 'resting', 'subaccount_number': 0, 'taker_fees_dollars': '0.000000', 'taker_fill_cost_dollars': '0.000000', 'ticker': 'KXTRUFTSA-26JUN11-T2060000', 'type': 'limit', 'user_id': '6db6972a-11ba-4203-a80d-b435f9c20a3f', 'yes_price_dollars': '0.9100'}}",yes,1.0,0.88,,
passive_limit,0.35,KXTRUFTSA-26JUN11-T2060000,0.9027777777777777,,19,16,3,False,"{'order': {'action': 'buy', 'book_side': 'bid', 'client_order_id': '3d8cfcde-1fc6-4669-b913-b47bee9f05e8', 'created_time': '2026-06-11T12:43:42.008199Z', 'expiration_time': '2026-06-11T23:59:00Z', 'fill_count_fp': '0.00', 'initial_count_fp': '3.00', 'last_update_time': '2026-06-11T12:43:42.008199Z', 'maker_fees_dollars': '0.000000', 'maker_fill_cost_dollars': '0.000000', 'no_price_dollars': '0.1000', 'order_id': 'cf2d8888-58c0-4a5e-9479-722e0d25c616', 'outcome_side': 'yes', 'remaining_count_fp': '3.00', 'side': 'yes', 'status': 'resting', 'subaccount_number': 0, 'taker_fees_dollars': '0.000000', 'taker_fill_cost_dollars': '0.000000', 'ticker': 'KXTRUFTSA-26JUN11-T2060000', 'type': 'limit', 'user_id': '6db6972a-11ba-4203-a80d-b435f9c20a3f', 'yes_price_dollars': '0.9000'}}",yes,1.0,0.88,,
passive_limit,0.4,KXTRUFTSA-26JUN11-T2060000,0.8955223880597014,,22,19,3,False,"{'order': {'action': 'buy', 'book_side': 'bid', 'client_order_id': '35fd0119-3fba-4e4c-a688-36dd70011011', 'created_time': '2026-06-11T12:43:42.676014Z', 'expiration_time': '2026-06-11T23:59:00Z', 'fill_count_fp': '0.00', 'initial_count_fp': '3.00', 'last_update_time': '2026-06-11T12:43:42.676014Z', 'maker_fees_dollars': '0.000000', 'maker_fill_cost_dollars': '0.000000', 'no_price_dollars': '0.1000', 'order_id': '1e0f0184-72e2-4342-846c-0fc933070272', 'outcome_side': 'yes', 'remaining_count_fp': '3.00', 'side': 'yes', 'status': 'resting', 'subaccount_number': 0, 'taker_fees_dollars': '0.000000', 'taker_fill_cost_dollars': '0.000000', 'ticker': 'KXTRUFTSA-26JUN11-T2060000', 'type': 'limit', 'user_id': '6db6972a-11ba-4203-a80d-b435f9c20a3f', 'yes_price_dollars': '0.9000'}}",yes,1.0,0.88,,
passive_limit,0.1,KXTRUFTSA-26JUN11-T2160000,0.9278350515463917,0.99,5,0,5,False,"{'order': {'action': 'buy', 'book_side': 'bid', 'client_order_id': '5a2161b0-c245-46e4-9eb5-3bf4d6d2022b', 'created_time': '2026-06-11T12:43:45.656141Z', 'expiration_time': '2026-06-11T23:59:00Z', 'fill_count_fp': '0.00', 'initial_count_fp': '5.00', 'last_update_time': '2026-06-11T12:43:45.656141Z', 'maker_fees_dollars': '0.000000', 'maker_fill_cost_dollars': '0.000000', 'no_price_dollars': '0.0700', 'order_id': '9207c594-1588-457b-88c8-c4ecc9cbdf8c', 'outcome_side': 'yes', 'remaining_count_fp': '5.00', 'side': 'yes', 'status': 'resting', 'subaccount_number': 0, 'taker_fees_dollars': '0.000000', 'taker_fill_cost_dollars': '0.000000', 'ticker': 'KXTRUFTSA-26JUN11-T2160000', 'type': 'limit', 'user_id': '6db6972a-11ba-4203-a80d-b435f9c20a3f', 'yes_price_dollars': '0.9300'}}",yes,1.0,0.935,,
passive_limit,0.15,KXTRUFTSA-26JUN11-T2160000,0.9239130434782608,0.99,8,5,3,False,"{'order': {'action': 'buy', 'book_side': 'bid', 'client_order_id': 'ea72aa53-f13e-4652-bb8b-29716f796aa5', 'created_time': '2026-06-11T12:43:46.02839Z', 'expiration_time': '2026-06-11T23:59:00Z', 'fill_count_fp': '0.00', 'initial_count_fp': '3.00', 'last_update_time': '2026-06-11T12:43:46.02839Z', 'maker_fees_dollars': '0.000000', 'maker_fill_cost_dollars': '0.000000', 'no_price_dollars': '0.0800', 'order_id': '00949a48-13c4-4c67-81f8-0ce175b7e55f', 'outcome_side': 'yes', 'remaining_count_fp': '3.00', 'side': 'yes', 'status': 'resting', 'subaccount_number': 0, 'taker_fees_dollars': '0.000000', 'taker_fill_cost_dollars': '0.000000', 'ticker': 'KXTRUFTSA-26JUN11-T2160000', 'type': 'limit', 'user_id': '6db6972a-11ba-4203-a80d-b435f9c20a3f', 'yes_price_dollars': '0.9200'}}",yes,1.0,0.935,,
passive_limit,0.2,KXTRUFTSA-26JUN11-T2160000,0.9195402298850575,0.99,10,8,2,False,"{'order': {'action': 'buy', 'book_side': 'bid', 'client_order_id': 'e2381704-135a-496d-bb12-fd34238155a7', 'created_time': '2026-06-11T12:43:46.405011Z', 'expiration_time': '2026-06-11T23:59:00Z', 'fill_count_fp': '0.00', 'initial_count_fp': '2.00', 'last_update_time': '2026-06-11T12:43:46.405011Z', 'maker_fees_dollars': '0.000000', 'maker_fill_cost_dollars': '0.000000', 'no_price_dollars': '0.0800', 'order_id': 'df6a94b8-df2b-425c-ac96-abfd255053b3', 'outcome_side': 'yes', 'remaining_count_fp': '2.00', 'side': 'yes', 'status': 'resting', 'subaccount_number': 0, 'taker_fees_dollars': '0.000000', 'taker_fill_cost_dollars': '0.000000', 'ticker': 'KXTRUFTSA-26JUN11-T2160000', 'type': 'limit', 'user_id': '6db6972a-11ba-4203-a80d-b435f9c20a3f', 'yes_price_dollars': '0.9200'}}",yes,1.0,0.935,,
passive_limit,0.25,KXTRUFTSA-26JUN11-T2160000,0.9146341463414633,0.99,13,10,3,False,"{'order': {'action': 'buy', 'book_side': 'bid', 'client_order_id': 'b0cae223-47c2-4612-966b-9f02f1f08f52', 'created_time': '2026-06-11T12:43:48.006623Z', 'expiration_time': '2026-06-11T23:59:00Z', 'fill_count_fp': '0.00', 'initial_count_fp': '3.00', 'last_update_time': '2026-06-11T12:43:48.006623Z', 'maker_fees_dollars': '0.000000', 'maker_fill_cost_dollars': '0.000000', 'no_price_dollars': '0.0900', 'order_id': '80592860-6052-4b4b-9206-c1721b8ec692', 'outcome_side': 'yes', 'remaining_count_fp': '3.00', 'side': 'yes', 'status': 'resting', 'subaccount_number': 0, 'taker_fees_dollars': '0.000000', 'taker_fill_cost_dollars': '0.000000', 'ticker': 'KXTRUFTSA-26JUN11-T2160000', 'type': 'limit', 'user_id': '6db6972a-11ba-4203-a80d-b435f9c20a3f', 'yes_price_dollars': '0.9100'}}",yes,1.0,0.935,,
passive_limit,0.3,KXTRUFTSA-26JUN11-T2160000,0.9090909090909091,0.99,16,13,3,False,"{'order': {'action': 'buy', 'book_side': 'bid', 'client_order_id': 'c1cc8b95-52a5-425f-87d9-be7d30bdd7fd', 'created_time': '2026-06-11T12:43:48.288053Z', 'expiration_time': '2026-06-11T23:59:00Z', 'fill_count_fp': '0.00', 'initial_count_fp': '3.00', 'last_update_time': '2026-06-11T12:43:48.288053Z', 'maker_fees_dollars': '0.000000', 'maker_fill_cost_dollars': '0.000000', 'no_price_dollars': '0.0900', 'order_id': 'd646dbca-17f1-49ee-9b87-24b2a183815d', 'outcome_side': 'yes', 'remaining_count_fp': '3.00', 'side': 'yes', 'status': 'resting', 'subaccount_number': 0, 'taker_fees_dollars': '0.000000', 'taker_fill_cost_dollars': '0.000000', 'ticker': 'KXTRUFTSA-26JUN11-T2160000', 'type': 'limit', 'user_id': '6db6972a-11ba-4203-a80d-b435f9c20a3f', 'yes_price_dollars': '0.9100'}}",yes,1.0,0.935,,
passive_limit,0.35,KXTRUFTSA-26JUN11-T2160000,0.9027777777777777,0.99,19,16,3,False,"{'order': {'action': 'buy', 'book_side': 'bid', 'client_order_id': '8e69ce79-f298-4ae6-89a6-2d528e0699a0', 'created_time': '2026-06-11T12:43:48.551611Z', 'expiration_time': '2026-06-11T23:59:00Z', 'fill_count_fp': '0.00', 'initial_count_fp': '3.00', 'last_update_time': '2026-06-11T12:43:48.551611Z', 'maker_fees_dollars': '0.000000', 'maker_fill_cost_dollars': '0.000000', 'no_price_dollars': '0.1000', 'order_id': '444d689d-dce3-41fc-b882-31c4a9dc586d', 'outcome_side': 'yes', 'remaining_count_fp': '3.00', 'side': 'yes', 'status': 'resting', 'subaccount_number': 0, 'taker_fees_dollars': '0.000000', 'taker_fill_cost_dollars': '0.000000', 'ticker': 'KXTRUFTSA-26JUN11-T2160000', 'type': 'limit', 'user_id': '6db6972a-11ba-4203-a80d-b435f9c20a3f', 'yes_price_dollars': '0.9000'}}",yes,1.0,0.935,,
passive_limit,0.4,KXTRUFTSA-26JUN11-T2160000,0.8955223880597014,0.99,22,19,3,False,"{'order': {'action': 'buy', 'book_side': 'bid', 'client_order_id': '5829840c-aaba-441d-849b-4e0ce6a42172', 'created_time': '2026-06-11T12:43:48.851761Z', 'expiration_time': '2026-06-11T23:59:00Z', 'fill_count_fp': '0.00', 'initial_count_fp': '3.00', 'last_update_time': '2026-06-11T12:43:48.851761Z', 'maker_fees_dollars': '0.000000', 'maker_fill_cost_dollars': '0.000000', 'no_price_dollars': '0.1000', 'order_id': 'b67278e4-614e-473b-9411-65760da0c5fd', 'outcome_side': 'yes', 'remaining_count_fp': '3.00', 'side': 'yes', 'status': 'resting', 'subaccount_number': 0, 'taker_fees_dollars': '0.000000', 'taker_fill_cost_dollars': '0.000000', 'ticker': 'KXTRUFTSA-26JUN11-T2160000', 'type': 'limit', 'user_id': '6db6972a-11ba-4203-a80d-b435f9c20a3f', 'yes_price_dollars': '0.9000'}}",yes,1.0,0.935,,
passive_limit,0.1,KXTRUFTSA-26JUN11-T2260000,0.9278350515463917,0.99,5,0,5,False,"{'order': {'action': 'buy', 'book_side': 'bid', 'client_order_id': 'a6e66c8b-f5bf-4448-b0d8-f82c81828621', 'created_time': '2026-06-11T12:43:50.966961Z', 'expiration_time': '2026-06-11T23:59:00Z', 'fill_count_fp': '0.00', 'initial_count_fp': '5.00', 'last_update_time': '2026-06-11T12:43:50.966961Z', 'maker_fees_dollars': '0.000000', 'maker_fill_cost_dollars': '0.000000', 'no_price_dollars': '0.0700', 'order_id': '459a82be-9558-4c64-90d0-cf54711d1a9d', 'outcome_side': 'yes', 'remaining_count_fp': '5.00', 'side': 'yes', 'status': 'resting', 'subaccount_number': 0, 'taker_fees_dollars': '0.000000', 'taker_fill_cost_dollars': '0.000000', 'ticker': 'KXTRUFTSA-26JUN11-T2260000', 'type': 'limit', 'user_id': '6db6972a-11ba-4203-a80d-b435f9c20a3f', 'yes_price_dollars': '0.9300'}}",yes,1.0,0.93,,
passive_limit,0.15,KXTRUFTSA-26JUN11-T2260000,0.9239130434782608,0.99,8,5,3,False,"{'order': {'action': 'buy', 'book_side': 'bid', 'client_order_id': '72d16dd8-1ba0-4590-8ff5-24d0cfb6cbc7', 'created_time': '2026-06-11T12:43:51.405032Z', 'expiration_time': '2026-06-11T23:59:00Z', 'fill_count_fp': '0.00', 'initial_count_fp': '3.00', 'last_update_time': '2026-06-11T12:43:51.405032Z', 'maker_fees_dollars': '0.000000', 'maker_fill_cost_dollars': '0.000000', 'no_price_dollars': '0.0800', 'order_id': 'cf07d458-90f6-4bd1-bc6a-6a5523c82f20', 'outcome_side': 'yes', 'remaining_count_fp': '3.00', 'side': 'yes', 'status': 'resting', 'subaccount_number': 0, 'taker_fees_dollars': '0.000000', 'taker_fill_cost_dollars': '0.000000', 'ticker': 'KXTRUFTSA-26JUN11-T2260000', 'type': 'limit', 'user_id': '6db6972a-11ba-4203-a80d-b435f9c20a3f', 'yes_price_dollars': '0.9200'}}",yes,1.0,0.93,,
passive_limit,0.2,KXTRUFTSA-26JUN11-T2260000,0.9195402298850575,0.99,10,8,2,False,"{'order': {'action': 'buy', 'book_side': 'bid', 'client_order_id': 'cd089bc1-ae25-4b80-9ca9-37cc415d1765', 'created_time': '2026-06-11T12:43:51.711703Z', 'expiration_time': '2026-06-11T23:59:00Z', 'fill_count_fp': '0.00', 'initial_count_fp': '2.00', 'last_update_time': '2026-06-11T12:43:51.711703Z', 'maker_fees_dollars': '0.000000', 'maker_fill_cost_dollars': '0.000000', 'no_price_dollars': '0.0800', 'order_id': '96708624-11e1-43b5-a656-73628108491b', 'outcome_side': 'yes', 'remaining_count_fp': '2.00', 'side': 'yes', 'status': 'resting', 'subaccount_number': 0, 'taker_fees_dollars': '0.000000', 'taker_fill_cost_dollars': '0.000000', 'ticker': 'KXTRUFTSA-26JUN11-T2260000', 'type': 'limit', 'user_id': '6db6972a-11ba-4203-a80d-b435f9c20a3f', 'yes_price_dollars': '0.9200'}}",yes,1.0,0.93,,
passive_limit,0.25,KXTRUFTSA-26JUN11-T2260000,0.9146341463414633,0.99,13,10,3,False,"{'order': {'action': 'buy', 'book_side': 'bid', 'client_order_id': 'df2470e7-7176-42d3-a48f-ce5621dd1572', 'created_time': '2026-06-11T12:43:52.270598Z', 'expiration_time': '2026-06-11T23:59:00Z', 'fill_count_fp': '0.00', 'initial_count_fp': '3.00', 'last_update_time': '2026-06-11T12:43:52.270598Z', 'maker_fees_dollars': '0.000000', 'maker_fill_cost_dollars': '0.000000', 'no_price_dollars': '0.0900', 'order_id': '4823529b-84b3-481c-b75d-4b8026a00caa', 'outcome_side': 'yes', 'remaining_count_fp': '3.00', 'side': 'yes', 'status': 'resting', 'subaccount_number': 0, 'taker_fees_dollars': '0.000000', 'taker_fill_cost_dollars': '0.000000', 'ticker': 'KXTRUFTSA-26JUN11-T2260000', 'type': 'limit', 'user_id': '6db6972a-11ba-4203-a80d-b435f9c20a3f', 'yes_price_dollars': '0.9100'}}",yes,1.0,0.93,,
passive_limit,0.3,KXTRUFTSA-26JUN11-T2260000,0.9090909090909091,0.99,16,13,3,False,"{'order': {'action': 'buy', 'book_side': 'bid', 'client_order_id': 'eaaa6290-e7c2-406e-9492-58519f9bb2ba', 'created_time': '2026-06-11T12:43:52.57409Z', 'expiration_time': '2026-06-11T23:59:00Z', 'fill_count_fp': '0.00', 'initial_count_fp': '3.00', 'last_update_time': '2026-06-11T12:43:52.57409Z', 'maker_fees_dollars': '0.000000', 'maker_fill_cost_dollars': '0.000000', 'no_price_dollars': '0.0900', 'order_id': 'c17a2dc1-1da1-4ae5-907f-1590f53709b3', 'outcome_side': 'yes', 'remaining_count_fp': '3.00', 'side': 'yes', 'status': 'resting', 'subaccount_number': 0, 'taker_fees_dollars': '0.000000', 'taker_fill_cost_dollars': '0.000000', 'ticker': 'KXTRUFTSA-26JUN11-T2260000', 'type': 'limit', 'user_id': '6db6972a-11ba-4203-a80d-b435f9c20a3f', 'yes_price_dollars': '0.9100'}}",yes,1.0,0.93,,
passive_limit,0.35,KXTRUFTSA-26JUN11-T2260000,0.9027777777777777,0.99,19,16,3,False,"{'order': {'action': 'buy', 'book_side': 'bid', 'client_order_id': '7e14e5a7-76b8-4923-bb7a-e2cd73add466', 'created_time': '2026-06-11T12:43:52.854129Z', 'expiration_time': '2026-06-11T23:59:00Z', 'fill_count_fp': '0.00', 'initial_count_fp': '3.00', 'last_update_time': '2026-06-11T12:43:52.854129Z', 'maker_fees_dollars': '0.000000', 'maker_fill_cost_dollars': '0.000000', 'no_price_dollars': '0.1000', 'order_id': 'ffd59a4f-b089-49e0-9a2d-553ffae001e1', 'outcome_side': 'yes', 'remaining_count_fp': '3.00', 'side': 'yes', 'status': 'resting', 'subaccount_number': 0, 'taker_fees_dollars': '0.000000', 'taker_fill_cost_dollars': '0.000000', 'ticker': 'KXTRUFTSA-26JUN11-T2260000', 'type': 'limit', 'user_id': '6db6972a-11ba-4203-a80d-b435f9c20a3f', 'yes_price_dollars': '0.9000'}}",yes,1.0,0.93,,
passive_limit,0.4,KXTRUFTSA-26JUN11-T2260000,0.8955223880597014,0.99,22,19,3,False,"{'order': {'action': 'buy', 'book_side': 'bid', 'client_order_id': 'ed687d98-59d2-40a5-8cc7-f5ef37a299a4', 'created_time': '2026-06-11T12:43:53.138012Z', 'expiration_time': '2026-06-11T23:59:00Z', 'fill_count_fp': '0.00', 'initial_count_fp': '3.00', 'last_update_time': '2026-06-11T12:43:53.138012Z', 'maker_fees_dollars': '0.000000', 'maker_fill_cost_dollars': '0.000000', 'no_price_dollars': '0.1000', 'order_id': 'ee67f245-d3e6-4624-826d-d7235815b6ce', 'outcome_side': 'yes', 'remaining_count_fp': '3.00', 'side': 'yes', 'status': 'resting', 'subaccount_number': 0, 'taker_fees_dollars': '0.000000', 'taker_fill_cost_dollars': '0.000000', 'ticker': 'KXTRUFTSA-26JUN11-T2260000', 'type': 'limit', 'user_id': '6db6972a-11ba-4203-a80d-b435f9c20a3f', 'yes_price_dollars': '0.9000'}}",yes,1.0,0.93,,
passive_limit,0.1,KXTRUFTSA-26JUN11-T2360000,0.9278350515463917,0.99,5,0,5,False,"{'order': {'action': 'buy', 'book_side': 'bid', 'client_order_id': 'aa9c12ce-0c1b-4eac-a273-b712b8a86b35', 'created_time': '2026-06-11T12:43:56.416749Z', 'expiration_time': '2026-06-11T23:59:00Z', 'fill_count_fp': '0.00', 'initial_count_fp': '5.00', 'last_update_time': '2026-06-11T12:43:56.416749Z', 'maker_fees_dollars': '0.000000', 'maker_fill_cost_dollars': '0.000000', 'no_price_dollars': '0.0700', 'order_id': '297bfcee-4b5f-47b6-bbc5-76f09ac52ecd', 'outcome_side': 'yes', 'remaining_count_fp': '5.00', 'side': 'yes', 'status': 'resting', 'subaccount_number': 0, 'taker_fees_dollars': '0.000000', 'taker_fill_cost_dollars': '0.000000', 'ticker': 'KXTRUFTSA-26JUN11-T2360000', 'type': 'limit', 'user_id': '6db6972a-11ba-4203-a80d-b435f9c20a3f', 'yes_price_dollars': '0.9300'}}",yes,1.0,0.93,,
passive_limit,0.15,KXTRUFTSA-26JUN11-T2360000,0.9239130434782608,0.99,8,5,3,False,"{'order': {'action': 'buy', 'book_side': 'bid', 'client_order_id': 'bfffc6c6-0303-4c5a-9c92-c73bbb1ab61b', 'created_time': '2026-06-11T12:43:56.776178Z', 'expiration_time': '2026-06-11T23:59:00Z', 'fill_count_fp': '0.00', 'initial_count_fp': '3.00', 'last_update_time': '2026-06-11T12:43:56.776178Z', 'maker_fees_dollars': '0.000000', 'maker_fill_cost_dollars': '0.000000', 'no_price_dollars': '0.0800', 'order_id': 'd7421ff2-9adb-4e5b-90aa-7a557f92cc07', 'outcome_side': 'yes', 'remaining_count_fp': '3.00', 'side': 'yes', 'status': 'resting', 'subaccount_number': 0, 'taker_fees_dollars': '0.000000', 'taker_fill_cost_dollars': '0.000000', 'ticker': 'KXTRUFTSA-26JUN11-T2360000', 'type': 'limit', 'user_id': '6db6972a-11ba-4203-a80d-b435f9c20a3f', 'yes_price_dollars': '0.9200'}}",yes,1.0,0.93,,
passive_limit,0.2,KXTRUFTSA-26JUN11-T2360000,0.9195402298850575,0.99,10,8,2,False,"{'order': {'action': 'buy', 'book_side': 'bid', 'client_order_id': '660e3921-36e7-484e-b770-370cf4d21107', 'created_time': '2026-06-11T12:43:56.999089Z', 'expiration_time': '2026-06-11T23:59:00Z', 'fill_count_fp': '0.00', 'initial_count_fp': '2.00', 'last_update_time': '2026-06-11T12:43:56.999089Z', 'maker_fees_dollars': '0.000000', 'maker_fill_cost_dollars': '0.000000', 'no_price_dollars': '0.0800', 'order_id': 'f5999ecd-d68c-4c1f-86ee-06ab27f1c0a0', 'outcome_side': 'yes', 'remaining_count_fp': '2.00', 'side': 'yes', 'status': 'resting', 'subaccount_number': 0, 'taker_fees_dollars': '0.000000', 'taker_fill_cost_dollars': '0.000000', 'ticker': 'KXTRUFTSA-26JUN11-T2360000', 'type': 'limit', 'user_id': '6db6972a-11ba-4203-a80d-b435f9c20a3f', 'yes_price_dollars': '0.9200'}}",yes,1.0,0.93,,
passive_limit,0.25,KXTRUFTSA-26JUN11-T2360000,0.9146341463414633,0.99,13,10,3,False,"{'order': {'action': 'buy', 'book_side': 'bid', 'client_order_id': '97d62352-6acd-4b1b-bd95-e070556501f9', 'created_time': '2026-06-11T12:43:57.23969Z', 'expiration_time': '2026-06-11T23:59:00Z', 'fill_count_fp': '0.00', 'initial_count_fp': '3.00', 'last_update_time': '2026-06-11T12:43:57.23969Z', 'maker_fees_dollars': '0.000000', 'maker_fill_cost_dollars': '0.000000', 'no_price_dollars': '0.0900', 'order_id': '6e450f35-aeff-44ac-b77d-f482b664a582', 'outcome_side': 'yes', 'remaining_count_fp': '3.00', 'side': 'yes', 'status': 'resting', 'subaccount_number': 0, 'taker_fees_dollars': '0.000000', 'taker_fill_cost_dollars': '0.000000', 'ticker': 'KXTRUFTSA-26JUN11-T2360000', 'type': 'limit', 'user_id': '6db6972a-11ba-4203-a80d-b435f9c20a3f', 'yes_price_dollars': '0.9100'}}",yes,1.0,0.93,,
passive_limit,0.3,KXTRUFTSA-26JUN11-T2360000,0.9090909090909091,0.99,16,13,3,False,"{'order': {'action': 'buy', 'book_side': 'bid', 'client_order_id': 'f1fe61a8-ced3-4d34-ba23-0d9cdc2317ea', 'created_time': '2026-06-11T12:43:57.54433Z', 'expiration_time': '2026-06-11T23:59:00Z', 'fill_count_fp': '0.00', 'initial_count_fp': '3.00', 'last_update_time': '2026-06-11T12:43:57.54433Z', 'maker_fees_dollars': '0.000000', 'maker_fill_cost_dollars': '0.000000', 'no_price_dollars': '0.0900', 'order_id': '3af2bf77-2712-4a62-aba5-a8e54b95f8f9', 'outcome_side': 'yes', 'remaining_count_fp': '3.00', 'side': 'yes', 'status': 'resting', 'subaccount_number': 0, 'taker_fees_dollars': '0.000000', 'taker_fill_cost_dollars': '0.000000', 'ticker': 'KXTRUFTSA-26JUN11-T2360000', 'type': 'limit', 'user_id': '6db6972a-11ba-4203-a80d-b435f9c20a3f', 'yes_price_dollars': '0.9100'}}",yes,1.0,0.93,,
passive_limit,0.35,KXTRUFTSA-26JUN11-T2360000,0.9027777777777777,0.99,19,16,3,False,"{'order': {'action': 'buy', 'book_side': 'bid', 'client_order_id': '6b07dd5e-ddd2-4e7d-8c20-27c4a923180d', 'created_time': '2026-06-11T12:43:57.823558Z', 'expiration_time': '2026-06-11T23:59:00Z', 'fill_count_fp': '0.00', 'initial_count_fp': '3.00', 'last_update_time': '2026-06-11T12:43:57.823558Z', 'maker_fees_dollars': '0.000000', 'maker_fill_cost_dollars': '0.000000', 'no_price_dollars': '0.1000', 'order_id': 'fdb73b56-fc48-4340-b6a3-caede6b370ea', 'outcome_side': 'yes', 'remaining_count_fp': '3.00', 'side': 'yes', 'status': 'resting', 'subaccount_number': 0, 'taker_fees_dollars': '0.000000', 'taker_fill_cost_dollars': '0.000000', 'ticker': 'KXTRUFTSA-26JUN11-T2360000', 'type': 'limit', 'user_id': '6db6972a-11ba-4203-a80d-b435f9c20a3f', 'yes_price_dollars': '0.9000'}}",yes,1.0,0.93,,
passive_limit,0.4,KXTRUFTSA-26JUN11-T2360000,0.8955223880597014,0.99,22,19,3,False,"{'order': {'action': 'buy', 'book_side': 'bid', 'client_order_id': '7934a7f2-50bb-4181-b15f-e1400240b095', 'created_time': '2026-06-11T12:43:58.043628Z', 'expiration_time': '2026-06-11T23:59:00Z', 'fill_count_fp': '0.00', 'initial_count_fp': '3.00', 'last_update_time': '2026-06-11T12:43:58.043628Z', 'maker_fees_dollars': '0.000000', 'maker_fill_cost_dollars': '0.000000', 'no_price_dollars': '0.1000', 'order_id': 'dfbf4439-39e4-427b-a4a2-60cdd5de6bb9', 'outcome_side': 'yes', 'remaining_count_fp': '3.00', 'side': 'yes', 'status': 'resting', 'subaccount_number': 0, 'taker_fees_dollars': '0.000000', 'taker_fill_cost_dollars': '0.000000', 'ticker': 'KXTRUFTSA-26JUN11-T2360000', 'type': 'limit', 'user_id': '6db6972a-11ba-4203-a80d-b435f9c20a3f', 'yes_price_dollars': '0.9000'}}",yes,1.0,0.93,,
passive_limit,0.1,KXTRUFTSA-26JUN11-T2460000,0.9278350515463917,0.99,5,0,5,False,"{'order': {'action': 'buy', 'book_side': 'bid', 'client_order_id': 'fe26e450-7d75-4ec0-a677-6f562e52fe5f', 'created_time': '2026-06-11T12:43:59.654482Z', 'expiration_time': '2026-06-11T23:59:00Z', 'fill_count_fp': '0.00', 'initial_count_fp': '5.00', 'last_update_time': '2026-06-11T12:43:59.654482Z', 'maker_fees_dollars': '0.000000', 'maker_fill_cost_dollars': '0.000000', 'no_price_dollars': '0.0700', 'order_id': '58d443f0-f7e6-4cb5-99d3-cbe23e08a262', 'outcome_side': 'yes', 'remaining_count_fp': '5.00', 'side': 'yes', 'status': 'resting', 'subaccount_number': 0, 'taker_fees_dollars': '0.000000', 'taker_fill_cost_dollars': '0.000000', 'ticker': 'KXTRUFTSA-26JUN11-T2460000', 'type': 'limit', 'user_id': '6db6972a-11ba-4203-a80d-b435f9c20a3f', 'yes_price_dollars': '0.9300'}}",yes,1.0,0.925,,
passive_limit,0.15,KXTRUFTSA-26JUN11-T2460000,0.9239130434782608,0.99,8,5,3,False,"{'order': {'action': 'buy', 'book_side': 'bid', 'client_order_id': '69fd89db-b7d9-419d-a0ac-e1bef20f04f5', 'created_time': '2026-06-11T12:43:59.875184Z', 'expiration_time': '2026-06-11T23:59:00Z', 'fill_count_fp': '0.00', 'initial_count_fp': '3.00', 'last_update_time': '2026-06-11T12:43:59.875184Z', 'maker_fees_dollars': '0.000000', 'maker_fill_cost_dollars': '0.000000', 'no_price_dollars': '0.0800', 'order_id': '93845f92-8a61-48d4-b05b-ad749cb87b6a', 'outcome_side': 'yes', 'remaining_count_fp': '3.00', 'side': 'yes', 'status': 'resting', 'subaccount_number': 0, 'taker_fees_dollars': '0.000000', 'taker_fill_cost_dollars': '0.000000', 'ticker': 'KXTRUFTSA-26JUN11-T2460000', 'type': 'limit', 'user_id': '6db6972a-11ba-4203-a80d-b435f9c20a3f', 'yes_price_dollars': '0.9200'}}",yes,1.0,0.925,,
passive_limit,0.2,KXTRUFTSA-26JUN11-T2460000,0.9195402298850575,0.99,10,8,2,False,"{'order': {'action': 'buy', 'book_side': 'bid', 'client_order_id': 'ef5edad7-b3cb-412a-a49d-9c0044d1b03b', 'created_time': '2026-06-11T12:44:00.060152Z', 'expiration_time': '2026-06-11T23:59:00Z', 'fill_count_fp': '0.00', 'initial_count_fp': '2.00', 'last_update_time': '2026-06-11T12:44:00.060152Z', 'maker_fees_dollars': '0.000000', 'maker_fill_cost_dollars': '0.000000', 'no_price_dollars': '0.0800', 'order_id': '1251caea-5211-4753-9721-4359d3b5069c', 'outcome_side': 'yes', 'remaining_count_fp': '2.00', 'side': 'yes', 'status': 'resting', 'subaccount_number': 0, 'taker_fees_dollars': '0.000000', 'taker_fill_cost_dollars': '0.000000', 'ticker': 'KXTRUFTSA-26JUN11-T2460000', 'type': 'limit', 'user_id': '6db6972a-11ba-4203-a80d-b435f9c20a3f', 'yes_price_dollars': '0.9200'}}",yes,1.0,0.925,,
passive_limit,0.25,KXTRUFTSA-26JUN11-T2460000,0.9146341463414633,0.99,13,10,3,False,"{'order': {'action': 'buy', 'book_side': 'bid', 'client_order_id': '1128666b-5831-40af-bfb0-c6e92f2e517d', 'created_time': '2026-06-11T12:44:00.333916Z', 'expiration_time': '2026-06-11T23:59:00Z', 'fill_count_fp': '0.00', 'initial_count_fp': '3.00', 'last_update_time': '2026-06-11T12:44:00.333916Z', 'maker_fees_dollars': '0.000000', 'maker_fill_cost_dollars': '0.000000', 'no_price_dollars': '0.0900', 'order_id': 'a0e2a343-49d2-46ed-b4a9-c83031f204c5', 'outcome_side': 'yes', 'remaining_count_fp': '3.00', 'side': 'yes', 'status': 'resting', 'subaccount_number': 0, 'taker_fees_dollars': '0.000000', 'taker_fill_cost_dollars': '0.000000', 'ticker': 'KXTRUFTSA-26JUN11-T2460000', 'type': 'limit', 'user_id': '6db6972a-11ba-4203-a80d-b435f9c20a3f', 'yes_price_dollars': '0.9100'}}",yes,1.0,0.925,,
passive_limit,0.3,KXTRUFTSA-26JUN11-T2460000,0.9090909090909091,0.99,16,13,3,False,"{'order': {'action': 'buy', 'book_side': 'bid', 'client_order_id': '5a7da0e1-7779-46c7-8fee-22de24d08693', 'created_time': '2026-06-11T12:44:00.536083Z', 'expiration_time': '2026-06-11T23:59:00Z', 'fill_count_fp': '0.00', 'initial_count_fp': '3.00', 'last_update_time': '2026-06-11T12:44:00.536083Z', 'maker_fees_dollars': '0.000000', 'maker_fill_cost_dollars': '0.000000', 'no_price_dollars': '0.0900', 'order_id': '03178b9d-6a50-4bf5-909b-2cc92580e3e4', 'outcome_side': 'yes', 'remaining_count_fp': '3.00', 'side': 'yes', 'status': 'resting', 'subaccount_number': 0, 'taker_fees_dollars': '0.000000', 'taker_fill_cost_dollars': '0.000000', 'ticker': 'KXTRUFTSA-26JUN11-T2460000', 'type': 'limit', 'user_id': '6db6972a-11ba-4203-a80d-b435f9c20a3f', 'yes_price_dollars': '0.9100'}}",yes,1.0,0.925,,
passive_limit,0.35,KXTRUFTSA-26JUN11-T2460000,0.9027777777777777,0.99,19,16,3,False,"{'order': {'action': 'buy', 'book_side': 'bid', 'client_order_id': 'f9ef71ba-b94a-42f4-9294-85068dca90ff', 'created_time': '2026-06-11T12:44:00.744892Z', 'expiration_time': '2026-06-11T23:59:00Z', 'fill_count_fp': '0.00', 'initial_count_fp': '3.00', 'last_update_time': '2026-06-11T12:44:00.744892Z', 'maker_fees_dollars': '0.000000', 'maker_fill_cost_dollars': '0.000000', 'no_price_dollars': '0.1000', 'order_id': 'ef41ad76-93a5-485e-838c-e88a156435a1', 'outcome_side': 'yes', 'remaining_count_fp': '3.00', 'side': 'yes', 'status': 'resting', 'subaccount_number': 0, 'taker_fees_dollars': '0.000000', 'taker_fill_cost_dollars': '0.000000', 'ticker': 'KXTRUFTSA-26JUN11-T2460000', 'type': 'limit', 'user_id': '6db6972a-11ba-4203-a80d-b435f9c20a3f', 'yes_price_dollars': '0.9000'}}",yes,1.0,0.925,,
passive_limit,0.4,KXTRUFTSA-26JUN11-T2460000,0.8955223880597014,0.99,22,19,3,False,"{'order': {'action': 'buy', 'book_side': 'bid', 'client_order_id': 'fb87dd51-7cbe-4ad5-b04e-9e3949f2ec08', 'created_time': '2026-06-11T12:44:00.959999Z', 'expiration_time': '2026-06-11T23:59:00Z', 'fill_count_fp': '0.00', 'initial_count_fp': '3.00', 'last_update_time': '2026-06-11T12:44:00.959999Z', 'maker_fees_dollars': '0.000000', 'maker_fill_cost_dollars': '0.000000', 'no_price_dollars': '0.1000', 'order_id': 'fb5145ec-e0e8-4250-b60f-201df17899fe', 'outcome_side': 'yes', 'remaining_count_fp': '3.00', 'side': 'yes', 'status': 'resting', 'subaccount_number': 0, 'taker_fees_dollars': '0.000000', 'taker_fill_cost_dollars': '0.000000', 'ticker': 'KXTRUFTSA-26JUN11-T2460000', 'type': 'limit', 'user_id': '6db6972a-11ba-4203-a80d-b435f9c20a3f', 'yes_price_dollars': '0.9000'}}",yes,1.0,0.925,,
passive_limit,0.1,KXTRUFTSA-26JUN11-T2560000,0.9278350515463881,0.99,5,0,5,False,"{'order': {'action': 'buy', 'book_side': 'bid', 'client_order_id': '686c325c-2841-4472-8c3a-302f33aff44b', 'created_time': '2026-06-11T12:44:02.539852Z', 'expiration_time': '2026-06-11T23:59:00Z', 'fill_count_fp': '0.00', 'initial_count_fp': '5.00', 'last_update_time': '2026-06-11T12:44:02.539852Z', 'maker_fees_dollars': '0.000000', 'maker_fill_cost_dollars': '0.000000', 'no_price_dollars': '0.0700', 'order_id': 'b43414fa-817f-47e9-bc6b-cb47475718e0', 'outcome_side': 'yes', 'remaining_count_fp': '5.00', 'side': 'yes', 'status': 'resting', 'subaccount_number': 0, 'taker_fees_dollars': '0.000000', 'taker_fill_cost_dollars': '0.000000', 'ticker': 'KXTRUFTSA-26JUN11-T2560000', 'type': 'limit', 'user_id': '6db6972a-11ba-4203-a80d-b435f9c20a3f', 'yes_price_dollars': '0.9300'}}",yes,0.9999999999999966,0.935,,
passive_limit,0.15,KXTRUFTSA-26JUN11-T2560000,0.9239130434782571,0.99,8,5,3,False,"{'order': {'action': 'buy', 'book_side': 'bid', 'client_order_id': 'fd711277-a37d-4a3c-9139-0246abdb0c35', 'created_time': '2026-06-11T12:44:02.741089Z', 'expiration_time': '2026-06-11T23:59:00Z', 'fill_count_fp': '0.00', 'initial_count_fp': '3.00', 'last_update_time': '2026-06-11T12:44:02.741089Z', 'maker_fees_dollars': '0.000000', 'maker_fill_cost_dollars': '0.000000', 'no_price_dollars': '0.0800', 'order_id': '50520185-178f-40fa-b7a3-5548bc5bcd4c', 'outcome_side': 'yes', 'remaining_count_fp': '3.00', 'side': 'yes', 'status': 'resting', 'subaccount_number': 0, 'taker_fees_dollars': '0.000000', 'taker_fill_cost_dollars': '0.000000', 'ticker': 'KXTRUFTSA-26JUN11-T2560000', 'type': 'limit', 'user_id': '6db6972a-11ba-4203-a80d-b435f9c20a3f', 'yes_price_dollars': '0.9200'}}",yes,0.9999999999999966,0.935,,
passive_limit,0.2,KXTRUFTSA-26JUN11-T2560000,0.9195402298850534,0.99,10,8,2,False,"{'order': {'action': 'buy', 'book_side': 'bid', 'client_order_id': '323de98f-fafc-4594-94a7-4ead472843cd', 'created_time': '2026-06-11T12:44:02.936708Z', 'expiration_time': '2026-06-11T23:59:00Z', 'fill_count_fp': '0.00', 'initial_count_fp': '2.00', 'last_update_time': '2026-06-11T12:44:02.936708Z', 'maker_fees_dollars': '0.000000', 'maker_fill_cost_dollars': '0.000000', 'no_price_dollars': '0.0800', 'order_id': '62d520a6-1c4b-4ef3-a058-7ae38070b568', 'outcome_side': 'yes', 'remaining_count_fp': '2.00', 'side': 'yes', 'status': 'resting', 'subaccount_number': 0, 'taker_fees_dollars': '0.000000', 'taker_fill_cost_dollars': '0.000000', 'ticker': 'KXTRUFTSA-26JUN11-T2560000', 'type': 'limit', 'user_id': '6db6972a-11ba-4203-a80d-b435f9c20a3f', 'yes_price_dollars': '0.9200'}}",yes,0.9999999999999966,0.935,,
passive_limit,0.25,KXTRUFTSA-26JUN11-T2560000,0.9146341463414591,0.99,13,10,3,False,"{'order': {'action': 'buy', 'book_side': 'bid', 'client_order_id': 'a55c8998-3d01-4e63-9d84-f728bb8de42b', 'created_time': '2026-06-11T12:44:03.164594Z', 'expiration_time': '2026-06-11T23:59:00Z', 'fill_count_fp': '0.00', 'initial_count_fp': '3.00', 'last_update_time': '2026-06-11T12:44:03.164594Z', 'maker_fees_dollars': '0.000000', 'maker_fill_cost_dollars': '0.000000', 'no_price_dollars': '0.0900', 'order_id': '99be1f7e-7037-4b2e-b7f9-33f2dc2ba4d8', 'outcome_side': 'yes', 'remaining_count_fp': '3.00', 'side': 'yes', 'status': 'resting', 'subaccount_number': 0, 'taker_fees_dollars': '0.000000', 'taker_fill_cost_dollars': '0.000000', 'ticker': 'KXTRUFTSA-26JUN11-T2560000', 'type': 'limit', 'user_id': '6db6972a-11ba-4203-a80d-b435f9c20a3f', 'yes_price_dollars': '0.9100'}}",yes,0.9999999999999966,0.935,,
passive_limit,0.3,KXTRUFTSA-26JUN11-T2560000,0.9090909090909047,0.99,16,13,3,False,"{'order': {'action': 'buy', 'book_side': 'bid', 'client_order_id': 'e4e6efb0-cdab-44bf-bbc7-69289a9b586a', 'created_time': '2026-06-11T12:44:03.381624Z', 'expiration_time': '2026-06-11T23:59:00Z', 'fill_count_fp': '0.00', 'initial_count_fp': '3.00', 'last_update_time': '2026-06-11T12:44:03.381624Z', 'maker_fees_dollars': '0.000000', 'maker_fill_cost_dollars': '0.000000', 'no_price_dollars': '0.0900', 'order_id': '2fc2bf7b-8957-4c7c-b0ce-5a269b8b9e92', 'outcome_side': 'yes', 'remaining_count_fp': '3.00', 'side': 'yes', 'status': 'resting', 'subaccount_number': 0, 'taker_fees_dollars': '0.000000', 'taker_fill_cost_dollars': '0.000000', 'ticker': 'KXTRUFTSA-26JUN11-T2560000', 'type': 'limit', 'user_id': '6db6972a-11ba-4203-a80d-b435f9c20a3f', 'yes_price_dollars': '0.9100'}}",yes,0.9999999999999966,0.935,,
passive_limit,0.35,KXTRUFTSA-26JUN11-T2560000,0.9027777777777729,0.99,19,16,3,False,"{'order': {'action': 'buy', 'book_side': 'bid', 'client_order_id': '5168884b-32c4-4be8-b810-99e03ca47c4d', 'created_time': '2026-06-11T12:44:03.559469Z', 'expiration_time': '2026-06-11T23:59:00Z', 'fill_count_fp': '0.00', 'initial_count_fp': '3.00', 'last_update_time': '2026-06-11T12:44:03.559469Z', 'maker_fees_dollars': '0.000000', 'maker_fill_cost_dollars': '0.000000', 'no_price_dollars': '0.1000', 'order_id': '6c8b3c03-865f-4ca1-93ab-fecb70b47c84', 'outcome_side': 'yes', 'remaining_count_fp': '3.00', 'side': 'yes', 'status': 'resting', 'subaccount_number': 0, 'taker_fees_dollars': '0.000000', 'taker_fill_cost_dollars': '0.000000', 'ticker': 'KXTRUFTSA-26JUN11-T2560000', 'type': 'limit', 'user_id': '6db6972a-11ba-4203-a80d-b435f9c20a3f', 'yes_price_dollars': '0.9000'}}",yes,0.9999999999999966,0.935,,
passive_limit,0.4,KXTRUFTSA-26JUN11-T2560000,0.8955223880596963,0.99,22,19,3,False,"{'order': {'action': 'buy', 'book_side': 'bid', 'client_order_id': '23e7a9cb-eb1c-4798-af4d-02cd4e11e6bc', 'created_time': '2026-06-11T12:44:03.762153Z', 'expiration_time': '2026-06-11T23:59:00Z', 'fill_count_fp': '0.00', 'initial_count_fp': '3.00', 'last_update_time': '2026-06-11T12:44:03.762153Z', 'maker_fees_dollars': '0.000000', 'maker_fill_cost_dollars': '0.000000', 'no_price_dollars': '0.1000', 'order_id': '7c77345d-3fb8-4dbf-8c8a-1581ec77b8dd', 'outcome_side': 'yes', 'remaining_count_fp': '3.00', 'side': 'yes', 'status': 'resting', 'subaccount_number': 0, 'taker_fees_dollars': '0.000000', 'taker_fill_cost_dollars': '0.000000', 'ticker': 'KXTRUFTSA-26JUN11-T2560000', 'type': 'limit', 'user_id': '6db6972a-11ba-4203-a80d-b435f9c20a3f', 'yes_price_dollars': '0.9000'}}",yes,0.9999999999999966,0.935,,
passive_limit,0.1,KXTRUFTSA-26JUN11-T2660000,0.9278350140773426,0.98,5,0,5,False,"{'order': {'action': 'buy', 'book_side': 'bid', 'client_order_id': 'eaf6d116-1c16-4728-acd1-1a075606b290', 'created_time': '2026-06-11T12:44:05.401035Z', 'expiration_time': '2026-06-11T23:59:00Z', 'fill_count_fp': '0.00', 'initial_count_fp': '5.00', 'last_update_time': '2026-06-11T12:44:05.401035Z', 'maker_fees_dollars': '0.000000', 'maker_fill_cost_dollars': '0.000000', 'no_price_dollars': '0.0700', 'order_id': 'd2fada44-96ad-4d0c-8329-68fcef8c3c97', 'outcome_side': 'yes', 'remaining_count_fp': '5.00', 'side': 'yes', 'status': 'resting', 'subaccount_number': 0, 'taker_fees_dollars': '0.000000', 'taker_fill_cost_dollars': '0.000000', 'ticker': 'KXTRUFTSA-26JUN11-T2660000', 'type': 'limit', 'user_id': '6db6972a-11ba-4203-a80d-b435f9c20a3f', 'yes_price_dollars': '0.9300'}}",yes,0.9999999636550224,0.915,,
passive_limit,0.15,KXTRUFTSA-26JUN11-T2660000,0.9239130039728504,0.98,8,5,3,False,"{'order': {'action': 'buy', 'book_side': 'bid', 'client_order_id': '339c7f89-a9f2-46de-a89a-924fffe26f74', 'created_time': '2026-06-11T12:44:05.612841Z', 'expiration_time': '2026-06-11T23:59:00Z', 'fill_count_fp': '0.00', 'initial_count_fp': '3.00', 'last_update_time': '2026-06-11T12:44:05.612841Z', 'maker_fees_dollars': '0.000000', 'maker_fill_cost_dollars': '0.000000', 'no_price_dollars': '0.0800', 'order_id': '55464384-bb7c-4d29-8312-9844ceacbf60', 'outcome_side': 'yes', 'remaining_count_fp': '3.00', 'side': 'yes', 'status': 'resting', 'subaccount_number': 0, 'taker_fees_dollars': '0.000000', 'taker_fill_cost_dollars': '0.000000', 'ticker': 'KXTRUFTSA-26JUN11-T2660000', 'type': 'limit', 'user_id': '6db6972a-11ba-4203-a80d-b435f9c20a3f', 'yes_price_dollars': '0.9200'}}",yes,0.9999999636550224,0.915,,
passive_limit,0.2,KXTRUFTSA-26JUN11-T2660000,0.919540188109221,0.98,10,8,2,False,"{'order': {'action': 'buy', 'book_side': 'bid', 'client_order_id': '2d34a2c8-81e9-41f0-888d-c3c8b34b1b20', 'created_time': '2026-06-11T12:44:05.861612Z', 'expiration_time': '2026-06-11T23:59:00Z', 'fill_count_fp': '0.00', 'initial_count_fp': '2.00', 'last_update_time': '2026-06-11T12:44:05.861612Z', 'maker_fees_dollars': '0.000000', 'maker_fill_cost_dollars': '0.000000', 'no_price_dollars': '0.0800', 'order_id': '354258a4-2915-4fe3-84b4-90f092b078b7', 'outcome_side': 'yes', 'remaining_count_fp': '2.00', 'side': 'yes', 'status': 'resting', 'subaccount_number': 0, 'taker_fees_dollars': '0.000000', 'taker_fill_cost_dollars': '0.000000', 'ticker': 'KXTRUFTSA-26JUN11-T2660000', 'type': 'limit', 'user_id': '6db6972a-11ba-4203-a80d-b435f9c20a3f', 'yes_price_dollars': '0.9200'}}",yes,0.9999999636550224,0.915,,
passive_limit,0.25,KXTRUFTSA-26JUN11-T2660000,0.91463410201832,0.98,13,10,3,False,"{'order': {'action': 'buy', 'book_side': 'bid', 'client_order_id': 'c0dda161-a654-4b0e-8854-5af73392b801', 'created_time': '2026-06-11T12:44:06.116415Z', 'expiration_time': '2026-06-11T23:59:00Z', 'fill_count_fp': '0.00', 'initial_count_fp': '3.00', 'last_update_time': '2026-06-11T12:44:06.116415Z', 'maker_fees_dollars': '0.000000', 'maker_fill_cost_dollars': '0.000000', 'no_price_dollars': '0.0900', 'order_id': '46ad2d70-d343-448a-8248-e2809118a17f', 'outcome_side': 'yes', 'remaining_count_fp': '3.00', 'side': 'yes', 'status': 'resting', 'subaccount_number': 0, 'taker_fees_dollars': '0.000000', 'taker_fill_cost_dollars': '0.000000', 'ticker': 'KXTRUFTSA-26JUN11-T2660000', 'type': 'limit', 'user_id': '6db6972a-11ba-4203-a80d-b435f9c20a3f', 'yes_price_dollars': '0.9100'}}",yes,0.9999999636550224,0.915,,
passive_limit,0.3,KXTRUFTSA-26JUN11-T2660000,0.9090908618896396,0.98,16,13,3,False,"{'order': {'action': 'buy', 'book_side': 'bid', 'client_order_id': '7aec0638-2e43-45f5-9abf-8ce9777e598d', 'created_time': '2026-06-11T12:44:06.326176Z', 'expiration_time': '2026-06-11T23:59:00Z', 'fill_count_fp': '0.00', 'initial_count_fp': '3.00', 'last_update_time': '2026-06-11T12:44:06.326176Z', 'maker_fees_dollars': '0.000000', 'maker_fill_cost_dollars': '0.000000', 'no_price_dollars': '0.0900', 'order_id': '2d9da451-a431-40bb-9b8c-7c06cd774815', 'outcome_side': 'yes', 'remaining_count_fp': '3.00', 'side': 'yes', 'status': 'resting', 'subaccount_number': 0, 'taker_fees_dollars': '0.000000', 'taker_fill_cost_dollars': '0.000000', 'ticker': 'KXTRUFTSA-26JUN11-T2660000', 'type': 'limit', 'user_id': '6db6972a-11ba-4203-a80d-b435f9c20a3f', 'yes_price_dollars': '0.9100'}}",yes,0.9999999636550224,0.915,,
passive_limit,0.35,KXTRUFTSA-26JUN11-T2660000,0.9027777272986421,0.98,19,16,3,False,"{'order': {'action': 'buy', 'book_side': 'bid', 'client_order_id': '2ba6c50d-dcf3-4e2b-92e9-b4d710b039a9', 'created_time': '2026-06-11T12:44:06.540702Z', 'expiration_time': '2026-06-11T23:59:00Z', 'fill_count_fp': '0.00', 'initial_count_fp': '3.00', 'last_update_time': '2026-06-11T12:44:06.540702Z', 'maker_fees_dollars': '0.000000', 'maker_fill_cost_dollars': '0.000000', 'no_price_dollars': '0.1000', 'order_id': '2ce316db-516b-488c-a6fc-b9a6c31e7f9a', 'outcome_side': 'yes', 'remaining_count_fp': '3.00', 'side': 'yes', 'status': 'resting', 'subaccount_number': 0, 'taker_fees_dollars': '0.000000', 'taker_fill_cost_dollars': '0.000000', 'ticker': 'KXTRUFTSA-26JUN11-T2660000', 'type': 'limit', 'user_id': '6db6972a-11ba-4203-a80d-b435f9c20a3f', 'yes_price_dollars': '0.9000'}}",yes,0.9999999636550224,0.915,,
passive_limit,0.4,KXTRUFTSA-26JUN11-T2660000,0.8955223338134662,0.98,22,19,3,False,"{'order': {'action': 'buy', 'book_side': 'bid', 'client_order_id': '349244ee-68c7-4ae0-8509-f041d9f724e5', 'created_time': '2026-06-11T12:44:06.847217Z', 'expiration_time': '2026-06-11T23:59:00Z', 'fill_count_fp': '0.00', 'initial_count_fp': '3.00', 'last_update_time': '2026-06-11T12:44:06.847217Z', 'maker_fees_dollars': '0.000000', 'maker_fill_cost_dollars': '0.000000', 'no_price_dollars': '0.1000', 'order_id': '85e74f9e-78ae-4fc9-8b21-0b22ca336520', 'outcome_side': 'yes', 'remaining_count_fp': '3.00', 'side': 'yes', 'status': 'resting', 'subaccount_number': 0, 'taker_fees_dollars': '0.000000', 'taker_fill_cost_dollars': '0.000000', 'ticker': 'KXTRUFTSA-26JUN11-T2660000', 'type': 'limit', 'user_id': '6db6972a-11ba-4203-a80d-b435f9c20a3f', 'yes_price_dollars': '0.9000'}}",yes,0.9999999636550224,0.915,,
aggressive_buy,0.1,KXTRUFTSA-26JUN11-T2760000,0.91,,5,0,5,False,"{'order': {'action': 'buy', 'book_side': 'bid', 'client_order_id': '3b755b04-c575-48b3-92f4-740b63a3da03', 'created_time': '2026-06-11T12:44:08.713788Z', 'expiration_time': '2026-06-11T23:59:00Z', 'fill_count_fp': '5.00', 'initial_count_fp': '5.00', 'last_update_time': '2026-06-11T12:44:08.713788Z', 'maker_fees_dollars': '0.000000', 'maker_fill_cost_dollars': '0.000000', 'no_price_dollars': '0.0900', 'order_id': '35f56bb2-98bd-4330-9e76-8138ca0eb494', 'outcome_side': 'yes', 'remaining_count_fp': '0.00', 'side': 'yes', 'status': 'executed', 'subaccount_number': 0, 'taker_fees_dollars': '0.028700', 'taker_fill_cost_dollars': '4.550000', 'ticker': 'KXTRUFTSA-26JUN11-T2760000', 'type': 'limit', 'user_id': '6db6972a-11ba-4203-a80d-b435f9c20a3f', 'yes_price_dollars': '0.9100'}}",yes,0.9985659296524828,0.905,0.9263566285077142,50.0
aggressive_buy,0.15,KXTRUFTSA-26JUN11-T2760000,0.91,,8,5,3,False,"{'order': {'action': 'buy', 'book_side': 'bid', 'client_order_id': '12341cb6-8c7a-4350-9735-abe5d6f3b479', 'created_time': '2026-06-11T12:44:08.933208Z', 'expiration_time': '2026-06-11T23:59:00Z', 'fill_count_fp': '3.00', 'initial_count_fp': '3.00', 'last_update_time': '2026-06-11T12:44:08.933208Z', 'maker_fees_dollars': '0.000000', 'maker_fill_cost_dollars': '0.000000', 'no_price_dollars': '0.0900', 'order_id': 'c80acf0e-6258-48be-a937-c59ca09ffad9', 'outcome_side': 'yes', 'remaining_count_fp': '0.00', 'side': 'yes', 'status': 'executed', 'subaccount_number': 0, 'taker_fees_dollars': '0.017200', 'taker_fill_cost_dollars': '2.730000', 'ticker': 'KXTRUFTSA-26JUN11-T2760000', 'type': 'limit', 'user_id': '6db6972a-11ba-4203-a80d-b435f9c20a3f', 'yes_price_dollars': '0.9100'}}",yes,0.9985659296524828,0.905,0.9223542713613943,45.0
aggressive_buy,0.2,KXTRUFTSA-26JUN11-T2760000,0.91,,10,8,2,False,"{'order': {'action': 'buy', 'book_side': 'bid', 'client_order_id': 'bc7581e6-3b92-4c3a-8f99-6a4f41f7afd0', 'created_time': '2026-06-11T12:44:09.202657Z', 'expiration_time': '2026-06-11T23:59:00Z', 'fill_count_fp': '2.00', 'initial_count_fp': '2.00', 'last_update_time': '2026-06-11T12:44:09.202657Z', 'maker_fees_dollars': '0.000000', 'maker_fill_cost_dollars': '0.000000', 'no_price_dollars': '0.0900', 'order_id': '53a78d90-fb69-4004-a015-e00519342430', 'outcome_side': 'yes', 'remaining_count_fp': '0.00', 'side': 'yes', 'status': 'executed', 'subaccount_number': 0, 'taker_fees_dollars': '0.011500', 'taker_fill_cost_dollars': '1.820000', 'ticker': 'KXTRUFTSA-26JUN11-T2760000', 'type': 'limit', 'user_id': '6db6972a-11ba-4203-a80d-b435f9c20a3f', 'yes_price_dollars': '0.9100'}}",yes,0.9985659296524828,0.905,0.9178918731637732,42.0
aggressive_buy,0.25,KXTRUFTSA-26JUN11-T2760000,0.91,,13,10,3,False,"{'order': {'action': 'buy', 'book_side': 'bid', 'client_order_id': 'b094c8a0-acc1-4136-a636-e19aa24704cd', 'created_time': '2026-06-11T12:44:09.439839Z', 'expiration_time': '2026-06-11T23:59:00Z', 'fill_count_fp': '3.00', 'initial_count_fp': '3.00', 'last_update_time': '2026-06-11T12:44:09.439839Z', 'maker_fees_dollars': '0.000000', 'maker_fill_cost_dollars': '0.000000', 'no_price_dollars': '0.0900', 'order_id': '5f165352-4e24-4ce3-a5a6-05e53fc054b9', 'outcome_side': 'yes', 'remaining_count_fp': '0.00', 'side': 'yes', 'status': 'executed', 'subaccount_number': 0, 'taker_fees_dollars': '0.017200', 'taker_fill_cost_dollars': '2.730000', 'ticker': 'KXTRUFTSA-26JUN11-T2760000', 'type': 'limit', 'user_id': '6db6972a-11ba-4203-a80d-b435f9c20a3f', 'yes_price_dollars': '0.9100'}}",yes,0.9985659296524828,0.905,0.9128852800640034,40.0
passive_limit,0.3,KXTRUFTSA-26JUN11-T2760000,0.9072284800681596,0.91,16,13,3,False,"{'order': {'action': 'buy', 'book_side': 'bid', 'client_order_id': '33cb2b12-3fdf-462d-9a86-71587b28a30b', 'created_time': '2026-06-11T12:44:09.96892Z', 'expiration_time': '2026-06-11T23:59:00Z', 'fill_count_fp': '0.00', 'initial_count_fp': '3.00', 'last_update_time': '2026-06-11T12:44:09.96892Z', 'maker_fees_dollars': '0.000000', 'maker_fill_cost_dollars': '0.000000', 'no_price_dollars': '0.0900', 'order_id': 'c70c8d4c-f56f-4e02-bea1-9433f6f1dc00', 'outcome_side': 'yes', 'remaining_count_fp': '3.00', 'side': 'yes', 'status': 'resting', 'subaccount_number': 0, 'taker_fees_dollars': '0.000000', 'taker_fill_cost_dollars': '0.000000', 'ticker': 'KXTRUFTSA-26JUN11-T2760000', 'type': 'limit', 'user_id': '6db6972a-11ba-4203-a80d-b435f9c20a3f', 'yes_price_dollars': '0.9100'}}",yes,0.9985659296524828,0.905,,
passive_limit,0.35,KXTRUFTSA-26JUN11-T2760000,0.900786013406226,0.91,19,16,3,False,"{'order': {'action': 'buy', 'book_side': 'bid', 'client_order_id': '52ab5528-bddd-4c38-8e5a-3d624eef6be2', 'created_time': '2026-06-11T12:44:10.363006Z', 'expiration_time': '2026-06-11T23:59:00Z', 'fill_count_fp': '0.00', 'initial_count_fp': '3.00', 'last_update_time': '2026-06-11T12:44:10.363006Z', 'maker_fees_dollars': '0.000000', 'maker_fill_cost_dollars': '0.000000', 'no_price_dollars': '0.1000', 'order_id': 'c3bc00e9-4a93-4b73-bfd0-e14643b1c399', 'outcome_side': 'yes', 'remaining_count_fp': '3.00', 'side': 'yes', 'status': 'resting', 'subaccount_number': 0, 'taker_fees_dollars': '0.000000', 'taker_fill_cost_dollars': '0.000000', 'ticker': 'KXTRUFTSA-26JUN11-T2760000', 'type': 'limit', 'user_id': '6db6972a-11ba-4203-a80d-b435f9c20a3f', 'yes_price_dollars': '0.9000'}}",yes,0.9985659296524828,0.905,,
passive_limit,0.4,KXTRUFTSA-26JUN11-T2760000,0.8933819845559444,0.91,22,19,3,False,"{'order': {'action': 'buy', 'book_side': 'bid', 'client_order_id': 'd84f3148-da8f-4523-baf6-9621e2da154a', 'created_time': '2026-06-11T12:44:10.792302Z', 'expiration_time': '2026-06-11T23:59:00Z', 'fill_count_fp': '0.00', 'initial_count_fp': '3.00', 'last_update_time': '2026-06-11T12:44:10.792302Z', 'maker_fees_dollars': '0.000000', 'maker_fill_cost_dollars': '0.000000', 'no_price_dollars': '0.1100', 'order_id': '5a56cf26-798b-439d-8bc9-b72380eeb21c', 'outcome_side': 'yes', 'remaining_count_fp': '3.00', 'side': 'yes', 'status': 'resting', 'subaccount_number': 0, 'taker_fees_dollars': '0.000000', 'taker_fill_cost_dollars': '0.000000', 'ticker': 'KXTRUFTSA-26JUN11-T2760000', 'type': 'limit', 'user_id': '6db6972a-11ba-4203-a80d-b435f9c20a3f', 'yes_price_dollars': '0.8900'}}",yes,0.9985659296524828,0.905,,
passive_limit,0.1,KXTRUFTSA-26JUN11-T2860000,0.6377235889122391,0.79,7,0,7,False,"{'order': {'action': 'buy', 'book_side': 'bid', 'client_order_id': '005fe0cf-8b63-44d6-bb93-86f3b6edb90d', 'created_time': '2026-06-11T12:44:13.295744Z', 'expiration_time': '2026-06-11T23:59:00Z', 'fill_count_fp': '0.00', 'initial_count_fp': '7.00', 'last_update_time': '2026-06-11T12:44:13.295744Z', 'maker_fees_dollars': '0.000000', 'maker_fill_cost_dollars': '0.000000', 'no_price_dollars': '0.3600', 'order_id': 'b5179f86-408c-45de-a034-4d4f315749ef', 'outcome_side': 'yes', 'remaining_count_fp': '7.00', 'side': 'yes', 'status': 'resting', 'subaccount_number': 0, 'taker_fees_dollars': '0.000000', 'taker_fill_cost_dollars': '0.000000', 'ticker': 'KXTRUFTSA-26JUN11-T2860000', 'type': 'limit', 'user_id': '6db6972a-11ba-4203-a80d-b435f9c20a3f', 'yes_price_dollars': '0.6400'}}",yes,0.7185918812448719,0.745,,
passive_limit,0.15,KXTRUFTSA-26JUN11-T2860000,0.6180346535270347,0.79,11,7,4,False,"{'order': {'action': 'buy', 'book_side': 'bid', 'client_order_id': '8f637115-7c75-406b-a9b8-651cd6a84f5b', 'created_time': '2026-06-11T12:44:13.540485Z', 'expiration_time': '2026-06-11T23:59:00Z', 'fill_count_fp': '0.00', 'initial_count_fp': '4.00', 'last_update_time': '2026-06-11T12:44:13.540485Z', 'maker_fees_dollars': '0.000000', 'maker_fill_cost_dollars': '0.000000', 'no_price_dollars': '0.3800', 'order_id': '3fb2cb1c-5ed1-4873-b955-4a3ec30a6b81', 'outcome_side': 'yes', 'remaining_count_fp': '4.00', 'side': 'yes', 'status': 'resting', 'subaccount_number': 0, 'taker_fees_dollars': '0.000000', 'taker_fill_cost_dollars': '0.000000', 'ticker': 'KXTRUFTSA-26JUN11-T2860000', 'type': 'limit', 'user_id': '6db6972a-11ba-4203-a80d-b435f9c20a3f', 'yes_price_dollars': '0.6200'}}",yes,0.7185918812448719,0.745,,
passive_limit,0.2,KXTRUFTSA-26JUN11-T2860000,0.5960826221205424,0.79,16,11,5,False,"{'order': {'action': 'buy', 'book_side': 'bid', 'client_order_id': '3830a94a-b9bf-41b5-bd9b-ea4f8069c7ba', 'created_time': '2026-06-11T12:44:13.758158Z', 'expiration_time': '2026-06-11T23:59:00Z', 'fill_count_fp': '0.00', 'initial_count_fp': '5.00', 'last_update_time': '2026-06-11T12:44:13.758158Z', 'maker_fees_dollars': '0.000000', 'maker_fill_cost_dollars': '0.000000', 'no_price_dollars': '0.4000', 'order_id': 'ded66832-ce7b-48dd-9639-4ff7a211b5f9', 'outcome_side': 'yes', 'remaining_count_fp': '5.00', 'side': 'yes', 'status': 'resting', 'subaccount_number': 0, 'taker_fees_dollars': '0.000000', 'taker_fill_cost_dollars': '0.000000', 'ticker': 'KXTRUFTSA-26JUN11-T2860000', 'type': 'limit', 'user_id': '6db6972a-11ba-4203-a80d-b435f9c20a3f', 'yes_price_dollars': '0.6000'}}",yes,0.7185918812448719,0.745,,
passive_limit,0.25,KXTRUFTSA-26JUN11-T2860000,0.5714535137132585,0.79,21,16,5,False,"{'order': {'action': 'buy', 'book_side': 'bid', 'client_order_id': '17b3e599-9ebd-4b5c-8ef2-db1730f7099e', 'created_time': '2026-06-11T12:44:13.986644Z', 'expiration_time': '2026-06-11T23:59:00Z', 'fill_count_fp': '0.00', 'initial_count_fp': '5.00', 'last_update_time': '2026-06-11T12:44:13.986644Z', 'maker_fees_dollars': '0.000000', 'maker_fill_cost_dollars': '0.000000', 'no_price_dollars': '0.4300', 'order_id': '0af8b8c7-2537-4583-8cec-6c4b47f8bcd3', 'outcome_side': 'yes', 'remaining_count_fp': '5.00', 'side': 'yes', 'status': 'resting', 'subaccount_number': 0, 'taker_fees_dollars': '0.000000', 'taker_fill_cost_dollars': '0.000000', 'ticker': 'KXTRUFTSA-26JUN11-T2860000', 'type': 'limit', 'user_id': '6db6972a-11ba-4203-a80d-b435f9c20a3f', 'yes_price_dollars': '0.5700'}}",yes,0.7185918812448719,0.745,,
passive_limit,0.3,KXTRUFTSA-26JUN11-T2860000,0.543625819798535,0.79,26,21,5,False,"{'order': {'action': 'buy', 'book_side': 'bid', 'client_order_id': '5b5e5749-a0a7-487b-a4ad-3415ba7e3b83', 'created_time': '2026-06-11T12:44:14.171405Z', 'expiration_time': '2026-06-11T23:59:00Z', 'fill_count_fp': '0.00', 'initial_count_fp': '5.00', 'last_update_time': '2026-06-11T12:44:14.171405Z', 'maker_fees_dollars': '0.000000', 'maker_fill_cost_dollars': '0.000000', 'no_price_dollars': '0.4600', 'order_id': 'a6680152-d9b5-4200-a5a9-0bf46a82c0f4', 'outcome_side': 'yes', 'remaining_count_fp': '5.00', 'side': 'yes', 'status': 'resting', 'subaccount_number': 0, 'taker_fees_dollars': '0.000000', 'taker_fill_cost_dollars': '0.000000', 'ticker': 'KXTRUFTSA-26JUN11-T2860000', 'type': 'limit', 'user_id': '6db6972a-11ba-4203-a80d-b435f9c20a3f', 'yes_price_dollars': '0.5400'}}",yes,0.7185918812448719,0.745,,
passive_limit,0.35,KXTRUFTSA-26JUN11-T2860000,0.5119331683956555,0.79,33,26,7,False,"{'order': {'action': 'buy', 'book_side': 'bid', 'client_order_id': '9ad17d68-97fb-4f2e-9319-bc2dc764a0c9', 'created_time': '2026-06-11T12:44:14.371514Z', 'expiration_time': '2026-06-11T23:59:00Z', 'fill_count_fp': '0.00', 'initial_count_fp': '7.00', 'last_update_time': '2026-06-11T12:44:14.371514Z', 'maker_fees_dollars': '0.000000', 'maker_fill_cost_dollars': '0.000000', 'no_price_dollars': '0.4900', 'order_id': 'bbed7464-5ae5-4b46-a080-d9cb76072742', 'outcome_side': 'yes', 'remaining_count_fp': '7.00', 'side': 'yes', 'status': 'resting', 'subaccount_number': 0, 'taker_fees_dollars': '0.000000', 'taker_fill_cost_dollars': '0.000000', 'ticker': 'KXTRUFTSA-26JUN11-T2860000', 'type': 'limit', 'user_id': '6db6972a-11ba-4203-a80d-b435f9c20a3f', 'yes_price_dollars': '0.5100'}}",yes,0.7185918812448719,0.745,,
passive_limit,0.4,KXTRUFTSA-26JUN11-T2860000,0.47551027051473416,0.79,40,33,7,False,"{'order': {'action': 'buy', 'book_side': 'bid', 'client_order_id': 'e761d3ad-0f9d-49f3-99ce-b8882874b5b6', 'created_time': '2026-06-11T12:44:14.595705Z', 'expiration_time': '2026-06-11T23:59:00Z', 'fill_count_fp': '0.00', 'initial_count_fp': '7.00', 'last_update_time': '2026-06-11T12:44:14.595705Z', 'maker_fees_dollars': '0.000000', 'maker_fill_cost_dollars': '0.000000', 'no_price_dollars': '0.5200', 'order_id': 'f1c275eb-bf96-46d1-b2ec-d8adaeba710e', 'outcome_side': 'yes', 'remaining_count_fp': '7.00', 'side': 'yes', 'status': 'resting', 'subaccount_number': 0, 'taker_fees_dollars': '0.000000', 'taker_fill_cost_dollars': '0.000000', 'ticker': 'KXTRUFTSA-26JUN11-T2860000', 'type': 'limit', 'user_id': '6db6972a-11ba-4203-a80d-b435f9c20a3f', 'yes_price_dollars': '0.4800'}}",yes,0.7185918812448719,0.745,,
passive_limit,0.15,KXTRUFTSA-26JUN11-T2960000,0.8868903607377336,,8,0,8,False,"{'order': {'action': 'buy', 'book_side': 'ask', 'client_order_id': '88ca990e-9350-447b-b1b8-683c60d0c604', 'created_time': '2026-06-11T12:44:16.237012Z', 'expiration_time': '2026-06-11T23:59:00Z', 'fill_count_fp': '0.00', 'initial_count_fp': '8.00', 'last_update_time': '2026-06-11T12:44:16.237012Z', 'maker_fees_dollars': '0.000000', 'maker_fill_cost_dollars': '0.000000', 'no_price_dollars': '0.8900', 'order_id': '8c8725d5-c101-48c5-abfc-047a5be3f085', 'outcome_side': 'no', 'remaining_count_fp': '8.00', 'side': 'no', 'status': 'resting', 'subaccount_number': 0, 'taker_fees_dollars': '0.000000', 'taker_fill_cost_dollars': '0.000000', 'ticker': 'KXTRUFTSA-26JUN11-T2960000', 'type': 'limit', 'user_id': '6db6972a-11ba-4203-a80d-b435f9c20a3f', 'yes_price_dollars': '0.1100'}}",no,0.965939131878715,0.9,,
passive_limit,0.2,KXTRUFTSA-26JUN11-T2960000,0.8803898067571435,,11,8,3,False,"{'order': {'action': 'buy', 'book_side': 'ask', 'client_order_id': '848dc64f-957c-428e-870a-91afe32727bf', 'created_time': '2026-06-11T12:44:16.447584Z', 'expiration_time': '2026-06-11T23:59:00Z', 'fill_count_fp': '0.00', 'initial_count_fp': '3.00', 'last_update_time': '2026-06-11T12:44:16.447584Z', 'maker_fees_dollars': '0.000000', 'maker_fill_cost_dollars': '0.000000', 'no_price_dollars': '0.8800', 'order_id': '6b9bc1ec-cdf3-421f-8589-8579b7511ebb', 'outcome_side': 'no', 'remaining_count_fp': '3.00', 'side': 'no', 'status': 'resting', 'subaccount_number': 0, 'taker_fees_dollars': '0.000000', 'taker_fill_cost_dollars': '0.000000', 'ticker': 'KXTRUFTSA-26JUN11-T2960000', 'type': 'limit', 'user_id': '6db6972a-11ba-4203-a80d-b435f9c20a3f', 'yes_price_dollars': '0.1200'}}",no,0.965939131878715,0.9,,
passive_limit,0.25,KXTRUFTSA-26JUN11-T2960000,0.8730965022911159,,14,11,3,False,"{'order': {'action': 'buy', 'book_side': 'ask', 'client_order_id': '09618bad-bbcb-42a9-a69c-13bb8e17b1fc', 'created_time': '2026-06-11T12:44:16.697917Z', 'expiration_time': '2026-06-11T23:59:00Z', 'fill_count_fp': '0.00', 'initial_count_fp': '3.00', 'last_update_time': '2026-06-11T12:44:16.697917Z', 'maker_fees_dollars': '0.000000', 'maker_fill_cost_dollars': '0.000000', 'no_price_dollars': '0.8700', 'order_id': 'a4707123-a426-41de-b549-9aba483abe83', 'outcome_side': 'no', 'remaining_count_fp': '3.00', 'side': 'no', 'status': 'resting', 'subaccount_number': 0, 'taker_fees_dollars': '0.000000', 'taker_fill_cost_dollars': '0.000000', 'ticker': 'KXTRUFTSA-26JUN11-T2960000', 'type': 'limit', 'user_id': '6db6972a-11ba-4203-a80d-b435f9c20a3f', 'yes_price_dollars': '0.1300'}}",no,0.965939131878715,0.9,,
passive_limit,0.3,KXTRUFTSA-26JUN11-T2960000,0.8648560154269027,,17,14,3,False,"{'order': {'action': 'buy', 'book_side': 'ask', 'client_order_id': 'e9e95914-6dab-4179-92ca-cca7b741af9b', 'created_time': '2026-06-11T12:44:16.91574Z', 'expiration_time': '2026-06-11T23:59:00Z', 'fill_count_fp': '0.00', 'initial_count_fp': '3.00', 'last_update_time': '2026-06-11T12:44:16.91574Z', 'maker_fees_dollars': '0.000000', 'maker_fill_cost_dollars': '0.000000', 'no_price_dollars': '0.8600', 'order_id': '97372b5d-183b-41c0-a12e-48a483c37dbd', 'outcome_side': 'no', 'remaining_count_fp': '3.00', 'side': 'no', 'status': 'resting', 'subaccount_number': 0, 'taker_fees_dollars': '0.000000', 'taker_fill_cost_dollars': '0.000000', 'ticker': 'KXTRUFTSA-26JUN11-T2960000', 'type': 'limit', 'user_id': '6db6972a-11ba-4203-a80d-b435f9c20a3f', 'yes_price_dollars': '0.1400'}}",no,0.965939131878715,0.9,,
passive_limit,0.35,KXTRUFTSA-26JUN11-T2960000,0.8554710164982153,,20,17,3,False,"{'order': {'action': 'buy', 'book_side': 'ask', 'client_order_id': 'a2a47bfd-4a66-423b-9c0f-a670a083407e', 'created_time': '2026-06-11T12:44:17.131486Z', 'expiration_time': '2026-06-11T23:59:00Z', 'fill_count_fp': '0.00', 'initial_count_fp': '3.00', 'last_update_time': '2026-06-11T12:44:17.131486Z', 'maker_fees_dollars': '0.000000', 'maker_fill_cost_dollars': '0.000000', 'no_price_dollars': '0.8600', 'order_id': '3056f7f1-868b-43a8-b25a-514130fc06d0', 'outcome_side': 'no', 'remaining_count_fp': '3.00', 'side': 'no', 'status': 'resting', 'subaccount_number': 0, 'taker_fees_dollars': '0.000000', 'taker_fill_cost_dollars': '0.000000', 'ticker': 'KXTRUFTSA-26JUN11-T2960000', 'type': 'limit', 'user_id': '6db6972a-11ba-4203-a80d-b435f9c20a3f', 'yes_price_dollars': '0.1400'}}",no,0.965939131878715,0.9,,
passive_limit,0.4,KXTRUFTSA-26JUN11-T2960000,0.8446852714607687,,23,20,3,False,"{'order': {'action': 'buy', 'book_side': 'ask', 'client_order_id': '4611e1cf-1fc3-410c-95c4-6e98308c49c8', 'created_time': '2026-06-11T12:44:17.336288Z', 'expiration_time': '2026-06-11T23:59:00Z', 'fill_count_fp': '0.00', 'initial_count_fp': '3.00', 'last_update_time': '2026-06-11T12:44:17.336288Z', 'maker_fees_dollars': '0.000000', 'maker_fill_cost_dollars': '0.000000', 'no_price_dollars': '0.8400', 'order_id': '8226efc4-e9c4-4740-9f2f-d8df60610ce1', 'outcome_side': 'no', 'remaining_count_fp': '3.00', 'side': 'no', 'status': 'resting', 'subaccount_number': 0, 'taker_fees_dollars': '0.000000', 'taker_fill_cost_dollars': '0.000000', 'ticker': 'KXTRUFTSA-26JUN11-T2960000', 'type': 'limit', 'user_id': '6db6972a-11ba-4203-a80d-b435f9c20a3f', 'yes_price_dollars': '0.1600'}}",no,0.965939131878715,0.9,,
passive_limit,0.15,KXTRUFTSA-26JUN11-T3060000,0.9239001761204378,,8,0,8,False,"{'order': {'action': 'buy', 'book_side': 'ask', 'client_order_id': '219e99a9-809c-4221-8b55-ef2d04beaae0', 'created_time': '2026-06-11T12:44:18.934765Z', 'expiration_time': '2026-06-11T23:59:00Z', 'fill_count_fp': '0.00', 'initial_count_fp': '8.00', 'last_update_time': '2026-06-11T12:44:18.934765Z', 'maker_fees_dollars': '0.000000', 'maker_fill_cost_dollars': '0.000000', 'no_price_dollars': '0.9200', 'order_id': 'df0f92c0-8d41-4589-a0a0-5f04b69fc8c3', 'outcome_side': 'no', 'remaining_count_fp': '8.00', 'side': 'no', 'status': 'resting', 'subaccount_number': 0, 'taker_fees_dollars': '0.000000', 'taker_fill_cost_dollars': '0.000000', 'ticker': 'KXTRUFTSA-26JUN11-T3060000', 'type': 'limit', 'user_id': '6db6972a-11ba-4203-a80d-b435f9c20a3f', 'yes_price_dollars': '0.0800'}}",no,0.9999881620308029,0.9299999999999999,,
passive_limit,0.2,KXTRUFTSA-26JUN11-T3060000,0.9195266230239113,,10,8,2,False,"{'order': {'action': 'buy', 'book_side': 'ask', 'client_order_id': '67611927-6de1-4fb3-b80e-4e34cc9c0c6c', 'created_time': '2026-06-11T12:44:19.137951Z', 'expiration_time': '2026-06-11T23:59:00Z', 'fill_count_fp': '0.00', 'initial_count_fp': '2.00', 'last_update_time': '2026-06-11T12:44:19.137951Z', 'maker_fees_dollars': '0.000000', 'maker_fill_cost_dollars': '0.000000', 'no_price_dollars': '0.9200', 'order_id': '55430387-d2b9-4f37-8167-50857ed96ec8', 'outcome_side': 'no', 'remaining_count_fp': '2.00', 'side': 'no', 'status': 'resting', 'subaccount_number': 0, 'taker_fees_dollars': '0.000000', 'taker_fill_cost_dollars': '0.000000', 'ticker': 'KXTRUFTSA-26JUN11-T3060000', 'type': 'limit', 'user_id': '6db6972a-11ba-4203-a80d-b435f9c20a3f', 'yes_price_dollars': '0.0800'}}",no,0.9999881620308029,0.9299999999999999,,
passive_limit,0.25,KXTRUFTSA-26JUN11-T3060000,0.9146197097936619,,13,10,3,False,"{'order': {'action': 'buy', 'book_side': 'ask', 'client_order_id': '0dc72f96-3a1a-4be3-94e2-8a2e2fc88ec9', 'created_time': '2026-06-11T12:44:19.357147Z', 'expiration_time': '2026-06-11T23:59:00Z', 'fill_count_fp': '0.00', 'initial_count_fp': '3.00', 'last_update_time': '2026-06-11T12:44:19.357147Z', 'maker_fees_dollars': '0.000000', 'maker_fill_cost_dollars': '0.000000', 'no_price_dollars': '0.9100', 'order_id': 'e62b85ba-8eaf-4415-ab82-90c66f3ac70e', 'outcome_side': 'no', 'remaining_count_fp': '3.00', 'side': 'no', 'status': 'resting', 'subaccount_number': 0, 'taker_fees_dollars': '0.000000', 'taker_fill_cost_dollars': '0.000000', 'ticker': 'KXTRUFTSA-26JUN11-T3060000', 'type': 'limit', 'user_id': '6db6972a-11ba-4203-a80d-b435f9c20a3f', 'yes_price_dollars': '0.0900'}}",no,0.9999881620308029,0.9299999999999999,,
passive_limit,0.3,KXTRUFTSA-26JUN11-T3060000,0.9090755351049388,,16,13,3,False,"{'order': {'action': 'buy', 'book_side': 'ask', 'client_order_id': '7f31b35b-761b-44d3-9df1-4635a5810925', 'created_time': '2026-06-11T12:44:19.571251Z', 'expiration_time': '2026-06-11T23:59:00Z', 'fill_count_fp': '0.00', 'initial_count_fp': '3.00', 'last_update_time': '2026-06-11T12:44:19.571251Z', 'maker_fees_dollars': '0.000000', 'maker_fill_cost_dollars': '0.000000', 'no_price_dollars': '0.9100', 'order_id': '8cbbf634-da8e-49bd-9976-2300d084533b', 'outcome_side': 'no', 'remaining_count_fp': '3.00', 'side': 'no', 'status': 'resting', 'subaccount_number': 0, 'taker_fees_dollars': '0.000000', 'taker_fill_cost_dollars': '0.000000', 'ticker': 'KXTRUFTSA-26JUN11-T3060000', 'type': 'limit', 'user_id': '6db6972a-11ba-4203-a80d-b435f9c20a3f', 'yes_price_dollars': '0.0900'}}",no,0.9999881620308029,0.9299999999999999,,
passive_limit,0.35,KXTRUFTSA-26JUN11-T3060000,0.9027613361538928,,19,16,3,False,"{'order': {'action': 'buy', 'book_side': 'ask', 'client_order_id': '908ee5f9-a09d-459e-9027-bcec14752b7e', 'created_time': '2026-06-11T12:44:19.767039Z', 'expiration_time': '2026-06-11T23:59:00Z', 'fill_count_fp': '0.00', 'initial_count_fp': '3.00', 'last_update_time': '2026-06-11T12:44:19.767039Z', 'maker_fees_dollars': '0.000000', 'maker_fill_cost_dollars': '0.000000', 'no_price_dollars': '0.9000', 'order_id': 'c702229b-2d8b-4908-89eb-94ba231034bf', 'outcome_side': 'no', 'remaining_count_fp': '3.00', 'side': 'no', 'status': 'resting', 'subaccount_number': 0, 'taker_fees_dollars': '0.000000', 'taker_fill_cost_dollars': '0.000000', 'ticker': 'KXTRUFTSA-26JUN11-T3060000', 'type': 'limit', 'user_id': '6db6972a-11ba-4203-a80d-b435f9c20a3f', 'yes_price_dollars': '0.1000'}}",no,0.9999881620308029,0.9299999999999999,,
passive_limit,0.4,KXTRUFTSA-26JUN11-T3060000,0.8955047194489594,,22,19,3,False,"{'order': {'action': 'buy', 'book_side': 'ask', 'client_order_id': 'be285be1-c31d-4f59-a7e9-442890c27824', 'created_time': '2026-06-11T12:44:19.96135Z', 'expiration_time': '2026-06-11T23:59:00Z', 'fill_count_fp': '0.00', 'initial_count_fp': '3.00', 'last_update_time': '2026-06-11T12:44:19.96135Z', 'maker_fees_dollars': '0.000000', 'maker_fill_cost_dollars': '0.000000', 'no_price_dollars': '0.9000', 'order_id': 'd9264d3c-9ff9-4ebb-84f3-b8376b9473e8', 'outcome_side': 'no', 'remaining_count_fp': '3.00', 'side': 'no', 'status': 'resting', 'subaccount_number': 0, 'taker_fees_dollars': '0.000000', 'taker_fill_cost_dollars': '0.000000', 'ticker': 'KXTRUFTSA-26JUN11-T3060000', 'type': 'limit', 'user_id': '6db6972a-11ba-4203-a80d-b435f9c20a3f', 'yes_price_dollars': '0.1000'}}",no,0.9999881620308029,0.9299999999999999,,
