type,pct,ticker,price,best_ask,target_shares,exposure_before,shares,dry_run,response,side,model_prob,market_prob
passive_limit,0.1,KXTSAW-26JUN07-A2.55,0.9246147760709288,0.97,13,0,13,False,"{'order': {'action': 'buy', 'book_side': 'bid', 'client_order_id': '1477ecab-8ff0-4665-a999-00d8d08e574c', 'created_time': '2026-06-04T19:39:57.560793Z', 'expiration_time': '2026-06-04T23:59:00Z', 'fill_count_fp': '0.00', 'initial_count_fp': '13.00', 'last_update_time': '2026-06-04T19:39:57.560793Z', 'maker_fees_dollars': '0.000000', 'maker_fill_cost_dollars': '0.000000', 'no_price_dollars': '0.0800', 'order_id': '0c238ac9-6e30-4ed4-ab55-293993063e94', 'outcome_side': 'yes', 'remaining_count_fp': '13.00', 'side': 'yes', 'status': 'resting', 'subaccount_number': 0, 'taker_fees_dollars': '0.000000', 'taker_fill_cost_dollars': '0.000000', 'ticker': 'KXTSAW-26JUN07-A2.55', 'type': 'limit', 'user_id': '6db6972a-11ba-4203-a80d-b435f9c20a3f', 'yes_price_dollars': '0.9200'}}",yes,0.996876332788801,0.965
passive_limit,0.15,KXTSAW-26JUN07-A2.55,0.9205177530313053,0.97,20,13,7,False,"{'order': {'action': 'buy', 'book_side': 'bid', 'client_order_id': '807dbbf9-e7ab-4abf-b72a-86052cf8ae70', 'created_time': '2026-06-04T19:39:57.675727Z', 'expiration_time': '2026-06-04T23:59:00Z', 'fill_count_fp': '0.00', 'initial_count_fp': '7.00', 'last_update_time': '2026-06-04T19:39:57.675727Z', 'maker_fees_dollars': '0.000000', 'maker_fill_cost_dollars': '0.000000', 'no_price_dollars': '0.0800', 'order_id': 'd018105d-a92e-4696-ba4d-bce6868f6a58', 'outcome_side': 'yes', 'remaining_count_fp': '7.00', 'side': 'yes', 'status': 'resting', 'subaccount_number': 0, 'taker_fees_dollars': '0.000000', 'taker_fill_cost_dollars': '0.000000', 'ticker': 'KXTSAW-26JUN07-A2.55', 'type': 'limit', 'user_id': '6db6972a-11ba-4203-a80d-b435f9c20a3f', 'yes_price_dollars': '0.9200'}}",yes,0.996876332788801,0.965
passive_limit,0.2,KXTSAW-26JUN07-A2.55,0.9159498078032193,0.97,27,20,7,False,"{'order': {'action': 'buy', 'book_side': 'bid', 'client_order_id': '0bc2dc39-8d67-481b-b886-be3867e47a4d', 'created_time': '2026-06-04T19:39:58.871209Z', 'expiration_time': '2026-06-04T23:59:00Z', 'fill_count_fp': '0.00', 'initial_count_fp': '7.00', 'last_update_time': '2026-06-04T19:39:58.871209Z', 'maker_fees_dollars': '0.000000', 'maker_fill_cost_dollars': '0.000000', 'no_price_dollars': '0.0800', 'order_id': '92291f63-f0e1-47ea-8e49-c870aa6320ed', 'outcome_side': 'yes', 'remaining_count_fp': '7.00', 'side': 'yes', 'status': 'resting', 'subaccount_number': 0, 'taker_fees_dollars': '0.000000', 'taker_fill_cost_dollars': '0.000000', 'ticker': 'KXTSAW-26JUN07-A2.55', 'type': 'limit', 'user_id': '6db6972a-11ba-4203-a80d-b435f9c20a3f', 'yes_price_dollars': '0.9200'}}",yes,0.996876332788801,0.965
passive_limit,0.25,KXTSAW-26JUN07-A2.55,0.9108247960839035,0.97,34,27,7,False,"{'order': {'action': 'buy', 'book_side': 'bid', 'client_order_id': '67aaf2de-90b6-40d1-9803-b17427e170aa', 'created_time': '2026-06-04T19:39:58.976334Z', 'expiration_time': '2026-06-04T23:59:00Z', 'fill_count_fp': '0.00', 'initial_count_fp': '7.00', 'last_update_time': '2026-06-04T19:39:58.976334Z', 'maker_fees_dollars': '0.000000', 'maker_fill_cost_dollars': '0.000000', 'no_price_dollars': '0.0900', 'order_id': 'e2262b71-69b7-4b33-89f2-cb73c600c0e8', 'outcome_side': 'yes', 'remaining_count_fp': '7.00', 'side': 'yes', 'status': 'resting', 'subaccount_number': 0, 'taker_fees_dollars': '0.000000', 'taker_fill_cost_dollars': '0.000000', 'ticker': 'KXTSAW-26JUN07-A2.55', 'type': 'limit', 'user_id': '6db6972a-11ba-4203-a80d-b435f9c20a3f', 'yes_price_dollars': '0.9100'}}",yes,0.996876332788801,0.965
passive_limit,0.3,KXTSAW-26JUN07-A2.55,0.9050341984270143,0.97,41,34,7,False,"{'order': {'action': 'buy', 'book_side': 'bid', 'client_order_id': '24768141-e6e4-47fd-897e-5da04dcd3e30', 'created_time': '2026-06-04T19:40:00.173092Z', 'expiration_time': '2026-06-04T23:59:00Z', 'fill_count_fp': '0.00', 'initial_count_fp': '7.00', 'last_update_time': '2026-06-04T19:40:00.173092Z', 'maker_fees_dollars': '0.000000', 'maker_fill_cost_dollars': '0.000000', 'no_price_dollars': '0.0900', 'order_id': 'd48bb02d-3569-48c6-a2f7-24ef65390f84', 'outcome_side': 'yes', 'remaining_count_fp': '7.00', 'side': 'yes', 'status': 'resting', 'subaccount_number': 0, 'taker_fees_dollars': '0.000000', 'taker_fill_cost_dollars': '0.000000', 'ticker': 'KXTSAW-26JUN07-A2.55', 'type': 'limit', 'user_id': '6db6972a-11ba-4203-a80d-b435f9c20a3f', 'yes_price_dollars': '0.9100'}}",yes,0.996876332788801,0.965
passive_limit,0.35,KXTSAW-26JUN07-A2.55,0.8984393510955568,0.97,48,41,7,False,"{'order': {'action': 'buy', 'book_side': 'bid', 'client_order_id': '8c9ed1d5-d5a7-4edf-9038-58525dbb698d', 'created_time': '2026-06-04T19:40:00.26944Z', 'expiration_time': '2026-06-04T23:59:00Z', 'fill_count_fp': '0.00', 'initial_count_fp': '7.00', 'last_update_time': '2026-06-04T19:40:00.26944Z', 'maker_fees_dollars': '0.000000', 'maker_fill_cost_dollars': '0.000000', 'no_price_dollars': '0.1000', 'order_id': '254bf1f2-1e46-4531-a26c-bcbdb50dd817', 'outcome_side': 'yes', 'remaining_count_fp': '7.00', 'side': 'yes', 'status': 'resting', 'subaccount_number': 0, 'taker_fees_dollars': '0.000000', 'taker_fill_cost_dollars': '0.000000', 'ticker': 'KXTSAW-26JUN07-A2.55', 'type': 'limit', 'user_id': '6db6972a-11ba-4203-a80d-b435f9c20a3f', 'yes_price_dollars': '0.9000'}}",yes,0.996876332788801,0.965
passive_limit,0.4,KXTSAW-26JUN07-A2.55,0.8908601981922402,0.97,55,48,7,False,"{'order': {'action': 'buy', 'book_side': 'bid', 'client_order_id': 'e722ce3c-3002-4750-bb36-15bc90fc990f', 'created_time': '2026-06-04T19:40:01.46521Z', 'expiration_time': '2026-06-04T23:59:00Z', 'fill_count_fp': '0.00', 'initial_count_fp': '7.00', 'last_update_time': '2026-06-04T19:40:01.46521Z', 'maker_fees_dollars': '0.000000', 'maker_fill_cost_dollars': '0.000000', 'no_price_dollars': '0.1100', 'order_id': 'fe81ba07-711c-422f-ab13-19fbbce9b71a', 'outcome_side': 'yes', 'remaining_count_fp': '7.00', 'side': 'yes', 'status': 'resting', 'subaccount_number': 0, 'taker_fees_dollars': '0.000000', 'taker_fill_cost_dollars': '0.000000', 'ticker': 'KXTSAW-26JUN07-A2.55', 'type': 'limit', 'user_id': '6db6972a-11ba-4203-a80d-b435f9c20a3f', 'yes_price_dollars': '0.8900'}}",yes,0.996876332788801,0.965
passive_limit,0.1,KXTSAW-26JUN07-A2.60,0.2505166459787661,0.36,47,0,47,False,"{'order': {'action': 'buy', 'book_side': 'bid', 'client_order_id': '822df768-0399-4123-ba7d-92b590df6374', 'created_time': '2026-06-04T19:40:02.336734Z', 'expiration_time': '2026-06-04T23:59:00Z', 'fill_count_fp': '0.00', 'initial_count_fp': '47.00', 'last_update_time': '2026-06-04T19:40:02.336734Z', 'maker_fees_dollars': '0.000000', 'maker_fill_cost_dollars': '0.000000', 'no_price_dollars': '0.7500', 'order_id': '822ce660-3190-4f69-8905-4ee46b31d0e8', 'outcome_side': 'yes', 'remaining_count_fp': '47.00', 'side': 'yes', 'status': 'resting', 'subaccount_number': 0, 'taker_fees_dollars': '0.000000', 'taker_fill_cost_dollars': '0.000000', 'ticker': 'KXTSAW-26JUN07-A2.60', 'type': 'limit', 'user_id': '6db6972a-11ba-4203-a80d-b435f9c20a3f', 'yes_price_dollars': '0.2500'}}",yes,0.3430011465994032,0.335
passive_limit,0.15,KXTSAW-26JUN07-A2.60,0.20978385499935126,0.36,84,47,37,False,"{'order': {'action': 'buy', 'book_side': 'bid', 'client_order_id': '5a1d8b1c-588b-4239-a43e-c2dfd3a6ca3a', 'created_time': '2026-06-04T19:40:02.437343Z', 'expiration_time': '2026-06-04T23:59:00Z', 'fill_count_fp': '0.00', 'initial_count_fp': '37.00', 'last_update_time': '2026-06-04T19:40:02.437343Z', 'maker_fees_dollars': '0.000000', 'maker_fill_cost_dollars': '0.000000', 'no_price_dollars': '0.7900', 'order_id': '51879e41-c4ff-40d8-8bc0-0efb2937f454', 'outcome_side': 'yes', 'remaining_count_fp': '37.00', 'side': 'yes', 'status': 'resting', 'subaccount_number': 0, 'taker_fees_dollars': '0.000000', 'taker_fill_cost_dollars': '0.000000', 'ticker': 'KXTSAW-26JUN07-A2.60', 'type': 'limit', 'user_id': '6db6972a-11ba-4203-a80d-b435f9c20a3f', 'yes_price_dollars': '0.2100'}}",yes,0.3430011465994032,0.335
passive_limit,0.2,KXTSAW-26JUN07-A2.60,0.16436913402230247,0.36,143,84,59,False,"{'order': {'action': 'buy', 'book_side': 'bid', 'client_order_id': 'e9c26074-9b42-4bbc-b4f4-a145c02a505a', 'created_time': '2026-06-04T19:40:03.608238Z', 'expiration_time': '2026-06-04T23:59:00Z', 'fill_count_fp': '0.00', 'initial_count_fp': '59.00', 'last_update_time': '2026-06-04T19:40:03.608238Z', 'maker_fees_dollars': '0.000000', 'maker_fill_cost_dollars': '0.000000', 'no_price_dollars': '0.8400', 'order_id': '4e093e3c-14b6-428f-89a9-4061d318481c', 'outcome_side': 'yes', 'remaining_count_fp': '59.00', 'side': 'yes', 'status': 'resting', 'subaccount_number': 0, 'taker_fees_dollars': '0.000000', 'taker_fill_cost_dollars': '0.000000', 'ticker': 'KXTSAW-26JUN07-A2.60', 'type': 'limit', 'user_id': '6db6972a-11ba-4203-a80d-b435f9c20a3f', 'yes_price_dollars': '0.1600'}}",yes,0.3430011465994032,0.335
passive_limit,0.15,KXTSAW-26JUN07-A2.60,0.55108571021804,0.69,32,30,2,False,"{'order': {'action': 'buy', 'book_side': 'ask', 'client_order_id': 'b955d044-eb96-4dc5-b383-06b5c8c07c11', 'created_time': '2026-06-04T19:40:03.819486Z', 'expiration_time': '2026-06-04T23:59:00Z', 'fill_count_fp': '0.00', 'initial_count_fp': '2.00', 'last_update_time': '2026-06-04T19:40:03.819486Z', 'maker_fees_dollars': '0.000000', 'maker_fill_cost_dollars': '0.000000', 'no_price_dollars': '0.5500', 'order_id': '22306191-8074-4111-b469-1b5da0a07fd2', 'outcome_side': 'no', 'remaining_count_fp': '2.00', 'side': 'no', 'status': 'resting', 'subaccount_number': 0, 'taker_fees_dollars': '0.000000', 'taker_fill_cost_dollars': '0.000000', 'ticker': 'KXTSAW-26JUN07-A2.60', 'type': 'limit', 'user_id': '6db6972a-11ba-4203-a80d-b435f9c20a3f', 'yes_price_dollars': '0.4500'}}",no,0.6569988534005968,0.665
passive_limit,0.2,KXTSAW-26JUN07-A2.60,0.5252860383914906,0.69,46,32,14,False,"{'order': {'action': 'buy', 'book_side': 'ask', 'client_order_id': '8a0a0d1f-db46-4b29-b740-738c3053fab3', 'created_time': '2026-06-04T19:40:05.008776Z', 'expiration_time': '2026-06-04T23:59:00Z', 'fill_count_fp': '0.00', 'initial_count_fp': '14.00', 'last_update_time': '2026-06-04T19:40:05.008776Z', 'maker_fees_dollars': '0.000000', 'maker_fill_cost_dollars': '0.000000', 'no_price_dollars': '0.5300', 'order_id': 'b9d767b4-d877-4968-9c84-1f07944f2943', 'outcome_side': 'no', 'remaining_count_fp': '14.00', 'side': 'no', 'status': 'resting', 'subaccount_number': 0, 'taker_fees_dollars': '0.000000', 'taker_fill_cost_dollars': '0.000000', 'ticker': 'KXTSAW-26JUN07-A2.60', 'type': 'limit', 'user_id': '6db6972a-11ba-4203-a80d-b435f9c20a3f', 'yes_price_dollars': '0.4700'}}",no,0.6569988534005968,0.665
passive_limit,0.25,KXTSAW-26JUN07-A2.60,0.49634006512267903,0.69,60,46,14,False,"{'order': {'action': 'buy', 'book_side': 'ask', 'client_order_id': '28bfa894-2cce-4a15-917c-9a60f91c3a33', 'created_time': '2026-06-04T19:40:05.133753Z', 'expiration_time': '2026-06-04T23:59:00Z', 'fill_count_fp': '0.00', 'initial_count_fp': '14.00', 'last_update_time': '2026-06-04T19:40:05.133753Z', 'maker_fees_dollars': '0.000000', 'maker_fill_cost_dollars': '0.000000', 'no_price_dollars': '0.5000', 'order_id': '907f6f29-369d-4439-ad7b-5f044049e675', 'outcome_side': 'no', 'remaining_count_fp': '14.00', 'side': 'no', 'status': 'resting', 'subaccount_number': 0, 'taker_fees_dollars': '0.000000', 'taker_fill_cost_dollars': '0.000000', 'ticker': 'KXTSAW-26JUN07-A2.60', 'type': 'limit', 'user_id': '6db6972a-11ba-4203-a80d-b435f9c20a3f', 'yes_price_dollars': '0.5000'}}",no,0.6569988534005968,0.665
passive_limit,0.3,KXTSAW-26JUN07-A2.60,0.46363487454622965,0.69,77,60,17,False,"{'order': {'action': 'buy', 'book_side': 'ask', 'client_order_id': '120d1de2-b2b7-497a-b5fe-1e6791b82e4b', 'created_time': '2026-06-04T19:40:06.338323Z', 'expiration_time': '2026-06-04T23:59:00Z', 'fill_count_fp': '0.00', 'initial_count_fp': '17.00', 'last_update_time': '2026-06-04T19:40:06.338323Z', 'maker_fees_dollars': '0.000000', 'maker_fill_cost_dollars': '0.000000', 'no_price_dollars': '0.4600', 'order_id': '25c0be75-ac14-41cb-b809-b8b08ca69f70', 'outcome_side': 'no', 'remaining_count_fp': '17.00', 'side': 'no', 'status': 'resting', 'subaccount_number': 0, 'taker_fees_dollars': '0.000000', 'taker_fill_cost_dollars': '0.000000', 'ticker': 'KXTSAW-26JUN07-A2.60', 'type': 'limit', 'user_id': '6db6972a-11ba-4203-a80d-b435f9c20a3f', 'yes_price_dollars': '0.5400'}}",no,0.6569988534005968,0.665
passive_limit,0.35,KXTSAW-26JUN07-A2.60,0.4263872963897178,0.69,98,77,21,False,"{'order': {'action': 'buy', 'book_side': 'ask', 'client_order_id': '2525c79a-1af0-4360-bd88-a71a4745fb86', 'created_time': '2026-06-04T19:40:06.44198Z', 'expiration_time': '2026-06-04T23:59:00Z', 'fill_count_fp': '0.00', 'initial_count_fp': '21.00', 'last_update_time': '2026-06-04T19:40:06.44198Z', 'maker_fees_dollars': '0.000000', 'maker_fill_cost_dollars': '0.000000', 'no_price_dollars': '0.4300', 'order_id': '3b58ad67-00ba-4e98-ab05-5f20dd52be32', 'outcome_side': 'no', 'remaining_count_fp': '21.00', 'side': 'no', 'status': 'resting', 'subaccount_number': 0, 'taker_fees_dollars': '0.000000', 'taker_fill_cost_dollars': '0.000000', 'ticker': 'KXTSAW-26JUN07-A2.60', 'type': 'limit', 'user_id': '6db6972a-11ba-4203-a80d-b435f9c20a3f', 'yes_price_dollars': '0.5700'}}",no,0.6569988534005968,0.665
passive_limit,0.4,KXTSAW-26JUN07-A2.60,0.383580378209846,0.69,124,98,26,False,"{'order': {'action': 'buy', 'book_side': 'ask', 'client_order_id': '96fc154d-6e9e-46ce-8211-1cadbcfd2142', 'created_time': '2026-06-04T19:40:07.63158Z', 'expiration_time': '2026-06-04T23:59:00Z', 'fill_count_fp': '0.00', 'initial_count_fp': '26.00', 'last_update_time': '2026-06-04T19:40:07.63158Z', 'maker_fees_dollars': '0.000000', 'maker_fill_cost_dollars': '0.000000', 'no_price_dollars': '0.3800', 'order_id': '059c83ee-c31a-409e-8cfb-18610c7740e0', 'outcome_side': 'no', 'remaining_count_fp': '26.00', 'side': 'no', 'status': 'resting', 'subaccount_number': 0, 'taker_fees_dollars': '0.000000', 'taker_fill_cost_dollars': '0.000000', 'ticker': 'KXTSAW-26JUN07-A2.60', 'type': 'limit', 'user_id': '6db6972a-11ba-4203-a80d-b435f9c20a3f', 'yes_price_dollars': '0.6200'}}",no,0.6569988534005968,0.665
passive_limit,0.15,KXTSAW-26JUN07-A2.65,0.923698108502888,,20,4,16,False,"{'order': {'action': 'buy', 'book_side': 'ask', 'client_order_id': 'a65aefe2-177f-4508-a79e-0c0cc17291f6', 'created_time': '2026-06-04T19:40:08.411695Z', 'expiration_time': '2026-06-04T23:59:00Z', 'fill_count_fp': '0.00', 'initial_count_fp': '16.00', 'last_update_time': '2026-06-04T19:40:08.411695Z', 'maker_fees_dollars': '0.000000', 'maker_fill_cost_dollars': '0.000000', 'no_price_dollars': '0.9200', 'order_id': '28462094-dc33-4f62-81b6-f01219ab5c63', 'outcome_side': 'no', 'remaining_count_fp': '16.00', 'side': 'no', 'status': 'resting', 'subaccount_number': 0, 'taker_fees_dollars': '0.000000', 'taker_fill_cost_dollars': '0.000000', 'ticker': 'KXTSAW-26JUN07-A2.65', 'type': 'limit', 'user_id': '6db6972a-11ba-4203-a80d-b435f9c20a3f', 'yes_price_dollars': '0.0800'}}",no,0.999802259822657,0.98
passive_limit,0.2,KXTSAW-26JUN07-A2.65,0.919312942324893,,27,20,7,False,"{'order': {'action': 'buy', 'book_side': 'ask', 'client_order_id': 'dedf84f9-043a-4588-b246-d45d164e2a48', 'created_time': '2026-06-04T19:40:08.509081Z', 'expiration_time': '2026-06-04T23:59:00Z', 'fill_count_fp': '0.00', 'initial_count_fp': '7.00', 'last_update_time': '2026-06-04T19:40:08.509081Z', 'maker_fees_dollars': '0.000000', 'maker_fill_cost_dollars': '0.000000', 'no_price_dollars': '0.9200', 'order_id': 'afe0e8d7-e6f6-4b03-90f4-77029ebc176b', 'outcome_side': 'no', 'remaining_count_fp': '7.00', 'side': 'no', 'status': 'resting', 'subaccount_number': 0, 'taker_fees_dollars': '0.000000', 'taker_fill_cost_dollars': '0.000000', 'ticker': 'KXTSAW-26JUN07-A2.65', 'type': 'limit', 'user_id': '6db6972a-11ba-4203-a80d-b435f9c20a3f', 'yes_price_dollars': '0.0800'}}",no,0.999802259822657,0.98
passive_limit,0.25,KXTSAW-26JUN07-A2.65,0.914392999783728,,33,27,6,False,"{'order': {'action': 'buy', 'book_side': 'ask', 'client_order_id': 'adbc8aeb-ce61-4c1b-8aff-3f7666d51dbf', 'created_time': '2026-06-04T19:40:09.692728Z', 'expiration_time': '2026-06-04T23:59:00Z', 'fill_count_fp': '0.00', 'initial_count_fp': '6.00', 'last_update_time': '2026-06-04T19:40:09.692728Z', 'maker_fees_dollars': '0.000000', 'maker_fill_cost_dollars': '0.000000', 'no_price_dollars': '0.9100', 'order_id': '013ce94c-7f96-428d-ae54-4bcdd01f7ef5', 'outcome_side': 'no', 'remaining_count_fp': '6.00', 'side': 'no', 'status': 'resting', 'subaccount_number': 0, 'taker_fees_dollars': '0.000000', 'taker_fill_cost_dollars': '0.000000', 'ticker': 'KXTSAW-26JUN07-A2.65', 'type': 'limit', 'user_id': '6db6972a-11ba-4203-a80d-b435f9c20a3f', 'yes_price_dollars': '0.0900'}}",no,0.999802259822657,0.98
passive_limit,0.3,KXTSAW-26JUN07-A2.65,0.9088341036657883,,41,33,8,False,"{'order': {'action': 'buy', 'book_side': 'ask', 'client_order_id': '1a55c3b7-aba1-4e44-aa4f-84eba2a83df3', 'created_time': '2026-06-04T19:40:09.785645Z', 'expiration_time': '2026-06-04T23:59:00Z', 'fill_count_fp': '0.00', 'initial_count_fp': '8.00', 'last_update_time': '2026-06-04T19:40:09.785645Z', 'maker_fees_dollars': '0.000000', 'maker_fill_cost_dollars': '0.000000', 'no_price_dollars': '0.9100', 'order_id': 'fdda96a0-61b6-4b45-8a2b-9739aa1b66a1', 'outcome_side': 'no', 'remaining_count_fp': '8.00', 'side': 'no', 'status': 'resting', 'subaccount_number': 0, 'taker_fees_dollars': '0.000000', 'taker_fill_cost_dollars': '0.000000', 'ticker': 'KXTSAW-26JUN07-A2.65', 'type': 'limit', 'user_id': '6db6972a-11ba-4203-a80d-b435f9c20a3f', 'yes_price_dollars': '0.0900'}}",no,0.999802259822657,0.98
passive_limit,0.35,KXTSAW-26JUN07-A2.65,0.9025031386425791,,48,41,7,False,"{'order': {'action': 'buy', 'book_side': 'ask', 'client_order_id': '94806442-8740-477c-b7a8-92b491e0a270', 'created_time': '2026-06-04T19:40:11.007864Z', 'expiration_time': '2026-06-04T23:59:00Z', 'fill_count_fp': '0.00', 'initial_count_fp': '7.00', 'last_update_time': '2026-06-04T19:40:11.007864Z', 'maker_fees_dollars': '0.000000', 'maker_fill_cost_dollars': '0.000000', 'no_price_dollars': '0.9000', 'order_id': '2e490fd7-998a-404e-a32a-042adee3be3e', 'outcome_side': 'no', 'remaining_count_fp': '7.00', 'side': 'no', 'status': 'resting', 'subaccount_number': 0, 'taker_fees_dollars': '0.000000', 'taker_fill_cost_dollars': '0.000000', 'ticker': 'KXTSAW-26JUN07-A2.65', 'type': 'limit', 'user_id': '6db6972a-11ba-4203-a80d-b435f9c20a3f', 'yes_price_dollars': '0.1000'}}",no,0.999802259822657,0.98
passive_limit,0.4,KXTSAW-26JUN07-A2.65,0.8952272534666522,,55,48,7,False,"{'order': {'action': 'buy', 'book_side': 'ask', 'client_order_id': '6c4be527-d6b9-4fcb-b054-636ab7a15144', 'created_time': '2026-06-04T19:40:11.147088Z', 'expiration_time': '2026-06-04T23:59:00Z', 'fill_count_fp': '0.00', 'initial_count_fp': '7.00', 'last_update_time': '2026-06-04T19:40:11.147088Z', 'maker_fees_dollars': '0.000000', 'maker_fill_cost_dollars': '0.000000', 'no_price_dollars': '0.9000', 'order_id': '52429741-ab7d-4a8d-8894-1b910619ab45', 'outcome_side': 'no', 'remaining_count_fp': '7.00', 'side': 'no', 'status': 'resting', 'subaccount_number': 0, 'taker_fees_dollars': '0.000000', 'taker_fill_cost_dollars': '0.000000', 'ticker': 'KXTSAW-26JUN07-A2.65', 'type': 'limit', 'user_id': '6db6972a-11ba-4203-a80d-b435f9c20a3f', 'yes_price_dollars': '0.1000'}}",no,0.999802259822657,0.98
passive_limit,0.1,KXTRUFTSA-26JUN04-T1520000,0.9278350515463917,,5,0,5,False,"{'order': {'action': 'buy', 'book_side': 'bid', 'client_order_id': '9cf524aa-2ac1-4eea-9f3a-b0af5479179b', 'created_time': '2026-06-04T19:40:21.933911Z', 'expiration_time': '2026-06-04T23:59:00Z', 'fill_count_fp': '0.00', 'initial_count_fp': '5.00', 'last_update_time': '2026-06-04T19:40:21.933911Z', 'maker_fees_dollars': '0.000000', 'maker_fill_cost_dollars': '0.000000', 'no_price_dollars': '0.0700', 'order_id': '15d9bd3d-c133-426d-8711-276d29111821', 'outcome_side': 'yes', 'remaining_count_fp': '5.00', 'side': 'yes', 'status': 'resting', 'subaccount_number': 0, 'taker_fees_dollars': '0.000000', 'taker_fill_cost_dollars': '0.000000', 'ticker': 'KXTRUFTSA-26JUN04-T1520000', 'type': 'limit', 'user_id': '6db6972a-11ba-4203-a80d-b435f9c20a3f', 'yes_price_dollars': '0.9300'}}",yes,1.0,0.9
passive_limit,0.15,KXTRUFTSA-26JUN04-T1520000,0.9239130434782608,,8,5,3,False,"{'order': {'action': 'buy', 'book_side': 'bid', 'client_order_id': '9f770df0-8637-493c-8c52-2406f08b531b', 'created_time': '2026-06-04T19:40:22.045637Z', 'expiration_time': '2026-06-04T23:59:00Z', 'fill_count_fp': '0.00', 'initial_count_fp': '3.00', 'last_update_time': '2026-06-04T19:40:22.045637Z', 'maker_fees_dollars': '0.000000', 'maker_fill_cost_dollars': '0.000000', 'no_price_dollars': '0.0800', 'order_id': 'ece08f25-0e46-469b-b632-d6a2e4a226ad', 'outcome_side': 'yes', 'remaining_count_fp': '3.00', 'side': 'yes', 'status': 'resting', 'subaccount_number': 0, 'taker_fees_dollars': '0.000000', 'taker_fill_cost_dollars': '0.000000', 'ticker': 'KXTRUFTSA-26JUN04-T1520000', 'type': 'limit', 'user_id': '6db6972a-11ba-4203-a80d-b435f9c20a3f', 'yes_price_dollars': '0.9200'}}",yes,1.0,0.9
passive_limit,0.2,KXTRUFTSA-26JUN04-T1520000,0.9195402298850575,,10,8,2,False,"{'order': {'action': 'buy', 'book_side': 'bid', 'client_order_id': 'eafc7ad6-aa84-4442-a51f-eb7f9b5adb26', 'created_time': '2026-06-04T19:40:23.225197Z', 'expiration_time': '2026-06-04T23:59:00Z', 'fill_count_fp': '0.00', 'initial_count_fp': '2.00', 'last_update_time': '2026-06-04T19:40:23.225197Z', 'maker_fees_dollars': '0.000000', 'maker_fill_cost_dollars': '0.000000', 'no_price_dollars': '0.0800', 'order_id': '946635de-466f-4043-a088-39bc88756559', 'outcome_side': 'yes', 'remaining_count_fp': '2.00', 'side': 'yes', 'status': 'resting', 'subaccount_number': 0, 'taker_fees_dollars': '0.000000', 'taker_fill_cost_dollars': '0.000000', 'ticker': 'KXTRUFTSA-26JUN04-T1520000', 'type': 'limit', 'user_id': '6db6972a-11ba-4203-a80d-b435f9c20a3f', 'yes_price_dollars': '0.9200'}}",yes,1.0,0.9
passive_limit,0.25,KXTRUFTSA-26JUN04-T1520000,0.9146341463414633,,13,10,3,False,"{'order': {'action': 'buy', 'book_side': 'bid', 'client_order_id': 'ac35e906-e4c5-49bf-a7b2-7e33a06be653', 'created_time': '2026-06-04T19:40:23.330844Z', 'expiration_time': '2026-06-04T23:59:00Z', 'fill_count_fp': '0.00', 'initial_count_fp': '3.00', 'last_update_time': '2026-06-04T19:40:23.330844Z', 'maker_fees_dollars': '0.000000', 'maker_fill_cost_dollars': '0.000000', 'no_price_dollars': '0.0900', 'order_id': '4c545e97-c07f-4715-b24e-bbc7224150ef', 'outcome_side': 'yes', 'remaining_count_fp': '3.00', 'side': 'yes', 'status': 'resting', 'subaccount_number': 0, 'taker_fees_dollars': '0.000000', 'taker_fill_cost_dollars': '0.000000', 'ticker': 'KXTRUFTSA-26JUN04-T1520000', 'type': 'limit', 'user_id': '6db6972a-11ba-4203-a80d-b435f9c20a3f', 'yes_price_dollars': '0.9100'}}",yes,1.0,0.9
passive_limit,0.3,KXTRUFTSA-26JUN04-T1520000,0.9090909090909091,,16,13,3,False,"{'order': {'action': 'buy', 'book_side': 'bid', 'client_order_id': '3c64f638-bf7a-4c74-b2c4-fcb023057315', 'created_time': '2026-06-04T19:40:24.497828Z', 'expiration_time': '2026-06-04T23:59:00Z', 'fill_count_fp': '0.00', 'initial_count_fp': '3.00', 'last_update_time': '2026-06-04T19:40:24.497828Z', 'maker_fees_dollars': '0.000000', 'maker_fill_cost_dollars': '0.000000', 'no_price_dollars': '0.0900', 'order_id': 'c906244b-0cd5-4822-988e-86ff7375fba8', 'outcome_side': 'yes', 'remaining_count_fp': '3.00', 'side': 'yes', 'status': 'resting', 'subaccount_number': 0, 'taker_fees_dollars': '0.000000', 'taker_fill_cost_dollars': '0.000000', 'ticker': 'KXTRUFTSA-26JUN04-T1520000', 'type': 'limit', 'user_id': '6db6972a-11ba-4203-a80d-b435f9c20a3f', 'yes_price_dollars': '0.9100'}}",yes,1.0,0.9
passive_limit,0.35,KXTRUFTSA-26JUN04-T1520000,0.9027777777777777,,19,16,3,False,"{'order': {'action': 'buy', 'book_side': 'bid', 'client_order_id': '8bc4d74b-025a-4de7-a2de-e0248c3c15ea', 'created_time': '2026-06-04T19:40:24.596134Z', 'expiration_time': '2026-06-04T23:59:00Z', 'fill_count_fp': '0.00', 'initial_count_fp': '3.00', 'last_update_time': '2026-06-04T19:40:24.596134Z', 'maker_fees_dollars': '0.000000', 'maker_fill_cost_dollars': '0.000000', 'no_price_dollars': '0.1000', 'order_id': '948eec8e-5265-4025-b61f-f6843ec4d12c', 'outcome_side': 'yes', 'remaining_count_fp': '3.00', 'side': 'yes', 'status': 'resting', 'subaccount_number': 0, 'taker_fees_dollars': '0.000000', 'taker_fill_cost_dollars': '0.000000', 'ticker': 'KXTRUFTSA-26JUN04-T1520000', 'type': 'limit', 'user_id': '6db6972a-11ba-4203-a80d-b435f9c20a3f', 'yes_price_dollars': '0.9000'}}",yes,1.0,0.9
passive_limit,0.4,KXTRUFTSA-26JUN04-T1520000,0.8955223880597014,,22,19,3,False,"{'order': {'action': 'buy', 'book_side': 'bid', 'client_order_id': '5b890f62-dc7a-4313-ae46-372034bfcaa0', 'created_time': '2026-06-04T19:40:25.878933Z', 'expiration_time': '2026-06-04T23:59:00Z', 'fill_count_fp': '0.00', 'initial_count_fp': '3.00', 'last_update_time': '2026-06-04T19:40:25.878933Z', 'maker_fees_dollars': '0.000000', 'maker_fill_cost_dollars': '0.000000', 'no_price_dollars': '0.1000', 'order_id': '0d822e30-f8b3-4173-908b-93028ddd415b', 'outcome_side': 'yes', 'remaining_count_fp': '3.00', 'side': 'yes', 'status': 'resting', 'subaccount_number': 0, 'taker_fees_dollars': '0.000000', 'taker_fill_cost_dollars': '0.000000', 'ticker': 'KXTRUFTSA-26JUN04-T1520000', 'type': 'limit', 'user_id': '6db6972a-11ba-4203-a80d-b435f9c20a3f', 'yes_price_dollars': '0.9000'}}",yes,1.0,0.9
passive_limit,0.1,KXTRUFTSA-26JUN04-T1620000,0.9278350515463917,,5,0,5,False,"{'order': {'action': 'buy', 'book_side': 'bid', 'client_order_id': '89cbefb4-d746-40eb-a272-e4bf942bbcf8', 'created_time': '2026-06-04T19:40:26.834589Z', 'expiration_time': '2026-06-04T23:59:00Z', 'fill_count_fp': '0.00', 'initial_count_fp': '5.00', 'last_update_time': '2026-06-04T19:40:26.834589Z', 'maker_fees_dollars': '0.000000', 'maker_fill_cost_dollars': '0.000000', 'no_price_dollars': '0.0700', 'order_id': '0e4d274e-6f67-4ee9-8a19-daacb706b560', 'outcome_side': 'yes', 'remaining_count_fp': '5.00', 'side': 'yes', 'status': 'resting', 'subaccount_number': 0, 'taker_fees_dollars': '0.000000', 'taker_fill_cost_dollars': '0.000000', 'ticker': 'KXTRUFTSA-26JUN04-T1620000', 'type': 'limit', 'user_id': '6db6972a-11ba-4203-a80d-b435f9c20a3f', 'yes_price_dollars': '0.9300'}}",yes,1.0,0.9
passive_limit,0.15,KXTRUFTSA-26JUN04-T1620000,0.9239130434782608,,8,5,3,False,"{'order': {'action': 'buy', 'book_side': 'bid', 'client_order_id': '5ff7e1ce-c2b5-43ca-ad5f-58915b59a1b2', 'created_time': '2026-06-04T19:40:26.980013Z', 'expiration_time': '2026-06-04T23:59:00Z', 'fill_count_fp': '0.00', 'initial_count_fp': '3.00', 'last_update_time': '2026-06-04T19:40:26.980013Z', 'maker_fees_dollars': '0.000000', 'maker_fill_cost_dollars': '0.000000', 'no_price_dollars': '0.0800', 'order_id': '98909cf5-9152-4f70-8723-02a1de5904db', 'outcome_side': 'yes', 'remaining_count_fp': '3.00', 'side': 'yes', 'status': 'resting', 'subaccount_number': 0, 'taker_fees_dollars': '0.000000', 'taker_fill_cost_dollars': '0.000000', 'ticker': 'KXTRUFTSA-26JUN04-T1620000', 'type': 'limit', 'user_id': '6db6972a-11ba-4203-a80d-b435f9c20a3f', 'yes_price_dollars': '0.9200'}}",yes,1.0,0.9
passive_limit,0.2,KXTRUFTSA-26JUN04-T1620000,0.9195402298850575,,10,8,2,False,"{'order': {'action': 'buy', 'book_side': 'bid', 'client_order_id': '1dad7815-ee76-4339-8a91-5869f0b82603', 'created_time': '2026-06-04T19:40:28.705485Z', 'expiration_time': '2026-06-04T23:59:00Z', 'fill_count_fp': '0.00', 'initial_count_fp': '2.00', 'last_update_time': '2026-06-04T19:40:28.705485Z', 'maker_fees_dollars': '0.000000', 'maker_fill_cost_dollars': '0.000000', 'no_price_dollars': '0.0800', 'order_id': 'e3de7408-df62-41ee-ab4d-1a560b5d7c30', 'outcome_side': 'yes', 'remaining_count_fp': '2.00', 'side': 'yes', 'status': 'resting', 'subaccount_number': 0, 'taker_fees_dollars': '0.000000', 'taker_fill_cost_dollars': '0.000000', 'ticker': 'KXTRUFTSA-26JUN04-T1620000', 'type': 'limit', 'user_id': '6db6972a-11ba-4203-a80d-b435f9c20a3f', 'yes_price_dollars': '0.9200'}}",yes,1.0,0.9
passive_limit,0.25,KXTRUFTSA-26JUN04-T1620000,0.9146341463414633,,13,10,3,False,"{'order': {'action': 'buy', 'book_side': 'bid', 'client_order_id': 'e1f59be3-659d-40c6-bf8b-c2bf61818737', 'created_time': '2026-06-04T19:40:28.804259Z', 'expiration_time': '2026-06-04T23:59:00Z', 'fill_count_fp': '0.00', 'initial_count_fp': '3.00', 'last_update_time': '2026-06-04T19:40:28.804259Z', 'maker_fees_dollars': '0.000000', 'maker_fill_cost_dollars': '0.000000', 'no_price_dollars': '0.0900', 'order_id': '3c64c3c2-3568-4c4e-942a-be94304788e1', 'outcome_side': 'yes', 'remaining_count_fp': '3.00', 'side': 'yes', 'status': 'resting', 'subaccount_number': 0, 'taker_fees_dollars': '0.000000', 'taker_fill_cost_dollars': '0.000000', 'ticker': 'KXTRUFTSA-26JUN04-T1620000', 'type': 'limit', 'user_id': '6db6972a-11ba-4203-a80d-b435f9c20a3f', 'yes_price_dollars': '0.9100'}}",yes,1.0,0.9
passive_limit,0.3,KXTRUFTSA-26JUN04-T1620000,0.9090909090909091,,16,13,3,False,"{'order': {'action': 'buy', 'book_side': 'bid', 'client_order_id': '990ede7e-5d72-4fb7-85ce-1c237ba89bd5', 'created_time': '2026-06-04T19:40:29.995334Z', 'expiration_time': '2026-06-04T23:59:00Z', 'fill_count_fp': '0.00', 'initial_count_fp': '3.00', 'last_update_time': '2026-06-04T19:40:29.995334Z', 'maker_fees_dollars': '0.000000', 'maker_fill_cost_dollars': '0.000000', 'no_price_dollars': '0.0900', 'order_id': 'f60c6b06-bbf6-40a3-bcb3-a171aa45eaf4', 'outcome_side': 'yes', 'remaining_count_fp': '3.00', 'side': 'yes', 'status': 'resting', 'subaccount_number': 0, 'taker_fees_dollars': '0.000000', 'taker_fill_cost_dollars': '0.000000', 'ticker': 'KXTRUFTSA-26JUN04-T1620000', 'type': 'limit', 'user_id': '6db6972a-11ba-4203-a80d-b435f9c20a3f', 'yes_price_dollars': '0.9100'}}",yes,1.0,0.9
passive_limit,0.35,KXTRUFTSA-26JUN04-T1620000,0.9027777777777777,,19,16,3,False,"{'order': {'action': 'buy', 'book_side': 'bid', 'client_order_id': '7a1a0569-eb35-4916-95dc-502d59ab3ee6', 'created_time': '2026-06-04T19:40:30.096995Z', 'expiration_time': '2026-06-04T23:59:00Z', 'fill_count_fp': '0.00', 'initial_count_fp': '3.00', 'last_update_time': '2026-06-04T19:40:30.096995Z', 'maker_fees_dollars': '0.000000', 'maker_fill_cost_dollars': '0.000000', 'no_price_dollars': '0.1000', 'order_id': 'ae9de763-0e8e-4307-92fc-e0f6f524b367', 'outcome_side': 'yes', 'remaining_count_fp': '3.00', 'side': 'yes', 'status': 'resting', 'subaccount_number': 0, 'taker_fees_dollars': '0.000000', 'taker_fill_cost_dollars': '0.000000', 'ticker': 'KXTRUFTSA-26JUN04-T1620000', 'type': 'limit', 'user_id': '6db6972a-11ba-4203-a80d-b435f9c20a3f', 'yes_price_dollars': '0.9000'}}",yes,1.0,0.9
passive_limit,0.4,KXTRUFTSA-26JUN04-T1620000,0.8955223880597014,,22,19,3,False,"{'order': {'action': 'buy', 'book_side': 'bid', 'client_order_id': '4b460c83-93a9-44a3-a397-85dcf4023f74', 'created_time': '2026-06-04T19:40:31.278607Z', 'expiration_time': '2026-06-04T23:59:00Z', 'fill_count_fp': '0.00', 'initial_count_fp': '3.00', 'last_update_time': '2026-06-04T19:40:31.278607Z', 'maker_fees_dollars': '0.000000', 'maker_fill_cost_dollars': '0.000000', 'no_price_dollars': '0.1000', 'order_id': '54e17a60-a800-4ef5-ac85-dd569c1f49ee', 'outcome_side': 'yes', 'remaining_count_fp': '3.00', 'side': 'yes', 'status': 'resting', 'subaccount_number': 0, 'taker_fees_dollars': '0.000000', 'taker_fill_cost_dollars': '0.000000', 'ticker': 'KXTRUFTSA-26JUN04-T1620000', 'type': 'limit', 'user_id': '6db6972a-11ba-4203-a80d-b435f9c20a3f', 'yes_price_dollars': '0.9000'}}",yes,1.0,0.9
passive_limit,0.1,KXTRUFTSA-26JUN04-T1720000,0.9278350515463917,,5,0,5,False,"{'order': {'action': 'buy', 'book_side': 'bid', 'client_order_id': '6f184379-35d9-486f-9162-ca85c8b3450d', 'created_time': '2026-06-04T19:40:32.093625Z', 'expiration_time': '2026-06-04T23:59:00Z', 'fill_count_fp': '0.00', 'initial_count_fp': '5.00', 'last_update_time': '2026-06-04T19:40:32.093625Z', 'maker_fees_dollars': '0.000000', 'maker_fill_cost_dollars': '0.000000', 'no_price_dollars': '0.0700', 'order_id': '370ac0fc-afb0-4614-8ce5-cba4e52173a3', 'outcome_side': 'yes', 'remaining_count_fp': '5.00', 'side': 'yes', 'status': 'resting', 'subaccount_number': 0, 'taker_fees_dollars': '0.000000', 'taker_fill_cost_dollars': '0.000000', 'ticker': 'KXTRUFTSA-26JUN04-T1720000', 'type': 'limit', 'user_id': '6db6972a-11ba-4203-a80d-b435f9c20a3f', 'yes_price_dollars': '0.9300'}}",yes,1.0,0.88
passive_limit,0.15,KXTRUFTSA-26JUN04-T1720000,0.9239130434782608,,8,5,3,False,"{'order': {'action': 'buy', 'book_side': 'bid', 'client_order_id': '82372625-2c34-467f-a841-1bb2ae14801c', 'created_time': '2026-06-04T19:40:32.191942Z', 'expiration_time': '2026-06-04T23:59:00Z', 'fill_count_fp': '0.00', 'initial_count_fp': '3.00', 'last_update_time': '2026-06-04T19:40:32.191942Z', 'maker_fees_dollars': '0.000000', 'maker_fill_cost_dollars': '0.000000', 'no_price_dollars': '0.0800', 'order_id': 'a109b0ac-374e-478e-aab2-5e7258ae9b26', 'outcome_side': 'yes', 'remaining_count_fp': '3.00', 'side': 'yes', 'status': 'resting', 'subaccount_number': 0, 'taker_fees_dollars': '0.000000', 'taker_fill_cost_dollars': '0.000000', 'ticker': 'KXTRUFTSA-26JUN04-T1720000', 'type': 'limit', 'user_id': '6db6972a-11ba-4203-a80d-b435f9c20a3f', 'yes_price_dollars': '0.9200'}}",yes,1.0,0.88
passive_limit,0.2,KXTRUFTSA-26JUN04-T1720000,0.9195402298850575,,10,8,2,False,"{'order': {'action': 'buy', 'book_side': 'bid', 'client_order_id': '1245c165-3aa0-4ede-8295-bc6e44c5e1b5', 'created_time': '2026-06-04T19:40:33.371824Z', 'expiration_time': '2026-06-04T23:59:00Z', 'fill_count_fp': '0.00', 'initial_count_fp': '2.00', 'last_update_time': '2026-06-04T19:40:33.371824Z', 'maker_fees_dollars': '0.000000', 'maker_fill_cost_dollars': '0.000000', 'no_price_dollars': '0.0800', 'order_id': 'c60d1164-15a9-4446-a763-3c475a686eca', 'outcome_side': 'yes', 'remaining_count_fp': '2.00', 'side': 'yes', 'status': 'resting', 'subaccount_number': 0, 'taker_fees_dollars': '0.000000', 'taker_fill_cost_dollars': '0.000000', 'ticker': 'KXTRUFTSA-26JUN04-T1720000', 'type': 'limit', 'user_id': '6db6972a-11ba-4203-a80d-b435f9c20a3f', 'yes_price_dollars': '0.9200'}}",yes,1.0,0.88
passive_limit,0.25,KXTRUFTSA-26JUN04-T1720000,0.9146341463414633,,13,10,3,False,"{'order': {'action': 'buy', 'book_side': 'bid', 'client_order_id': 'b45bafdb-62a8-4322-9b0e-37f5b85ccdc8', 'created_time': '2026-06-04T19:40:33.473288Z', 'expiration_time': '2026-06-04T23:59:00Z', 'fill_count_fp': '0.00', 'initial_count_fp': '3.00', 'last_update_time': '2026-06-04T19:40:33.473288Z', 'maker_fees_dollars': '0.000000', 'maker_fill_cost_dollars': '0.000000', 'no_price_dollars': '0.0900', 'order_id': 'd98f46ce-8b40-48aa-b900-c38f72dffc30', 'outcome_side': 'yes', 'remaining_count_fp': '3.00', 'side': 'yes', 'status': 'resting', 'subaccount_number': 0, 'taker_fees_dollars': '0.000000', 'taker_fill_cost_dollars': '0.000000', 'ticker': 'KXTRUFTSA-26JUN04-T1720000', 'type': 'limit', 'user_id': '6db6972a-11ba-4203-a80d-b435f9c20a3f', 'yes_price_dollars': '0.9100'}}",yes,1.0,0.88
passive_limit,0.3,KXTRUFTSA-26JUN04-T1720000,0.9090909090909091,,16,13,3,False,"{'order': {'action': 'buy', 'book_side': 'bid', 'client_order_id': '624585c7-573f-4ede-94ae-82d84a7750f9', 'created_time': '2026-06-04T19:40:34.649754Z', 'expiration_time': '2026-06-04T23:59:00Z', 'fill_count_fp': '0.00', 'initial_count_fp': '3.00', 'last_update_time': '2026-06-04T19:40:34.649754Z', 'maker_fees_dollars': '0.000000', 'maker_fill_cost_dollars': '0.000000', 'no_price_dollars': '0.0900', 'order_id': '857a7015-4a91-46cf-8b41-344b4c3bc769', 'outcome_side': 'yes', 'remaining_count_fp': '3.00', 'side': 'yes', 'status': 'resting', 'subaccount_number': 0, 'taker_fees_dollars': '0.000000', 'taker_fill_cost_dollars': '0.000000', 'ticker': 'KXTRUFTSA-26JUN04-T1720000', 'type': 'limit', 'user_id': '6db6972a-11ba-4203-a80d-b435f9c20a3f', 'yes_price_dollars': '0.9100'}}",yes,1.0,0.88
passive_limit,0.35,KXTRUFTSA-26JUN04-T1720000,0.9027777777777777,,19,16,3,False,"{'order': {'action': 'buy', 'book_side': 'bid', 'client_order_id': 'a16936c6-38c7-4089-a37c-87fdc2214356', 'created_time': '2026-06-04T19:40:34.761315Z', 'expiration_time': '2026-06-04T23:59:00Z', 'fill_count_fp': '0.00', 'initial_count_fp': '3.00', 'last_update_time': '2026-06-04T19:40:34.761315Z', 'maker_fees_dollars': '0.000000', 'maker_fill_cost_dollars': '0.000000', 'no_price_dollars': '0.1000', 'order_id': '1dd65091-7a61-442c-a5c5-ce55cedd3917', 'outcome_side': 'yes', 'remaining_count_fp': '3.00', 'side': 'yes', 'status': 'resting', 'subaccount_number': 0, 'taker_fees_dollars': '0.000000', 'taker_fill_cost_dollars': '0.000000', 'ticker': 'KXTRUFTSA-26JUN04-T1720000', 'type': 'limit', 'user_id': '6db6972a-11ba-4203-a80d-b435f9c20a3f', 'yes_price_dollars': '0.9000'}}",yes,1.0,0.88
passive_limit,0.4,KXTRUFTSA-26JUN04-T1720000,0.8955223880597014,,22,19,3,False,"{'order': {'action': 'buy', 'book_side': 'bid', 'client_order_id': 'c1027029-5d10-4b59-bc7a-715a2fadaaf8', 'created_time': '2026-06-04T19:40:35.960157Z', 'expiration_time': '2026-06-04T23:59:00Z', 'fill_count_fp': '0.00', 'initial_count_fp': '3.00', 'last_update_time': '2026-06-04T19:40:35.960157Z', 'maker_fees_dollars': '0.000000', 'maker_fill_cost_dollars': '0.000000', 'no_price_dollars': '0.1000', 'order_id': '64545233-2c9e-4355-b5bb-91e5d254dd0c', 'outcome_side': 'yes', 'remaining_count_fp': '3.00', 'side': 'yes', 'status': 'resting', 'subaccount_number': 0, 'taker_fees_dollars': '0.000000', 'taker_fill_cost_dollars': '0.000000', 'ticker': 'KXTRUFTSA-26JUN04-T1720000', 'type': 'limit', 'user_id': '6db6972a-11ba-4203-a80d-b435f9c20a3f', 'yes_price_dollars': '0.9000'}}",yes,1.0,0.88
passive_limit,0.1,KXTRUFTSA-26JUN04-T1820000,0.9278350515463917,,5,0,5,False,"{'order': {'action': 'buy', 'book_side': 'bid', 'client_order_id': '8132d32a-8eed-4f8a-8625-ae1f6f63872a', 'created_time': '2026-06-04T19:40:36.819469Z', 'expiration_time': '2026-06-04T23:59:00Z', 'fill_count_fp': '0.00', 'initial_count_fp': '5.00', 'last_update_time': '2026-06-04T19:40:36.819469Z', 'maker_fees_dollars': '0.000000', 'maker_fill_cost_dollars': '0.000000', 'no_price_dollars': '0.0700', 'order_id': 'a60f756f-9c32-438e-8925-7b2dd1537be5', 'outcome_side': 'yes', 'remaining_count_fp': '5.00', 'side': 'yes', 'status': 'resting', 'subaccount_number': 0, 'taker_fees_dollars': '0.000000', 'taker_fill_cost_dollars': '0.000000', 'ticker': 'KXTRUFTSA-26JUN04-T1820000', 'type': 'limit', 'user_id': '6db6972a-11ba-4203-a80d-b435f9c20a3f', 'yes_price_dollars': '0.9300'}}",yes,1.0,0.87
passive_limit,0.15,KXTRUFTSA-26JUN04-T1820000,0.9239130434782608,,8,5,3,False,"{'order': {'action': 'buy', 'book_side': 'bid', 'client_order_id': 'cf19ef42-b443-4b54-b717-fdaa9b254bfc', 'created_time': '2026-06-04T19:40:36.920267Z', 'expiration_time': '2026-06-04T23:59:00Z', 'fill_count_fp': '0.00', 'initial_count_fp': '3.00', 'last_update_time': '2026-06-04T19:40:36.920267Z', 'maker_fees_dollars': '0.000000', 'maker_fill_cost_dollars': '0.000000', 'no_price_dollars': '0.0800', 'order_id': 'a3939d72-803f-412b-af5e-d4388054b9c8', 'outcome_side': 'yes', 'remaining_count_fp': '3.00', 'side': 'yes', 'status': 'resting', 'subaccount_number': 0, 'taker_fees_dollars': '0.000000', 'taker_fill_cost_dollars': '0.000000', 'ticker': 'KXTRUFTSA-26JUN04-T1820000', 'type': 'limit', 'user_id': '6db6972a-11ba-4203-a80d-b435f9c20a3f', 'yes_price_dollars': '0.9200'}}",yes,1.0,0.87
passive_limit,0.2,KXTRUFTSA-26JUN04-T1820000,0.9195402298850575,,10,8,2,False,"{'order': {'action': 'buy', 'book_side': 'bid', 'client_order_id': '5d9e636c-e797-4c60-919f-21ef7c304278', 'created_time': '2026-06-04T19:40:38.151432Z', 'expiration_time': '2026-06-04T23:59:00Z', 'fill_count_fp': '0.00', 'initial_count_fp': '2.00', 'last_update_time': '2026-06-04T19:40:38.151432Z', 'maker_fees_dollars': '0.000000', 'maker_fill_cost_dollars': '0.000000', 'no_price_dollars': '0.0800', 'order_id': '6676d6e2-fe5b-42f9-a09c-39e0b673a57f', 'outcome_side': 'yes', 'remaining_count_fp': '2.00', 'side': 'yes', 'status': 'resting', 'subaccount_number': 0, 'taker_fees_dollars': '0.000000', 'taker_fill_cost_dollars': '0.000000', 'ticker': 'KXTRUFTSA-26JUN04-T1820000', 'type': 'limit', 'user_id': '6db6972a-11ba-4203-a80d-b435f9c20a3f', 'yes_price_dollars': '0.9200'}}",yes,1.0,0.87
passive_limit,0.25,KXTRUFTSA-26JUN04-T1820000,0.9146341463414633,,13,10,3,False,"{'order': {'action': 'buy', 'book_side': 'bid', 'client_order_id': 'fc6c7fd4-7ce8-4003-9bec-6c58bb3e4674', 'created_time': '2026-06-04T19:40:38.259945Z', 'expiration_time': '2026-06-04T23:59:00Z', 'fill_count_fp': '0.00', 'initial_count_fp': '3.00', 'last_update_time': '2026-06-04T19:40:38.259945Z', 'maker_fees_dollars': '0.000000', 'maker_fill_cost_dollars': '0.000000', 'no_price_dollars': '0.0900', 'order_id': '98b28aea-41bc-443d-afb4-ea2e06e23ea6', 'outcome_side': 'yes', 'remaining_count_fp': '3.00', 'side': 'yes', 'status': 'resting', 'subaccount_number': 0, 'taker_fees_dollars': '0.000000', 'taker_fill_cost_dollars': '0.000000', 'ticker': 'KXTRUFTSA-26JUN04-T1820000', 'type': 'limit', 'user_id': '6db6972a-11ba-4203-a80d-b435f9c20a3f', 'yes_price_dollars': '0.9100'}}",yes,1.0,0.87
passive_limit,0.3,KXTRUFTSA-26JUN04-T1820000,0.9090909090909091,,16,13,3,False,"{'order': {'action': 'buy', 'book_side': 'bid', 'client_order_id': '07790aa3-062f-408f-8802-b68329751795', 'created_time': '2026-06-04T19:40:39.428796Z', 'expiration_time': '2026-06-04T23:59:00Z', 'fill_count_fp': '0.00', 'initial_count_fp': '3.00', 'last_update_time': '2026-06-04T19:40:39.428796Z', 'maker_fees_dollars': '0.000000', 'maker_fill_cost_dollars': '0.000000', 'no_price_dollars': '0.0900', 'order_id': 'e423ba6f-635f-485d-993a-97298033307e', 'outcome_side': 'yes', 'remaining_count_fp': '3.00', 'side': 'yes', 'status': 'resting', 'subaccount_number': 0, 'taker_fees_dollars': '0.000000', 'taker_fill_cost_dollars': '0.000000', 'ticker': 'KXTRUFTSA-26JUN04-T1820000', 'type': 'limit', 'user_id': '6db6972a-11ba-4203-a80d-b435f9c20a3f', 'yes_price_dollars': '0.9100'}}",yes,1.0,0.87
passive_limit,0.35,KXTRUFTSA-26JUN04-T1820000,0.9027777777777777,,19,16,3,False,"{'order': {'action': 'buy', 'book_side': 'bid', 'client_order_id': 'e0d1b7b3-8b7b-41f2-9dda-9e4dd5aa3315', 'created_time': '2026-06-04T19:40:39.532307Z', 'expiration_time': '2026-06-04T23:59:00Z', 'fill_count_fp': '0.00', 'initial_count_fp': '3.00', 'last_update_time': '2026-06-04T19:40:39.532307Z', 'maker_fees_dollars': '0.000000', 'maker_fill_cost_dollars': '0.000000', 'no_price_dollars': '0.1000', 'order_id': 'a34acba5-0617-488a-8380-1c12429314b6', 'outcome_side': 'yes', 'remaining_count_fp': '3.00', 'side': 'yes', 'status': 'resting', 'subaccount_number': 0, 'taker_fees_dollars': '0.000000', 'taker_fill_cost_dollars': '0.000000', 'ticker': 'KXTRUFTSA-26JUN04-T1820000', 'type': 'limit', 'user_id': '6db6972a-11ba-4203-a80d-b435f9c20a3f', 'yes_price_dollars': '0.9000'}}",yes,1.0,0.87
passive_limit,0.4,KXTRUFTSA-26JUN04-T1820000,0.8955223880597014,,22,19,3,False,"{'order': {'action': 'buy', 'book_side': 'bid', 'client_order_id': '27c05e5c-48af-42b3-954b-c216842ad6c2', 'created_time': '2026-06-04T19:40:40.740523Z', 'expiration_time': '2026-06-04T23:59:00Z', 'fill_count_fp': '0.00', 'initial_count_fp': '3.00', 'last_update_time': '2026-06-04T19:40:40.740523Z', 'maker_fees_dollars': '0.000000', 'maker_fill_cost_dollars': '0.000000', 'no_price_dollars': '0.1000', 'order_id': '79283fea-a316-4995-92b1-73baadeeacf5', 'outcome_side': 'yes', 'remaining_count_fp': '3.00', 'side': 'yes', 'status': 'resting', 'subaccount_number': 0, 'taker_fees_dollars': '0.000000', 'taker_fill_cost_dollars': '0.000000', 'ticker': 'KXTRUFTSA-26JUN04-T1820000', 'type': 'limit', 'user_id': '6db6972a-11ba-4203-a80d-b435f9c20a3f', 'yes_price_dollars': '0.9000'}}",yes,1.0,0.87
passive_limit,0.1,KXTRUFTSA-26JUN04-T1920000,0.9278350515463917,,5,0,5,False,"{'order': {'action': 'buy', 'book_side': 'bid', 'client_order_id': 'a7a02563-efc2-4151-a653-fbbc809b176e', 'created_time': '2026-06-04T19:40:41.618926Z', 'expiration_time': '2026-06-04T23:59:00Z', 'fill_count_fp': '0.00', 'initial_count_fp': '5.00', 'last_update_time': '2026-06-04T19:40:41.618926Z', 'maker_fees_dollars': '0.000000', 'maker_fill_cost_dollars': '0.000000', 'no_price_dollars': '0.0700', 'order_id': 'd1fba3fd-aae0-4513-90c7-f51e11bf1dc9', 'outcome_side': 'yes', 'remaining_count_fp': '5.00', 'side': 'yes', 'status': 'resting', 'subaccount_number': 0, 'taker_fees_dollars': '0.000000', 'taker_fill_cost_dollars': '0.000000', 'ticker': 'KXTRUFTSA-26JUN04-T1920000', 'type': 'limit', 'user_id': '6db6972a-11ba-4203-a80d-b435f9c20a3f', 'yes_price_dollars': '0.9300'}}",yes,1.0,0.87
passive_limit,0.15,KXTRUFTSA-26JUN04-T1920000,0.9239130434782608,,8,5,3,False,"{'order': {'action': 'buy', 'book_side': 'bid', 'client_order_id': '77898e5d-cbcf-4373-8580-9a1d17fce7c7', 'created_time': '2026-06-04T19:40:41.714376Z', 'expiration_time': '2026-06-04T23:59:00Z', 'fill_count_fp': '0.00', 'initial_count_fp': '3.00', 'last_update_time': '2026-06-04T19:40:41.714376Z', 'maker_fees_dollars': '0.000000', 'maker_fill_cost_dollars': '0.000000', 'no_price_dollars': '0.0800', 'order_id': '4bea90e1-71c3-4289-bfa9-fd8360c3bdec', 'outcome_side': 'yes', 'remaining_count_fp': '3.00', 'side': 'yes', 'status': 'resting', 'subaccount_number': 0, 'taker_fees_dollars': '0.000000', 'taker_fill_cost_dollars': '0.000000', 'ticker': 'KXTRUFTSA-26JUN04-T1920000', 'type': 'limit', 'user_id': '6db6972a-11ba-4203-a80d-b435f9c20a3f', 'yes_price_dollars': '0.9200'}}",yes,1.0,0.87
passive_limit,0.2,KXTRUFTSA-26JUN04-T1920000,0.9195402298850575,,10,8,2,False,"{'order': {'action': 'buy', 'book_side': 'bid', 'client_order_id': '65b2c80c-db33-4d1f-85d2-a8802cbcbd70', 'created_time': '2026-06-04T19:40:42.905086Z', 'expiration_time': '2026-06-04T23:59:00Z', 'fill_count_fp': '0.00', 'initial_count_fp': '2.00', 'last_update_time': '2026-06-04T19:40:42.905086Z', 'maker_fees_dollars': '0.000000', 'maker_fill_cost_dollars': '0.000000', 'no_price_dollars': '0.0800', 'order_id': '84b411f4-1191-4f18-9516-82c2afdb8e32', 'outcome_side': 'yes', 'remaining_count_fp': '2.00', 'side': 'yes', 'status': 'resting', 'subaccount_number': 0, 'taker_fees_dollars': '0.000000', 'taker_fill_cost_dollars': '0.000000', 'ticker': 'KXTRUFTSA-26JUN04-T1920000', 'type': 'limit', 'user_id': '6db6972a-11ba-4203-a80d-b435f9c20a3f', 'yes_price_dollars': '0.9200'}}",yes,1.0,0.87
passive_limit,0.25,KXTRUFTSA-26JUN04-T1920000,0.9146341463414633,,13,10,3,False,"{'order': {'action': 'buy', 'book_side': 'bid', 'client_order_id': 'a368c282-cd3d-4ec3-a9f4-58f186ba6f6c', 'created_time': '2026-06-04T19:40:43.009663Z', 'expiration_time': '2026-06-04T23:59:00Z', 'fill_count_fp': '0.00', 'initial_count_fp': '3.00', 'last_update_time': '2026-06-04T19:40:43.009663Z', 'maker_fees_dollars': '0.000000', 'maker_fill_cost_dollars': '0.000000', 'no_price_dollars': '0.0900', 'order_id': '5b2295c5-e0af-4415-8edd-c198c05d5bf4', 'outcome_side': 'yes', 'remaining_count_fp': '3.00', 'side': 'yes', 'status': 'resting', 'subaccount_number': 0, 'taker_fees_dollars': '0.000000', 'taker_fill_cost_dollars': '0.000000', 'ticker': 'KXTRUFTSA-26JUN04-T1920000', 'type': 'limit', 'user_id': '6db6972a-11ba-4203-a80d-b435f9c20a3f', 'yes_price_dollars': '0.9100'}}",yes,1.0,0.87
passive_limit,0.3,KXTRUFTSA-26JUN04-T1920000,0.9090909090909091,,16,13,3,False,"{'order': {'action': 'buy', 'book_side': 'bid', 'client_order_id': '526d3dd4-6b98-4682-92d2-a68c3c8df257', 'created_time': '2026-06-04T19:40:44.186987Z', 'expiration_time': '2026-06-04T23:59:00Z', 'fill_count_fp': '0.00', 'initial_count_fp': '3.00', 'last_update_time': '2026-06-04T19:40:44.186987Z', 'maker_fees_dollars': '0.000000', 'maker_fill_cost_dollars': '0.000000', 'no_price_dollars': '0.0900', 'order_id': 'ef52f6ff-9248-4f25-a3ea-caaaba5ac912', 'outcome_side': 'yes', 'remaining_count_fp': '3.00', 'side': 'yes', 'status': 'resting', 'subaccount_number': 0, 'taker_fees_dollars': '0.000000', 'taker_fill_cost_dollars': '0.000000', 'ticker': 'KXTRUFTSA-26JUN04-T1920000', 'type': 'limit', 'user_id': '6db6972a-11ba-4203-a80d-b435f9c20a3f', 'yes_price_dollars': '0.9100'}}",yes,1.0,0.87
passive_limit,0.35,KXTRUFTSA-26JUN04-T1920000,0.9027777777777777,,19,16,3,False,"{'order': {'action': 'buy', 'book_side': 'bid', 'client_order_id': 'c3635979-e8c1-4218-a229-a5717474b63f', 'created_time': '2026-06-04T19:40:44.28583Z', 'expiration_time': '2026-06-04T23:59:00Z', 'fill_count_fp': '0.00', 'initial_count_fp': '3.00', 'last_update_time': '2026-06-04T19:40:44.28583Z', 'maker_fees_dollars': '0.000000', 'maker_fill_cost_dollars': '0.000000', 'no_price_dollars': '0.1000', 'order_id': '4baf5f13-570e-48c6-8721-37f64e7acc27', 'outcome_side': 'yes', 'remaining_count_fp': '3.00', 'side': 'yes', 'status': 'resting', 'subaccount_number': 0, 'taker_fees_dollars': '0.000000', 'taker_fill_cost_dollars': '0.000000', 'ticker': 'KXTRUFTSA-26JUN04-T1920000', 'type': 'limit', 'user_id': '6db6972a-11ba-4203-a80d-b435f9c20a3f', 'yes_price_dollars': '0.9000'}}",yes,1.0,0.87
passive_limit,0.4,KXTRUFTSA-26JUN04-T1920000,0.8955223880597014,,22,19,3,False,"{'order': {'action': 'buy', 'book_side': 'bid', 'client_order_id': '7aa5f729-0138-4744-a655-cc54cf056c24', 'created_time': '2026-06-04T19:40:45.482333Z', 'expiration_time': '2026-06-04T23:59:00Z', 'fill_count_fp': '0.00', 'initial_count_fp': '3.00', 'last_update_time': '2026-06-04T19:40:45.482333Z', 'maker_fees_dollars': '0.000000', 'maker_fill_cost_dollars': '0.000000', 'no_price_dollars': '0.1000', 'order_id': '6c8e61eb-9797-4d6d-8267-eaffcff4d4df', 'outcome_side': 'yes', 'remaining_count_fp': '3.00', 'side': 'yes', 'status': 'resting', 'subaccount_number': 0, 'taker_fees_dollars': '0.000000', 'taker_fill_cost_dollars': '0.000000', 'ticker': 'KXTRUFTSA-26JUN04-T1920000', 'type': 'limit', 'user_id': '6db6972a-11ba-4203-a80d-b435f9c20a3f', 'yes_price_dollars': '0.9000'}}",yes,1.0,0.87
passive_limit,0.1,KXTRUFTSA-26JUN04-T2020000,0.9278350515463917,,5,0,5,False,"{'order': {'action': 'buy', 'book_side': 'bid', 'client_order_id': 'c3713ffe-7730-42fa-b106-845f87c21c21', 'created_time': '2026-06-04T19:40:46.340816Z', 'expiration_time': '2026-06-04T23:59:00Z', 'fill_count_fp': '0.00', 'initial_count_fp': '5.00', 'last_update_time': '2026-06-04T19:40:46.340816Z', 'maker_fees_dollars': '0.000000', 'maker_fill_cost_dollars': '0.000000', 'no_price_dollars': '0.0700', 'order_id': '7310607e-9095-43d7-b705-dd38b5e0463a', 'outcome_side': 'yes', 'remaining_count_fp': '5.00', 'side': 'yes', 'status': 'resting', 'subaccount_number': 0, 'taker_fees_dollars': '0.000000', 'taker_fill_cost_dollars': '0.000000', 'ticker': 'KXTRUFTSA-26JUN04-T2020000', 'type': 'limit', 'user_id': '6db6972a-11ba-4203-a80d-b435f9c20a3f', 'yes_price_dollars': '0.9300'}}",yes,1.0,0.89
passive_limit,0.15,KXTRUFTSA-26JUN04-T2020000,0.9239130434782608,,8,5,3,False,"{'order': {'action': 'buy', 'book_side': 'bid', 'client_order_id': '3528429b-afaf-4ed4-9316-28c4df89ab18', 'created_time': '2026-06-04T19:40:46.437253Z', 'expiration_time': '2026-06-04T23:59:00Z', 'fill_count_fp': '0.00', 'initial_count_fp': '3.00', 'last_update_time': '2026-06-04T19:40:46.437253Z', 'maker_fees_dollars': '0.000000', 'maker_fill_cost_dollars': '0.000000', 'no_price_dollars': '0.0800', 'order_id': 'f2fc699f-5499-43e3-8993-6aab22e8e235', 'outcome_side': 'yes', 'remaining_count_fp': '3.00', 'side': 'yes', 'status': 'resting', 'subaccount_number': 0, 'taker_fees_dollars': '0.000000', 'taker_fill_cost_dollars': '0.000000', 'ticker': 'KXTRUFTSA-26JUN04-T2020000', 'type': 'limit', 'user_id': '6db6972a-11ba-4203-a80d-b435f9c20a3f', 'yes_price_dollars': '0.9200'}}",yes,1.0,0.89
passive_limit,0.2,KXTRUFTSA-26JUN04-T2020000,0.9195402298850575,,10,8,2,False,"{'order': {'action': 'buy', 'book_side': 'bid', 'client_order_id': '2152bc59-ea18-4a3b-be65-2a5c81869715', 'created_time': '2026-06-04T19:40:47.610549Z', 'expiration_time': '2026-06-04T23:59:00Z', 'fill_count_fp': '0.00', 'initial_count_fp': '2.00', 'last_update_time': '2026-06-04T19:40:47.610549Z', 'maker_fees_dollars': '0.000000', 'maker_fill_cost_dollars': '0.000000', 'no_price_dollars': '0.0800', 'order_id': '62afad26-daed-44a7-879a-a4619ecd1291', 'outcome_side': 'yes', 'remaining_count_fp': '2.00', 'side': 'yes', 'status': 'resting', 'subaccount_number': 0, 'taker_fees_dollars': '0.000000', 'taker_fill_cost_dollars': '0.000000', 'ticker': 'KXTRUFTSA-26JUN04-T2020000', 'type': 'limit', 'user_id': '6db6972a-11ba-4203-a80d-b435f9c20a3f', 'yes_price_dollars': '0.9200'}}",yes,1.0,0.89
passive_limit,0.25,KXTRUFTSA-26JUN04-T2020000,0.9146341463414633,,13,10,3,False,"{'order': {'action': 'buy', 'book_side': 'bid', 'client_order_id': '7ffb4a6b-e737-4d0a-8f49-ab492c7a56d5', 'created_time': '2026-06-04T19:40:47.718897Z', 'expiration_time': '2026-06-04T23:59:00Z', 'fill_count_fp': '0.00', 'initial_count_fp': '3.00', 'last_update_time': '2026-06-04T19:40:47.718897Z', 'maker_fees_dollars': '0.000000', 'maker_fill_cost_dollars': '0.000000', 'no_price_dollars': '0.0900', 'order_id': 'ae3eb72e-c809-4cea-a0a5-a09b068cf664', 'outcome_side': 'yes', 'remaining_count_fp': '3.00', 'side': 'yes', 'status': 'resting', 'subaccount_number': 0, 'taker_fees_dollars': '0.000000', 'taker_fill_cost_dollars': '0.000000', 'ticker': 'KXTRUFTSA-26JUN04-T2020000', 'type': 'limit', 'user_id': '6db6972a-11ba-4203-a80d-b435f9c20a3f', 'yes_price_dollars': '0.9100'}}",yes,1.0,0.89
passive_limit,0.3,KXTRUFTSA-26JUN04-T2020000,0.9090909090909091,,16,13,3,False,"{'order': {'action': 'buy', 'book_side': 'bid', 'client_order_id': '26912901-2605-49ac-8bbc-f42545a4f804', 'created_time': '2026-06-04T19:40:48.897962Z', 'expiration_time': '2026-06-04T23:59:00Z', 'fill_count_fp': '0.00', 'initial_count_fp': '3.00', 'last_update_time': '2026-06-04T19:40:48.897962Z', 'maker_fees_dollars': '0.000000', 'maker_fill_cost_dollars': '0.000000', 'no_price_dollars': '0.0900', 'order_id': '94c5c444-846f-45ea-a2bf-0e5f47c9ae47', 'outcome_side': 'yes', 'remaining_count_fp': '3.00', 'side': 'yes', 'status': 'resting', 'subaccount_number': 0, 'taker_fees_dollars': '0.000000', 'taker_fill_cost_dollars': '0.000000', 'ticker': 'KXTRUFTSA-26JUN04-T2020000', 'type': 'limit', 'user_id': '6db6972a-11ba-4203-a80d-b435f9c20a3f', 'yes_price_dollars': '0.9100'}}",yes,1.0,0.89
passive_limit,0.35,KXTRUFTSA-26JUN04-T2020000,0.9027777777777777,,19,16,3,False,"{'order': {'action': 'buy', 'book_side': 'bid', 'client_order_id': 'd476dad0-b019-416c-8fae-157d7cba3fe9', 'created_time': '2026-06-04T19:40:49.026757Z', 'expiration_time': '2026-06-04T23:59:00Z', 'fill_count_fp': '0.00', 'initial_count_fp': '3.00', 'last_update_time': '2026-06-04T19:40:49.026757Z', 'maker_fees_dollars': '0.000000', 'maker_fill_cost_dollars': '0.000000', 'no_price_dollars': '0.1000', 'order_id': '10c86eb3-47f7-4b72-a8d2-4a88c06f1f63', 'outcome_side': 'yes', 'remaining_count_fp': '3.00', 'side': 'yes', 'status': 'resting', 'subaccount_number': 0, 'taker_fees_dollars': '0.000000', 'taker_fill_cost_dollars': '0.000000', 'ticker': 'KXTRUFTSA-26JUN04-T2020000', 'type': 'limit', 'user_id': '6db6972a-11ba-4203-a80d-b435f9c20a3f', 'yes_price_dollars': '0.9000'}}",yes,1.0,0.89
passive_limit,0.4,KXTRUFTSA-26JUN04-T2020000,0.8955223880597014,,22,19,3,False,"{'order': {'action': 'buy', 'book_side': 'bid', 'client_order_id': 'ddeb317b-37c9-455e-9282-2dda3bb05cca', 'created_time': '2026-06-04T19:40:50.199627Z', 'expiration_time': '2026-06-04T23:59:00Z', 'fill_count_fp': '0.00', 'initial_count_fp': '3.00', 'last_update_time': '2026-06-04T19:40:50.199627Z', 'maker_fees_dollars': '0.000000', 'maker_fill_cost_dollars': '0.000000', 'no_price_dollars': '0.1000', 'order_id': '279902b2-a031-4bf2-81ee-e005d2cc39fb', 'outcome_side': 'yes', 'remaining_count_fp': '3.00', 'side': 'yes', 'status': 'resting', 'subaccount_number': 0, 'taker_fees_dollars': '0.000000', 'taker_fill_cost_dollars': '0.000000', 'ticker': 'KXTRUFTSA-26JUN04-T2020000', 'type': 'limit', 'user_id': '6db6972a-11ba-4203-a80d-b435f9c20a3f', 'yes_price_dollars': '0.9000'}}",yes,1.0,0.89
passive_limit,0.1,KXTRUFTSA-26JUN04-T2120000,0.9278350515463917,,5,0,5,False,"{'order': {'action': 'buy', 'book_side': 'bid', 'client_order_id': '36e321f2-625b-41d3-a01b-632a5c877c24', 'created_time': '2026-06-04T19:40:51.040831Z', 'expiration_time': '2026-06-04T23:59:00Z', 'fill_count_fp': '0.00', 'initial_count_fp': '5.00', 'last_update_time': '2026-06-04T19:40:51.040831Z', 'maker_fees_dollars': '0.000000', 'maker_fill_cost_dollars': '0.000000', 'no_price_dollars': '0.0700', 'order_id': 'e4ede847-97f1-4179-8603-4f09031265f6', 'outcome_side': 'yes', 'remaining_count_fp': '5.00', 'side': 'yes', 'status': 'resting', 'subaccount_number': 0, 'taker_fees_dollars': '0.000000', 'taker_fill_cost_dollars': '0.000000', 'ticker': 'KXTRUFTSA-26JUN04-T2120000', 'type': 'limit', 'user_id': '6db6972a-11ba-4203-a80d-b435f9c20a3f', 'yes_price_dollars': '0.9300'}}",yes,1.0,0.92
passive_limit,0.15,KXTRUFTSA-26JUN04-T2120000,0.9239130434782608,,8,5,3,False,"{'order': {'action': 'buy', 'book_side': 'bid', 'client_order_id': 'b962c1f4-6ac7-4ec5-933d-d75bf6d18255', 'created_time': '2026-06-04T19:40:51.140029Z', 'expiration_time': '2026-06-04T23:59:00Z', 'fill_count_fp': '0.00', 'initial_count_fp': '3.00', 'last_update_time': '2026-06-04T19:40:51.140029Z', 'maker_fees_dollars': '0.000000', 'maker_fill_cost_dollars': '0.000000', 'no_price_dollars': '0.0800', 'order_id': '442d18cd-a865-4e51-8da9-e9845c047590', 'outcome_side': 'yes', 'remaining_count_fp': '3.00', 'side': 'yes', 'status': 'resting', 'subaccount_number': 0, 'taker_fees_dollars': '0.000000', 'taker_fill_cost_dollars': '0.000000', 'ticker': 'KXTRUFTSA-26JUN04-T2120000', 'type': 'limit', 'user_id': '6db6972a-11ba-4203-a80d-b435f9c20a3f', 'yes_price_dollars': '0.9200'}}",yes,1.0,0.92
passive_limit,0.2,KXTRUFTSA-26JUN04-T2120000,0.9195402298850575,,10,8,2,False,"{'order': {'action': 'buy', 'book_side': 'bid', 'client_order_id': '88a40ea0-d63b-4869-bd14-7ffa7059194d', 'created_time': '2026-06-04T19:40:52.31778Z', 'expiration_time': '2026-06-04T23:59:00Z', 'fill_count_fp': '0.00', 'initial_count_fp': '2.00', 'last_update_time': '2026-06-04T19:40:52.31778Z', 'maker_fees_dollars': '0.000000', 'maker_fill_cost_dollars': '0.000000', 'no_price_dollars': '0.0800', 'order_id': '1ea8738f-08dd-4cdd-9a05-ebb11a87009a', 'outcome_side': 'yes', 'remaining_count_fp': '2.00', 'side': 'yes', 'status': 'resting', 'subaccount_number': 0, 'taker_fees_dollars': '0.000000', 'taker_fill_cost_dollars': '0.000000', 'ticker': 'KXTRUFTSA-26JUN04-T2120000', 'type': 'limit', 'user_id': '6db6972a-11ba-4203-a80d-b435f9c20a3f', 'yes_price_dollars': '0.9200'}}",yes,1.0,0.92
passive_limit,0.25,KXTRUFTSA-26JUN04-T2120000,0.9146341463414633,,13,10,3,False,"{'order': {'action': 'buy', 'book_side': 'bid', 'client_order_id': 'd02dcd5c-11e3-45bf-a063-072d5f9a6fa6', 'created_time': '2026-06-04T19:40:52.409279Z', 'expiration_time': '2026-06-04T23:59:00Z', 'fill_count_fp': '0.00', 'initial_count_fp': '3.00', 'last_update_time': '2026-06-04T19:40:52.409279Z', 'maker_fees_dollars': '0.000000', 'maker_fill_cost_dollars': '0.000000', 'no_price_dollars': '0.0900', 'order_id': 'f250d16a-9220-45db-8a38-02fdc62a7eb6', 'outcome_side': 'yes', 'remaining_count_fp': '3.00', 'side': 'yes', 'status': 'resting', 'subaccount_number': 0, 'taker_fees_dollars': '0.000000', 'taker_fill_cost_dollars': '0.000000', 'ticker': 'KXTRUFTSA-26JUN04-T2120000', 'type': 'limit', 'user_id': '6db6972a-11ba-4203-a80d-b435f9c20a3f', 'yes_price_dollars': '0.9100'}}",yes,1.0,0.92
passive_limit,0.3,KXTRUFTSA-26JUN04-T2120000,0.9090909090909091,,16,13,3,False,"{'order': {'action': 'buy', 'book_side': 'bid', 'client_order_id': '864edad5-26ac-40f2-905d-ff8f8da0df6f', 'created_time': '2026-06-04T19:40:53.601795Z', 'expiration_time': '2026-06-04T23:59:00Z', 'fill_count_fp': '0.00', 'initial_count_fp': '3.00', 'last_update_time': '2026-06-04T19:40:53.601795Z', 'maker_fees_dollars': '0.000000', 'maker_fill_cost_dollars': '0.000000', 'no_price_dollars': '0.0900', 'order_id': '48dd133b-5753-437a-a01e-1436a7a83142', 'outcome_side': 'yes', 'remaining_count_fp': '3.00', 'side': 'yes', 'status': 'resting', 'subaccount_number': 0, 'taker_fees_dollars': '0.000000', 'taker_fill_cost_dollars': '0.000000', 'ticker': 'KXTRUFTSA-26JUN04-T2120000', 'type': 'limit', 'user_id': '6db6972a-11ba-4203-a80d-b435f9c20a3f', 'yes_price_dollars': '0.9100'}}",yes,1.0,0.92
passive_limit,0.35,KXTRUFTSA-26JUN04-T2120000,0.9027777777777777,,19,16,3,False,"{'order': {'action': 'buy', 'book_side': 'bid', 'client_order_id': 'f5ee31b8-3928-446e-b432-92a34046a835', 'created_time': '2026-06-04T19:40:53.706212Z', 'expiration_time': '2026-06-04T23:59:00Z', 'fill_count_fp': '0.00', 'initial_count_fp': '3.00', 'last_update_time': '2026-06-04T19:40:53.706212Z', 'maker_fees_dollars': '0.000000', 'maker_fill_cost_dollars': '0.000000', 'no_price_dollars': '0.1000', 'order_id': 'f7aaf6aa-fe22-4267-b08d-04944730af82', 'outcome_side': 'yes', 'remaining_count_fp': '3.00', 'side': 'yes', 'status': 'resting', 'subaccount_number': 0, 'taker_fees_dollars': '0.000000', 'taker_fill_cost_dollars': '0.000000', 'ticker': 'KXTRUFTSA-26JUN04-T2120000', 'type': 'limit', 'user_id': '6db6972a-11ba-4203-a80d-b435f9c20a3f', 'yes_price_dollars': '0.9000'}}",yes,1.0,0.92
passive_limit,0.4,KXTRUFTSA-26JUN04-T2120000,0.8955223880597014,,22,19,3,False,"{'order': {'action': 'buy', 'book_side': 'bid', 'client_order_id': 'd158183b-2fb4-44f1-b4de-49c04bd769c2', 'created_time': '2026-06-04T19:40:54.916066Z', 'expiration_time': '2026-06-04T23:59:00Z', 'fill_count_fp': '0.00', 'initial_count_fp': '3.00', 'last_update_time': '2026-06-04T19:40:54.916066Z', 'maker_fees_dollars': '0.000000', 'maker_fill_cost_dollars': '0.000000', 'no_price_dollars': '0.1000', 'order_id': 'b3b0e6a8-2eaf-4cfa-bf9b-7f4c7e1fe8a5', 'outcome_side': 'yes', 'remaining_count_fp': '3.00', 'side': 'yes', 'status': 'resting', 'subaccount_number': 0, 'taker_fees_dollars': '0.000000', 'taker_fill_cost_dollars': '0.000000', 'ticker': 'KXTRUFTSA-26JUN04-T2120000', 'type': 'limit', 'user_id': '6db6972a-11ba-4203-a80d-b435f9c20a3f', 'yes_price_dollars': '0.9000'}}",yes,1.0,0.92
passive_limit,0.1,KXTRUFTSA-26JUN04-T2220000,0.9278350515463917,,5,0,5,False,"{'order': {'action': 'buy', 'book_side': 'bid', 'client_order_id': 'c255fe62-8b20-4a77-a8fb-e1862d54b434', 'created_time': '2026-06-04T19:40:55.840505Z', 'expiration_time': '2026-06-04T23:59:00Z', 'fill_count_fp': '0.00', 'initial_count_fp': '5.00', 'last_update_time': '2026-06-04T19:40:55.840505Z', 'maker_fees_dollars': '0.000000', 'maker_fill_cost_dollars': '0.000000', 'no_price_dollars': '0.0700', 'order_id': '0a10ac2b-e72c-4149-8d39-3311e1ba6e76', 'outcome_side': 'yes', 'remaining_count_fp': '5.00', 'side': 'yes', 'status': 'resting', 'subaccount_number': 0, 'taker_fees_dollars': '0.000000', 'taker_fill_cost_dollars': '0.000000', 'ticker': 'KXTRUFTSA-26JUN04-T2220000', 'type': 'limit', 'user_id': '6db6972a-11ba-4203-a80d-b435f9c20a3f', 'yes_price_dollars': '0.9300'}}",yes,1.0,0.94
passive_limit,0.15,KXTRUFTSA-26JUN04-T2220000,0.9239130434782608,,8,5,3,False,"{'order': {'action': 'buy', 'book_side': 'bid', 'client_order_id': '12b1e6aa-4e2a-4c80-bb57-ed13ec5d4941', 'created_time': '2026-06-04T19:40:55.950744Z', 'expiration_time': '2026-06-04T23:59:00Z', 'fill_count_fp': '0.00', 'initial_count_fp': '3.00', 'last_update_time': '2026-06-04T19:40:55.950744Z', 'maker_fees_dollars': '0.000000', 'maker_fill_cost_dollars': '0.000000', 'no_price_dollars': '0.0800', 'order_id': '87d02df3-a570-47a2-8d11-1f4c611e069b', 'outcome_side': 'yes', 'remaining_count_fp': '3.00', 'side': 'yes', 'status': 'resting', 'subaccount_number': 0, 'taker_fees_dollars': '0.000000', 'taker_fill_cost_dollars': '0.000000', 'ticker': 'KXTRUFTSA-26JUN04-T2220000', 'type': 'limit', 'user_id': '6db6972a-11ba-4203-a80d-b435f9c20a3f', 'yes_price_dollars': '0.9200'}}",yes,1.0,0.94
passive_limit,0.2,KXTRUFTSA-26JUN04-T2220000,0.9195402298850575,,10,8,2,False,"{'order': {'action': 'buy', 'book_side': 'bid', 'client_order_id': '46f1513c-12f9-4dac-8a39-5e05fff896ca', 'created_time': '2026-06-04T19:40:57.176904Z', 'expiration_time': '2026-06-04T23:59:00Z', 'fill_count_fp': '0.00', 'initial_count_fp': '2.00', 'last_update_time': '2026-06-04T19:40:57.176904Z', 'maker_fees_dollars': '0.000000', 'maker_fill_cost_dollars': '0.000000', 'no_price_dollars': '0.0800', 'order_id': 'a46fab8e-2ab6-479f-a7ca-689bc64c42e9', 'outcome_side': 'yes', 'remaining_count_fp': '2.00', 'side': 'yes', 'status': 'resting', 'subaccount_number': 0, 'taker_fees_dollars': '0.000000', 'taker_fill_cost_dollars': '0.000000', 'ticker': 'KXTRUFTSA-26JUN04-T2220000', 'type': 'limit', 'user_id': '6db6972a-11ba-4203-a80d-b435f9c20a3f', 'yes_price_dollars': '0.9200'}}",yes,1.0,0.94
passive_limit,0.25,KXTRUFTSA-26JUN04-T2220000,0.9146341463414633,,13,10,3,False,"{'order': {'action': 'buy', 'book_side': 'bid', 'client_order_id': '45314f6c-f32d-4c87-9718-808bed5b6297', 'created_time': '2026-06-04T19:40:57.28863Z', 'expiration_time': '2026-06-04T23:59:00Z', 'fill_count_fp': '0.00', 'initial_count_fp': '3.00', 'last_update_time': '2026-06-04T19:40:57.28863Z', 'maker_fees_dollars': '0.000000', 'maker_fill_cost_dollars': '0.000000', 'no_price_dollars': '0.0900', 'order_id': '85e453d3-abba-426a-9405-b52d50fdf6c2', 'outcome_side': 'yes', 'remaining_count_fp': '3.00', 'side': 'yes', 'status': 'resting', 'subaccount_number': 0, 'taker_fees_dollars': '0.000000', 'taker_fill_cost_dollars': '0.000000', 'ticker': 'KXTRUFTSA-26JUN04-T2220000', 'type': 'limit', 'user_id': '6db6972a-11ba-4203-a80d-b435f9c20a3f', 'yes_price_dollars': '0.9100'}}",yes,1.0,0.94
passive_limit,0.3,KXTRUFTSA-26JUN04-T2220000,0.9090909090909091,,16,13,3,False,"{'order': {'action': 'buy', 'book_side': 'bid', 'client_order_id': '897fc2a9-1213-4191-87b2-c1724125d2ef', 'created_time': '2026-06-04T19:40:58.483505Z', 'expiration_time': '2026-06-04T23:59:00Z', 'fill_count_fp': '0.00', 'initial_count_fp': '3.00', 'last_update_time': '2026-06-04T19:40:58.483505Z', 'maker_fees_dollars': '0.000000', 'maker_fill_cost_dollars': '0.000000', 'no_price_dollars': '0.0900', 'order_id': 'b0bed217-aecf-4a02-b5ed-e52475b09ada', 'outcome_side': 'yes', 'remaining_count_fp': '3.00', 'side': 'yes', 'status': 'resting', 'subaccount_number': 0, 'taker_fees_dollars': '0.000000', 'taker_fill_cost_dollars': '0.000000', 'ticker': 'KXTRUFTSA-26JUN04-T2220000', 'type': 'limit', 'user_id': '6db6972a-11ba-4203-a80d-b435f9c20a3f', 'yes_price_dollars': '0.9100'}}",yes,1.0,0.94
passive_limit,0.35,KXTRUFTSA-26JUN04-T2220000,0.9027777777777777,,19,16,3,False,"{'order': {'action': 'buy', 'book_side': 'bid', 'client_order_id': '58c26f80-759a-4468-82ad-73e0cb15a56d', 'created_time': '2026-06-04T19:40:58.604646Z', 'expiration_time': '2026-06-04T23:59:00Z', 'fill_count_fp': '0.00', 'initial_count_fp': '3.00', 'last_update_time': '2026-06-04T19:40:58.604646Z', 'maker_fees_dollars': '0.000000', 'maker_fill_cost_dollars': '0.000000', 'no_price_dollars': '0.1000', 'order_id': '6ef8d12c-7b01-4548-acf6-10e962d03d3b', 'outcome_side': 'yes', 'remaining_count_fp': '3.00', 'side': 'yes', 'status': 'resting', 'subaccount_number': 0, 'taker_fees_dollars': '0.000000', 'taker_fill_cost_dollars': '0.000000', 'ticker': 'KXTRUFTSA-26JUN04-T2220000', 'type': 'limit', 'user_id': '6db6972a-11ba-4203-a80d-b435f9c20a3f', 'yes_price_dollars': '0.9000'}}",yes,1.0,0.94
passive_limit,0.4,KXTRUFTSA-26JUN04-T2220000,0.8955223880597014,,22,19,3,False,"{'order': {'action': 'buy', 'book_side': 'bid', 'client_order_id': '935fab4b-d23f-484e-82bc-daad24e03af8', 'created_time': '2026-06-04T19:40:59.787584Z', 'expiration_time': '2026-06-04T23:59:00Z', 'fill_count_fp': '0.00', 'initial_count_fp': '3.00', 'last_update_time': '2026-06-04T19:40:59.787584Z', 'maker_fees_dollars': '0.000000', 'maker_fill_cost_dollars': '0.000000', 'no_price_dollars': '0.1000', 'order_id': '09d1f191-6d04-462e-9052-35a31a359607', 'outcome_side': 'yes', 'remaining_count_fp': '3.00', 'side': 'yes', 'status': 'resting', 'subaccount_number': 0, 'taker_fees_dollars': '0.000000', 'taker_fill_cost_dollars': '0.000000', 'ticker': 'KXTRUFTSA-26JUN04-T2220000', 'type': 'limit', 'user_id': '6db6972a-11ba-4203-a80d-b435f9c20a3f', 'yes_price_dollars': '0.9000'}}",yes,1.0,0.94
passive_limit,0.1,KXTRUFTSA-26JUN04-T2320000,0.9278350515463917,,5,0,5,False,"{'order': {'action': 'buy', 'book_side': 'bid', 'client_order_id': '09f608a6-b9a6-4b4f-9680-ab3d8af3cf9b', 'created_time': '2026-06-04T19:41:00.855472Z', 'expiration_time': '2026-06-04T23:59:00Z', 'fill_count_fp': '0.00', 'initial_count_fp': '5.00', 'last_update_time': '2026-06-04T19:41:00.855472Z', 'maker_fees_dollars': '0.000000', 'maker_fill_cost_dollars': '0.000000', 'no_price_dollars': '0.0700', 'order_id': '596f580b-52a4-4c1f-aa90-fb08e987c0fe', 'outcome_side': 'yes', 'remaining_count_fp': '5.00', 'side': 'yes', 'status': 'resting', 'subaccount_number': 0, 'taker_fees_dollars': '0.000000', 'taker_fill_cost_dollars': '0.000000', 'ticker': 'KXTRUFTSA-26JUN04-T2320000', 'type': 'limit', 'user_id': '6db6972a-11ba-4203-a80d-b435f9c20a3f', 'yes_price_dollars': '0.9300'}}",yes,1.0,0.9
passive_limit,0.15,KXTRUFTSA-26JUN04-T2320000,0.9239130434782608,,8,5,3,False,"{'order': {'action': 'buy', 'book_side': 'bid', 'client_order_id': '23a121a1-1bf8-4463-8c29-0c95bbfa9d8e', 'created_time': '2026-06-04T19:41:00.969359Z', 'expiration_time': '2026-06-04T23:59:00Z', 'fill_count_fp': '0.00', 'initial_count_fp': '3.00', 'last_update_time': '2026-06-04T19:41:00.969359Z', 'maker_fees_dollars': '0.000000', 'maker_fill_cost_dollars': '0.000000', 'no_price_dollars': '0.0800', 'order_id': 'dde01d85-7bc1-42d7-b1e9-56d8102ba2a1', 'outcome_side': 'yes', 'remaining_count_fp': '3.00', 'side': 'yes', 'status': 'resting', 'subaccount_number': 0, 'taker_fees_dollars': '0.000000', 'taker_fill_cost_dollars': '0.000000', 'ticker': 'KXTRUFTSA-26JUN04-T2320000', 'type': 'limit', 'user_id': '6db6972a-11ba-4203-a80d-b435f9c20a3f', 'yes_price_dollars': '0.9200'}}",yes,1.0,0.9
passive_limit,0.2,KXTRUFTSA-26JUN04-T2320000,0.9195402298850575,,10,8,2,False,"{'order': {'action': 'buy', 'book_side': 'bid', 'client_order_id': 'c4b6047d-ec7f-4885-a467-0152c37e3edc', 'created_time': '2026-06-04T19:41:02.245084Z', 'expiration_time': '2026-06-04T23:59:00Z', 'fill_count_fp': '0.00', 'initial_count_fp': '2.00', 'last_update_time': '2026-06-04T19:41:02.245084Z', 'maker_fees_dollars': '0.000000', 'maker_fill_cost_dollars': '0.000000', 'no_price_dollars': '0.0800', 'order_id': '27f607d4-53d4-43e2-a0b4-082dcee9bce5', 'outcome_side': 'yes', 'remaining_count_fp': '2.00', 'side': 'yes', 'status': 'resting', 'subaccount_number': 0, 'taker_fees_dollars': '0.000000', 'taker_fill_cost_dollars': '0.000000', 'ticker': 'KXTRUFTSA-26JUN04-T2320000', 'type': 'limit', 'user_id': '6db6972a-11ba-4203-a80d-b435f9c20a3f', 'yes_price_dollars': '0.9200'}}",yes,1.0,0.9
passive_limit,0.25,KXTRUFTSA-26JUN04-T2320000,0.9146341463414633,,13,10,3,False,"{'order': {'action': 'buy', 'book_side': 'bid', 'client_order_id': '19b7664a-686c-43cd-af61-6eba24d8c826', 'created_time': '2026-06-04T19:41:02.389245Z', 'expiration_time': '2026-06-04T23:59:00Z', 'fill_count_fp': '0.00', 'initial_count_fp': '3.00', 'last_update_time': '2026-06-04T19:41:02.389245Z', 'maker_fees_dollars': '0.000000', 'maker_fill_cost_dollars': '0.000000', 'no_price_dollars': '0.0900', 'order_id': '4cdeb3e9-3298-4046-a808-afd628a03ee1', 'outcome_side': 'yes', 'remaining_count_fp': '3.00', 'side': 'yes', 'status': 'resting', 'subaccount_number': 0, 'taker_fees_dollars': '0.000000', 'taker_fill_cost_dollars': '0.000000', 'ticker': 'KXTRUFTSA-26JUN04-T2320000', 'type': 'limit', 'user_id': '6db6972a-11ba-4203-a80d-b435f9c20a3f', 'yes_price_dollars': '0.9100'}}",yes,1.0,0.9
passive_limit,0.3,KXTRUFTSA-26JUN04-T2320000,0.9090909090909091,,16,13,3,False,"{'order': {'action': 'buy', 'book_side': 'bid', 'client_order_id': 'e7731021-a6be-48a7-994a-c6fe5e3e8eda', 'created_time': '2026-06-04T19:41:03.604501Z', 'expiration_time': '2026-06-04T23:59:00Z', 'fill_count_fp': '0.00', 'initial_count_fp': '3.00', 'last_update_time': '2026-06-04T19:41:03.604501Z', 'maker_fees_dollars': '0.000000', 'maker_fill_cost_dollars': '0.000000', 'no_price_dollars': '0.0900', 'order_id': 'f44270d7-3e71-48cd-8807-27a1c1fcfc89', 'outcome_side': 'yes', 'remaining_count_fp': '3.00', 'side': 'yes', 'status': 'resting', 'subaccount_number': 0, 'taker_fees_dollars': '0.000000', 'taker_fill_cost_dollars': '0.000000', 'ticker': 'KXTRUFTSA-26JUN04-T2320000', 'type': 'limit', 'user_id': '6db6972a-11ba-4203-a80d-b435f9c20a3f', 'yes_price_dollars': '0.9100'}}",yes,1.0,0.9
passive_limit,0.35,KXTRUFTSA-26JUN04-T2320000,0.9027777777777777,,19,16,3,False,"{'order': {'action': 'buy', 'book_side': 'bid', 'client_order_id': '4baea3d0-07ce-4eb1-bae0-d4fe9a3f6382', 'created_time': '2026-06-04T19:41:03.71397Z', 'expiration_time': '2026-06-04T23:59:00Z', 'fill_count_fp': '0.00', 'initial_count_fp': '3.00', 'last_update_time': '2026-06-04T19:41:03.71397Z', 'maker_fees_dollars': '0.000000', 'maker_fill_cost_dollars': '0.000000', 'no_price_dollars': '0.1000', 'order_id': 'b85c1942-9c77-4ae4-b2df-d8e399b559f8', 'outcome_side': 'yes', 'remaining_count_fp': '3.00', 'side': 'yes', 'status': 'resting', 'subaccount_number': 0, 'taker_fees_dollars': '0.000000', 'taker_fill_cost_dollars': '0.000000', 'ticker': 'KXTRUFTSA-26JUN04-T2320000', 'type': 'limit', 'user_id': '6db6972a-11ba-4203-a80d-b435f9c20a3f', 'yes_price_dollars': '0.9000'}}",yes,1.0,0.9
passive_limit,0.4,KXTRUFTSA-26JUN04-T2320000,0.8955223880597014,,22,19,3,False,"{'order': {'action': 'buy', 'book_side': 'bid', 'client_order_id': '8e9496d1-2946-4122-944f-a1993d8a80db', 'created_time': '2026-06-04T19:41:04.954573Z', 'expiration_time': '2026-06-04T23:59:00Z', 'fill_count_fp': '0.00', 'initial_count_fp': '3.00', 'last_update_time': '2026-06-04T19:41:04.954573Z', 'maker_fees_dollars': '0.000000', 'maker_fill_cost_dollars': '0.000000', 'no_price_dollars': '0.1000', 'order_id': '9684bd64-a752-47a9-929f-7c4110aae4fd', 'outcome_side': 'yes', 'remaining_count_fp': '3.00', 'side': 'yes', 'status': 'resting', 'subaccount_number': 0, 'taker_fees_dollars': '0.000000', 'taker_fill_cost_dollars': '0.000000', 'ticker': 'KXTRUFTSA-26JUN04-T2320000', 'type': 'limit', 'user_id': '6db6972a-11ba-4203-a80d-b435f9c20a3f', 'yes_price_dollars': '0.9000'}}",yes,1.0,0.9
passive_limit,0.1,KXTRUFTSA-26JUN04-T2420000,0.9278350515463917,,5,0,5,False,"{'order': {'action': 'buy', 'book_side': 'bid', 'client_order_id': '18239e97-2890-48dd-9974-e03974334c90', 'created_time': '2026-06-04T19:41:05.870491Z', 'expiration_time': '2026-06-04T23:59:00Z', 'fill_count_fp': '0.00', 'initial_count_fp': '5.00', 'last_update_time': '2026-06-04T19:41:05.870491Z', 'maker_fees_dollars': '0.000000', 'maker_fill_cost_dollars': '0.000000', 'no_price_dollars': '0.0700', 'order_id': '453b82b9-1d53-44ce-ae29-768089038b9a', 'outcome_side': 'yes', 'remaining_count_fp': '5.00', 'side': 'yes', 'status': 'resting', 'subaccount_number': 0, 'taker_fees_dollars': '0.000000', 'taker_fill_cost_dollars': '0.000000', 'ticker': 'KXTRUFTSA-26JUN04-T2420000', 'type': 'limit', 'user_id': '6db6972a-11ba-4203-a80d-b435f9c20a3f', 'yes_price_dollars': '0.9300'}}",yes,1.0,0.89
passive_limit,0.15,KXTRUFTSA-26JUN04-T2420000,0.9239130434782608,,8,5,3,False,"{'order': {'action': 'buy', 'book_side': 'bid', 'client_order_id': 'be7bcdeb-95db-46b9-a499-7c3dde6edba2', 'created_time': '2026-06-04T19:41:05.982864Z', 'expiration_time': '2026-06-04T23:59:00Z', 'fill_count_fp': '0.00', 'initial_count_fp': '3.00', 'last_update_time': '2026-06-04T19:41:05.982864Z', 'maker_fees_dollars': '0.000000', 'maker_fill_cost_dollars': '0.000000', 'no_price_dollars': '0.0800', 'order_id': 'a4ff1628-e788-4c2a-ac88-3444441f522c', 'outcome_side': 'yes', 'remaining_count_fp': '3.00', 'side': 'yes', 'status': 'resting', 'subaccount_number': 0, 'taker_fees_dollars': '0.000000', 'taker_fill_cost_dollars': '0.000000', 'ticker': 'KXTRUFTSA-26JUN04-T2420000', 'type': 'limit', 'user_id': '6db6972a-11ba-4203-a80d-b435f9c20a3f', 'yes_price_dollars': '0.9200'}}",yes,1.0,0.89
passive_limit,0.2,KXTRUFTSA-26JUN04-T2420000,0.9195402298850575,,10,8,2,False,"{'order': {'action': 'buy', 'book_side': 'bid', 'client_order_id': 'ae5b5a46-70c8-429c-86e6-4b476e414118', 'created_time': '2026-06-04T19:41:07.174476Z', 'expiration_time': '2026-06-04T23:59:00Z', 'fill_count_fp': '0.00', 'initial_count_fp': '2.00', 'last_update_time': '2026-06-04T19:41:07.174476Z', 'maker_fees_dollars': '0.000000', 'maker_fill_cost_dollars': '0.000000', 'no_price_dollars': '0.0800', 'order_id': '1a8c940f-a5e4-4d34-8840-62222e445709', 'outcome_side': 'yes', 'remaining_count_fp': '2.00', 'side': 'yes', 'status': 'resting', 'subaccount_number': 0, 'taker_fees_dollars': '0.000000', 'taker_fill_cost_dollars': '0.000000', 'ticker': 'KXTRUFTSA-26JUN04-T2420000', 'type': 'limit', 'user_id': '6db6972a-11ba-4203-a80d-b435f9c20a3f', 'yes_price_dollars': '0.9200'}}",yes,1.0,0.89
passive_limit,0.25,KXTRUFTSA-26JUN04-T2420000,0.9146341463414633,,13,10,3,False,"{'order': {'action': 'buy', 'book_side': 'bid', 'client_order_id': 'f0c40d41-9326-4d5c-ac2b-2232d61d207e', 'created_time': '2026-06-04T19:41:07.29369Z', 'expiration_time': '2026-06-04T23:59:00Z', 'fill_count_fp': '0.00', 'initial_count_fp': '3.00', 'last_update_time': '2026-06-04T19:41:07.29369Z', 'maker_fees_dollars': '0.000000', 'maker_fill_cost_dollars': '0.000000', 'no_price_dollars': '0.0900', 'order_id': '99329944-3d5a-4839-b21a-5e28f6b0d54d', 'outcome_side': 'yes', 'remaining_count_fp': '3.00', 'side': 'yes', 'status': 'resting', 'subaccount_number': 0, 'taker_fees_dollars': '0.000000', 'taker_fill_cost_dollars': '0.000000', 'ticker': 'KXTRUFTSA-26JUN04-T2420000', 'type': 'limit', 'user_id': '6db6972a-11ba-4203-a80d-b435f9c20a3f', 'yes_price_dollars': '0.9100'}}",yes,1.0,0.89
passive_limit,0.3,KXTRUFTSA-26JUN04-T2420000,0.9090909090909091,,16,13,3,False,"{'order': {'action': 'buy', 'book_side': 'bid', 'client_order_id': 'b9e0cb78-25a1-43e5-93d9-46bfaefa532e', 'created_time': '2026-06-04T19:41:08.488009Z', 'expiration_time': '2026-06-04T23:59:00Z', 'fill_count_fp': '0.00', 'initial_count_fp': '3.00', 'last_update_time': '2026-06-04T19:41:08.488009Z', 'maker_fees_dollars': '0.000000', 'maker_fill_cost_dollars': '0.000000', 'no_price_dollars': '0.0900', 'order_id': 'e96e25ec-bb57-4df0-b987-11b05c36e577', 'outcome_side': 'yes', 'remaining_count_fp': '3.00', 'side': 'yes', 'status': 'resting', 'subaccount_number': 0, 'taker_fees_dollars': '0.000000', 'taker_fill_cost_dollars': '0.000000', 'ticker': 'KXTRUFTSA-26JUN04-T2420000', 'type': 'limit', 'user_id': '6db6972a-11ba-4203-a80d-b435f9c20a3f', 'yes_price_dollars': '0.9100'}}",yes,1.0,0.89
passive_limit,0.35,KXTRUFTSA-26JUN04-T2420000,0.9027777777777777,,19,16,3,False,"{'order': {'action': 'buy', 'book_side': 'bid', 'client_order_id': 'f9ba74e7-a510-45a8-93e9-0a1e1215b0b4', 'created_time': '2026-06-04T19:41:08.606762Z', 'expiration_time': '2026-06-04T23:59:00Z', 'fill_count_fp': '0.00', 'initial_count_fp': '3.00', 'last_update_time': '2026-06-04T19:41:08.606762Z', 'maker_fees_dollars': '0.000000', 'maker_fill_cost_dollars': '0.000000', 'no_price_dollars': '0.1000', 'order_id': '24100107-ab41-4b0c-9e60-252fb78d47ae', 'outcome_side': 'yes', 'remaining_count_fp': '3.00', 'side': 'yes', 'status': 'resting', 'subaccount_number': 0, 'taker_fees_dollars': '0.000000', 'taker_fill_cost_dollars': '0.000000', 'ticker': 'KXTRUFTSA-26JUN04-T2420000', 'type': 'limit', 'user_id': '6db6972a-11ba-4203-a80d-b435f9c20a3f', 'yes_price_dollars': '0.9000'}}",yes,1.0,0.89
passive_limit,0.4,KXTRUFTSA-26JUN04-T2420000,0.8955223880597014,,22,19,3,False,"{'order': {'action': 'buy', 'book_side': 'bid', 'client_order_id': '73fd75ad-3a54-4fa8-8479-3684c8b805c1', 'created_time': '2026-06-04T19:41:09.788346Z', 'expiration_time': '2026-06-04T23:59:00Z', 'fill_count_fp': '0.00', 'initial_count_fp': '3.00', 'last_update_time': '2026-06-04T19:41:09.788346Z', 'maker_fees_dollars': '0.000000', 'maker_fill_cost_dollars': '0.000000', 'no_price_dollars': '0.1000', 'order_id': '0294f200-9f0f-44ca-994f-ba955321addc', 'outcome_side': 'yes', 'remaining_count_fp': '3.00', 'side': 'yes', 'status': 'resting', 'subaccount_number': 0, 'taker_fees_dollars': '0.000000', 'taker_fill_cost_dollars': '0.000000', 'ticker': 'KXTRUFTSA-26JUN04-T2420000', 'type': 'limit', 'user_id': '6db6972a-11ba-4203-a80d-b435f9c20a3f', 'yes_price_dollars': '0.9000'}}",yes,1.0,0.89
passive_limit,0.1,KXTRUFTSA-26JUN04-T2520000,0.9278350515446787,,5,0,5,False,"{'order': {'action': 'buy', 'book_side': 'bid', 'client_order_id': '6d2feb28-5c0c-42de-8b88-08bd9564dacc', 'created_time': '2026-06-04T19:41:10.71373Z', 'expiration_time': '2026-06-04T23:59:00Z', 'fill_count_fp': '0.00', 'initial_count_fp': '5.00', 'last_update_time': '2026-06-04T19:41:10.71373Z', 'maker_fees_dollars': '0.000000', 'maker_fill_cost_dollars': '0.000000', 'no_price_dollars': '0.0700', 'order_id': 'c82c1460-00d9-426a-9e56-d2b9015d110f', 'outcome_side': 'yes', 'remaining_count_fp': '5.00', 'side': 'yes', 'status': 'resting', 'subaccount_number': 0, 'taker_fees_dollars': '0.000000', 'taker_fill_cost_dollars': '0.000000', 'ticker': 'KXTRUFTSA-26JUN04-T2520000', 'type': 'limit', 'user_id': '6db6972a-11ba-4203-a80d-b435f9c20a3f', 'yes_price_dollars': '0.9300'}}",yes,0.9999999999983384,0.9
passive_limit,0.15,KXTRUFTSA-26JUN04-T2520000,0.9239130434764548,,8,5,3,False,"{'order': {'action': 'buy', 'book_side': 'bid', 'client_order_id': '9d898fc5-ca93-4c7b-bc41-df4adcd040e0', 'created_time': '2026-06-04T19:41:10.8192Z', 'expiration_time': '2026-06-04T23:59:00Z', 'fill_count_fp': '0.00', 'initial_count_fp': '3.00', 'last_update_time': '2026-06-04T19:41:10.8192Z', 'maker_fees_dollars': '0.000000', 'maker_fill_cost_dollars': '0.000000', 'no_price_dollars': '0.0800', 'order_id': '0718e800-a639-4225-b322-7404d42ad354', 'outcome_side': 'yes', 'remaining_count_fp': '3.00', 'side': 'yes', 'status': 'resting', 'subaccount_number': 0, 'taker_fees_dollars': '0.000000', 'taker_fill_cost_dollars': '0.000000', 'ticker': 'KXTRUFTSA-26JUN04-T2520000', 'type': 'limit', 'user_id': '6db6972a-11ba-4203-a80d-b435f9c20a3f', 'yes_price_dollars': '0.9200'}}",yes,0.9999999999983384,0.9
passive_limit,0.2,KXTRUFTSA-26JUN04-T2520000,0.9195402298831475,,10,8,2,False,"{'order': {'action': 'buy', 'book_side': 'bid', 'client_order_id': '55b14376-721d-4275-9b32-eed8bee9943c', 'created_time': '2026-06-04T19:41:12.015751Z', 'expiration_time': '2026-06-04T23:59:00Z', 'fill_count_fp': '0.00', 'initial_count_fp': '2.00', 'last_update_time': '2026-06-04T19:41:12.015751Z', 'maker_fees_dollars': '0.000000', 'maker_fill_cost_dollars': '0.000000', 'no_price_dollars': '0.0800', 'order_id': '9f47a9cf-8495-46af-8c6d-bcb87a28b574', 'outcome_side': 'yes', 'remaining_count_fp': '2.00', 'side': 'yes', 'status': 'resting', 'subaccount_number': 0, 'taker_fees_dollars': '0.000000', 'taker_fill_cost_dollars': '0.000000', 'ticker': 'KXTRUFTSA-26JUN04-T2520000', 'type': 'limit', 'user_id': '6db6972a-11ba-4203-a80d-b435f9c20a3f', 'yes_price_dollars': '0.9200'}}",yes,0.9999999999983384,0.9
passive_limit,0.25,KXTRUFTSA-26JUN04-T2520000,0.9146341463394371,,13,10,3,False,"{'order': {'action': 'buy', 'book_side': 'bid', 'client_order_id': '847024c1-f5c0-4db9-bd20-278597f9499f', 'created_time': '2026-06-04T19:41:12.13236Z', 'expiration_time': '2026-06-04T23:59:00Z', 'fill_count_fp': '0.00', 'initial_count_fp': '3.00', 'last_update_time': '2026-06-04T19:41:12.13236Z', 'maker_fees_dollars': '0.000000', 'maker_fill_cost_dollars': '0.000000', 'no_price_dollars': '0.0900', 'order_id': 'fdca7352-c2df-4d8f-a2a6-8dd47836e2fb', 'outcome_side': 'yes', 'remaining_count_fp': '3.00', 'side': 'yes', 'status': 'resting', 'subaccount_number': 0, 'taker_fees_dollars': '0.000000', 'taker_fill_cost_dollars': '0.000000', 'ticker': 'KXTRUFTSA-26JUN04-T2520000', 'type': 'limit', 'user_id': '6db6972a-11ba-4203-a80d-b435f9c20a3f', 'yes_price_dollars': '0.9100'}}",yes,0.9999999999983384,0.9
passive_limit,0.3,KXTRUFTSA-26JUN04-T2520000,0.9090909090887511,,16,13,3,False,"{'order': {'action': 'buy', 'book_side': 'bid', 'client_order_id': '0b7b9290-2050-4179-a8a9-f0f12df0e8a8', 'created_time': '2026-06-04T19:41:13.327716Z', 'expiration_time': '2026-06-04T23:59:00Z', 'fill_count_fp': '0.00', 'initial_count_fp': '3.00', 'last_update_time': '2026-06-04T19:41:13.327716Z', 'maker_fees_dollars': '0.000000', 'maker_fill_cost_dollars': '0.000000', 'no_price_dollars': '0.0900', 'order_id': 'ac5cd30d-ce33-4741-9cbc-15f57b2ef0ce', 'outcome_side': 'yes', 'remaining_count_fp': '3.00', 'side': 'yes', 'status': 'resting', 'subaccount_number': 0, 'taker_fees_dollars': '0.000000', 'taker_fill_cost_dollars': '0.000000', 'ticker': 'KXTRUFTSA-26JUN04-T2520000', 'type': 'limit', 'user_id': '6db6972a-11ba-4203-a80d-b435f9c20a3f', 'yes_price_dollars': '0.9100'}}",yes,0.9999999999983384,0.9
passive_limit,0.35,KXTRUFTSA-26JUN04-T2520000,0.90277777777547,,19,16,3,False,"{'order': {'action': 'buy', 'book_side': 'bid', 'client_order_id': '48847d59-0522-4848-a56d-9f180155646c', 'created_time': '2026-06-04T19:41:13.427419Z', 'expiration_time': '2026-06-04T23:59:00Z', 'fill_count_fp': '0.00', 'initial_count_fp': '3.00', 'last_update_time': '2026-06-04T19:41:13.427419Z', 'maker_fees_dollars': '0.000000', 'maker_fill_cost_dollars': '0.000000', 'no_price_dollars': '0.1000', 'order_id': 'f8d1d91f-4521-45e5-9de6-d8e768a5fd30', 'outcome_side': 'yes', 'remaining_count_fp': '3.00', 'side': 'yes', 'status': 'resting', 'subaccount_number': 0, 'taker_fees_dollars': '0.000000', 'taker_fill_cost_dollars': '0.000000', 'ticker': 'KXTRUFTSA-26JUN04-T2520000', 'type': 'limit', 'user_id': '6db6972a-11ba-4203-a80d-b435f9c20a3f', 'yes_price_dollars': '0.9000'}}",yes,0.9999999999983384,0.9
passive_limit,0.4,KXTRUFTSA-26JUN04-T2520000,0.8955223880572215,,22,19,3,False,"{'order': {'action': 'buy', 'book_side': 'bid', 'client_order_id': '4cdff7a2-f758-4ac2-8e70-687eacd688b4', 'created_time': '2026-06-04T19:41:14.612989Z', 'expiration_time': '2026-06-04T23:59:00Z', 'fill_count_fp': '0.00', 'initial_count_fp': '3.00', 'last_update_time': '2026-06-04T19:41:14.612989Z', 'maker_fees_dollars': '0.000000', 'maker_fill_cost_dollars': '0.000000', 'no_price_dollars': '0.1000', 'order_id': 'd30684b0-7846-461e-bd99-56667c0f1e80', 'outcome_side': 'yes', 'remaining_count_fp': '3.00', 'side': 'yes', 'status': 'resting', 'subaccount_number': 0, 'taker_fees_dollars': '0.000000', 'taker_fill_cost_dollars': '0.000000', 'ticker': 'KXTRUFTSA-26JUN04-T2520000', 'type': 'limit', 'user_id': '6db6972a-11ba-4203-a80d-b435f9c20a3f', 'yes_price_dollars': '0.9000'}}",yes,0.9999999999983384,0.9
passive_limit,0.1,KXTRUFTSA-26JUN04-T2620000,0.9278324205457038,,5,0,5,False,"{'order': {'action': 'buy', 'book_side': 'bid', 'client_order_id': '37abafeb-abc5-4a55-ab70-51ee0465f46e', 'created_time': '2026-06-04T19:41:15.512028Z', 'expiration_time': '2026-06-04T23:59:00Z', 'fill_count_fp': '0.00', 'initial_count_fp': '5.00', 'last_update_time': '2026-06-04T19:41:15.512028Z', 'maker_fees_dollars': '0.000000', 'maker_fill_cost_dollars': '0.000000', 'no_price_dollars': '0.0700', 'order_id': 'fa494990-b8b9-4bb1-92d6-53e1c2827327', 'outcome_side': 'yes', 'remaining_count_fp': '5.00', 'side': 'yes', 'status': 'resting', 'subaccount_number': 0, 'taker_fees_dollars': '0.000000', 'taker_fill_cost_dollars': '0.000000', 'ticker': 'KXTRUFTSA-26JUN04-T2620000', 'type': 'limit', 'user_id': '6db6972a-11ba-4203-a80d-b435f9c20a3f', 'yes_price_dollars': '0.9300'}}",yes,0.9999974479293328,0.89
passive_limit,0.15,KXTRUFTSA-26JUN04-T2620000,0.9239102694884052,,8,5,3,False,"{'order': {'action': 'buy', 'book_side': 'bid', 'client_order_id': '9b63c0db-a9e0-4c30-9f4d-9156fbc97906', 'created_time': '2026-06-04T19:41:15.61238Z', 'expiration_time': '2026-06-04T23:59:00Z', 'fill_count_fp': '0.00', 'initial_count_fp': '3.00', 'last_update_time': '2026-06-04T19:41:15.61238Z', 'maker_fees_dollars': '0.000000', 'maker_fill_cost_dollars': '0.000000', 'no_price_dollars': '0.0800', 'order_id': 'f317fced-b849-4b9b-b434-3262f3283946', 'outcome_side': 'yes', 'remaining_count_fp': '3.00', 'side': 'yes', 'status': 'resting', 'subaccount_number': 0, 'taker_fees_dollars': '0.000000', 'taker_fill_cost_dollars': '0.000000', 'ticker': 'KXTRUFTSA-26JUN04-T2620000', 'type': 'limit', 'user_id': '6db6972a-11ba-4203-a80d-b435f9c20a3f', 'yes_price_dollars': '0.9200'}}",yes,0.9999974479293328,0.89
passive_limit,0.2,KXTRUFTSA-26JUN04-T2620000,0.9195372964704973,,10,8,2,False,"{'order': {'action': 'buy', 'book_side': 'bid', 'client_order_id': '3fe24ceb-244a-43df-a680-3e34023ffd64', 'created_time': '2026-06-04T19:41:16.788012Z', 'expiration_time': '2026-06-04T23:59:00Z', 'fill_count_fp': '0.00', 'initial_count_fp': '2.00', 'last_update_time': '2026-06-04T19:41:16.788012Z', 'maker_fees_dollars': '0.000000', 'maker_fill_cost_dollars': '0.000000', 'no_price_dollars': '0.0800', 'order_id': '9534150c-9787-4227-82e3-db98c9157f58', 'outcome_side': 'yes', 'remaining_count_fp': '2.00', 'side': 'yes', 'status': 'resting', 'subaccount_number': 0, 'taker_fees_dollars': '0.000000', 'taker_fill_cost_dollars': '0.000000', 'ticker': 'KXTRUFTSA-26JUN04-T2620000', 'type': 'limit', 'user_id': '6db6972a-11ba-4203-a80d-b435f9c20a3f', 'yes_price_dollars': '0.9200'}}",yes,0.9999974479293328,0.89
passive_limit,0.25,KXTRUFTSA-26JUN04-T2620000,0.9146310340601619,,13,10,3,False,"{'order': {'action': 'buy', 'book_side': 'bid', 'client_order_id': '5a22a4f2-869a-4b93-8a00-d35d18140b5f', 'created_time': '2026-06-04T19:41:16.902448Z', 'expiration_time': '2026-06-04T23:59:00Z', 'fill_count_fp': '0.00', 'initial_count_fp': '3.00', 'last_update_time': '2026-06-04T19:41:16.902448Z', 'maker_fees_dollars': '0.000000', 'maker_fill_cost_dollars': '0.000000', 'no_price_dollars': '0.0900', 'order_id': 'ad7a80a1-378c-489f-87ce-552959857f7b', 'outcome_side': 'yes', 'remaining_count_fp': '3.00', 'side': 'yes', 'status': 'resting', 'subaccount_number': 0, 'taker_fees_dollars': '0.000000', 'taker_fill_cost_dollars': '0.000000', 'ticker': 'KXTRUFTSA-26JUN04-T2620000', 'type': 'limit', 'user_id': '6db6972a-11ba-4203-a80d-b435f9c20a3f', 'yes_price_dollars': '0.9100'}}",yes,0.9999974479293328,0.89
passive_limit,0.3,KXTRUFTSA-26JUN04-T2620000,0.909087594713419,,16,13,3,False,"{'order': {'action': 'buy', 'book_side': 'bid', 'client_order_id': '71797519-9149-4f05-91c0-e688979d17d2', 'created_time': '2026-06-04T19:41:18.089756Z', 'expiration_time': '2026-06-04T23:59:00Z', 'fill_count_fp': '0.00', 'initial_count_fp': '3.00', 'last_update_time': '2026-06-04T19:41:18.089756Z', 'maker_fees_dollars': '0.000000', 'maker_fill_cost_dollars': '0.000000', 'no_price_dollars': '0.0900', 'order_id': '4330c4b5-ee09-4f1a-9410-b49d30afcdd5', 'outcome_side': 'yes', 'remaining_count_fp': '3.00', 'side': 'yes', 'status': 'resting', 'subaccount_number': 0, 'taker_fees_dollars': '0.000000', 'taker_fill_cost_dollars': '0.000000', 'ticker': 'KXTRUFTSA-26JUN04-T2620000', 'type': 'limit', 'user_id': '6db6972a-11ba-4203-a80d-b435f9c20a3f', 'yes_price_dollars': '0.9100'}}",yes,0.9999974479293328,0.89
passive_limit,0.35,KXTRUFTSA-26JUN04-T2620000,0.9027742332351844,,19,16,3,False,"{'order': {'action': 'buy', 'book_side': 'bid', 'client_order_id': '5e556560-94d9-4321-82c5-9f19e68801ac', 'created_time': '2026-06-04T19:41:18.206261Z', 'expiration_time': '2026-06-04T23:59:00Z', 'fill_count_fp': '0.00', 'initial_count_fp': '3.00', 'last_update_time': '2026-06-04T19:41:18.206261Z', 'maker_fees_dollars': '0.000000', 'maker_fill_cost_dollars': '0.000000', 'no_price_dollars': '0.1000', 'order_id': '5bd9fe36-aa3d-44d0-922e-2fc7f74f5b0a', 'outcome_side': 'yes', 'remaining_count_fp': '3.00', 'side': 'yes', 'status': 'resting', 'subaccount_number': 0, 'taker_fees_dollars': '0.000000', 'taker_fill_cost_dollars': '0.000000', 'ticker': 'KXTRUFTSA-26JUN04-T2620000', 'type': 'limit', 'user_id': '6db6972a-11ba-4203-a80d-b435f9c20a3f', 'yes_price_dollars': '0.9000'}}",yes,0.9999974479293328,0.89
passive_limit,0.4,KXTRUFTSA-26JUN04-T2620000,0.895518578999004,,22,19,3,False,"{'order': {'action': 'buy', 'book_side': 'bid', 'client_order_id': '0292ed0c-05ac-437e-bc35-8b60e2028dfd', 'created_time': '2026-06-04T19:41:19.385731Z', 'expiration_time': '2026-06-04T23:59:00Z', 'fill_count_fp': '0.00', 'initial_count_fp': '3.00', 'last_update_time': '2026-06-04T19:41:19.385731Z', 'maker_fees_dollars': '0.000000', 'maker_fill_cost_dollars': '0.000000', 'no_price_dollars': '0.1000', 'order_id': 'bc4a79e5-1b02-4cfd-b3c0-d4b23e9863b0', 'outcome_side': 'yes', 'remaining_count_fp': '3.00', 'side': 'yes', 'status': 'resting', 'subaccount_number': 0, 'taker_fees_dollars': '0.000000', 'taker_fill_cost_dollars': '0.000000', 'ticker': 'KXTRUFTSA-26JUN04-T2620000', 'type': 'limit', 'user_id': '6db6972a-11ba-4203-a80d-b435f9c20a3f', 'yes_price_dollars': '0.9000'}}",yes,0.9999974479293328,0.89
passive_limit,0.1,KXTRUFTSA-26JUN04-T2720000,0.9118767083894916,0.98,5,0,5,False,"{'order': {'action': 'buy', 'book_side': 'bid', 'client_order_id': '8ce992f4-3eef-48ee-9281-df009df3fb67', 'created_time': '2026-06-04T19:41:20.295338Z', 'expiration_time': '2026-06-04T23:59:00Z', 'fill_count_fp': '0.00', 'initial_count_fp': '5.00', 'last_update_time': '2026-06-04T19:41:20.295338Z', 'maker_fees_dollars': '0.000000', 'maker_fill_cost_dollars': '0.000000', 'no_price_dollars': '0.0900', 'order_id': '9e007ad2-6c89-442b-9110-5be7c9a84813', 'outcome_side': 'yes', 'remaining_count_fp': '5.00', 'side': 'yes', 'status': 'resting', 'subaccount_number': 0, 'taker_fees_dollars': '0.000000', 'taker_fill_cost_dollars': '0.000000', 'ticker': 'KXTRUFTSA-26JUN04-T2720000', 'type': 'limit', 'user_id': '6db6972a-11ba-4203-a80d-b435f9c20a3f', 'yes_price_dollars': '0.9100'}}",yes,0.984520407137807,0.89
passive_limit,0.15,KXTRUFTSA-26JUN04-T2720000,0.9070873990628336,0.98,8,5,3,False,"{'order': {'action': 'buy', 'book_side': 'bid', 'client_order_id': 'f34677ef-08ea-4335-804a-cc560dd40f64', 'created_time': '2026-06-04T19:41:20.390989Z', 'expiration_time': '2026-06-04T23:59:00Z', 'fill_count_fp': '0.00', 'initial_count_fp': '3.00', 'last_update_time': '2026-06-04T19:41:20.390989Z', 'maker_fees_dollars': '0.000000', 'maker_fill_cost_dollars': '0.000000', 'no_price_dollars': '0.0900', 'order_id': '3c35e602-57b8-416a-a575-c7bede29a81d', 'outcome_side': 'yes', 'remaining_count_fp': '3.00', 'side': 'yes', 'status': 'resting', 'subaccount_number': 0, 'taker_fees_dollars': '0.000000', 'taker_fill_cost_dollars': '0.000000', 'ticker': 'KXTRUFTSA-26JUN04-T2720000', 'type': 'limit', 'user_id': '6db6972a-11ba-4203-a80d-b435f9c20a3f', 'yes_price_dollars': '0.9100'}}",yes,0.984520407137807,0.89
passive_limit,0.2,KXTRUFTSA-26JUN04-T2720000,0.9017475944112722,0.98,11,8,3,False,"{'order': {'action': 'buy', 'book_side': 'bid', 'client_order_id': 'ccf0b8e6-08eb-4959-9354-2607c0c63697', 'created_time': '2026-06-04T19:41:21.583941Z', 'expiration_time': '2026-06-04T23:59:00Z', 'fill_count_fp': '0.00', 'initial_count_fp': '3.00', 'last_update_time': '2026-06-04T19:41:21.583941Z', 'maker_fees_dollars': '0.000000', 'maker_fill_cost_dollars': '0.000000', 'no_price_dollars': '0.1000', 'order_id': '1b2fbfdd-0833-4951-b094-dbbef5004d06', 'outcome_side': 'yes', 'remaining_count_fp': '3.00', 'side': 'yes', 'status': 'resting', 'subaccount_number': 0, 'taker_fees_dollars': '0.000000', 'taker_fill_cost_dollars': '0.000000', 'ticker': 'KXTRUFTSA-26JUN04-T2720000', 'type': 'limit', 'user_id': '6db6972a-11ba-4203-a80d-b435f9c20a3f', 'yes_price_dollars': '0.9000'}}",yes,0.984520407137807,0.89
passive_limit,0.25,KXTRUFTSA-26JUN04-T2720000,0.8957565940704962,0.98,13,11,2,False,"{'order': {'action': 'buy', 'book_side': 'bid', 'client_order_id': 'b908f16a-87d1-41ac-acf9-affcd9033205', 'created_time': '2026-06-04T19:41:21.709973Z', 'expiration_time': '2026-06-04T23:59:00Z', 'fill_count_fp': '0.00', 'initial_count_fp': '2.00', 'last_update_time': '2026-06-04T19:41:21.709973Z', 'maker_fees_dollars': '0.000000', 'maker_fill_cost_dollars': '0.000000', 'no_price_dollars': '0.1000', 'order_id': '9cda60bd-8856-4da9-a0de-454b56ec4176', 'outcome_side': 'yes', 'remaining_count_fp': '2.00', 'side': 'yes', 'status': 'resting', 'subaccount_number': 0, 'taker_fees_dollars': '0.000000', 'taker_fill_cost_dollars': '0.000000', 'ticker': 'KXTRUFTSA-26JUN04-T2720000', 'type': 'limit', 'user_id': '6db6972a-11ba-4203-a80d-b435f9c20a3f', 'yes_price_dollars': '0.9000'}}",yes,0.984520407137807,0.89
passive_limit,0.3,KXTRUFTSA-26JUN04-T2720000,0.8889875417374117,0.98,16,13,3,False,"{'order': {'action': 'buy', 'book_side': 'bid', 'client_order_id': '404271be-aaa0-41b8-b368-91403e902307', 'created_time': '2026-06-04T19:41:22.945975Z', 'expiration_time': '2026-06-04T23:59:00Z', 'fill_count_fp': '0.00', 'initial_count_fp': '3.00', 'last_update_time': '2026-06-04T19:41:22.945975Z', 'maker_fees_dollars': '0.000000', 'maker_fill_cost_dollars': '0.000000', 'no_price_dollars': '0.1100', 'order_id': 'efb102b6-ccbe-406e-ad06-d34901229821', 'outcome_side': 'yes', 'remaining_count_fp': '3.00', 'side': 'yes', 'status': 'resting', 'subaccount_number': 0, 'taker_fees_dollars': '0.000000', 'taker_fill_cost_dollars': '0.000000', 'ticker': 'KXTRUFTSA-26JUN04-T2720000', 'type': 'limit', 'user_id': '6db6972a-11ba-4203-a80d-b435f9c20a3f', 'yes_price_dollars': '0.8900'}}",yes,0.984520407137807,0.89
passive_limit,0.35,KXTRUFTSA-26JUN04-T2720000,0.8812783432469541,0.98,19,16,3,False,"{'order': {'action': 'buy', 'book_side': 'bid', 'client_order_id': '29076d21-6e60-4f1c-b6e8-67c18f80a7a6', 'created_time': '2026-06-04T19:41:23.044997Z', 'expiration_time': '2026-06-04T23:59:00Z', 'fill_count_fp': '0.00', 'initial_count_fp': '3.00', 'last_update_time': '2026-06-04T19:41:23.044997Z', 'maker_fees_dollars': '0.000000', 'maker_fill_cost_dollars': '0.000000', 'no_price_dollars': '0.1200', 'order_id': 'c5c5ed67-429c-46c0-8dd5-32d41e1674f6', 'outcome_side': 'yes', 'remaining_count_fp': '3.00', 'side': 'yes', 'status': 'resting', 'subaccount_number': 0, 'taker_fees_dollars': '0.000000', 'taker_fill_cost_dollars': '0.000000', 'ticker': 'KXTRUFTSA-26JUN04-T2720000', 'type': 'limit', 'user_id': '6db6972a-11ba-4203-a80d-b435f9c20a3f', 'yes_price_dollars': '0.8800'}}",yes,0.984520407137807,0.89
passive_limit,0.4,KXTRUFTSA-26JUN04-T2720000,0.8724185181161297,0.98,22,19,3,False,"{'order': {'action': 'buy', 'book_side': 'bid', 'client_order_id': 'fd99f98a-a00b-427e-bead-7dc88bd24ea6', 'created_time': '2026-06-04T19:41:24.232595Z', 'expiration_time': '2026-06-04T23:59:00Z', 'fill_count_fp': '0.00', 'initial_count_fp': '3.00', 'last_update_time': '2026-06-04T19:41:24.232595Z', 'maker_fees_dollars': '0.000000', 'maker_fill_cost_dollars': '0.000000', 'no_price_dollars': '0.1300', 'order_id': '3a5f1258-bb50-4031-a8af-692e253ba966', 'outcome_side': 'yes', 'remaining_count_fp': '3.00', 'side': 'yes', 'status': 'resting', 'subaccount_number': 0, 'taker_fees_dollars': '0.000000', 'taker_fill_cost_dollars': '0.000000', 'ticker': 'KXTRUFTSA-26JUN04-T2720000', 'type': 'limit', 'user_id': '6db6972a-11ba-4203-a80d-b435f9c20a3f', 'yes_price_dollars': '0.8700'}}",yes,0.984520407137807,0.89
passive_limit,0.1,KXTRUFTSA-26JUN04-T2820000,0.3124997219379558,0.65,15,0,15,False,"{'order': {'action': 'buy', 'book_side': 'bid', 'client_order_id': '6ed15558-3078-4bc6-a678-07fe5860874f', 'created_time': '2026-06-04T19:41:25.08653Z', 'expiration_time': '2026-06-04T23:59:00Z', 'fill_count_fp': '0.00', 'initial_count_fp': '15.00', 'last_update_time': '2026-06-04T19:41:25.08653Z', 'maker_fees_dollars': '0.000000', 'maker_fill_cost_dollars': '0.000000', 'no_price_dollars': '0.6900', 'order_id': 'b7fb75b4-1ae8-4228-8b74-3abd912c1b84', 'outcome_side': 'yes', 'remaining_count_fp': '15.00', 'side': 'yes', 'status': 'resting', 'subaccount_number': 0, 'taker_fees_dollars': '0.000000', 'taker_fill_cost_dollars': '0.000000', 'ticker': 'KXTRUFTSA-26JUN04-T2820000', 'type': 'limit', 'user_id': '6db6972a-11ba-4203-a80d-b435f9c20a3f', 'yes_price_dollars': '0.3100'}}",yes,0.4031247302798171,0.48
passive_limit,0.15,KXTRUFTSA-26JUN04-T2820000,0.27513557639110553,0.65,25,15,10,False,"{'order': {'action': 'buy', 'book_side': 'bid', 'client_order_id': '5c4a22be-53b5-461b-ac0f-9cd0333ffa16', 'created_time': '2026-06-04T19:41:25.19512Z', 'expiration_time': '2026-06-04T23:59:00Z', 'fill_count_fp': '0.00', 'initial_count_fp': '10.00', 'last_update_time': '2026-06-04T19:41:25.19512Z', 'maker_fees_dollars': '0.000000', 'maker_fill_cost_dollars': '0.000000', 'no_price_dollars': '0.7200', 'order_id': '2d97a141-5ac7-43da-a75f-1c58ca16150e', 'outcome_side': 'yes', 'remaining_count_fp': '10.00', 'side': 'yes', 'status': 'resting', 'subaccount_number': 0, 'taker_fees_dollars': '0.000000', 'taker_fill_cost_dollars': '0.000000', 'ticker': 'KXTRUFTSA-26JUN04-T2820000', 'type': 'limit', 'user_id': '6db6972a-11ba-4203-a80d-b435f9c20a3f', 'yes_price_dollars': '0.2800'}}",yes,0.4031247302798171,0.48
passive_limit,0.2,KXTRUFTSA-26JUN04-T2820000,0.2334767014710541,0.65,40,25,15,False,"{'order': {'action': 'buy', 'book_side': 'bid', 'client_order_id': '73290bfe-70a5-4ebb-84a1-37dcd909dba8', 'created_time': '2026-06-04T19:41:26.379197Z', 'expiration_time': '2026-06-04T23:59:00Z', 'fill_count_fp': '0.00', 'initial_count_fp': '15.00', 'last_update_time': '2026-06-04T19:41:26.379197Z', 'maker_fees_dollars': '0.000000', 'maker_fill_cost_dollars': '0.000000', 'no_price_dollars': '0.7700', 'order_id': '0f6fdf0a-daa0-49c1-89fa-e32f8cc6d781', 'outcome_side': 'yes', 'remaining_count_fp': '15.00', 'side': 'yes', 'status': 'resting', 'subaccount_number': 0, 'taker_fees_dollars': '0.000000', 'taker_fill_cost_dollars': '0.000000', 'ticker': 'KXTRUFTSA-26JUN04-T2820000', 'type': 'limit', 'user_id': '6db6972a-11ba-4203-a80d-b435f9c20a3f', 'yes_price_dollars': '0.2300'}}",yes,0.4031247302798171,0.48
passive_limit,0.25,KXTRUFTSA-26JUN04-T2820000,0.18673747595099646,0.65,63,40,23,False,"{'order': {'action': 'buy', 'book_side': 'bid', 'client_order_id': '2c0abd97-12f4-4d13-9df2-0432ca9facc4', 'created_time': '2026-06-04T19:41:26.475378Z', 'expiration_time': '2026-06-04T23:59:00Z', 'fill_count_fp': '0.00', 'initial_count_fp': '23.00', 'last_update_time': '2026-06-04T19:41:26.475378Z', 'maker_fees_dollars': '0.000000', 'maker_fill_cost_dollars': '0.000000', 'no_price_dollars': '0.8100', 'order_id': '54b5d53b-6070-4718-a5f1-a2b816beb00e', 'outcome_side': 'yes', 'remaining_count_fp': '23.00', 'side': 'yes', 'status': 'resting', 'subaccount_number': 0, 'taker_fees_dollars': '0.000000', 'taker_fill_cost_dollars': '0.000000', 'ticker': 'KXTRUFTSA-26JUN04-T2820000', 'type': 'limit', 'user_id': '6db6972a-11ba-4203-a80d-b435f9c20a3f', 'yes_price_dollars': '0.1900'}}",yes,0.4031247302798171,0.48
passive_limit,0.15,KXTRUFTSA-26JUN04-T2820000,0.4857339888262857,0.68,14,0,14,False,"{'order': {'action': 'buy', 'book_side': 'ask', 'client_order_id': '86dcc1ce-bf11-466e-92d9-e10659a08e95', 'created_time': '2026-06-04T19:41:27.796758Z', 'expiration_time': '2026-06-04T23:59:00Z', 'fill_count_fp': '0.00', 'initial_count_fp': '14.00', 'last_update_time': '2026-06-04T19:41:27.796758Z', 'maker_fees_dollars': '0.000000', 'maker_fill_cost_dollars': '0.000000', 'no_price_dollars': '0.4900', 'order_id': '4e688dce-096b-4e3a-9a5c-6aefc4dc9463', 'outcome_side': 'no', 'remaining_count_fp': '14.00', 'side': 'no', 'status': 'resting', 'subaccount_number': 0, 'taker_fees_dollars': '0.000000', 'taker_fill_cost_dollars': '0.000000', 'ticker': 'KXTRUFTSA-26JUN04-T2820000', 'type': 'limit', 'user_id': '6db6972a-11ba-4203-a80d-b435f9c20a3f', 'yes_price_dollars': '0.5100'}}",no,0.5968752697201829,0.52
passive_limit,0.2,KXTRUFTSA-26JUN04-T2820000,0.4561784709427389,0.68,21,14,7,False,"{'order': {'action': 'buy', 'book_side': 'ask', 'client_order_id': '59c6289b-fc10-4f4c-ac95-3c770304b812', 'created_time': '2026-06-04T19:41:27.90391Z', 'expiration_time': '2026-06-04T23:59:00Z', 'fill_count_fp': '0.00', 'initial_count_fp': '7.00', 'last_update_time': '2026-06-04T19:41:27.90391Z', 'maker_fees_dollars': '0.000000', 'maker_fill_cost_dollars': '0.000000', 'no_price_dollars': '0.4600', 'order_id': 'e69039f2-bdf4-4479-82cd-d5714797d2e6', 'outcome_side': 'no', 'remaining_count_fp': '7.00', 'side': 'no', 'status': 'resting', 'subaccount_number': 0, 'taker_fees_dollars': '0.000000', 'taker_fill_cost_dollars': '0.000000', 'ticker': 'KXTRUFTSA-26JUN04-T2820000', 'type': 'limit', 'user_id': '6db6972a-11ba-4203-a80d-b435f9c20a3f', 'yes_price_dollars': '0.5400'}}",no,0.5968752697201829,0.52
passive_limit,0.25,KXTRUFTSA-26JUN04-T2820000,0.4230186216099791,0.68,28,21,7,False,"{'order': {'action': 'buy', 'book_side': 'ask', 'client_order_id': '6d543f37-edf7-438a-bd60-0ff8e6ad6411', 'created_time': '2026-06-04T19:41:29.086129Z', 'expiration_time': '2026-06-04T23:59:00Z', 'fill_count_fp': '0.00', 'initial_count_fp': '7.00', 'last_update_time': '2026-06-04T19:41:29.086129Z', 'maker_fees_dollars': '0.000000', 'maker_fill_cost_dollars': '0.000000', 'no_price_dollars': '0.4200', 'order_id': 'edaccfcf-950f-437e-8aa7-be13d7938da9', 'outcome_side': 'no', 'remaining_count_fp': '7.00', 'side': 'no', 'status': 'resting', 'subaccount_number': 0, 'taker_fees_dollars': '0.000000', 'taker_fill_cost_dollars': '0.000000', 'ticker': 'KXTRUFTSA-26JUN04-T2820000', 'type': 'limit', 'user_id': '6db6972a-11ba-4203-a80d-b435f9c20a3f', 'yes_price_dollars': '0.5800'}}",no,0.5968752697201829,0.52
passive_limit,0.3,KXTRUFTSA-26JUN04-T2820000,0.3855522983378999,0.68,37,28,9,False,"{'order': {'action': 'buy', 'book_side': 'ask', 'client_order_id': '15a3235e-32fd-4abe-a0e5-00f912197a5c', 'created_time': '2026-06-04T19:41:29.199008Z', 'expiration_time': '2026-06-04T23:59:00Z', 'fill_count_fp': '0.00', 'initial_count_fp': '9.00', 'last_update_time': '2026-06-04T19:41:29.199008Z', 'maker_fees_dollars': '0.000000', 'maker_fill_cost_dollars': '0.000000', 'no_price_dollars': '0.3900', 'order_id': '5cf66b75-ad64-427e-a147-94af1967dd75', 'outcome_side': 'no', 'remaining_count_fp': '9.00', 'side': 'no', 'status': 'resting', 'subaccount_number': 0, 'taker_fees_dollars': '0.000000', 'taker_fill_cost_dollars': '0.000000', 'ticker': 'KXTRUFTSA-26JUN04-T2820000', 'type': 'limit', 'user_id': '6db6972a-11ba-4203-a80d-b435f9c20a3f', 'yes_price_dollars': '0.6100'}}",no,0.5968752697201829,0.52
passive_limit,0.35,KXTRUFTSA-26JUN04-T2820000,0.34288231905580957,0.68,48,37,11,False,"{'order': {'action': 'buy', 'book_side': 'ask', 'client_order_id': '39f2c645-07de-4026-8753-4060a3d4cbb3', 'created_time': '2026-06-04T19:41:30.366306Z', 'expiration_time': '2026-06-04T23:59:00Z', 'fill_count_fp': '0.00', 'initial_count_fp': '11.00', 'last_update_time': '2026-06-04T19:41:30.366306Z', 'maker_fees_dollars': '0.000000', 'maker_fill_cost_dollars': '0.000000', 'no_price_dollars': '0.3400', 'order_id': 'a8868147-f04f-49c8-9cdc-445e9ac243de', 'outcome_side': 'no', 'remaining_count_fp': '11.00', 'side': 'no', 'status': 'resting', 'subaccount_number': 0, 'taker_fees_dollars': '0.000000', 'taker_fill_cost_dollars': '0.000000', 'ticker': 'KXTRUFTSA-26JUN04-T2820000', 'type': 'limit', 'user_id': '6db6972a-11ba-4203-a80d-b435f9c20a3f', 'yes_price_dollars': '0.6600'}}",no,0.5968752697201829,0.52
passive_limit,0.4,KXTRUFTSA-26JUN04-T2820000,0.29384368614952666,0.68,64,48,16,False,"{'order': {'action': 'buy', 'book_side': 'ask', 'client_order_id': '8ef34cfb-0baa-472f-84eb-d8cd7859e27a', 'created_time': '2026-06-04T19:41:30.464216Z', 'expiration_time': '2026-06-04T23:59:00Z', 'fill_count_fp': '0.00', 'initial_count_fp': '16.00', 'last_update_time': '2026-06-04T19:41:30.464216Z', 'maker_fees_dollars': '0.000000', 'maker_fill_cost_dollars': '0.000000', 'no_price_dollars': '0.2900', 'order_id': '4ddcfcd5-d76f-4505-8bd7-c33a60510679', 'outcome_side': 'no', 'remaining_count_fp': '16.00', 'side': 'no', 'status': 'resting', 'subaccount_number': 0, 'taker_fees_dollars': '0.000000', 'taker_fill_cost_dollars': '0.000000', 'ticker': 'KXTRUFTSA-26JUN04-T2820000', 'type': 'limit', 'user_id': '6db6972a-11ba-4203-a80d-b435f9c20a3f', 'yes_price_dollars': '0.7100'}}",no,0.5968752697201829,0.52
passive_limit,0.15,KXTRUFTSA-26JUN04-T2920000,0.9195142375569284,,8,0,8,False,"{'order': {'action': 'buy', 'book_side': 'ask', 'client_order_id': 'af5d10fc-afa6-465f-80d3-e0166128f369', 'created_time': '2026-06-04T19:41:31.49993Z', 'expiration_time': '2026-06-04T23:59:00Z', 'fill_count_fp': '0.00', 'initial_count_fp': '8.00', 'last_update_time': '2026-06-04T19:41:31.49993Z', 'maker_fees_dollars': '0.000000', 'maker_fill_cost_dollars': '0.000000', 'no_price_dollars': '0.9200', 'order_id': '9b130a36-37c1-4e60-946d-8d86154a488a', 'outcome_side': 'no', 'remaining_count_fp': '8.00', 'side': 'no', 'status': 'resting', 'subaccount_number': 0, 'taker_fees_dollars': '0.000000', 'taker_fill_cost_dollars': '0.000000', 'ticker': 'KXTRUFTSA-26JUN04-T2920000', 'type': 'limit', 'user_id': '6db6972a-11ba-4203-a80d-b435f9c20a3f', 'yes_price_dollars': '0.0800'}}",no,0.9959530985523742,0.95
passive_limit,0.2,KXTRUFTSA-26JUN04-T2920000,0.9148886190257173,,10,8,2,False,"{'order': {'action': 'buy', 'book_side': 'ask', 'client_order_id': 'a24996ed-af8d-4a5f-b0a0-725cd580926f', 'created_time': '2026-06-04T19:41:31.620615Z', 'expiration_time': '2026-06-04T23:59:00Z', 'fill_count_fp': '0.00', 'initial_count_fp': '2.00', 'last_update_time': '2026-06-04T19:41:31.620615Z', 'maker_fees_dollars': '0.000000', 'maker_fill_cost_dollars': '0.000000', 'no_price_dollars': '0.9100', 'order_id': '1316e8a7-c04f-4ad4-82b4-83d697076839', 'outcome_side': 'no', 'remaining_count_fp': '2.00', 'side': 'no', 'status': 'resting', 'subaccount_number': 0, 'taker_fees_dollars': '0.000000', 'taker_fill_cost_dollars': '0.000000', 'ticker': 'KXTRUFTSA-26JUN04-T2920000', 'type': 'limit', 'user_id': '6db6972a-11ba-4203-a80d-b435f9c20a3f', 'yes_price_dollars': '0.0900'}}",no,0.9959530985523742,0.95
passive_limit,0.25,KXTRUFTSA-26JUN04-T2920000,0.909698900673627,,13,10,3,False,"{'order': {'action': 'buy', 'book_side': 'ask', 'client_order_id': 'db891070-8ed6-4471-aaa9-9c12e6ba459d', 'created_time': '2026-06-04T19:41:32.8035Z', 'expiration_time': '2026-06-04T23:59:00Z', 'fill_count_fp': '0.00', 'initial_count_fp': '3.00', 'last_update_time': '2026-06-04T19:41:32.8035Z', 'maker_fees_dollars': '0.000000', 'maker_fill_cost_dollars': '0.000000', 'no_price_dollars': '0.9100', 'order_id': 'ddc56804-ed54-42fe-a265-1dcc57e70e30', 'outcome_side': 'no', 'remaining_count_fp': '3.00', 'side': 'no', 'status': 'resting', 'subaccount_number': 0, 'taker_fees_dollars': '0.000000', 'taker_fill_cost_dollars': '0.000000', 'ticker': 'KXTRUFTSA-26JUN04-T2920000', 'type': 'limit', 'user_id': '6db6972a-11ba-4203-a80d-b435f9c20a3f', 'yes_price_dollars': '0.0900'}}",no,0.9959530985523742,0.95
passive_limit,0.3,KXTRUFTSA-26JUN04-T2920000,0.9038351929251615,,16,13,3,False,"{'order': {'action': 'buy', 'book_side': 'ask', 'client_order_id': '951b2bcc-b223-475a-893f-5bcc0f3efa55', 'created_time': '2026-06-04T19:41:32.904573Z', 'expiration_time': '2026-06-04T23:59:00Z', 'fill_count_fp': '0.00', 'initial_count_fp': '3.00', 'last_update_time': '2026-06-04T19:41:32.904573Z', 'maker_fees_dollars': '0.000000', 'maker_fill_cost_dollars': '0.000000', 'no_price_dollars': '0.9000', 'order_id': '3d038b90-0304-440e-9ca0-78ca5d7844a4', 'outcome_side': 'no', 'remaining_count_fp': '3.00', 'side': 'no', 'status': 'resting', 'subaccount_number': 0, 'taker_fees_dollars': '0.000000', 'taker_fill_cost_dollars': '0.000000', 'ticker': 'KXTRUFTSA-26JUN04-T2920000', 'type': 'limit', 'user_id': '6db6972a-11ba-4203-a80d-b435f9c20a3f', 'yes_price_dollars': '0.1000'}}",no,0.9959530985523742,0.95
passive_limit,0.35,KXTRUFTSA-26JUN04-T2920000,0.897157081322742,,19,16,3,False,"{'order': {'action': 'buy', 'book_side': 'ask', 'client_order_id': 'b0e65c0d-5ac0-4997-b7ea-7e95ca3358cb', 'created_time': '2026-06-04T19:41:34.084949Z', 'expiration_time': '2026-06-04T23:59:00Z', 'fill_count_fp': '0.00', 'initial_count_fp': '3.00', 'last_update_time': '2026-06-04T19:41:34.084949Z', 'maker_fees_dollars': '0.000000', 'maker_fill_cost_dollars': '0.000000', 'no_price_dollars': '0.9000', 'order_id': 'cc43f2c5-27a7-4fe9-9e58-4c2de9cb9c87', 'outcome_side': 'no', 'remaining_count_fp': '3.00', 'side': 'no', 'status': 'resting', 'subaccount_number': 0, 'taker_fees_dollars': '0.000000', 'taker_fill_cost_dollars': '0.000000', 'ticker': 'KXTRUFTSA-26JUN04-T2920000', 'type': 'limit', 'user_id': '6db6972a-11ba-4203-a80d-b435f9c20a3f', 'yes_price_dollars': '0.1000'}}",no,0.9959530985523742,0.95
passive_limit,0.4,KXTRUFTSA-26JUN04-T2920000,0.8894822366453345,,22,19,3,False,"{'order': {'action': 'buy', 'book_side': 'ask', 'client_order_id': '0da7b8ae-900e-40f3-b287-ace6aee58e16', 'created_time': '2026-06-04T19:41:34.189273Z', 'expiration_time': '2026-06-04T23:59:00Z', 'fill_count_fp': '0.00', 'initial_count_fp': '3.00', 'last_update_time': '2026-06-04T19:41:34.189273Z', 'maker_fees_dollars': '0.000000', 'maker_fill_cost_dollars': '0.000000', 'no_price_dollars': '0.8900', 'order_id': 'd2f3ef89-4939-4b2a-acbd-6b940e5bc47f', 'outcome_side': 'no', 'remaining_count_fp': '3.00', 'side': 'no', 'status': 'resting', 'subaccount_number': 0, 'taker_fees_dollars': '0.000000', 'taker_fill_cost_dollars': '0.000000', 'ticker': 'KXTRUFTSA-26JUN04-T2920000', 'type': 'limit', 'user_id': '6db6972a-11ba-4203-a80d-b435f9c20a3f', 'yes_price_dollars': '0.1100'}}",no,0.9959530985523742,0.95
