type,pct,ticker,price,best_ask,target_shares,exposure_before,shares,dry_run,response,side,model_prob,market_prob
passive_limit,0.1,KXTSAW-26JUN14-A2.45,0.9278350515463917,0.99,13,0,13,False,"{'order': {'action': 'buy', 'book_side': 'bid', 'client_order_id': '681592dd-5338-4a8a-bf4b-be8bd4c36d41', 'created_time': '2026-06-10T22:47:23.876313Z', 'expiration_time': '2026-06-10T23:59:00Z', 'fill_count_fp': '0.00', 'initial_count_fp': '13.00', 'last_update_time': '2026-06-10T22:47:23.876313Z', 'maker_fees_dollars': '0.000000', 'maker_fill_cost_dollars': '0.000000', 'no_price_dollars': '0.0700', 'order_id': '302f826a-faf5-40bc-bb9e-b6c4663f37dc', 'outcome_side': 'yes', 'remaining_count_fp': '13.00', 'side': 'yes', 'status': 'resting', 'subaccount_number': 0, 'taker_fees_dollars': '0.000000', 'taker_fill_cost_dollars': '0.000000', 'ticker': 'KXTSAW-26JUN14-A2.45', 'type': 'limit', 'user_id': '6db6972a-11ba-4203-a80d-b435f9c20a3f', 'yes_price_dollars': '0.9300'}}",yes,1.0,0.945
passive_limit,0.15,KXTSAW-26JUN14-A2.45,0.9239130434782608,0.99,20,13,7,False,"{'order': {'action': 'buy', 'book_side': 'bid', 'client_order_id': '91fb67d4-b4fc-4565-ae33-0c73108e896d', 'created_time': '2026-06-10T22:47:26.244951Z', 'expiration_time': '2026-06-10T23:59:00Z', 'fill_count_fp': '0.00', 'initial_count_fp': '7.00', 'last_update_time': '2026-06-10T22:47:26.244951Z', 'maker_fees_dollars': '0.000000', 'maker_fill_cost_dollars': '0.000000', 'no_price_dollars': '0.0800', 'order_id': '81df428f-cb58-465c-b397-b84496a962c2', 'outcome_side': 'yes', 'remaining_count_fp': '7.00', 'side': 'yes', 'status': 'resting', 'subaccount_number': 0, 'taker_fees_dollars': '0.000000', 'taker_fill_cost_dollars': '0.000000', 'ticker': 'KXTSAW-26JUN14-A2.45', 'type': 'limit', 'user_id': '6db6972a-11ba-4203-a80d-b435f9c20a3f', 'yes_price_dollars': '0.9200'}}",yes,1.0,0.945
passive_limit,0.2,KXTSAW-26JUN14-A2.45,0.9195402298850575,0.99,27,20,7,False,"{'order': {'action': 'buy', 'book_side': 'bid', 'client_order_id': 'd9bb63dd-d1a0-45c3-bb01-07ea1c6cf856', 'created_time': '2026-06-10T22:47:28.704266Z', 'expiration_time': '2026-06-10T23:59:00Z', 'fill_count_fp': '0.00', 'initial_count_fp': '7.00', 'last_update_time': '2026-06-10T22:47:28.704266Z', 'maker_fees_dollars': '0.000000', 'maker_fill_cost_dollars': '0.000000', 'no_price_dollars': '0.0800', 'order_id': '1278ae80-c6ca-43ab-a9c8-23843292764d', 'outcome_side': 'yes', 'remaining_count_fp': '7.00', 'side': 'yes', 'status': 'resting', 'subaccount_number': 0, 'taker_fees_dollars': '0.000000', 'taker_fill_cost_dollars': '0.000000', 'ticker': 'KXTSAW-26JUN14-A2.45', 'type': 'limit', 'user_id': '6db6972a-11ba-4203-a80d-b435f9c20a3f', 'yes_price_dollars': '0.9200'}}",yes,1.0,0.945
passive_limit,0.25,KXTSAW-26JUN14-A2.45,0.9146341463414633,0.99,33,27,6,False,"{'order': {'action': 'buy', 'book_side': 'bid', 'client_order_id': '28b1a174-1df0-4196-9af1-e238f2dcd893', 'created_time': '2026-06-10T22:47:30.970048Z', 'expiration_time': '2026-06-10T23:59:00Z', 'fill_count_fp': '0.00', 'initial_count_fp': '6.00', 'last_update_time': '2026-06-10T22:47:30.970048Z', 'maker_fees_dollars': '0.000000', 'maker_fill_cost_dollars': '0.000000', 'no_price_dollars': '0.0900', 'order_id': 'e49ff508-0e9e-4033-8903-8bd4cc32b140', 'outcome_side': 'yes', 'remaining_count_fp': '6.00', 'side': 'yes', 'status': 'resting', 'subaccount_number': 0, 'taker_fees_dollars': '0.000000', 'taker_fill_cost_dollars': '0.000000', 'ticker': 'KXTSAW-26JUN14-A2.45', 'type': 'limit', 'user_id': '6db6972a-11ba-4203-a80d-b435f9c20a3f', 'yes_price_dollars': '0.9100'}}",yes,1.0,0.945
passive_limit,0.3,KXTSAW-26JUN14-A2.45,0.9090909090909091,0.99,40,33,7,False,"{'order': {'action': 'buy', 'book_side': 'bid', 'client_order_id': 'b166bbe7-c2cf-45e1-82fa-6d5b86bcbcc9', 'created_time': '2026-06-10T22:47:33.252988Z', 'expiration_time': '2026-06-10T23:59:00Z', 'fill_count_fp': '0.00', 'initial_count_fp': '7.00', 'last_update_time': '2026-06-10T22:47:33.252988Z', 'maker_fees_dollars': '0.000000', 'maker_fill_cost_dollars': '0.000000', 'no_price_dollars': '0.0900', 'order_id': '8245fb5b-428a-4171-a04b-239c0b4fde33', 'outcome_side': 'yes', 'remaining_count_fp': '7.00', 'side': 'yes', 'status': 'resting', 'subaccount_number': 0, 'taker_fees_dollars': '0.000000', 'taker_fill_cost_dollars': '0.000000', 'ticker': 'KXTSAW-26JUN14-A2.45', 'type': 'limit', 'user_id': '6db6972a-11ba-4203-a80d-b435f9c20a3f', 'yes_price_dollars': '0.9100'}}",yes,1.0,0.945
passive_limit,0.35,KXTSAW-26JUN14-A2.45,0.9027777777777777,0.99,48,40,8,False,"{'order': {'action': 'buy', 'book_side': 'bid', 'client_order_id': 'ab3d8832-5aae-40f4-8c32-ebde400de6c5', 'created_time': '2026-06-10T22:47:35.488181Z', 'expiration_time': '2026-06-10T23:59:00Z', 'fill_count_fp': '0.00', 'initial_count_fp': '8.00', 'last_update_time': '2026-06-10T22:47:35.488181Z', 'maker_fees_dollars': '0.000000', 'maker_fill_cost_dollars': '0.000000', 'no_price_dollars': '0.1000', 'order_id': 'f1b8a95c-c759-4ec1-82c3-16df4d6d9719', 'outcome_side': 'yes', 'remaining_count_fp': '8.00', 'side': 'yes', 'status': 'resting', 'subaccount_number': 0, 'taker_fees_dollars': '0.000000', 'taker_fill_cost_dollars': '0.000000', 'ticker': 'KXTSAW-26JUN14-A2.45', 'type': 'limit', 'user_id': '6db6972a-11ba-4203-a80d-b435f9c20a3f', 'yes_price_dollars': '0.9000'}}",yes,1.0,0.945
passive_limit,0.4,KXTSAW-26JUN14-A2.45,0.8955223880597014,0.99,55,48,7,False,"{'order': {'action': 'buy', 'book_side': 'bid', 'client_order_id': '9a4f0ba6-61d3-48a1-853a-6bb91cddddc5', 'created_time': '2026-06-10T22:47:37.759866Z', 'expiration_time': '2026-06-10T23:59:00Z', 'fill_count_fp': '0.00', 'initial_count_fp': '7.00', 'last_update_time': '2026-06-10T22:47:37.759866Z', 'maker_fees_dollars': '0.000000', 'maker_fill_cost_dollars': '0.000000', 'no_price_dollars': '0.1000', 'order_id': '94449e98-9e41-4e60-9bdf-7d7f042da505', 'outcome_side': 'yes', 'remaining_count_fp': '7.00', 'side': 'yes', 'status': 'resting', 'subaccount_number': 0, 'taker_fees_dollars': '0.000000', 'taker_fill_cost_dollars': '0.000000', 'ticker': 'KXTSAW-26JUN14-A2.45', 'type': 'limit', 'user_id': '6db6972a-11ba-4203-a80d-b435f9c20a3f', 'yes_price_dollars': '0.9000'}}",yes,1.0,0.945
passive_limit,0.1,KXTSAW-26JUN14-A2.50,0.9278350515463917,0.99,13,0,13,False,"{'order': {'action': 'buy', 'book_side': 'bid', 'client_order_id': '886d91d3-301c-4bb5-9c1a-0965004cbda8', 'created_time': '2026-06-10T22:47:38.78454Z', 'expiration_time': '2026-06-10T23:59:00Z', 'fill_count_fp': '0.00', 'initial_count_fp': '13.00', 'last_update_time': '2026-06-10T22:47:38.78454Z', 'maker_fees_dollars': '0.000000', 'maker_fill_cost_dollars': '0.000000', 'no_price_dollars': '0.0700', 'order_id': 'd2ca1cd9-83db-4304-8a55-d7c7f078f807', 'outcome_side': 'yes', 'remaining_count_fp': '13.00', 'side': 'yes', 'status': 'resting', 'subaccount_number': 0, 'taker_fees_dollars': '0.000000', 'taker_fill_cost_dollars': '0.000000', 'ticker': 'KXTSAW-26JUN14-A2.50', 'type': 'limit', 'user_id': '6db6972a-11ba-4203-a80d-b435f9c20a3f', 'yes_price_dollars': '0.9300'}}",yes,1.0,0.945
passive_limit,0.15,KXTSAW-26JUN14-A2.50,0.9239130434782608,0.99,20,13,7,False,"{'order': {'action': 'buy', 'book_side': 'bid', 'client_order_id': '5a2740d1-bb46-43a4-b79a-75efe303dedc', 'created_time': '2026-06-10T22:47:41.163584Z', 'expiration_time': '2026-06-10T23:59:00Z', 'fill_count_fp': '0.00', 'initial_count_fp': '7.00', 'last_update_time': '2026-06-10T22:47:41.163584Z', 'maker_fees_dollars': '0.000000', 'maker_fill_cost_dollars': '0.000000', 'no_price_dollars': '0.0800', 'order_id': '4dcede5c-2bd4-4360-9b28-ecf91c2efa56', 'outcome_side': 'yes', 'remaining_count_fp': '7.00', 'side': 'yes', 'status': 'resting', 'subaccount_number': 0, 'taker_fees_dollars': '0.000000', 'taker_fill_cost_dollars': '0.000000', 'ticker': 'KXTSAW-26JUN14-A2.50', 'type': 'limit', 'user_id': '6db6972a-11ba-4203-a80d-b435f9c20a3f', 'yes_price_dollars': '0.9200'}}",yes,1.0,0.945
passive_limit,0.2,KXTSAW-26JUN14-A2.50,0.9195402298850575,0.99,27,20,7,False,"{'order': {'action': 'buy', 'book_side': 'bid', 'client_order_id': 'ab6bd3cc-e8e2-47b6-8097-9f11beb4efa7', 'created_time': '2026-06-10T22:47:43.554707Z', 'expiration_time': '2026-06-10T23:59:00Z', 'fill_count_fp': '0.00', 'initial_count_fp': '7.00', 'last_update_time': '2026-06-10T22:47:43.554707Z', 'maker_fees_dollars': '0.000000', 'maker_fill_cost_dollars': '0.000000', 'no_price_dollars': '0.0800', 'order_id': '02e74d78-f1c0-43a5-ba3a-079a732fd46c', 'outcome_side': 'yes', 'remaining_count_fp': '7.00', 'side': 'yes', 'status': 'resting', 'subaccount_number': 0, 'taker_fees_dollars': '0.000000', 'taker_fill_cost_dollars': '0.000000', 'ticker': 'KXTSAW-26JUN14-A2.50', 'type': 'limit', 'user_id': '6db6972a-11ba-4203-a80d-b435f9c20a3f', 'yes_price_dollars': '0.9200'}}",yes,1.0,0.945
passive_limit,0.25,KXTSAW-26JUN14-A2.50,0.9146341463414633,0.99,33,27,6,False,"{'order': {'action': 'buy', 'book_side': 'bid', 'client_order_id': 'b8604b9a-815d-43bf-91ce-f026a167706f', 'created_time': '2026-06-10T22:47:45.792426Z', 'expiration_time': '2026-06-10T23:59:00Z', 'fill_count_fp': '0.00', 'initial_count_fp': '6.00', 'last_update_time': '2026-06-10T22:47:45.792426Z', 'maker_fees_dollars': '0.000000', 'maker_fill_cost_dollars': '0.000000', 'no_price_dollars': '0.0900', 'order_id': 'f32f8b85-8fa2-4f24-852f-98d42e23cf10', 'outcome_side': 'yes', 'remaining_count_fp': '6.00', 'side': 'yes', 'status': 'resting', 'subaccount_number': 0, 'taker_fees_dollars': '0.000000', 'taker_fill_cost_dollars': '0.000000', 'ticker': 'KXTSAW-26JUN14-A2.50', 'type': 'limit', 'user_id': '6db6972a-11ba-4203-a80d-b435f9c20a3f', 'yes_price_dollars': '0.9100'}}",yes,1.0,0.945
passive_limit,0.3,KXTSAW-26JUN14-A2.50,0.9090909090909091,0.99,40,33,7,False,"{'order': {'action': 'buy', 'book_side': 'bid', 'client_order_id': '918a6546-18f8-4b4c-81fc-1262babdc59c', 'created_time': '2026-06-10T22:47:48.060887Z', 'expiration_time': '2026-06-10T23:59:00Z', 'fill_count_fp': '0.00', 'initial_count_fp': '7.00', 'last_update_time': '2026-06-10T22:47:48.060887Z', 'maker_fees_dollars': '0.000000', 'maker_fill_cost_dollars': '0.000000', 'no_price_dollars': '0.0900', 'order_id': '3b1190ff-8f53-4994-97b8-f20acd7e1ab2', 'outcome_side': 'yes', 'remaining_count_fp': '7.00', 'side': 'yes', 'status': 'resting', 'subaccount_number': 0, 'taker_fees_dollars': '0.000000', 'taker_fill_cost_dollars': '0.000000', 'ticker': 'KXTSAW-26JUN14-A2.50', 'type': 'limit', 'user_id': '6db6972a-11ba-4203-a80d-b435f9c20a3f', 'yes_price_dollars': '0.9100'}}",yes,1.0,0.945
passive_limit,0.35,KXTSAW-26JUN14-A2.50,0.9027777777777777,0.99,48,40,8,False,"{'order': {'action': 'buy', 'book_side': 'bid', 'client_order_id': 'c50b97bb-c4e0-4f68-a7ae-edf491c18474', 'created_time': '2026-06-10T22:47:50.320064Z', 'expiration_time': '2026-06-10T23:59:00Z', 'fill_count_fp': '0.00', 'initial_count_fp': '8.00', 'last_update_time': '2026-06-10T22:47:50.320064Z', 'maker_fees_dollars': '0.000000', 'maker_fill_cost_dollars': '0.000000', 'no_price_dollars': '0.1000', 'order_id': 'e5b2465f-53d6-4618-a979-cd526a70ccb9', 'outcome_side': 'yes', 'remaining_count_fp': '8.00', 'side': 'yes', 'status': 'resting', 'subaccount_number': 0, 'taker_fees_dollars': '0.000000', 'taker_fill_cost_dollars': '0.000000', 'ticker': 'KXTSAW-26JUN14-A2.50', 'type': 'limit', 'user_id': '6db6972a-11ba-4203-a80d-b435f9c20a3f', 'yes_price_dollars': '0.9000'}}",yes,1.0,0.945
passive_limit,0.4,KXTSAW-26JUN14-A2.50,0.8955223880597014,0.99,55,48,7,False,"{'order': {'action': 'buy', 'book_side': 'bid', 'client_order_id': '2f69d5fa-0337-427a-9da8-3e941568b090', 'created_time': '2026-06-10T22:47:52.602604Z', 'expiration_time': '2026-06-10T23:59:00Z', 'fill_count_fp': '0.00', 'initial_count_fp': '7.00', 'last_update_time': '2026-06-10T22:47:52.602604Z', 'maker_fees_dollars': '0.000000', 'maker_fill_cost_dollars': '0.000000', 'no_price_dollars': '0.1000', 'order_id': 'd965c138-f82d-4730-9bdd-316b2c356e32', 'outcome_side': 'yes', 'remaining_count_fp': '7.00', 'side': 'yes', 'status': 'resting', 'subaccount_number': 0, 'taker_fees_dollars': '0.000000', 'taker_fill_cost_dollars': '0.000000', 'ticker': 'KXTSAW-26JUN14-A2.50', 'type': 'limit', 'user_id': '6db6972a-11ba-4203-a80d-b435f9c20a3f', 'yes_price_dollars': '0.9000'}}",yes,1.0,0.945
passive_limit,0.1,KXTSAW-26JUN14-A2.55,0.9278350515463495,0.99,13,0,13,False,"{'order': {'action': 'buy', 'book_side': 'bid', 'client_order_id': 'abdcc6b3-31a2-4e0d-b6dd-50d083ab75ec', 'created_time': '2026-06-10T22:47:53.628924Z', 'expiration_time': '2026-06-10T23:59:00Z', 'fill_count_fp': '0.00', 'initial_count_fp': '13.00', 'last_update_time': '2026-06-10T22:47:53.628924Z', 'maker_fees_dollars': '0.000000', 'maker_fill_cost_dollars': '0.000000', 'no_price_dollars': '0.0700', 'order_id': '107d3157-4922-4a6f-9d07-c63d62d0ed13', 'outcome_side': 'yes', 'remaining_count_fp': '13.00', 'side': 'yes', 'status': 'resting', 'subaccount_number': 0, 'taker_fees_dollars': '0.000000', 'taker_fill_cost_dollars': '0.000000', 'ticker': 'KXTSAW-26JUN14-A2.55', 'type': 'limit', 'user_id': '6db6972a-11ba-4203-a80d-b435f9c20a3f', 'yes_price_dollars': '0.9300'}}",yes,0.999999999999959,0.925
passive_limit,0.15,KXTSAW-26JUN14-A2.55,0.9239130434782162,0.99,20,13,7,False,"{'order': {'action': 'buy', 'book_side': 'bid', 'client_order_id': 'e7cb60db-291b-4bf2-8f8c-f788394386e4', 'created_time': '2026-06-10T22:47:55.938471Z', 'expiration_time': '2026-06-10T23:59:00Z', 'fill_count_fp': '0.00', 'initial_count_fp': '7.00', 'last_update_time': '2026-06-10T22:47:55.938471Z', 'maker_fees_dollars': '0.000000', 'maker_fill_cost_dollars': '0.000000', 'no_price_dollars': '0.0800', 'order_id': 'ef16d6d9-30c0-4b27-b9e1-70f50e1f6bf8', 'outcome_side': 'yes', 'remaining_count_fp': '7.00', 'side': 'yes', 'status': 'resting', 'subaccount_number': 0, 'taker_fees_dollars': '0.000000', 'taker_fill_cost_dollars': '0.000000', 'ticker': 'KXTSAW-26JUN14-A2.55', 'type': 'limit', 'user_id': '6db6972a-11ba-4203-a80d-b435f9c20a3f', 'yes_price_dollars': '0.9200'}}",yes,0.999999999999959,0.925
passive_limit,0.2,KXTSAW-26JUN14-A2.55,0.9195402298850102,0.99,27,20,7,False,"{'order': {'action': 'buy', 'book_side': 'bid', 'client_order_id': 'c93cb596-a49f-4eb2-9a58-2ca35fc6891c', 'created_time': '2026-06-10T22:47:58.496001Z', 'expiration_time': '2026-06-10T23:59:00Z', 'fill_count_fp': '0.00', 'initial_count_fp': '7.00', 'last_update_time': '2026-06-10T22:47:58.496001Z', 'maker_fees_dollars': '0.000000', 'maker_fill_cost_dollars': '0.000000', 'no_price_dollars': '0.0800', 'order_id': '2c2c8b32-4502-4b84-9e32-1da3b9182fe4', 'outcome_side': 'yes', 'remaining_count_fp': '7.00', 'side': 'yes', 'status': 'resting', 'subaccount_number': 0, 'taker_fees_dollars': '0.000000', 'taker_fill_cost_dollars': '0.000000', 'ticker': 'KXTSAW-26JUN14-A2.55', 'type': 'limit', 'user_id': '6db6972a-11ba-4203-a80d-b435f9c20a3f', 'yes_price_dollars': '0.9200'}}",yes,0.999999999999959,0.925
passive_limit,0.25,KXTSAW-26JUN14-A2.55,0.9146341463414134,0.99,33,27,6,False,"{'order': {'action': 'buy', 'book_side': 'bid', 'client_order_id': 'f3e12c35-dc52-4099-abff-fd7dcabecacf', 'created_time': '2026-06-10T22:48:00.750421Z', 'expiration_time': '2026-06-10T23:59:00Z', 'fill_count_fp': '0.00', 'initial_count_fp': '6.00', 'last_update_time': '2026-06-10T22:48:00.750421Z', 'maker_fees_dollars': '0.000000', 'maker_fill_cost_dollars': '0.000000', 'no_price_dollars': '0.0900', 'order_id': '35cd2491-01f5-42d8-8662-aec7776efdd6', 'outcome_side': 'yes', 'remaining_count_fp': '6.00', 'side': 'yes', 'status': 'resting', 'subaccount_number': 0, 'taker_fees_dollars': '0.000000', 'taker_fill_cost_dollars': '0.000000', 'ticker': 'KXTSAW-26JUN14-A2.55', 'type': 'limit', 'user_id': '6db6972a-11ba-4203-a80d-b435f9c20a3f', 'yes_price_dollars': '0.9100'}}",yes,0.999999999999959,0.925
passive_limit,0.3,KXTSAW-26JUN14-A2.55,0.909090909090856,0.99,40,33,7,False,"{'order': {'action': 'buy', 'book_side': 'bid', 'client_order_id': 'ec2667c1-be69-4769-b657-ac6f84ff68fb', 'created_time': '2026-06-10T22:48:03.006021Z', 'expiration_time': '2026-06-10T23:59:00Z', 'fill_count_fp': '0.00', 'initial_count_fp': '7.00', 'last_update_time': '2026-06-10T22:48:03.006021Z', 'maker_fees_dollars': '0.000000', 'maker_fill_cost_dollars': '0.000000', 'no_price_dollars': '0.0900', 'order_id': 'c696cd9d-0b2d-4691-9417-1e42353425c7', 'outcome_side': 'yes', 'remaining_count_fp': '7.00', 'side': 'yes', 'status': 'resting', 'subaccount_number': 0, 'taker_fees_dollars': '0.000000', 'taker_fill_cost_dollars': '0.000000', 'ticker': 'KXTSAW-26JUN14-A2.55', 'type': 'limit', 'user_id': '6db6972a-11ba-4203-a80d-b435f9c20a3f', 'yes_price_dollars': '0.9100'}}",yes,0.999999999999959,0.925
passive_limit,0.35,KXTSAW-26JUN14-A2.55,0.9027777777777208,0.99,48,40,8,False,"{'order': {'action': 'buy', 'book_side': 'bid', 'client_order_id': '972462e5-f10c-40f2-8a42-edee3aed79bb', 'created_time': '2026-06-10T22:48:05.297674Z', 'expiration_time': '2026-06-10T23:59:00Z', 'fill_count_fp': '0.00', 'initial_count_fp': '8.00', 'last_update_time': '2026-06-10T22:48:05.297674Z', 'maker_fees_dollars': '0.000000', 'maker_fill_cost_dollars': '0.000000', 'no_price_dollars': '0.1000', 'order_id': '74b68f86-8052-44f9-9e7e-e9ff8d15b630', 'outcome_side': 'yes', 'remaining_count_fp': '8.00', 'side': 'yes', 'status': 'resting', 'subaccount_number': 0, 'taker_fees_dollars': '0.000000', 'taker_fill_cost_dollars': '0.000000', 'ticker': 'KXTSAW-26JUN14-A2.55', 'type': 'limit', 'user_id': '6db6972a-11ba-4203-a80d-b435f9c20a3f', 'yes_price_dollars': '0.9000'}}",yes,0.999999999999959,0.925
passive_limit,0.4,KXTSAW-26JUN14-A2.55,0.8955223880596402,0.99,55,48,7,False,"{'order': {'action': 'buy', 'book_side': 'bid', 'client_order_id': '181d5035-a8e8-445d-ab0d-9cbabc0c5541', 'created_time': '2026-06-10T22:48:07.561256Z', 'expiration_time': '2026-06-10T23:59:00Z', 'fill_count_fp': '0.00', 'initial_count_fp': '7.00', 'last_update_time': '2026-06-10T22:48:07.561256Z', 'maker_fees_dollars': '0.000000', 'maker_fill_cost_dollars': '0.000000', 'no_price_dollars': '0.1000', 'order_id': '7a61b846-6220-4f8e-8825-925b3b3e4a34', 'outcome_side': 'yes', 'remaining_count_fp': '7.00', 'side': 'yes', 'status': 'resting', 'subaccount_number': 0, 'taker_fees_dollars': '0.000000', 'taker_fill_cost_dollars': '0.000000', 'ticker': 'KXTSAW-26JUN14-A2.55', 'type': 'limit', 'user_id': '6db6972a-11ba-4203-a80d-b435f9c20a3f', 'yes_price_dollars': '0.9000'}}",yes,0.999999999999959,0.925
passive_limit,0.2,KXTSAW-26JUN14-A2.60,0.9195389571856656,0.99,27,21,6,False,"{'order': {'action': 'buy', 'book_side': 'bid', 'client_order_id': 'c8efa019-f364-4720-a30d-f2ef66d3719b', 'created_time': '2026-06-10T22:48:10.606433Z', 'expiration_time': '2026-06-10T23:59:00Z', 'fill_count_fp': '0.00', 'initial_count_fp': '6.00', 'last_update_time': '2026-06-10T22:48:10.606433Z', 'maker_fees_dollars': '0.000000', 'maker_fill_cost_dollars': '0.000000', 'no_price_dollars': '0.0800', 'order_id': '81c839fa-9f92-49b4-992c-dbd073a862be', 'outcome_side': 'yes', 'remaining_count_fp': '6.00', 'side': 'yes', 'status': 'resting', 'subaccount_number': 0, 'taker_fees_dollars': '0.000000', 'taker_fill_cost_dollars': '0.000000', 'ticker': 'KXTSAW-26JUN14-A2.60', 'type': 'limit', 'user_id': '6db6972a-11ba-4203-a80d-b435f9c20a3f', 'yes_price_dollars': '0.9200'}}",yes,0.9999988927515292,0.985
passive_limit,0.25,KXTSAW-26JUN14-A2.60,0.9146327960384502,0.99,33,27,6,False,"{'order': {'action': 'buy', 'book_side': 'bid', 'client_order_id': 'b9eb6596-696a-4c69-9b4c-766f7c74bf31', 'created_time': '2026-06-10T22:48:13.176589Z', 'expiration_time': '2026-06-10T23:59:00Z', 'fill_count_fp': '0.00', 'initial_count_fp': '6.00', 'last_update_time': '2026-06-10T22:48:13.176589Z', 'maker_fees_dollars': '0.000000', 'maker_fill_cost_dollars': '0.000000', 'no_price_dollars': '0.0900', 'order_id': '8e3771ab-9cad-4b4b-aea7-e112b96d1c0d', 'outcome_side': 'yes', 'remaining_count_fp': '6.00', 'side': 'yes', 'status': 'resting', 'subaccount_number': 0, 'taker_fees_dollars': '0.000000', 'taker_fill_cost_dollars': '0.000000', 'ticker': 'KXTSAW-26JUN14-A2.60', 'type': 'limit', 'user_id': '6db6972a-11ba-4203-a80d-b435f9c20a3f', 'yes_price_dollars': '0.9100'}}",yes,0.9999988927515292,0.985
passive_limit,0.3,KXTSAW-26JUN14-A2.60,0.9090894711058821,0.99,40,33,7,False,"{'order': {'action': 'buy', 'book_side': 'bid', 'client_order_id': '08d5c5a6-3fb0-4f63-b4bd-dc134645d2f7', 'created_time': '2026-06-10T22:48:15.441581Z', 'expiration_time': '2026-06-10T23:59:00Z', 'fill_count_fp': '0.00', 'initial_count_fp': '7.00', 'last_update_time': '2026-06-10T22:48:15.441581Z', 'maker_fees_dollars': '0.000000', 'maker_fill_cost_dollars': '0.000000', 'no_price_dollars': '0.0900', 'order_id': '3da0c9ba-df47-4cf2-bbff-ce6a09bfa078', 'outcome_side': 'yes', 'remaining_count_fp': '7.00', 'side': 'yes', 'status': 'resting', 'subaccount_number': 0, 'taker_fees_dollars': '0.000000', 'taker_fill_cost_dollars': '0.000000', 'ticker': 'KXTSAW-26JUN14-A2.60', 'type': 'limit', 'user_id': '6db6972a-11ba-4203-a80d-b435f9c20a3f', 'yes_price_dollars': '0.9100'}}",yes,0.9999988927515292,0.985
passive_limit,0.35,KXTSAW-26JUN14-A2.60,0.9027762399326794,0.99,48,40,8,False,"{'order': {'action': 'buy', 'book_side': 'bid', 'client_order_id': '74989e2b-361c-4b99-906d-a1ef3df46230', 'created_time': '2026-06-10T22:48:17.6996Z', 'expiration_time': '2026-06-10T23:59:00Z', 'fill_count_fp': '0.00', 'initial_count_fp': '8.00', 'last_update_time': '2026-06-10T22:48:17.6996Z', 'maker_fees_dollars': '0.000000', 'maker_fill_cost_dollars': '0.000000', 'no_price_dollars': '0.1000', 'order_id': 'e5e2c276-43f3-4178-895c-2bb76c614e4b', 'outcome_side': 'yes', 'remaining_count_fp': '8.00', 'side': 'yes', 'status': 'resting', 'subaccount_number': 0, 'taker_fees_dollars': '0.000000', 'taker_fill_cost_dollars': '0.000000', 'ticker': 'KXTSAW-26JUN14-A2.60', 'type': 'limit', 'user_id': '6db6972a-11ba-4203-a80d-b435f9c20a3f', 'yes_price_dollars': '0.9000'}}",yes,0.9999988927515292,0.985
passive_limit,0.4,KXTSAW-26JUN14-A2.60,0.8955207354500435,0.99,55,48,7,False,"{'order': {'action': 'buy', 'book_side': 'bid', 'client_order_id': '62fc8b77-9c6b-4b44-87db-2549c91a2227', 'created_time': '2026-06-10T22:48:19.953583Z', 'expiration_time': '2026-06-10T23:59:00Z', 'fill_count_fp': '0.00', 'initial_count_fp': '7.00', 'last_update_time': '2026-06-10T22:48:19.953583Z', 'maker_fees_dollars': '0.000000', 'maker_fill_cost_dollars': '0.000000', 'no_price_dollars': '0.1000', 'order_id': '2797de8e-ab4b-4e99-8b85-33a5c17fde56', 'outcome_side': 'yes', 'remaining_count_fp': '7.00', 'side': 'yes', 'status': 'resting', 'subaccount_number': 0, 'taker_fees_dollars': '0.000000', 'taker_fill_cost_dollars': '0.000000', 'ticker': 'KXTSAW-26JUN14-A2.60', 'type': 'limit', 'user_id': '6db6972a-11ba-4203-a80d-b435f9c20a3f', 'yes_price_dollars': '0.9000'}}",yes,0.9999988927515292,0.985
passive_limit,0.15,KXTSAW-26JUN14-A2.70,0.6730084478092278,0.93,27,0,27,False,"{'order': {'action': 'buy', 'book_side': 'ask', 'client_order_id': '6c90fdea-8cee-405f-90b7-8d553fc76695', 'created_time': '2026-06-10T22:48:21.83319Z', 'expiration_time': '2026-06-10T23:59:00Z', 'fill_count_fp': '0.00', 'initial_count_fp': '27.00', 'last_update_time': '2026-06-10T22:48:21.83319Z', 'maker_fees_dollars': '0.000000', 'maker_fill_cost_dollars': '0.000000', 'no_price_dollars': '0.6700', 'order_id': '0a3f97ef-1d45-4e73-b53f-bee1ce663266', 'outcome_side': 'no', 'remaining_count_fp': '27.00', 'side': 'no', 'status': 'resting', 'subaccount_number': 0, 'taker_fees_dollars': '0.000000', 'taker_fill_cost_dollars': '0.000000', 'ticker': 'KXTSAW-26JUN14-A2.70', 'type': 'limit', 'user_id': '6db6972a-11ba-4203-a80d-b435f9c20a3f', 'yes_price_dollars': '0.3300'}}",no,0.7691677719844896,0.895
passive_limit,0.2,KXTSAW-26JUN14-A2.70,0.6542158298672294,0.93,37,27,10,False,"{'order': {'action': 'buy', 'book_side': 'ask', 'client_order_id': '2c998564-9125-4925-9fa9-b00147bbb672', 'created_time': '2026-06-10T22:48:24.103332Z', 'expiration_time': '2026-06-10T23:59:00Z', 'fill_count_fp': '0.00', 'initial_count_fp': '10.00', 'last_update_time': '2026-06-10T22:48:24.103332Z', 'maker_fees_dollars': '0.000000', 'maker_fill_cost_dollars': '0.000000', 'no_price_dollars': '0.6500', 'order_id': 'fa7d9301-61d3-4e52-8930-7ea760e0458e', 'outcome_side': 'no', 'remaining_count_fp': '10.00', 'side': 'no', 'status': 'resting', 'subaccount_number': 0, 'taker_fees_dollars': '0.000000', 'taker_fill_cost_dollars': '0.000000', 'ticker': 'KXTSAW-26JUN14-A2.70', 'type': 'limit', 'user_id': '6db6972a-11ba-4203-a80d-b435f9c20a3f', 'yes_price_dollars': '0.3500'}}",no,0.7691677719844896,0.895
passive_limit,0.25,KXTSAW-26JUN14-A2.70,0.6331314292493775,0.93,48,37,11,False,"{'order': {'action': 'buy', 'book_side': 'ask', 'client_order_id': 'ab77f620-ea12-430f-8bfd-9e20d0aefda2', 'created_time': '2026-06-10T22:48:26.491186Z', 'expiration_time': '2026-06-10T23:59:00Z', 'fill_count_fp': '0.00', 'initial_count_fp': '11.00', 'last_update_time': '2026-06-10T22:48:26.491186Z', 'maker_fees_dollars': '0.000000', 'maker_fill_cost_dollars': '0.000000', 'no_price_dollars': '0.6300', 'order_id': '1ddb95ec-a40f-426d-8616-7d4b5f65e8ca', 'outcome_side': 'no', 'remaining_count_fp': '11.00', 'side': 'no', 'status': 'resting', 'subaccount_number': 0, 'taker_fees_dollars': '0.000000', 'taker_fill_cost_dollars': '0.000000', 'ticker': 'KXTSAW-26JUN14-A2.70', 'type': 'limit', 'user_id': '6db6972a-11ba-4203-a80d-b435f9c20a3f', 'yes_price_dollars': '0.3700'}}",no,0.7691677719844896,0.895
passive_limit,0.3,KXTSAW-26JUN14-A2.70,0.6093087947850514,0.93,59,48,11,False,"{'order': {'action': 'buy', 'book_side': 'ask', 'client_order_id': 'a84a98a4-a62b-4173-88e3-63f5c8a9dadf', 'created_time': '2026-06-10T22:48:28.837075Z', 'expiration_time': '2026-06-10T23:59:00Z', 'fill_count_fp': '0.00', 'initial_count_fp': '11.00', 'last_update_time': '2026-06-10T22:48:28.837075Z', 'maker_fees_dollars': '0.000000', 'maker_fill_cost_dollars': '0.000000', 'no_price_dollars': '0.6100', 'order_id': 'b4c2566c-947d-4fab-ab9e-7da901550082', 'outcome_side': 'no', 'remaining_count_fp': '11.00', 'side': 'no', 'status': 'resting', 'subaccount_number': 0, 'taker_fees_dollars': '0.000000', 'taker_fill_cost_dollars': '0.000000', 'ticker': 'KXTSAW-26JUN14-A2.70', 'type': 'limit', 'user_id': '6db6972a-11ba-4203-a80d-b435f9c20a3f', 'yes_price_dollars': '0.3900'}}",no,0.7691677719844896,0.895
passive_limit,0.35,KXTSAW-26JUN14-A2.70,0.5821774610895688,0.93,73,59,14,False,"{'order': {'action': 'buy', 'book_side': 'ask', 'client_order_id': '055f4bae-eaff-4999-84c2-ad24bddd3cf1', 'created_time': '2026-06-10T22:48:31.103232Z', 'expiration_time': '2026-06-10T23:59:00Z', 'fill_count_fp': '0.00', 'initial_count_fp': '14.00', 'last_update_time': '2026-06-10T22:48:31.103232Z', 'maker_fees_dollars': '0.000000', 'maker_fill_cost_dollars': '0.000000', 'no_price_dollars': '0.5800', 'order_id': 'd6837318-e354-4743-9fa7-cc094509690f', 'outcome_side': 'no', 'remaining_count_fp': '14.00', 'side': 'no', 'status': 'resting', 'subaccount_number': 0, 'taker_fees_dollars': '0.000000', 'taker_fill_cost_dollars': '0.000000', 'ticker': 'KXTSAW-26JUN14-A2.70', 'type': 'limit', 'user_id': '6db6972a-11ba-4203-a80d-b435f9c20a3f', 'yes_price_dollars': '0.4200'}}",no,0.7691677719844896,0.895
passive_limit,0.4,KXTSAW-26JUN14-A2.70,0.5509966746037157,0.93,87,73,14,False,"{'order': {'action': 'buy', 'book_side': 'ask', 'client_order_id': '8089ca43-d03a-49a3-addd-a296f2adb91a', 'created_time': '2026-06-10T22:48:33.319018Z', 'expiration_time': '2026-06-10T23:59:00Z', 'fill_count_fp': '0.00', 'initial_count_fp': '14.00', 'last_update_time': '2026-06-10T22:48:33.319018Z', 'maker_fees_dollars': '0.000000', 'maker_fill_cost_dollars': '0.000000', 'no_price_dollars': '0.5500', 'order_id': '997a3e27-9e1e-4f57-a3fc-b6ea27b987af', 'outcome_side': 'no', 'remaining_count_fp': '14.00', 'side': 'no', 'status': 'resting', 'subaccount_number': 0, 'taker_fees_dollars': '0.000000', 'taker_fill_cost_dollars': '0.000000', 'ticker': 'KXTSAW-26JUN14-A2.70', 'type': 'limit', 'user_id': '6db6972a-11ba-4203-a80d-b435f9c20a3f', 'yes_price_dollars': '0.4500'}}",no,0.7691677719844896,0.895
passive_limit,0.1,KXTRUFTSA-26JUN10-T2060000,0.9278350515463917,,5,0,5,False,"{'order': {'action': 'buy', 'book_side': 'bid', 'client_order_id': 'd7e14d7a-37fc-477d-b6b6-638dfb37bcc8', 'created_time': '2026-06-10T22:48:37.547972Z', 'expiration_time': '2026-06-10T23:59:00Z', 'fill_count_fp': '0.00', 'initial_count_fp': '5.00', 'last_update_time': '2026-06-10T22:48:37.547972Z', 'maker_fees_dollars': '0.000000', 'maker_fill_cost_dollars': '0.000000', 'no_price_dollars': '0.0700', 'order_id': '37679b16-b1a9-4670-b28a-f5e02995cfc3', 'outcome_side': 'yes', 'remaining_count_fp': '5.00', 'side': 'yes', 'status': 'resting', 'subaccount_number': 0, 'taker_fees_dollars': '0.000000', 'taker_fill_cost_dollars': '0.000000', 'ticker': 'KXTRUFTSA-26JUN10-T2060000', 'type': 'limit', 'user_id': '6db6972a-11ba-4203-a80d-b435f9c20a3f', 'yes_price_dollars': '0.9300'}}",yes,1.0,0.94
passive_limit,0.15,KXTRUFTSA-26JUN10-T2060000,0.9239130434782608,,8,5,3,False,"{'order': {'action': 'buy', 'book_side': 'bid', 'client_order_id': 'd120d528-ca21-40cc-b3e7-1d530a73f590', 'created_time': '2026-06-10T22:48:39.814105Z', 'expiration_time': '2026-06-10T23:59:00Z', 'fill_count_fp': '0.00', 'initial_count_fp': '3.00', 'last_update_time': '2026-06-10T22:48:39.814105Z', 'maker_fees_dollars': '0.000000', 'maker_fill_cost_dollars': '0.000000', 'no_price_dollars': '0.0800', 'order_id': 'a450ae6a-d531-4416-a5a6-d3dbfba6857c', 'outcome_side': 'yes', 'remaining_count_fp': '3.00', 'side': 'yes', 'status': 'resting', 'subaccount_number': 0, 'taker_fees_dollars': '0.000000', 'taker_fill_cost_dollars': '0.000000', 'ticker': 'KXTRUFTSA-26JUN10-T2060000', 'type': 'limit', 'user_id': '6db6972a-11ba-4203-a80d-b435f9c20a3f', 'yes_price_dollars': '0.9200'}}",yes,1.0,0.94
passive_limit,0.2,KXTRUFTSA-26JUN10-T2060000,0.9195402298850575,,10,8,2,False,"{'order': {'action': 'buy', 'book_side': 'bid', 'client_order_id': 'ac740ff3-e1e5-4875-b861-ebad3484fce8', 'created_time': '2026-06-10T22:48:42.149857Z', 'expiration_time': '2026-06-10T23:59:00Z', 'fill_count_fp': '0.00', 'initial_count_fp': '2.00', 'last_update_time': '2026-06-10T22:48:42.149857Z', 'maker_fees_dollars': '0.000000', 'maker_fill_cost_dollars': '0.000000', 'no_price_dollars': '0.0800', 'order_id': '82b619eb-e43d-4279-8f69-c549d6c75cfe', 'outcome_side': 'yes', 'remaining_count_fp': '2.00', 'side': 'yes', 'status': 'resting', 'subaccount_number': 0, 'taker_fees_dollars': '0.000000', 'taker_fill_cost_dollars': '0.000000', 'ticker': 'KXTRUFTSA-26JUN10-T2060000', 'type': 'limit', 'user_id': '6db6972a-11ba-4203-a80d-b435f9c20a3f', 'yes_price_dollars': '0.9200'}}",yes,1.0,0.94
passive_limit,0.25,KXTRUFTSA-26JUN10-T2060000,0.9146341463414633,,13,10,3,False,"{'order': {'action': 'buy', 'book_side': 'bid', 'client_order_id': '6a11f9b5-db64-44ec-a28b-c5c8f976120b', 'created_time': '2026-06-10T22:48:44.436894Z', 'expiration_time': '2026-06-10T23:59:00Z', 'fill_count_fp': '0.00', 'initial_count_fp': '3.00', 'last_update_time': '2026-06-10T22:48:44.436894Z', 'maker_fees_dollars': '0.000000', 'maker_fill_cost_dollars': '0.000000', 'no_price_dollars': '0.0900', 'order_id': '88948d9b-6c8c-4d49-8667-eda9b3808b83', 'outcome_side': 'yes', 'remaining_count_fp': '3.00', 'side': 'yes', 'status': 'resting', 'subaccount_number': 0, 'taker_fees_dollars': '0.000000', 'taker_fill_cost_dollars': '0.000000', 'ticker': 'KXTRUFTSA-26JUN10-T2060000', 'type': 'limit', 'user_id': '6db6972a-11ba-4203-a80d-b435f9c20a3f', 'yes_price_dollars': '0.9100'}}",yes,1.0,0.94
passive_limit,0.3,KXTRUFTSA-26JUN10-T2060000,0.9090909090909091,,16,13,3,False,"{'order': {'action': 'buy', 'book_side': 'bid', 'client_order_id': 'b77b8ed7-217f-4312-af60-3e4b7ac97e56', 'created_time': '2026-06-10T22:48:46.663491Z', 'expiration_time': '2026-06-10T23:59:00Z', 'fill_count_fp': '0.00', 'initial_count_fp': '3.00', 'last_update_time': '2026-06-10T22:48:46.663491Z', 'maker_fees_dollars': '0.000000', 'maker_fill_cost_dollars': '0.000000', 'no_price_dollars': '0.0900', 'order_id': 'a0770638-a1fc-454b-8d3d-8b599af5a6fc', 'outcome_side': 'yes', 'remaining_count_fp': '3.00', 'side': 'yes', 'status': 'resting', 'subaccount_number': 0, 'taker_fees_dollars': '0.000000', 'taker_fill_cost_dollars': '0.000000', 'ticker': 'KXTRUFTSA-26JUN10-T2060000', 'type': 'limit', 'user_id': '6db6972a-11ba-4203-a80d-b435f9c20a3f', 'yes_price_dollars': '0.9100'}}",yes,1.0,0.94
passive_limit,0.35,KXTRUFTSA-26JUN10-T2060000,0.9027777777777777,,19,16,3,False,"{'order': {'action': 'buy', 'book_side': 'bid', 'client_order_id': 'a432d4b3-14f4-4d52-b646-f7c2c46fcc35', 'created_time': '2026-06-10T22:48:48.972847Z', 'expiration_time': '2026-06-10T23:59:00Z', 'fill_count_fp': '0.00', 'initial_count_fp': '3.00', 'last_update_time': '2026-06-10T22:48:48.972847Z', 'maker_fees_dollars': '0.000000', 'maker_fill_cost_dollars': '0.000000', 'no_price_dollars': '0.1000', 'order_id': 'bcb470e4-df91-48ef-9166-a2724617af15', 'outcome_side': 'yes', 'remaining_count_fp': '3.00', 'side': 'yes', 'status': 'resting', 'subaccount_number': 0, 'taker_fees_dollars': '0.000000', 'taker_fill_cost_dollars': '0.000000', 'ticker': 'KXTRUFTSA-26JUN10-T2060000', 'type': 'limit', 'user_id': '6db6972a-11ba-4203-a80d-b435f9c20a3f', 'yes_price_dollars': '0.9000'}}",yes,1.0,0.94
passive_limit,0.4,KXTRUFTSA-26JUN10-T2060000,0.8955223880597014,,22,19,3,False,"{'order': {'action': 'buy', 'book_side': 'bid', 'client_order_id': 'a9e2f9d0-0a48-4772-adfb-f61fc6ee6911', 'created_time': '2026-06-10T22:48:51.214349Z', 'expiration_time': '2026-06-10T23:59:00Z', 'fill_count_fp': '0.00', 'initial_count_fp': '3.00', 'last_update_time': '2026-06-10T22:48:51.214349Z', 'maker_fees_dollars': '0.000000', 'maker_fill_cost_dollars': '0.000000', 'no_price_dollars': '0.1000', 'order_id': 'b89db57c-fc6c-4afc-9ede-f55a2ef416f3', 'outcome_side': 'yes', 'remaining_count_fp': '3.00', 'side': 'yes', 'status': 'resting', 'subaccount_number': 0, 'taker_fees_dollars': '0.000000', 'taker_fill_cost_dollars': '0.000000', 'ticker': 'KXTRUFTSA-26JUN10-T2060000', 'type': 'limit', 'user_id': '6db6972a-11ba-4203-a80d-b435f9c20a3f', 'yes_price_dollars': '0.9000'}}",yes,1.0,0.94
passive_limit,0.1,KXTRUFTSA-26JUN10-T2160000,0.9278350515463912,,5,0,5,False,"{'order': {'action': 'buy', 'book_side': 'bid', 'client_order_id': 'd2516308-2f12-4093-bff5-989f133c5ff8', 'created_time': '2026-06-10T22:48:54.209867Z', 'expiration_time': '2026-06-10T23:59:00Z', 'fill_count_fp': '0.00', 'initial_count_fp': '5.00', 'last_update_time': '2026-06-10T22:48:54.209867Z', 'maker_fees_dollars': '0.000000', 'maker_fill_cost_dollars': '0.000000', 'no_price_dollars': '0.0700', 'order_id': '08ebb5a9-1347-432d-ac19-613272fbe350', 'outcome_side': 'yes', 'remaining_count_fp': '5.00', 'side': 'yes', 'status': 'resting', 'subaccount_number': 0, 'taker_fees_dollars': '0.000000', 'taker_fill_cost_dollars': '0.000000', 'ticker': 'KXTRUFTSA-26JUN10-T2160000', 'type': 'limit', 'user_id': '6db6972a-11ba-4203-a80d-b435f9c20a3f', 'yes_price_dollars': '0.9300'}}",yes,0.9999999999999996,0.97
passive_limit,0.15,KXTRUFTSA-26JUN10-T2160000,0.9239130434782603,,8,5,3,False,"{'order': {'action': 'buy', 'book_side': 'bid', 'client_order_id': 'c5546ab4-b6f0-40c7-9d5f-c24449e7fe72', 'created_time': '2026-06-10T22:48:56.541828Z', 'expiration_time': '2026-06-10T23:59:00Z', 'fill_count_fp': '0.00', 'initial_count_fp': '3.00', 'last_update_time': '2026-06-10T22:48:56.541828Z', 'maker_fees_dollars': '0.000000', 'maker_fill_cost_dollars': '0.000000', 'no_price_dollars': '0.0800', 'order_id': 'a2fd09d7-dea5-4108-a0dd-f07bd48ad532', 'outcome_side': 'yes', 'remaining_count_fp': '3.00', 'side': 'yes', 'status': 'resting', 'subaccount_number': 0, 'taker_fees_dollars': '0.000000', 'taker_fill_cost_dollars': '0.000000', 'ticker': 'KXTRUFTSA-26JUN10-T2160000', 'type': 'limit', 'user_id': '6db6972a-11ba-4203-a80d-b435f9c20a3f', 'yes_price_dollars': '0.9200'}}",yes,0.9999999999999996,0.97
passive_limit,0.2,KXTRUFTSA-26JUN10-T2160000,0.9195402298850569,,10,8,2,False,"{'order': {'action': 'buy', 'book_side': 'bid', 'client_order_id': '9969b12a-43ef-4220-b284-636daf836bc8', 'created_time': '2026-06-10T22:48:59.019658Z', 'expiration_time': '2026-06-10T23:59:00Z', 'fill_count_fp': '0.00', 'initial_count_fp': '2.00', 'last_update_time': '2026-06-10T22:48:59.019658Z', 'maker_fees_dollars': '0.000000', 'maker_fill_cost_dollars': '0.000000', 'no_price_dollars': '0.0800', 'order_id': 'e2e6fb65-ccaf-49bb-bbc9-63122b9d0d21', 'outcome_side': 'yes', 'remaining_count_fp': '2.00', 'side': 'yes', 'status': 'resting', 'subaccount_number': 0, 'taker_fees_dollars': '0.000000', 'taker_fill_cost_dollars': '0.000000', 'ticker': 'KXTRUFTSA-26JUN10-T2160000', 'type': 'limit', 'user_id': '6db6972a-11ba-4203-a80d-b435f9c20a3f', 'yes_price_dollars': '0.9200'}}",yes,0.9999999999999996,0.97
passive_limit,0.25,KXTRUFTSA-26JUN10-T2160000,0.9146341463414628,,13,10,3,False,"{'order': {'action': 'buy', 'book_side': 'bid', 'client_order_id': 'b7d287a4-82fd-4ae9-8bf4-181ec9a45830', 'created_time': '2026-06-10T22:49:01.259913Z', 'expiration_time': '2026-06-10T23:59:00Z', 'fill_count_fp': '0.00', 'initial_count_fp': '3.00', 'last_update_time': '2026-06-10T22:49:01.259913Z', 'maker_fees_dollars': '0.000000', 'maker_fill_cost_dollars': '0.000000', 'no_price_dollars': '0.0900', 'order_id': '3282c359-7171-4b0d-8cb5-4af466737215', 'outcome_side': 'yes', 'remaining_count_fp': '3.00', 'side': 'yes', 'status': 'resting', 'subaccount_number': 0, 'taker_fees_dollars': '0.000000', 'taker_fill_cost_dollars': '0.000000', 'ticker': 'KXTRUFTSA-26JUN10-T2160000', 'type': 'limit', 'user_id': '6db6972a-11ba-4203-a80d-b435f9c20a3f', 'yes_price_dollars': '0.9100'}}",yes,0.9999999999999996,0.97
passive_limit,0.3,KXTRUFTSA-26JUN10-T2160000,0.9090909090909084,,16,13,3,False,"{'order': {'action': 'buy', 'book_side': 'bid', 'client_order_id': '9d1e1f3f-84cb-4ede-a931-742e203c94f1', 'created_time': '2026-06-10T22:49:03.53122Z', 'expiration_time': '2026-06-10T23:59:00Z', 'fill_count_fp': '0.00', 'initial_count_fp': '3.00', 'last_update_time': '2026-06-10T22:49:03.53122Z', 'maker_fees_dollars': '0.000000', 'maker_fill_cost_dollars': '0.000000', 'no_price_dollars': '0.0900', 'order_id': '2bc6162f-8ccc-4475-ba38-19e269dd6fc4', 'outcome_side': 'yes', 'remaining_count_fp': '3.00', 'side': 'yes', 'status': 'resting', 'subaccount_number': 0, 'taker_fees_dollars': '0.000000', 'taker_fill_cost_dollars': '0.000000', 'ticker': 'KXTRUFTSA-26JUN10-T2160000', 'type': 'limit', 'user_id': '6db6972a-11ba-4203-a80d-b435f9c20a3f', 'yes_price_dollars': '0.9100'}}",yes,0.9999999999999996,0.97
passive_limit,0.35,KXTRUFTSA-26JUN10-T2160000,0.9027777777777771,,19,16,3,False,"{'order': {'action': 'buy', 'book_side': 'bid', 'client_order_id': 'f271367b-f50b-4686-a774-173d996b2182', 'created_time': '2026-06-10T22:49:05.797417Z', 'expiration_time': '2026-06-10T23:59:00Z', 'fill_count_fp': '0.00', 'initial_count_fp': '3.00', 'last_update_time': '2026-06-10T22:49:05.797417Z', 'maker_fees_dollars': '0.000000', 'maker_fill_cost_dollars': '0.000000', 'no_price_dollars': '0.1000', 'order_id': '55bfa59e-183a-41cb-af06-68ef69b72a42', 'outcome_side': 'yes', 'remaining_count_fp': '3.00', 'side': 'yes', 'status': 'resting', 'subaccount_number': 0, 'taker_fees_dollars': '0.000000', 'taker_fill_cost_dollars': '0.000000', 'ticker': 'KXTRUFTSA-26JUN10-T2160000', 'type': 'limit', 'user_id': '6db6972a-11ba-4203-a80d-b435f9c20a3f', 'yes_price_dollars': '0.9000'}}",yes,0.9999999999999996,0.97
passive_limit,0.4,KXTRUFTSA-26JUN10-T2160000,0.8955223880597007,,22,19,3,False,"{'order': {'action': 'buy', 'book_side': 'bid', 'client_order_id': '32bf18d4-65ba-4621-9a66-4d4f5d6cfce1', 'created_time': '2026-06-10T22:49:08.035728Z', 'expiration_time': '2026-06-10T23:59:00Z', 'fill_count_fp': '0.00', 'initial_count_fp': '3.00', 'last_update_time': '2026-06-10T22:49:08.035728Z', 'maker_fees_dollars': '0.000000', 'maker_fill_cost_dollars': '0.000000', 'no_price_dollars': '0.1000', 'order_id': '97e64395-59f6-4673-bbca-c1d5d59d4d45', 'outcome_side': 'yes', 'remaining_count_fp': '3.00', 'side': 'yes', 'status': 'resting', 'subaccount_number': 0, 'taker_fees_dollars': '0.000000', 'taker_fill_cost_dollars': '0.000000', 'ticker': 'KXTRUFTSA-26JUN10-T2160000', 'type': 'limit', 'user_id': '6db6972a-11ba-4203-a80d-b435f9c20a3f', 'yes_price_dollars': '0.9000'}}",yes,0.9999999999999996,0.97
passive_limit,0.1,KXTRUFTSA-26JUN10-T2260000,0.9278350429608441,,5,0,5,False,"{'order': {'action': 'buy', 'book_side': 'bid', 'client_order_id': '09f04069-7ffd-427d-a3a1-134200432ff4', 'created_time': '2026-06-10T22:49:11.289207Z', 'expiration_time': '2026-06-10T23:59:00Z', 'fill_count_fp': '0.00', 'initial_count_fp': '5.00', 'last_update_time': '2026-06-10T22:49:11.289207Z', 'maker_fees_dollars': '0.000000', 'maker_fill_cost_dollars': '0.000000', 'no_price_dollars': '0.0700', 'order_id': 'd879bddd-ac0e-438b-b0b0-d78f020e766c', 'outcome_side': 'yes', 'remaining_count_fp': '5.00', 'side': 'yes', 'status': 'resting', 'subaccount_number': 0, 'taker_fees_dollars': '0.000000', 'taker_fill_cost_dollars': '0.000000', 'ticker': 'KXTRUFTSA-26JUN10-T2260000', 'type': 'limit', 'user_id': '6db6972a-11ba-4203-a80d-b435f9c20a3f', 'yes_price_dollars': '0.9300'}}",yes,0.9999999916720188,0.97
passive_limit,0.15,KXTRUFTSA-26JUN10-T2260000,0.9239130344261073,,8,5,3,False,"{'order': {'action': 'buy', 'book_side': 'bid', 'client_order_id': 'abbc84f8-32ef-4be9-9a0c-b24ff0899aeb', 'created_time': '2026-06-10T22:49:13.680011Z', 'expiration_time': '2026-06-10T23:59:00Z', 'fill_count_fp': '0.00', 'initial_count_fp': '3.00', 'last_update_time': '2026-06-10T22:49:13.680011Z', 'maker_fees_dollars': '0.000000', 'maker_fill_cost_dollars': '0.000000', 'no_price_dollars': '0.0800', 'order_id': 'ba84f566-c862-4079-8910-89bfdf6cf87a', 'outcome_side': 'yes', 'remaining_count_fp': '3.00', 'side': 'yes', 'status': 'resting', 'subaccount_number': 0, 'taker_fees_dollars': '0.000000', 'taker_fill_cost_dollars': '0.000000', 'ticker': 'KXTRUFTSA-26JUN10-T2260000', 'type': 'limit', 'user_id': '6db6972a-11ba-4203-a80d-b435f9c20a3f', 'yes_price_dollars': '0.9200'}}",yes,0.9999999916720188,0.97
passive_limit,0.2,KXTRUFTSA-26JUN10-T2260000,0.9195402203126652,,10,8,2,False,"{'order': {'action': 'buy', 'book_side': 'bid', 'client_order_id': '1709e7dd-005e-4765-a10b-afb23bf7f7d2', 'created_time': '2026-06-10T22:49:15.909126Z', 'expiration_time': '2026-06-10T23:59:00Z', 'fill_count_fp': '0.00', 'initial_count_fp': '2.00', 'last_update_time': '2026-06-10T22:49:15.909126Z', 'maker_fees_dollars': '0.000000', 'maker_fill_cost_dollars': '0.000000', 'no_price_dollars': '0.0800', 'order_id': 'dc235bbc-0695-4271-9df4-539fa63b4225', 'outcome_side': 'yes', 'remaining_count_fp': '2.00', 'side': 'yes', 'status': 'resting', 'subaccount_number': 0, 'taker_fees_dollars': '0.000000', 'taker_fill_cost_dollars': '0.000000', 'ticker': 'KXTRUFTSA-26JUN10-T2260000', 'type': 'limit', 'user_id': '6db6972a-11ba-4203-a80d-b435f9c20a3f', 'yes_price_dollars': '0.9200'}}",yes,0.9999999916720188,0.97
passive_limit,0.25,KXTRUFTSA-26JUN10-T2260000,0.9146341361853887,,13,10,3,False,"{'order': {'action': 'buy', 'book_side': 'bid', 'client_order_id': 'b917a1b1-245d-4a1e-80e2-9228a9cf8c13', 'created_time': '2026-06-10T22:49:18.201966Z', 'expiration_time': '2026-06-10T23:59:00Z', 'fill_count_fp': '0.00', 'initial_count_fp': '3.00', 'last_update_time': '2026-06-10T22:49:18.201966Z', 'maker_fees_dollars': '0.000000', 'maker_fill_cost_dollars': '0.000000', 'no_price_dollars': '0.0900', 'order_id': '89dc2f04-6e6b-49f8-b839-4acd0ce9f241', 'outcome_side': 'yes', 'remaining_count_fp': '3.00', 'side': 'yes', 'status': 'resting', 'subaccount_number': 0, 'taker_fees_dollars': '0.000000', 'taker_fill_cost_dollars': '0.000000', 'ticker': 'KXTRUFTSA-26JUN10-T2260000', 'type': 'limit', 'user_id': '6db6972a-11ba-4203-a80d-b435f9c20a3f', 'yes_price_dollars': '0.9100'}}",yes,0.9999999916720188,0.97
passive_limit,0.3,KXTRUFTSA-26JUN10-T2260000,0.9090908982753491,,16,13,3,False,"{'order': {'action': 'buy', 'book_side': 'bid', 'client_order_id': '4c1d2c39-e589-4984-9233-b274447b4193', 'created_time': '2026-06-10T22:49:20.48033Z', 'expiration_time': '2026-06-10T23:59:00Z', 'fill_count_fp': '0.00', 'initial_count_fp': '3.00', 'last_update_time': '2026-06-10T22:49:20.48033Z', 'maker_fees_dollars': '0.000000', 'maker_fill_cost_dollars': '0.000000', 'no_price_dollars': '0.0900', 'order_id': '139fc9a5-4159-4d6e-8e2b-a007c87e7d3f', 'outcome_side': 'yes', 'remaining_count_fp': '3.00', 'side': 'yes', 'status': 'resting', 'subaccount_number': 0, 'taker_fees_dollars': '0.000000', 'taker_fill_cost_dollars': '0.000000', 'ticker': 'KXTRUFTSA-26JUN10-T2260000', 'type': 'limit', 'user_id': '6db6972a-11ba-4203-a80d-b435f9c20a3f', 'yes_price_dollars': '0.9100'}}",yes,0.9999999916720188,0.97
passive_limit,0.35,KXTRUFTSA-26JUN10-T2260000,0.9027777662111371,,19,16,3,False,"{'order': {'action': 'buy', 'book_side': 'bid', 'client_order_id': '843b2457-d3d9-423a-be21-99b79315b781', 'created_time': '2026-06-10T22:49:22.732429Z', 'expiration_time': '2026-06-10T23:59:00Z', 'fill_count_fp': '0.00', 'initial_count_fp': '3.00', 'last_update_time': '2026-06-10T22:49:22.732429Z', 'maker_fees_dollars': '0.000000', 'maker_fill_cost_dollars': '0.000000', 'no_price_dollars': '0.1000', 'order_id': 'b4ae1fc7-7efc-4ffd-abbb-9a5225586263', 'outcome_side': 'yes', 'remaining_count_fp': '3.00', 'side': 'yes', 'status': 'resting', 'subaccount_number': 0, 'taker_fees_dollars': '0.000000', 'taker_fill_cost_dollars': '0.000000', 'ticker': 'KXTRUFTSA-26JUN10-T2260000', 'type': 'limit', 'user_id': '6db6972a-11ba-4203-a80d-b435f9c20a3f', 'yes_price_dollars': '0.9000'}}",yes,0.9999999916720188,0.97
passive_limit,0.4,KXTRUFTSA-26JUN10-T2260000,0.8955223756298787,,22,19,3,False,"{'order': {'action': 'buy', 'book_side': 'bid', 'client_order_id': '16ab4688-0d8c-48dd-b9dc-f1001453ca65', 'created_time': '2026-06-10T22:49:24.991584Z', 'expiration_time': '2026-06-10T23:59:00Z', 'fill_count_fp': '0.00', 'initial_count_fp': '3.00', 'last_update_time': '2026-06-10T22:49:24.991584Z', 'maker_fees_dollars': '0.000000', 'maker_fill_cost_dollars': '0.000000', 'no_price_dollars': '0.1000', 'order_id': 'ff2813d4-8259-4ac9-8a3d-85720c337364', 'outcome_side': 'yes', 'remaining_count_fp': '3.00', 'side': 'yes', 'status': 'resting', 'subaccount_number': 0, 'taker_fees_dollars': '0.000000', 'taker_fill_cost_dollars': '0.000000', 'ticker': 'KXTRUFTSA-26JUN10-T2260000', 'type': 'limit', 'user_id': '6db6972a-11ba-4203-a80d-b435f9c20a3f', 'yes_price_dollars': '0.9000'}}",yes,0.9999999916720188,0.97
passive_limit,0.1,KXTRUFTSA-26JUN10-T2360000,0.9272204426901758,0.98,5,0,5,False,"{'order': {'action': 'buy', 'book_side': 'bid', 'client_order_id': 'ac4f36f8-99ba-4af1-b439-b91172818863', 'created_time': '2026-06-10T22:49:26.535356Z', 'expiration_time': '2026-06-10T23:59:00Z', 'fill_count_fp': '0.00', 'initial_count_fp': '5.00', 'last_update_time': '2026-06-10T22:49:26.535356Z', 'maker_fees_dollars': '0.000000', 'maker_fill_cost_dollars': '0.000000', 'no_price_dollars': '0.0700', 'order_id': 'd00a837a-809f-495c-bc94-87bee1c1f1ad', 'outcome_side': 'yes', 'remaining_count_fp': '5.00', 'side': 'yes', 'status': 'resting', 'subaccount_number': 0, 'taker_fees_dollars': '0.000000', 'taker_fill_cost_dollars': '0.000000', 'ticker': 'KXTRUFTSA-26JUN10-T2360000', 'type': 'limit', 'user_id': '6db6972a-11ba-4203-a80d-b435f9c20a3f', 'yes_price_dollars': '0.9300'}}",yes,0.9994038294094706,0.92
passive_limit,0.15,KXTRUFTSA-26JUN10-T2360000,0.9232650319668158,0.98,8,5,3,False,"{'order': {'action': 'buy', 'book_side': 'bid', 'client_order_id': 'f587289b-3e12-4d34-8d71-18352d836472', 'created_time': '2026-06-10T22:49:28.869372Z', 'expiration_time': '2026-06-10T23:59:00Z', 'fill_count_fp': '0.00', 'initial_count_fp': '3.00', 'last_update_time': '2026-06-10T22:49:28.869372Z', 'maker_fees_dollars': '0.000000', 'maker_fill_cost_dollars': '0.000000', 'no_price_dollars': '0.0800', 'order_id': '0510c197-6c4e-471c-b71e-073989c0626a', 'outcome_side': 'yes', 'remaining_count_fp': '3.00', 'side': 'yes', 'status': 'resting', 'subaccount_number': 0, 'taker_fees_dollars': '0.000000', 'taker_fill_cost_dollars': '0.000000', 'ticker': 'KXTRUFTSA-26JUN10-T2360000', 'type': 'limit', 'user_id': '6db6972a-11ba-4203-a80d-b435f9c20a3f', 'yes_price_dollars': '0.9200'}}",yes,0.9994038294094706,0.92
passive_limit,0.2,KXTRUFTSA-26JUN10-T2360000,0.9188549763327246,0.98,10,8,2,False,"{'order': {'action': 'buy', 'book_side': 'bid', 'client_order_id': '498e0941-185a-45d2-a091-34ff8a2f1df1', 'created_time': '2026-06-10T22:49:31.148009Z', 'expiration_time': '2026-06-10T23:59:00Z', 'fill_count_fp': '0.00', 'initial_count_fp': '2.00', 'last_update_time': '2026-06-10T22:49:31.148009Z', 'maker_fees_dollars': '0.000000', 'maker_fill_cost_dollars': '0.000000', 'no_price_dollars': '0.0800', 'order_id': 'd8c1a113-dea7-43fb-9720-b31cebce884a', 'outcome_side': 'yes', 'remaining_count_fp': '2.00', 'side': 'yes', 'status': 'resting', 'subaccount_number': 0, 'taker_fees_dollars': '0.000000', 'taker_fill_cost_dollars': '0.000000', 'ticker': 'KXTRUFTSA-26JUN10-T2360000', 'type': 'limit', 'user_id': '6db6972a-11ba-4203-a80d-b435f9c20a3f', 'yes_price_dollars': '0.9200'}}",yes,0.9994038294094706,0.92
passive_limit,0.25,KXTRUFTSA-26JUN10-T2360000,0.9139071090359396,0.98,13,10,3,False,"{'order': {'action': 'buy', 'book_side': 'bid', 'client_order_id': '9be4dc74-5f4d-4d52-b445-46146a1a01b6', 'created_time': '2026-06-10T22:49:33.370199Z', 'expiration_time': '2026-06-10T23:59:00Z', 'fill_count_fp': '0.00', 'initial_count_fp': '3.00', 'last_update_time': '2026-06-10T22:49:33.370199Z', 'maker_fees_dollars': '0.000000', 'maker_fill_cost_dollars': '0.000000', 'no_price_dollars': '0.0900', 'order_id': '4e9e2571-a3e9-45d6-933d-d9cc3adb2a1a', 'outcome_side': 'yes', 'remaining_count_fp': '3.00', 'side': 'yes', 'status': 'resting', 'subaccount_number': 0, 'taker_fees_dollars': '0.000000', 'taker_fill_cost_dollars': '0.000000', 'ticker': 'KXTRUFTSA-26JUN10-T2360000', 'type': 'limit', 'user_id': '6db6972a-11ba-4203-a80d-b435f9c20a3f', 'yes_price_dollars': '0.9100'}}",yes,0.9994038294094706,0.92
passive_limit,0.3,KXTRUFTSA-26JUN10-T2360000,0.9083166615707411,0.98,16,13,3,False,"{'order': {'action': 'buy', 'book_side': 'bid', 'client_order_id': 'e0dad5d0-13a3-4641-81ee-d2cf135cdb50', 'created_time': '2026-06-10T22:49:35.623058Z', 'expiration_time': '2026-06-10T23:59:00Z', 'fill_count_fp': '0.00', 'initial_count_fp': '3.00', 'last_update_time': '2026-06-10T22:49:35.623058Z', 'maker_fees_dollars': '0.000000', 'maker_fill_cost_dollars': '0.000000', 'no_price_dollars': '0.0900', 'order_id': '0a90b2b3-3e5a-4252-a515-5e873a8db5be', 'outcome_side': 'yes', 'remaining_count_fp': '3.00', 'side': 'yes', 'status': 'resting', 'subaccount_number': 0, 'taker_fees_dollars': '0.000000', 'taker_fill_cost_dollars': '0.000000', 'ticker': 'KXTRUFTSA-26JUN10-T2360000', 'type': 'limit', 'user_id': '6db6972a-11ba-4203-a80d-b435f9c20a3f', 'yes_price_dollars': '0.9100'}}",yes,0.9994038294094706,0.92
passive_limit,0.35,KXTRUFTSA-26JUN10-T2360000,0.9019497630687091,0.98,19,16,3,False,"{'order': {'action': 'buy', 'book_side': 'bid', 'client_order_id': '5ef912fd-97f3-4dee-9710-ada0bb67301c', 'created_time': '2026-06-10T22:49:37.841226Z', 'expiration_time': '2026-06-10T23:59:00Z', 'fill_count_fp': '0.00', 'initial_count_fp': '3.00', 'last_update_time': '2026-06-10T22:49:37.841226Z', 'maker_fees_dollars': '0.000000', 'maker_fill_cost_dollars': '0.000000', 'no_price_dollars': '0.1000', 'order_id': 'b33f858e-0868-4335-adb1-65e8a148b553', 'outcome_side': 'yes', 'remaining_count_fp': '3.00', 'side': 'yes', 'status': 'resting', 'subaccount_number': 0, 'taker_fees_dollars': '0.000000', 'taker_fill_cost_dollars': '0.000000', 'ticker': 'KXTRUFTSA-26JUN10-T2360000', 'type': 'limit', 'user_id': '6db6972a-11ba-4203-a80d-b435f9c20a3f', 'yes_price_dollars': '0.9000'}}",yes,0.9994038294094706,0.92
passive_limit,0.4,KXTRUFTSA-26JUN10-T2360000,0.894632581208165,0.98,22,19,3,False,"{'order': {'action': 'buy', 'book_side': 'bid', 'client_order_id': 'e99d99c4-8b4c-4f05-bd60-2d45eae611a0', 'created_time': '2026-06-10T22:49:40.055009Z', 'expiration_time': '2026-06-10T23:59:00Z', 'fill_count_fp': '0.00', 'initial_count_fp': '3.00', 'last_update_time': '2026-06-10T22:49:40.055009Z', 'maker_fees_dollars': '0.000000', 'maker_fill_cost_dollars': '0.000000', 'no_price_dollars': '0.1100', 'order_id': '52ba71b8-b64f-4deb-b75d-56341c507e81', 'outcome_side': 'yes', 'remaining_count_fp': '3.00', 'side': 'yes', 'status': 'resting', 'subaccount_number': 0, 'taker_fees_dollars': '0.000000', 'taker_fill_cost_dollars': '0.000000', 'ticker': 'KXTRUFTSA-26JUN10-T2360000', 'type': 'limit', 'user_id': '6db6972a-11ba-4203-a80d-b435f9c20a3f', 'yes_price_dollars': '0.8900'}}",yes,0.9994038294094706,0.92
passive_limit,0.1,KXTRUFTSA-26JUN10-T2460000,0.7205569025053271,0.87,6,0,6,False,"{'order': {'action': 'buy', 'book_side': 'bid', 'client_order_id': '3fec8ec8-f304-4aaa-a019-02a53be3b013', 'created_time': '2026-06-10T22:49:41.630926Z', 'expiration_time': '2026-06-10T23:59:00Z', 'fill_count_fp': '0.00', 'initial_count_fp': '6.00', 'last_update_time': '2026-06-10T22:49:41.630926Z', 'maker_fees_dollars': '0.000000', 'maker_fill_cost_dollars': '0.000000', 'no_price_dollars': '0.2800', 'order_id': 'b193b6dc-90e8-4b68-8f79-d379f9829be6', 'outcome_side': 'yes', 'remaining_count_fp': '6.00', 'side': 'yes', 'status': 'resting', 'subaccount_number': 0, 'taker_fees_dollars': '0.000000', 'taker_fill_cost_dollars': '0.000000', 'ticker': 'KXTRUFTSA-26JUN10-T2460000', 'type': 'limit', 'user_id': '6db6972a-11ba-4203-a80d-b435f9c20a3f', 'yes_price_dollars': '0.7200'}}",yes,0.7989401954301674,0.845
passive_limit,0.15,KXTRUFTSA-26JUN10-T2460000,0.7053697776414862,0.87,10,6,4,False,"{'order': {'action': 'buy', 'book_side': 'bid', 'client_order_id': '9518d5e6-781b-4915-aa20-1a742c91cd53', 'created_time': '2026-06-10T22:49:44.006587Z', 'expiration_time': '2026-06-10T23:59:00Z', 'fill_count_fp': '0.00', 'initial_count_fp': '4.00', 'last_update_time': '2026-06-10T22:49:44.006587Z', 'maker_fees_dollars': '0.000000', 'maker_fill_cost_dollars': '0.000000', 'no_price_dollars': '0.2900', 'order_id': '17b32171-bf35-4778-bc2e-fc1d70c478c5', 'outcome_side': 'yes', 'remaining_count_fp': '4.00', 'side': 'yes', 'status': 'resting', 'subaccount_number': 0, 'taker_fees_dollars': '0.000000', 'taker_fill_cost_dollars': '0.000000', 'ticker': 'KXTRUFTSA-26JUN10-T2460000', 'type': 'limit', 'user_id': '6db6972a-11ba-4203-a80d-b435f9c20a3f', 'yes_price_dollars': '0.7100'}}",yes,0.7989401954301674,0.845
passive_limit,0.2,KXTRUFTSA-26JUN10-T2460000,0.6884370062415717,0.87,14,10,4,False,"{'order': {'action': 'buy', 'book_side': 'bid', 'client_order_id': '40541b37-eb3a-494e-91fc-b2d9c69e8869', 'created_time': '2026-06-10T22:49:46.275864Z', 'expiration_time': '2026-06-10T23:59:00Z', 'fill_count_fp': '0.00', 'initial_count_fp': '4.00', 'last_update_time': '2026-06-10T22:49:46.275864Z', 'maker_fees_dollars': '0.000000', 'maker_fill_cost_dollars': '0.000000', 'no_price_dollars': '0.3100', 'order_id': '8c85b5bf-a26b-4262-8028-a954e8d15f2d', 'outcome_side': 'yes', 'remaining_count_fp': '4.00', 'side': 'yes', 'status': 'resting', 'subaccount_number': 0, 'taker_fees_dollars': '0.000000', 'taker_fill_cost_dollars': '0.000000', 'ticker': 'KXTRUFTSA-26JUN10-T2460000', 'type': 'limit', 'user_id': '6db6972a-11ba-4203-a80d-b435f9c20a3f', 'yes_price_dollars': '0.6900'}}",yes,0.7989401954301674,0.845
passive_limit,0.25,KXTRUFTSA-26JUN10-T2460000,0.6694392627197162,0.87,18,14,4,False,"{'order': {'action': 'buy', 'book_side': 'bid', 'client_order_id': 'd853e325-e6ee-4dc7-9bb0-be5dbdd3af69', 'created_time': '2026-06-10T22:49:48.54275Z', 'expiration_time': '2026-06-10T23:59:00Z', 'fill_count_fp': '0.00', 'initial_count_fp': '4.00', 'last_update_time': '2026-06-10T22:49:48.54275Z', 'maker_fees_dollars': '0.000000', 'maker_fill_cost_dollars': '0.000000', 'no_price_dollars': '0.3300', 'order_id': 'ad5e482f-f782-4ce7-847e-25a2dd0b35d2', 'outcome_side': 'yes', 'remaining_count_fp': '4.00', 'side': 'yes', 'status': 'resting', 'subaccount_number': 0, 'taker_fees_dollars': '0.000000', 'taker_fill_cost_dollars': '0.000000', 'ticker': 'KXTRUFTSA-26JUN10-T2460000', 'type': 'limit', 'user_id': '6db6972a-11ba-4203-a80d-b435f9c20a3f', 'yes_price_dollars': '0.6700'}}",yes,0.7989401954301674,0.845
passive_limit,0.3,KXTRUFTSA-26JUN10-T2460000,0.6479742797794381,0.87,22,18,4,False,"{'order': {'action': 'buy', 'book_side': 'bid', 'client_order_id': '30336953-d017-4672-a228-2125f4765553', 'created_time': '2026-06-10T22:49:50.790328Z', 'expiration_time': '2026-06-10T23:59:00Z', 'fill_count_fp': '0.00', 'initial_count_fp': '4.00', 'last_update_time': '2026-06-10T22:49:50.790328Z', 'maker_fees_dollars': '0.000000', 'maker_fill_cost_dollars': '0.000000', 'no_price_dollars': '0.3500', 'order_id': 'ef7b207f-0a11-4b0f-8f5f-e21ee96facdc', 'outcome_side': 'yes', 'remaining_count_fp': '4.00', 'side': 'yes', 'status': 'resting', 'subaccount_number': 0, 'taker_fees_dollars': '0.000000', 'taker_fill_cost_dollars': '0.000000', 'ticker': 'KXTRUFTSA-26JUN10-T2460000', 'type': 'limit', 'user_id': '6db6972a-11ba-4203-a80d-b435f9c20a3f', 'yes_price_dollars': '0.6500'}}",yes,0.7989401954301674,0.845
passive_limit,0.35,KXTRUFTSA-26JUN10-T2460000,0.6235280492085657,0.87,27,22,5,False,"{'order': {'action': 'buy', 'book_side': 'bid', 'client_order_id': '3a80ba78-c084-4a21-87d0-79ef9118b621', 'created_time': '2026-06-10T22:49:53.026664Z', 'expiration_time': '2026-06-10T23:59:00Z', 'fill_count_fp': '0.00', 'initial_count_fp': '5.00', 'last_update_time': '2026-06-10T22:49:53.026664Z', 'maker_fees_dollars': '0.000000', 'maker_fill_cost_dollars': '0.000000', 'no_price_dollars': '0.3800', 'order_id': 'dcd3e815-eeee-4d43-b764-8301d152a1e5', 'outcome_side': 'yes', 'remaining_count_fp': '5.00', 'side': 'yes', 'status': 'resting', 'subaccount_number': 0, 'taker_fees_dollars': '0.000000', 'taker_fill_cost_dollars': '0.000000', 'ticker': 'KXTRUFTSA-26JUN10-T2460000', 'type': 'limit', 'user_id': '6db6972a-11ba-4203-a80d-b435f9c20a3f', 'yes_price_dollars': '0.6200'}}",yes,0.7989401954301674,0.845
passive_limit,0.4,KXTRUFTSA-26JUN10-T2460000,0.5954331275077124,0.87,32,27,5,False,"{'order': {'action': 'buy', 'book_side': 'bid', 'client_order_id': 'b81b83e1-7932-4aae-9e74-196199650079', 'created_time': '2026-06-10T22:49:55.253497Z', 'expiration_time': '2026-06-10T23:59:00Z', 'fill_count_fp': '0.00', 'initial_count_fp': '5.00', 'last_update_time': '2026-06-10T22:49:55.253497Z', 'maker_fees_dollars': '0.000000', 'maker_fill_cost_dollars': '0.000000', 'no_price_dollars': '0.4000', 'order_id': 'f77aea6c-917b-4924-b417-e38b4217b2da', 'outcome_side': 'yes', 'remaining_count_fp': '5.00', 'side': 'yes', 'status': 'resting', 'subaccount_number': 0, 'taker_fees_dollars': '0.000000', 'taker_fill_cost_dollars': '0.000000', 'ticker': 'KXTRUFTSA-26JUN10-T2460000', 'type': 'limit', 'user_id': '6db6972a-11ba-4203-a80d-b435f9c20a3f', 'yes_price_dollars': '0.6000'}}",yes,0.7989401954301674,0.845
passive_limit,0.15,KXTRUFTSA-26JUN10-T2560000,0.860012155999991,0.94,8,0,8,False,"{'order': {'action': 'buy', 'book_side': 'ask', 'client_order_id': 'a34bd39e-6bcc-4a72-85a9-70b005558c4b', 'created_time': '2026-06-10T22:49:57.274678Z', 'expiration_time': '2026-06-10T23:59:00Z', 'fill_count_fp': '0.00', 'initial_count_fp': '8.00', 'last_update_time': '2026-06-10T22:49:57.274678Z', 'maker_fees_dollars': '0.000000', 'maker_fill_cost_dollars': '0.000000', 'no_price_dollars': '0.8600', 'order_id': '03c07dc4-6897-44c1-941f-7097308e161d', 'outcome_side': 'no', 'remaining_count_fp': '8.00', 'side': 'no', 'status': 'resting', 'subaccount_number': 0, 'taker_fees_dollars': '0.000000', 'taker_fill_cost_dollars': '0.000000', 'ticker': 'KXTRUFTSA-26JUN10-T2560000', 'type': 'limit', 'user_id': '6db6972a-11ba-4203-a80d-b435f9c20a3f', 'yes_price_dollars': '0.1400'}}",no,0.9412111835199918,0.8049999999999999
passive_limit,0.2,KXTRUFTSA-26JUN10-T2560000,0.8519668776091858,0.94,11,8,3,False,"{'order': {'action': 'buy', 'book_side': 'ask', 'client_order_id': '9bbc3b19-55f2-4b13-bcb0-0f652b16da23', 'created_time': '2026-06-10T22:49:59.564271Z', 'expiration_time': '2026-06-10T23:59:00Z', 'fill_count_fp': '0.00', 'initial_count_fp': '3.00', 'last_update_time': '2026-06-10T22:49:59.564271Z', 'maker_fees_dollars': '0.000000', 'maker_fill_cost_dollars': '0.000000', 'no_price_dollars': '0.8500', 'order_id': '776e477b-585f-4597-891d-8e8bd15f1fdc', 'outcome_side': 'no', 'remaining_count_fp': '3.00', 'side': 'no', 'status': 'resting', 'subaccount_number': 0, 'taker_fees_dollars': '0.000000', 'taker_fill_cost_dollars': '0.000000', 'ticker': 'KXTRUFTSA-26JUN10-T2560000', 'type': 'limit', 'user_id': '6db6972a-11ba-4203-a80d-b435f9c20a3f', 'yes_price_dollars': '0.1500'}}",no,0.9412111835199918,0.8049999999999999
passive_limit,0.25,KXTRUFTSA-26JUN10-T2560000,0.842940467707307,0.94,14,11,3,False,"{'order': {'action': 'buy', 'book_side': 'ask', 'client_order_id': '9560c006-b40f-49cf-826a-708b08d338e4', 'created_time': '2026-06-10T22:50:01.875702Z', 'expiration_time': '2026-06-10T23:59:00Z', 'fill_count_fp': '0.00', 'initial_count_fp': '3.00', 'last_update_time': '2026-06-10T22:50:01.875702Z', 'maker_fees_dollars': '0.000000', 'maker_fill_cost_dollars': '0.000000', 'no_price_dollars': '0.8400', 'order_id': '5150fa99-f463-47a7-b703-29b6a1e08b08', 'outcome_side': 'no', 'remaining_count_fp': '3.00', 'side': 'no', 'status': 'resting', 'subaccount_number': 0, 'taker_fees_dollars': '0.000000', 'taker_fill_cost_dollars': '0.000000', 'ticker': 'KXTRUFTSA-26JUN10-T2560000', 'type': 'limit', 'user_id': '6db6972a-11ba-4203-a80d-b435f9c20a3f', 'yes_price_dollars': '0.1600'}}",no,0.9412111835199918,0.8049999999999999
passive_limit,0.3,KXTRUFTSA-26JUN10-T2560000,0.8327417967792101,0.94,17,14,3,False,"{'order': {'action': 'buy', 'book_side': 'ask', 'client_order_id': '9d6c6a40-95a2-41c3-8f34-1ca89bdbc015', 'created_time': '2026-06-10T22:50:04.235532Z', 'expiration_time': '2026-06-10T23:59:00Z', 'fill_count_fp': '0.00', 'initial_count_fp': '3.00', 'last_update_time': '2026-06-10T22:50:04.235532Z', 'maker_fees_dollars': '0.000000', 'maker_fill_cost_dollars': '0.000000', 'no_price_dollars': '0.8300', 'order_id': '148db637-d955-46a6-aa72-13e423c5bc94', 'outcome_side': 'no', 'remaining_count_fp': '3.00', 'side': 'no', 'status': 'resting', 'subaccount_number': 0, 'taker_fees_dollars': '0.000000', 'taker_fill_cost_dollars': '0.000000', 'ticker': 'KXTRUFTSA-26JUN10-T2560000', 'type': 'limit', 'user_id': '6db6972a-11ba-4203-a80d-b435f9c20a3f', 'yes_price_dollars': '0.1700'}}",no,0.9412111835199918,0.8049999999999999
passive_limit,0.35,KXTRUFTSA-26JUN10-T2560000,0.8211266437777663,0.94,21,17,4,False,"{'order': {'action': 'buy', 'book_side': 'ask', 'client_order_id': '8d6135b1-0baf-45df-9799-c95a6e43f155', 'created_time': '2026-06-10T22:50:06.494048Z', 'expiration_time': '2026-06-10T23:59:00Z', 'fill_count_fp': '0.00', 'initial_count_fp': '4.00', 'last_update_time': '2026-06-10T22:50:06.494048Z', 'maker_fees_dollars': '0.000000', 'maker_fill_cost_dollars': '0.000000', 'no_price_dollars': '0.8200', 'order_id': 'd6356e67-27c4-4a1c-857b-121ed011d7cb', 'outcome_side': 'no', 'remaining_count_fp': '4.00', 'side': 'no', 'status': 'resting', 'subaccount_number': 0, 'taker_fees_dollars': '0.000000', 'taker_fill_cost_dollars': '0.000000', 'ticker': 'KXTRUFTSA-26JUN10-T2560000', 'type': 'limit', 'user_id': '6db6972a-11ba-4203-a80d-b435f9c20a3f', 'yes_price_dollars': '0.1800'}}",no,0.9412111835199918,0.8049999999999999
passive_limit,0.4,KXTRUFTSA-26JUN10-T2560000,0.807777885850734,0.94,24,21,3,False,"{'order': {'action': 'buy', 'book_side': 'ask', 'client_order_id': '307a3cb6-8dd4-45b0-ad1a-d151f89724b1', 'created_time': '2026-06-10T22:50:08.739917Z', 'expiration_time': '2026-06-10T23:59:00Z', 'fill_count_fp': '0.00', 'initial_count_fp': '3.00', 'last_update_time': '2026-06-10T22:50:08.739917Z', 'maker_fees_dollars': '0.000000', 'maker_fill_cost_dollars': '0.000000', 'no_price_dollars': '0.8100', 'order_id': '79a431d5-1482-4281-8598-7a3d44f2d3a8', 'outcome_side': 'no', 'remaining_count_fp': '3.00', 'side': 'no', 'status': 'resting', 'subaccount_number': 0, 'taker_fees_dollars': '0.000000', 'taker_fill_cost_dollars': '0.000000', 'ticker': 'KXTRUFTSA-26JUN10-T2560000', 'type': 'limit', 'user_id': '6db6972a-11ba-4203-a80d-b435f9c20a3f', 'yes_price_dollars': '0.1900'}}",no,0.9412111835199918,0.8049999999999999
passive_limit,0.15,KXTRUFTSA-26JUN10-T2660000,0.9238736343555397,,8,0,8,False,"{'order': {'action': 'buy', 'book_side': 'ask', 'client_order_id': '1b1a1645-b051-47de-bcdf-8495fd62e87f', 'created_time': '2026-06-10T22:50:09.76268Z', 'expiration_time': '2026-06-10T23:59:00Z', 'fill_count_fp': '0.00', 'initial_count_fp': '8.00', 'last_update_time': '2026-06-10T22:50:09.76268Z', 'maker_fees_dollars': '0.000000', 'maker_fill_cost_dollars': '0.000000', 'no_price_dollars': '0.9200', 'order_id': '1503a148-07d7-41d4-9721-2d062ee1b742', 'outcome_side': 'no', 'remaining_count_fp': '8.00', 'side': 'no', 'status': 'resting', 'subaccount_number': 0, 'taker_fees_dollars': '0.000000', 'taker_fill_cost_dollars': '0.000000', 'ticker': 'KXTRUFTSA-26JUN10-T2660000', 'type': 'limit', 'user_id': '6db6972a-11ba-4203-a80d-b435f9c20a3f', 'yes_price_dollars': '0.0800'}}",no,0.9999637436070966,0.9299999999999999
passive_limit,0.2,KXTRUFTSA-26JUN10-T2660000,0.9194985558702258,,10,8,2,False,"{'order': {'action': 'buy', 'book_side': 'ask', 'client_order_id': '010a51b5-145c-4884-90d9-c9ec37420b0f', 'created_time': '2026-06-10T22:50:12.025634Z', 'expiration_time': '2026-06-10T23:59:00Z', 'fill_count_fp': '0.00', 'initial_count_fp': '2.00', 'last_update_time': '2026-06-10T22:50:12.025634Z', 'maker_fees_dollars': '0.000000', 'maker_fill_cost_dollars': '0.000000', 'no_price_dollars': '0.9200', 'order_id': '58303673-a2be-4699-95e5-3ef205ffed31', 'outcome_side': 'no', 'remaining_count_fp': '2.00', 'side': 'no', 'status': 'resting', 'subaccount_number': 0, 'taker_fees_dollars': '0.000000', 'taker_fill_cost_dollars': '0.000000', 'ticker': 'KXTRUFTSA-26JUN10-T2660000', 'type': 'limit', 'user_id': '6db6972a-11ba-4203-a80d-b435f9c20a3f', 'yes_price_dollars': '0.0800'}}",no,0.9999637436070966,0.9299999999999999
passive_limit,0.25,KXTRUFTSA-26JUN10-T2660000,0.9145899312281666,,13,10,3,False,"{'order': {'action': 'buy', 'book_side': 'ask', 'client_order_id': '147e49fc-edca-414a-8bb7-12ed5244edcc', 'created_time': '2026-06-10T22:50:14.310622Z', 'expiration_time': '2026-06-10T23:59:00Z', 'fill_count_fp': '0.00', 'initial_count_fp': '3.00', 'last_update_time': '2026-06-10T22:50:14.310622Z', 'maker_fees_dollars': '0.000000', 'maker_fill_cost_dollars': '0.000000', 'no_price_dollars': '0.9100', 'order_id': 'c6380ce2-d222-4d39-bcb8-9d13bf8feb35', 'outcome_side': 'no', 'remaining_count_fp': '3.00', 'side': 'no', 'status': 'resting', 'subaccount_number': 0, 'taker_fees_dollars': '0.000000', 'taker_fill_cost_dollars': '0.000000', 'ticker': 'KXTRUFTSA-26JUN10-T2660000', 'type': 'limit', 'user_id': '6db6972a-11ba-4203-a80d-b435f9c20a3f', 'yes_price_dollars': '0.0900'}}",no,0.9999637436070966,0.9299999999999999
passive_limit,0.3,KXTRUFTSA-26JUN10-T2660000,0.9090438228663593,,16,13,3,False,"{'order': {'action': 'buy', 'book_side': 'ask', 'client_order_id': '36e773c0-536b-4452-a239-93d0e665a84b', 'created_time': '2026-06-10T22:50:16.557679Z', 'expiration_time': '2026-06-10T23:59:00Z', 'fill_count_fp': '0.00', 'initial_count_fp': '3.00', 'last_update_time': '2026-06-10T22:50:16.557679Z', 'maker_fees_dollars': '0.000000', 'maker_fill_cost_dollars': '0.000000', 'no_price_dollars': '0.9100', 'order_id': '6e7afbda-3dca-40e3-8e53-0b5790b719ee', 'outcome_side': 'no', 'remaining_count_fp': '3.00', 'side': 'no', 'status': 'resting', 'subaccount_number': 0, 'taker_fees_dollars': '0.000000', 'taker_fill_cost_dollars': '0.000000', 'ticker': 'KXTRUFTSA-26JUN10-T2660000', 'type': 'limit', 'user_id': '6db6972a-11ba-4203-a80d-b435f9c20a3f', 'yes_price_dollars': '0.0900'}}",no,0.9999637436070966,0.9299999999999999
passive_limit,0.35,KXTRUFTSA-26JUN10-T2660000,0.902727421676523,,19,16,3,False,"{'order': {'action': 'buy', 'book_side': 'ask', 'client_order_id': '58748189-d78b-4dea-b3bb-b0702c4fe710', 'created_time': '2026-06-10T22:50:18.788325Z', 'expiration_time': '2026-06-10T23:59:00Z', 'fill_count_fp': '0.00', 'initial_count_fp': '3.00', 'last_update_time': '2026-06-10T22:50:18.788325Z', 'maker_fees_dollars': '0.000000', 'maker_fill_cost_dollars': '0.000000', 'no_price_dollars': '0.9000', 'order_id': 'e5598f36-82da-4038-9c7d-099e34397e6a', 'outcome_side': 'no', 'remaining_count_fp': '3.00', 'side': 'no', 'status': 'resting', 'subaccount_number': 0, 'taker_fees_dollars': '0.000000', 'taker_fill_cost_dollars': '0.000000', 'ticker': 'KXTRUFTSA-26JUN10-T2660000', 'type': 'limit', 'user_id': '6db6972a-11ba-4203-a80d-b435f9c20a3f', 'yes_price_dollars': '0.1000'}}",no,0.9999637436070966,0.9299999999999999
passive_limit,0.4,KXTRUFTSA-26JUN10-T2660000,0.8954682740404426,,22,19,3,False,"{'order': {'action': 'buy', 'book_side': 'ask', 'client_order_id': 'c126f645-e925-4904-a1a9-ef3c475254fe', 'created_time': '2026-06-10T22:50:21.015641Z', 'expiration_time': '2026-06-10T23:59:00Z', 'fill_count_fp': '0.00', 'initial_count_fp': '3.00', 'last_update_time': '2026-06-10T22:50:21.015641Z', 'maker_fees_dollars': '0.000000', 'maker_fill_cost_dollars': '0.000000', 'no_price_dollars': '0.9000', 'order_id': 'ff4da138-6d77-4a00-bcbd-f659da695929', 'outcome_side': 'no', 'remaining_count_fp': '3.00', 'side': 'no', 'status': 'resting', 'subaccount_number': 0, 'taker_fees_dollars': '0.000000', 'taker_fill_cost_dollars': '0.000000', 'ticker': 'KXTRUFTSA-26JUN10-T2660000', 'type': 'limit', 'user_id': '6db6972a-11ba-4203-a80d-b435f9c20a3f', 'yes_price_dollars': '0.1000'}}",no,0.9999637436070966,0.9299999999999999
passive_limit,0.15,KXTRUFTSA-26JUN10-T2760000,0.9239130433760299,,8,0,8,False,"{'order': {'action': 'buy', 'book_side': 'ask', 'client_order_id': '2f0dfaf0-2efe-4887-9c43-cc7a7401c9ab', 'created_time': '2026-06-10T22:50:22.035648Z', 'expiration_time': '2026-06-10T23:59:00Z', 'fill_count_fp': '0.00', 'initial_count_fp': '8.00', 'last_update_time': '2026-06-10T22:50:22.035648Z', 'maker_fees_dollars': '0.000000', 'maker_fill_cost_dollars': '0.000000', 'no_price_dollars': '0.9200', 'order_id': '731e4b53-9745-4f22-97ae-809a53d34860', 'outcome_side': 'no', 'remaining_count_fp': '8.00', 'side': 'no', 'status': 'resting', 'subaccount_number': 0, 'taker_fees_dollars': '0.000000', 'taker_fill_cost_dollars': '0.000000', 'ticker': 'KXTRUFTSA-26JUN10-T2760000', 'type': 'limit', 'user_id': '6db6972a-11ba-4203-a80d-b435f9c20a3f', 'yes_price_dollars': '0.0800'}}",no,0.9999999999059476,0.96
passive_limit,0.2,KXTRUFTSA-26JUN10-T2760000,0.919540229776951,,10,8,2,False,"{'order': {'action': 'buy', 'book_side': 'ask', 'client_order_id': '9b8926c0-0dbf-40e5-8123-fdd6547e6a4a', 'created_time': '2026-06-10T22:50:24.264354Z', 'expiration_time': '2026-06-10T23:59:00Z', 'fill_count_fp': '0.00', 'initial_count_fp': '2.00', 'last_update_time': '2026-06-10T22:50:24.264354Z', 'maker_fees_dollars': '0.000000', 'maker_fill_cost_dollars': '0.000000', 'no_price_dollars': '0.9200', 'order_id': 'f608d0c9-795f-4e86-8528-c1090e561354', 'outcome_side': 'no', 'remaining_count_fp': '2.00', 'side': 'no', 'status': 'resting', 'subaccount_number': 0, 'taker_fees_dollars': '0.000000', 'taker_fill_cost_dollars': '0.000000', 'ticker': 'KXTRUFTSA-26JUN10-T2760000', 'type': 'limit', 'user_id': '6db6972a-11ba-4203-a80d-b435f9c20a3f', 'yes_price_dollars': '0.0800'}}",no,0.9999999999059476,0.96
passive_limit,0.25,KXTRUFTSA-26JUN10-T2760000,0.9146341462267653,,13,10,3,False,"{'order': {'action': 'buy', 'book_side': 'ask', 'client_order_id': '6d4ae3dc-ed45-4ed1-9c6a-4e6ddc45412e', 'created_time': '2026-06-10T22:50:26.560079Z', 'expiration_time': '2026-06-10T23:59:00Z', 'fill_count_fp': '0.00', 'initial_count_fp': '3.00', 'last_update_time': '2026-06-10T22:50:26.560079Z', 'maker_fees_dollars': '0.000000', 'maker_fill_cost_dollars': '0.000000', 'no_price_dollars': '0.9100', 'order_id': 'edc042f2-26e3-486e-8ddf-b5b3ee53b39c', 'outcome_side': 'no', 'remaining_count_fp': '3.00', 'side': 'no', 'status': 'resting', 'subaccount_number': 0, 'taker_fees_dollars': '0.000000', 'taker_fill_cost_dollars': '0.000000', 'ticker': 'KXTRUFTSA-26JUN10-T2760000', 'type': 'limit', 'user_id': '6db6972a-11ba-4203-a80d-b435f9c20a3f', 'yes_price_dollars': '0.0900'}}",no,0.9999999999059476,0.96
passive_limit,0.3,KXTRUFTSA-26JUN10-T2760000,0.9090909089687631,,16,13,3,False,"{'order': {'action': 'buy', 'book_side': 'ask', 'client_order_id': 'b4d3454f-7372-4c51-953b-96c670a3fd85', 'created_time': '2026-06-10T22:50:28.937218Z', 'expiration_time': '2026-06-10T23:59:00Z', 'fill_count_fp': '0.00', 'initial_count_fp': '3.00', 'last_update_time': '2026-06-10T22:50:28.937218Z', 'maker_fees_dollars': '0.000000', 'maker_fill_cost_dollars': '0.000000', 'no_price_dollars': '0.9100', 'order_id': '89bbc920-b013-40c3-a703-8d108c861a19', 'outcome_side': 'no', 'remaining_count_fp': '3.00', 'side': 'no', 'status': 'resting', 'subaccount_number': 0, 'taker_fees_dollars': '0.000000', 'taker_fill_cost_dollars': '0.000000', 'ticker': 'KXTRUFTSA-26JUN10-T2760000', 'type': 'limit', 'user_id': '6db6972a-11ba-4203-a80d-b435f9c20a3f', 'yes_price_dollars': '0.0900'}}",no,0.9999999999059476,0.96
passive_limit,0.35,KXTRUFTSA-26JUN10-T2760000,0.9027777776471493,,19,16,3,False,"{'order': {'action': 'buy', 'book_side': 'ask', 'client_order_id': '571f87a7-a4b3-4043-a5b5-9ea233dfa908', 'created_time': '2026-06-10T22:50:31.202722Z', 'expiration_time': '2026-06-10T23:59:00Z', 'fill_count_fp': '0.00', 'initial_count_fp': '3.00', 'last_update_time': '2026-06-10T22:50:31.202722Z', 'maker_fees_dollars': '0.000000', 'maker_fill_cost_dollars': '0.000000', 'no_price_dollars': '0.9000', 'order_id': 'd4f8f4d0-1fe5-4f52-a95b-5db9733b97c8', 'outcome_side': 'no', 'remaining_count_fp': '3.00', 'side': 'no', 'status': 'resting', 'subaccount_number': 0, 'taker_fees_dollars': '0.000000', 'taker_fill_cost_dollars': '0.000000', 'ticker': 'KXTRUFTSA-26JUN10-T2760000', 'type': 'limit', 'user_id': '6db6972a-11ba-4203-a80d-b435f9c20a3f', 'yes_price_dollars': '0.1000'}}",no,0.9999999999059476,0.96
passive_limit,0.4,KXTRUFTSA-26JUN10-T2760000,0.8955223879193246,,22,19,3,False,"{'order': {'action': 'buy', 'book_side': 'ask', 'client_order_id': 'b9f194da-3661-4122-80e5-ad2d6b19bbfe', 'created_time': '2026-06-10T22:50:33.43523Z', 'expiration_time': '2026-06-10T23:59:00Z', 'fill_count_fp': '0.00', 'initial_count_fp': '3.00', 'last_update_time': '2026-06-10T22:50:33.43523Z', 'maker_fees_dollars': '0.000000', 'maker_fill_cost_dollars': '0.000000', 'no_price_dollars': '0.9000', 'order_id': '143c36d0-a7c7-4c8a-b73e-ea96fbc5e50c', 'outcome_side': 'no', 'remaining_count_fp': '3.00', 'side': 'no', 'status': 'resting', 'subaccount_number': 0, 'taker_fees_dollars': '0.000000', 'taker_fill_cost_dollars': '0.000000', 'ticker': 'KXTRUFTSA-26JUN10-T2760000', 'type': 'limit', 'user_id': '6db6972a-11ba-4203-a80d-b435f9c20a3f', 'yes_price_dollars': '0.1000'}}",no,0.9999999999059476,0.96
passive_limit,0.15,KXTRUFTSA-26JUN10-T2860000,0.9239130434782608,,8,0,8,False,"{'order': {'action': 'buy', 'book_side': 'ask', 'client_order_id': '5d9aa888-620b-4bb2-9b62-92e250d5f0a2', 'created_time': '2026-06-10T22:50:34.459018Z', 'expiration_time': '2026-06-10T23:59:00Z', 'fill_count_fp': '0.00', 'initial_count_fp': '8.00', 'last_update_time': '2026-06-10T22:50:34.459018Z', 'maker_fees_dollars': '0.000000', 'maker_fill_cost_dollars': '0.000000', 'no_price_dollars': '0.9200', 'order_id': '700e7a52-e89f-47fd-89ab-97f10375fd5c', 'outcome_side': 'no', 'remaining_count_fp': '8.00', 'side': 'no', 'status': 'resting', 'subaccount_number': 0, 'taker_fees_dollars': '0.000000', 'taker_fill_cost_dollars': '0.000000', 'ticker': 'KXTRUFTSA-26JUN10-T2860000', 'type': 'limit', 'user_id': '6db6972a-11ba-4203-a80d-b435f9c20a3f', 'yes_price_dollars': '0.0800'}}",no,1.0,0.97
passive_limit,0.2,KXTRUFTSA-26JUN10-T2860000,0.9195402298850575,,10,8,2,False,"{'order': {'action': 'buy', 'book_side': 'ask', 'client_order_id': 'a55db632-f257-4578-a28f-affe5e5cb613', 'created_time': '2026-06-10T22:50:36.739726Z', 'expiration_time': '2026-06-10T23:59:00Z', 'fill_count_fp': '0.00', 'initial_count_fp': '2.00', 'last_update_time': '2026-06-10T22:50:36.739726Z', 'maker_fees_dollars': '0.000000', 'maker_fill_cost_dollars': '0.000000', 'no_price_dollars': '0.9200', 'order_id': 'a80a20a9-7d3b-4f77-8432-567e556db809', 'outcome_side': 'no', 'remaining_count_fp': '2.00', 'side': 'no', 'status': 'resting', 'subaccount_number': 0, 'taker_fees_dollars': '0.000000', 'taker_fill_cost_dollars': '0.000000', 'ticker': 'KXTRUFTSA-26JUN10-T2860000', 'type': 'limit', 'user_id': '6db6972a-11ba-4203-a80d-b435f9c20a3f', 'yes_price_dollars': '0.0800'}}",no,1.0,0.97
passive_limit,0.25,KXTRUFTSA-26JUN10-T2860000,0.9146341463414633,,13,10,3,False,"{'order': {'action': 'buy', 'book_side': 'ask', 'client_order_id': '231d7082-b6af-4419-a157-73dfd250d1a1', 'created_time': '2026-06-10T22:50:38.986888Z', 'expiration_time': '2026-06-10T23:59:00Z', 'fill_count_fp': '0.00', 'initial_count_fp': '3.00', 'last_update_time': '2026-06-10T22:50:38.986888Z', 'maker_fees_dollars': '0.000000', 'maker_fill_cost_dollars': '0.000000', 'no_price_dollars': '0.9100', 'order_id': 'c4944c0d-c3d8-41ee-a886-9d00d938ca87', 'outcome_side': 'no', 'remaining_count_fp': '3.00', 'side': 'no', 'status': 'resting', 'subaccount_number': 0, 'taker_fees_dollars': '0.000000', 'taker_fill_cost_dollars': '0.000000', 'ticker': 'KXTRUFTSA-26JUN10-T2860000', 'type': 'limit', 'user_id': '6db6972a-11ba-4203-a80d-b435f9c20a3f', 'yes_price_dollars': '0.0900'}}",no,1.0,0.97
passive_limit,0.3,KXTRUFTSA-26JUN10-T2860000,0.9090909090909091,,16,13,3,False,"{'order': {'action': 'buy', 'book_side': 'ask', 'client_order_id': '5e00464c-6549-43c4-9b25-8b08119eb0f2', 'created_time': '2026-06-10T22:50:41.304407Z', 'expiration_time': '2026-06-10T23:59:00Z', 'fill_count_fp': '0.00', 'initial_count_fp': '3.00', 'last_update_time': '2026-06-10T22:50:41.304407Z', 'maker_fees_dollars': '0.000000', 'maker_fill_cost_dollars': '0.000000', 'no_price_dollars': '0.9100', 'order_id': 'da6452e7-f907-4ab1-8e17-cb1295ef9d0f', 'outcome_side': 'no', 'remaining_count_fp': '3.00', 'side': 'no', 'status': 'resting', 'subaccount_number': 0, 'taker_fees_dollars': '0.000000', 'taker_fill_cost_dollars': '0.000000', 'ticker': 'KXTRUFTSA-26JUN10-T2860000', 'type': 'limit', 'user_id': '6db6972a-11ba-4203-a80d-b435f9c20a3f', 'yes_price_dollars': '0.0900'}}",no,1.0,0.97
passive_limit,0.35,KXTRUFTSA-26JUN10-T2860000,0.9027777777777777,,19,16,3,False,"{'order': {'action': 'buy', 'book_side': 'ask', 'client_order_id': '3f6d9926-c16a-40e2-9474-121056e79948', 'created_time': '2026-06-10T22:50:43.633647Z', 'expiration_time': '2026-06-10T23:59:00Z', 'fill_count_fp': '0.00', 'initial_count_fp': '3.00', 'last_update_time': '2026-06-10T22:50:43.633647Z', 'maker_fees_dollars': '0.000000', 'maker_fill_cost_dollars': '0.000000', 'no_price_dollars': '0.9000', 'order_id': '41b785e8-a6c6-4af7-860f-52a6171bc46c', 'outcome_side': 'no', 'remaining_count_fp': '3.00', 'side': 'no', 'status': 'resting', 'subaccount_number': 0, 'taker_fees_dollars': '0.000000', 'taker_fill_cost_dollars': '0.000000', 'ticker': 'KXTRUFTSA-26JUN10-T2860000', 'type': 'limit', 'user_id': '6db6972a-11ba-4203-a80d-b435f9c20a3f', 'yes_price_dollars': '0.1000'}}",no,1.0,0.97
passive_limit,0.4,KXTRUFTSA-26JUN10-T2860000,0.8955223880597014,,22,19,3,False,"{'order': {'action': 'buy', 'book_side': 'ask', 'client_order_id': '1f607e92-39c3-4405-853d-bd963fd564b0', 'created_time': '2026-06-10T22:50:45.859121Z', 'expiration_time': '2026-06-10T23:59:00Z', 'fill_count_fp': '0.00', 'initial_count_fp': '3.00', 'last_update_time': '2026-06-10T22:50:45.859121Z', 'maker_fees_dollars': '0.000000', 'maker_fill_cost_dollars': '0.000000', 'no_price_dollars': '0.9000', 'order_id': '4a13aad4-8feb-49cf-a497-e4f29ff15fb8', 'outcome_side': 'no', 'remaining_count_fp': '3.00', 'side': 'no', 'status': 'resting', 'subaccount_number': 0, 'taker_fees_dollars': '0.000000', 'taker_fill_cost_dollars': '0.000000', 'ticker': 'KXTRUFTSA-26JUN10-T2860000', 'type': 'limit', 'user_id': '6db6972a-11ba-4203-a80d-b435f9c20a3f', 'yes_price_dollars': '0.1000'}}",no,1.0,0.97
passive_limit,0.15,KXTRUFTSA-26JUN10-T2960000,0.9239130434782608,,8,0,8,False,"{'order': {'action': 'buy', 'book_side': 'ask', 'client_order_id': 'ab8b3001-34d8-4583-a647-e3ad7dcf23c3', 'created_time': '2026-06-10T22:50:47.045815Z', 'expiration_time': '2026-06-10T23:59:00Z', 'fill_count_fp': '0.00', 'initial_count_fp': '8.00', 'last_update_time': '2026-06-10T22:50:47.045815Z', 'maker_fees_dollars': '0.000000', 'maker_fill_cost_dollars': '0.000000', 'no_price_dollars': '0.9200', 'order_id': '32f55cd5-f406-45b5-8e4b-05541c40509e', 'outcome_side': 'no', 'remaining_count_fp': '8.00', 'side': 'no', 'status': 'resting', 'subaccount_number': 0, 'taker_fees_dollars': '0.000000', 'taker_fill_cost_dollars': '0.000000', 'ticker': 'KXTRUFTSA-26JUN10-T2960000', 'type': 'limit', 'user_id': '6db6972a-11ba-4203-a80d-b435f9c20a3f', 'yes_price_dollars': '0.0800'}}",no,1.0,0.92
passive_limit,0.2,KXTRUFTSA-26JUN10-T2960000,0.9195402298850575,,10,8,2,False,"{'order': {'action': 'buy', 'book_side': 'ask', 'client_order_id': '83acd9ff-d27a-4b4e-bc7f-de424735590f', 'created_time': '2026-06-10T22:50:49.599749Z', 'expiration_time': '2026-06-10T23:59:00Z', 'fill_count_fp': '0.00', 'initial_count_fp': '2.00', 'last_update_time': '2026-06-10T22:50:49.599749Z', 'maker_fees_dollars': '0.000000', 'maker_fill_cost_dollars': '0.000000', 'no_price_dollars': '0.9200', 'order_id': 'a52b6d41-970e-4b08-870d-9d15ba29dcb4', 'outcome_side': 'no', 'remaining_count_fp': '2.00', 'side': 'no', 'status': 'resting', 'subaccount_number': 0, 'taker_fees_dollars': '0.000000', 'taker_fill_cost_dollars': '0.000000', 'ticker': 'KXTRUFTSA-26JUN10-T2960000', 'type': 'limit', 'user_id': '6db6972a-11ba-4203-a80d-b435f9c20a3f', 'yes_price_dollars': '0.0800'}}",no,1.0,0.92
passive_limit,0.25,KXTRUFTSA-26JUN10-T2960000,0.9146341463414633,,13,10,3,False,"{'order': {'action': 'buy', 'book_side': 'ask', 'client_order_id': '1e3f3acd-24db-4219-8330-ec1f79385d1c', 'created_time': '2026-06-10T22:50:51.923069Z', 'expiration_time': '2026-06-10T23:59:00Z', 'fill_count_fp': '0.00', 'initial_count_fp': '3.00', 'last_update_time': '2026-06-10T22:50:51.923069Z', 'maker_fees_dollars': '0.000000', 'maker_fill_cost_dollars': '0.000000', 'no_price_dollars': '0.9100', 'order_id': 'e40687f1-683c-45e6-b98f-87f7d049d0e9', 'outcome_side': 'no', 'remaining_count_fp': '3.00', 'side': 'no', 'status': 'resting', 'subaccount_number': 0, 'taker_fees_dollars': '0.000000', 'taker_fill_cost_dollars': '0.000000', 'ticker': 'KXTRUFTSA-26JUN10-T2960000', 'type': 'limit', 'user_id': '6db6972a-11ba-4203-a80d-b435f9c20a3f', 'yes_price_dollars': '0.0900'}}",no,1.0,0.92
passive_limit,0.3,KXTRUFTSA-26JUN10-T2960000,0.9090909090909091,,16,13,3,False,"{'order': {'action': 'buy', 'book_side': 'ask', 'client_order_id': 'b2c8bc97-5458-4966-a629-ebdba7089021', 'created_time': '2026-06-10T22:50:54.269662Z', 'expiration_time': '2026-06-10T23:59:00Z', 'fill_count_fp': '0.00', 'initial_count_fp': '3.00', 'last_update_time': '2026-06-10T22:50:54.269662Z', 'maker_fees_dollars': '0.000000', 'maker_fill_cost_dollars': '0.000000', 'no_price_dollars': '0.9100', 'order_id': '7b65289b-25db-4cef-921e-66f0027d4a03', 'outcome_side': 'no', 'remaining_count_fp': '3.00', 'side': 'no', 'status': 'resting', 'subaccount_number': 0, 'taker_fees_dollars': '0.000000', 'taker_fill_cost_dollars': '0.000000', 'ticker': 'KXTRUFTSA-26JUN10-T2960000', 'type': 'limit', 'user_id': '6db6972a-11ba-4203-a80d-b435f9c20a3f', 'yes_price_dollars': '0.0900'}}",no,1.0,0.92
passive_limit,0.35,KXTRUFTSA-26JUN10-T2960000,0.9027777777777777,,19,16,3,False,"{'order': {'action': 'buy', 'book_side': 'ask', 'client_order_id': '1e2d681c-a54a-4e79-9da5-4f822df6fcab', 'created_time': '2026-06-10T22:50:56.569162Z', 'expiration_time': '2026-06-10T23:59:00Z', 'fill_count_fp': '0.00', 'initial_count_fp': '3.00', 'last_update_time': '2026-06-10T22:50:56.569162Z', 'maker_fees_dollars': '0.000000', 'maker_fill_cost_dollars': '0.000000', 'no_price_dollars': '0.9000', 'order_id': '08963691-dc48-4650-aa27-55981f8bf3c6', 'outcome_side': 'no', 'remaining_count_fp': '3.00', 'side': 'no', 'status': 'resting', 'subaccount_number': 0, 'taker_fees_dollars': '0.000000', 'taker_fill_cost_dollars': '0.000000', 'ticker': 'KXTRUFTSA-26JUN10-T2960000', 'type': 'limit', 'user_id': '6db6972a-11ba-4203-a80d-b435f9c20a3f', 'yes_price_dollars': '0.1000'}}",no,1.0,0.92
passive_limit,0.4,KXTRUFTSA-26JUN10-T2960000,0.8955223880597014,,22,19,3,False,"{'order': {'action': 'buy', 'book_side': 'ask', 'client_order_id': 'e644139c-d32f-4bd3-96e0-29452464e6d7', 'created_time': '2026-06-10T22:50:58.951421Z', 'expiration_time': '2026-06-10T23:59:00Z', 'fill_count_fp': '0.00', 'initial_count_fp': '3.00', 'last_update_time': '2026-06-10T22:50:58.951421Z', 'maker_fees_dollars': '0.000000', 'maker_fill_cost_dollars': '0.000000', 'no_price_dollars': '0.9000', 'order_id': '7f98a4c3-c14f-4ea7-8394-dcc2935108a1', 'outcome_side': 'no', 'remaining_count_fp': '3.00', 'side': 'no', 'status': 'resting', 'subaccount_number': 0, 'taker_fees_dollars': '0.000000', 'taker_fill_cost_dollars': '0.000000', 'ticker': 'KXTRUFTSA-26JUN10-T2960000', 'type': 'limit', 'user_id': '6db6972a-11ba-4203-a80d-b435f9c20a3f', 'yes_price_dollars': '0.1000'}}",no,1.0,0.92
passive_limit,0.15,KXTRUFTSA-26JUN10-T3060000,0.9239130434782608,,8,0,8,False,"{'order': {'action': 'buy', 'book_side': 'ask', 'client_order_id': '3f46ce8a-ae59-4822-8ae7-6a9978253063', 'created_time': '2026-06-10T22:51:00.14431Z', 'expiration_time': '2026-06-10T23:59:00Z', 'fill_count_fp': '0.00', 'initial_count_fp': '8.00', 'last_update_time': '2026-06-10T22:51:00.14431Z', 'maker_fees_dollars': '0.000000', 'maker_fill_cost_dollars': '0.000000', 'no_price_dollars': '0.9200', 'order_id': 'aecec206-485f-4c9b-a031-e62503a6f0d0', 'outcome_side': 'no', 'remaining_count_fp': '8.00', 'side': 'no', 'status': 'resting', 'subaccount_number': 0, 'taker_fees_dollars': '0.000000', 'taker_fill_cost_dollars': '0.000000', 'ticker': 'KXTRUFTSA-26JUN10-T3060000', 'type': 'limit', 'user_id': '6db6972a-11ba-4203-a80d-b435f9c20a3f', 'yes_price_dollars': '0.0800'}}",no,1.0,0.91
passive_limit,0.2,KXTRUFTSA-26JUN10-T3060000,0.9195402298850575,,10,8,2,False,"{'order': {'action': 'buy', 'book_side': 'ask', 'client_order_id': '69f71f68-f96b-4230-9a3b-9e86a5a6e70c', 'created_time': '2026-06-10T22:51:02.457606Z', 'expiration_time': '2026-06-10T23:59:00Z', 'fill_count_fp': '0.00', 'initial_count_fp': '2.00', 'last_update_time': '2026-06-10T22:51:02.457606Z', 'maker_fees_dollars': '0.000000', 'maker_fill_cost_dollars': '0.000000', 'no_price_dollars': '0.9200', 'order_id': 'd2248aed-ac40-43b1-9a23-252a6407f60f', 'outcome_side': 'no', 'remaining_count_fp': '2.00', 'side': 'no', 'status': 'resting', 'subaccount_number': 0, 'taker_fees_dollars': '0.000000', 'taker_fill_cost_dollars': '0.000000', 'ticker': 'KXTRUFTSA-26JUN10-T3060000', 'type': 'limit', 'user_id': '6db6972a-11ba-4203-a80d-b435f9c20a3f', 'yes_price_dollars': '0.0800'}}",no,1.0,0.91
passive_limit,0.25,KXTRUFTSA-26JUN10-T3060000,0.9146341463414633,,13,10,3,False,"{'order': {'action': 'buy', 'book_side': 'ask', 'client_order_id': '790a595a-8289-4d04-827d-cb54532134b2', 'created_time': '2026-06-10T22:51:04.710365Z', 'expiration_time': '2026-06-10T23:59:00Z', 'fill_count_fp': '0.00', 'initial_count_fp': '3.00', 'last_update_time': '2026-06-10T22:51:04.710365Z', 'maker_fees_dollars': '0.000000', 'maker_fill_cost_dollars': '0.000000', 'no_price_dollars': '0.9100', 'order_id': '55a7ace1-a68a-4614-a7dc-af327c4806fc', 'outcome_side': 'no', 'remaining_count_fp': '3.00', 'side': 'no', 'status': 'resting', 'subaccount_number': 0, 'taker_fees_dollars': '0.000000', 'taker_fill_cost_dollars': '0.000000', 'ticker': 'KXTRUFTSA-26JUN10-T3060000', 'type': 'limit', 'user_id': '6db6972a-11ba-4203-a80d-b435f9c20a3f', 'yes_price_dollars': '0.0900'}}",no,1.0,0.91
passive_limit,0.3,KXTRUFTSA-26JUN10-T3060000,0.9090909090909091,,16,13,3,False,"{'order': {'action': 'buy', 'book_side': 'ask', 'client_order_id': '9afe3420-4054-48ca-83da-3ed28ec765c5', 'created_time': '2026-06-10T22:51:06.982489Z', 'expiration_time': '2026-06-10T23:59:00Z', 'fill_count_fp': '0.00', 'initial_count_fp': '3.00', 'last_update_time': '2026-06-10T22:51:06.982489Z', 'maker_fees_dollars': '0.000000', 'maker_fill_cost_dollars': '0.000000', 'no_price_dollars': '0.9100', 'order_id': '4e7b14e9-9a53-4c66-ab4b-1b7ac81dd510', 'outcome_side': 'no', 'remaining_count_fp': '3.00', 'side': 'no', 'status': 'resting', 'subaccount_number': 0, 'taker_fees_dollars': '0.000000', 'taker_fill_cost_dollars': '0.000000', 'ticker': 'KXTRUFTSA-26JUN10-T3060000', 'type': 'limit', 'user_id': '6db6972a-11ba-4203-a80d-b435f9c20a3f', 'yes_price_dollars': '0.0900'}}",no,1.0,0.91
passive_limit,0.35,KXTRUFTSA-26JUN10-T3060000,0.9027777777777777,,19,16,3,False,"{'order': {'action': 'buy', 'book_side': 'ask', 'client_order_id': 'dab86558-0422-4e9f-8391-1908a6f43ed4', 'created_time': '2026-06-10T22:51:09.206627Z', 'expiration_time': '2026-06-10T23:59:00Z', 'fill_count_fp': '0.00', 'initial_count_fp': '3.00', 'last_update_time': '2026-06-10T22:51:09.206627Z', 'maker_fees_dollars': '0.000000', 'maker_fill_cost_dollars': '0.000000', 'no_price_dollars': '0.9000', 'order_id': '7a6f44db-5e57-44e3-97fe-444b382c7eae', 'outcome_side': 'no', 'remaining_count_fp': '3.00', 'side': 'no', 'status': 'resting', 'subaccount_number': 0, 'taker_fees_dollars': '0.000000', 'taker_fill_cost_dollars': '0.000000', 'ticker': 'KXTRUFTSA-26JUN10-T3060000', 'type': 'limit', 'user_id': '6db6972a-11ba-4203-a80d-b435f9c20a3f', 'yes_price_dollars': '0.1000'}}",no,1.0,0.91
passive_limit,0.4,KXTRUFTSA-26JUN10-T3060000,0.8955223880597014,,22,19,3,False,"{'order': {'action': 'buy', 'book_side': 'ask', 'client_order_id': 'c7241de5-2c62-4255-860f-8d9354ef502c', 'created_time': '2026-06-10T22:51:11.4861Z', 'expiration_time': '2026-06-10T23:59:00Z', 'fill_count_fp': '0.00', 'initial_count_fp': '3.00', 'last_update_time': '2026-06-10T22:51:11.4861Z', 'maker_fees_dollars': '0.000000', 'maker_fill_cost_dollars': '0.000000', 'no_price_dollars': '0.9000', 'order_id': '883f1420-ded4-4cb7-b549-8d512c1833d4', 'outcome_side': 'no', 'remaining_count_fp': '3.00', 'side': 'no', 'status': 'resting', 'subaccount_number': 0, 'taker_fees_dollars': '0.000000', 'taker_fill_cost_dollars': '0.000000', 'ticker': 'KXTRUFTSA-26JUN10-T3060000', 'type': 'limit', 'user_id': '6db6972a-11ba-4203-a80d-b435f9c20a3f', 'yes_price_dollars': '0.1000'}}",no,1.0,0.91
passive_limit,0.15,KXTRUFTSA-26JUN10-T3160000,0.9239130434782608,,8,0,8,False,"{'order': {'action': 'buy', 'book_side': 'ask', 'client_order_id': 'ebc22cb1-bbe2-49eb-a50e-9c86174ff479', 'created_time': '2026-06-10T22:51:13.033395Z', 'expiration_time': '2026-06-10T23:59:00Z', 'fill_count_fp': '0.00', 'initial_count_fp': '8.00', 'last_update_time': '2026-06-10T22:51:13.033395Z', 'maker_fees_dollars': '0.000000', 'maker_fill_cost_dollars': '0.000000', 'no_price_dollars': '0.9200', 'order_id': 'b14d7538-373c-4666-a15a-4846a2a0c07e', 'outcome_side': 'no', 'remaining_count_fp': '8.00', 'side': 'no', 'status': 'resting', 'subaccount_number': 0, 'taker_fees_dollars': '0.000000', 'taker_fill_cost_dollars': '0.000000', 'ticker': 'KXTRUFTSA-26JUN10-T3160000', 'type': 'limit', 'user_id': '6db6972a-11ba-4203-a80d-b435f9c20a3f', 'yes_price_dollars': '0.0800'}}",no,1.0,0.94
passive_limit,0.2,KXTRUFTSA-26JUN10-T3160000,0.9195402298850575,,10,8,2,False,"{'order': {'action': 'buy', 'book_side': 'ask', 'client_order_id': '5b594e7d-ac1d-43a5-98ef-ecbf8c80c9f3', 'created_time': '2026-06-10T22:51:15.360453Z', 'expiration_time': '2026-06-10T23:59:00Z', 'fill_count_fp': '0.00', 'initial_count_fp': '2.00', 'last_update_time': '2026-06-10T22:51:15.360453Z', 'maker_fees_dollars': '0.000000', 'maker_fill_cost_dollars': '0.000000', 'no_price_dollars': '0.9200', 'order_id': '914998ab-1cd5-4ac2-85d0-5e459c2c8147', 'outcome_side': 'no', 'remaining_count_fp': '2.00', 'side': 'no', 'status': 'resting', 'subaccount_number': 0, 'taker_fees_dollars': '0.000000', 'taker_fill_cost_dollars': '0.000000', 'ticker': 'KXTRUFTSA-26JUN10-T3160000', 'type': 'limit', 'user_id': '6db6972a-11ba-4203-a80d-b435f9c20a3f', 'yes_price_dollars': '0.0800'}}",no,1.0,0.94
passive_limit,0.25,KXTRUFTSA-26JUN10-T3160000,0.9146341463414633,,13,10,3,False,"{'order': {'action': 'buy', 'book_side': 'ask', 'client_order_id': '3ce21ec8-5081-4634-a2ee-6e51c14f70c9', 'created_time': '2026-06-10T22:51:17.631992Z', 'expiration_time': '2026-06-10T23:59:00Z', 'fill_count_fp': '0.00', 'initial_count_fp': '3.00', 'last_update_time': '2026-06-10T22:51:17.631992Z', 'maker_fees_dollars': '0.000000', 'maker_fill_cost_dollars': '0.000000', 'no_price_dollars': '0.9100', 'order_id': 'd9d070e5-fab6-4299-977b-9d86c5082caf', 'outcome_side': 'no', 'remaining_count_fp': '3.00', 'side': 'no', 'status': 'resting', 'subaccount_number': 0, 'taker_fees_dollars': '0.000000', 'taker_fill_cost_dollars': '0.000000', 'ticker': 'KXTRUFTSA-26JUN10-T3160000', 'type': 'limit', 'user_id': '6db6972a-11ba-4203-a80d-b435f9c20a3f', 'yes_price_dollars': '0.0900'}}",no,1.0,0.94
passive_limit,0.3,KXTRUFTSA-26JUN10-T3160000,0.9090909090909091,,16,13,3,False,"{'order': {'action': 'buy', 'book_side': 'ask', 'client_order_id': 'cb7460d2-0fe2-42f1-b17f-7289dbab8755', 'created_time': '2026-06-10T22:51:19.872419Z', 'expiration_time': '2026-06-10T23:59:00Z', 'fill_count_fp': '0.00', 'initial_count_fp': '3.00', 'last_update_time': '2026-06-10T22:51:19.872419Z', 'maker_fees_dollars': '0.000000', 'maker_fill_cost_dollars': '0.000000', 'no_price_dollars': '0.9100', 'order_id': '06c02bfd-5723-4e57-8629-e29f4a84aa34', 'outcome_side': 'no', 'remaining_count_fp': '3.00', 'side': 'no', 'status': 'resting', 'subaccount_number': 0, 'taker_fees_dollars': '0.000000', 'taker_fill_cost_dollars': '0.000000', 'ticker': 'KXTRUFTSA-26JUN10-T3160000', 'type': 'limit', 'user_id': '6db6972a-11ba-4203-a80d-b435f9c20a3f', 'yes_price_dollars': '0.0900'}}",no,1.0,0.94
passive_limit,0.35,KXTRUFTSA-26JUN10-T3160000,0.9027777777777777,,19,16,3,False,"{'order': {'action': 'buy', 'book_side': 'ask', 'client_order_id': '0ec64701-4943-4e54-bcf7-e1c60b35c1ba', 'created_time': '2026-06-10T22:51:22.106083Z', 'expiration_time': '2026-06-10T23:59:00Z', 'fill_count_fp': '0.00', 'initial_count_fp': '3.00', 'last_update_time': '2026-06-10T22:51:22.106083Z', 'maker_fees_dollars': '0.000000', 'maker_fill_cost_dollars': '0.000000', 'no_price_dollars': '0.9000', 'order_id': 'c55d3d9f-866e-4096-a3c2-6af785e05d73', 'outcome_side': 'no', 'remaining_count_fp': '3.00', 'side': 'no', 'status': 'resting', 'subaccount_number': 0, 'taker_fees_dollars': '0.000000', 'taker_fill_cost_dollars': '0.000000', 'ticker': 'KXTRUFTSA-26JUN10-T3160000', 'type': 'limit', 'user_id': '6db6972a-11ba-4203-a80d-b435f9c20a3f', 'yes_price_dollars': '0.1000'}}",no,1.0,0.94
passive_limit,0.4,KXTRUFTSA-26JUN10-T3160000,0.8955223880597014,,22,19,3,False,"{'order': {'action': 'buy', 'book_side': 'ask', 'client_order_id': 'f052b2bf-b2a2-4823-a5ea-79361477337c', 'created_time': '2026-06-10T22:51:24.343184Z', 'expiration_time': '2026-06-10T23:59:00Z', 'fill_count_fp': '0.00', 'initial_count_fp': '3.00', 'last_update_time': '2026-06-10T22:51:24.343184Z', 'maker_fees_dollars': '0.000000', 'maker_fill_cost_dollars': '0.000000', 'no_price_dollars': '0.9000', 'order_id': '63b3bf47-3cc8-4307-8542-f8efe95bd851', 'outcome_side': 'no', 'remaining_count_fp': '3.00', 'side': 'no', 'status': 'resting', 'subaccount_number': 0, 'taker_fees_dollars': '0.000000', 'taker_fill_cost_dollars': '0.000000', 'ticker': 'KXTRUFTSA-26JUN10-T3160000', 'type': 'limit', 'user_id': '6db6972a-11ba-4203-a80d-b435f9c20a3f', 'yes_price_dollars': '0.1000'}}",no,1.0,0.94
passive_limit,0.15,KXTRUFTSA-26JUN10-T3260000,0.9239130434782608,,8,0,8,False,"{'order': {'action': 'buy', 'book_side': 'ask', 'client_order_id': '8803a050-ec21-49e1-8f97-23ce1a26b29d', 'created_time': '2026-06-10T22:51:25.370543Z', 'expiration_time': '2026-06-10T23:59:00Z', 'fill_count_fp': '0.00', 'initial_count_fp': '8.00', 'last_update_time': '2026-06-10T22:51:25.370543Z', 'maker_fees_dollars': '0.000000', 'maker_fill_cost_dollars': '0.000000', 'no_price_dollars': '0.9200', 'order_id': 'e644c2f7-a6ed-49da-8b0f-57dce4be385d', 'outcome_side': 'no', 'remaining_count_fp': '8.00', 'side': 'no', 'status': 'resting', 'subaccount_number': 0, 'taker_fees_dollars': '0.000000', 'taker_fill_cost_dollars': '0.000000', 'ticker': 'KXTRUFTSA-26JUN10-T3260000', 'type': 'limit', 'user_id': '6db6972a-11ba-4203-a80d-b435f9c20a3f', 'yes_price_dollars': '0.0800'}}",no,1.0,0.94
passive_limit,0.2,KXTRUFTSA-26JUN10-T3260000,0.9195402298850575,,10,8,2,False,"{'order': {'action': 'buy', 'book_side': 'ask', 'client_order_id': '3ce0c5c4-4a40-47bd-bd20-fbc49db30515', 'created_time': '2026-06-10T22:51:27.665277Z', 'expiration_time': '2026-06-10T23:59:00Z', 'fill_count_fp': '0.00', 'initial_count_fp': '2.00', 'last_update_time': '2026-06-10T22:51:27.665277Z', 'maker_fees_dollars': '0.000000', 'maker_fill_cost_dollars': '0.000000', 'no_price_dollars': '0.9200', 'order_id': 'ab23020b-8aac-45d0-b785-6b13bfeb3b01', 'outcome_side': 'no', 'remaining_count_fp': '2.00', 'side': 'no', 'status': 'resting', 'subaccount_number': 0, 'taker_fees_dollars': '0.000000', 'taker_fill_cost_dollars': '0.000000', 'ticker': 'KXTRUFTSA-26JUN10-T3260000', 'type': 'limit', 'user_id': '6db6972a-11ba-4203-a80d-b435f9c20a3f', 'yes_price_dollars': '0.0800'}}",no,1.0,0.94
passive_limit,0.25,KXTRUFTSA-26JUN10-T3260000,0.9146341463414633,,13,10,3,False,"{'order': {'action': 'buy', 'book_side': 'ask', 'client_order_id': '7e7bde36-f215-4f4b-894b-0bb0c87b505c', 'created_time': '2026-06-10T22:51:29.966506Z', 'expiration_time': '2026-06-10T23:59:00Z', 'fill_count_fp': '0.00', 'initial_count_fp': '3.00', 'last_update_time': '2026-06-10T22:51:29.966506Z', 'maker_fees_dollars': '0.000000', 'maker_fill_cost_dollars': '0.000000', 'no_price_dollars': '0.9100', 'order_id': 'd27df74d-8f7d-4c72-b078-6fcb515c486d', 'outcome_side': 'no', 'remaining_count_fp': '3.00', 'side': 'no', 'status': 'resting', 'subaccount_number': 0, 'taker_fees_dollars': '0.000000', 'taker_fill_cost_dollars': '0.000000', 'ticker': 'KXTRUFTSA-26JUN10-T3260000', 'type': 'limit', 'user_id': '6db6972a-11ba-4203-a80d-b435f9c20a3f', 'yes_price_dollars': '0.0900'}}",no,1.0,0.94
passive_limit,0.3,KXTRUFTSA-26JUN10-T3260000,0.9090909090909091,,16,13,3,False,"{'order': {'action': 'buy', 'book_side': 'ask', 'client_order_id': '6739006d-6123-4681-876c-1a66ad3e26ff', 'created_time': '2026-06-10T22:51:32.552493Z', 'expiration_time': '2026-06-10T23:59:00Z', 'fill_count_fp': '0.00', 'initial_count_fp': '3.00', 'last_update_time': '2026-06-10T22:51:32.552493Z', 'maker_fees_dollars': '0.000000', 'maker_fill_cost_dollars': '0.000000', 'no_price_dollars': '0.9100', 'order_id': '5638acfe-18dd-4d75-bb62-9c2f12c9f331', 'outcome_side': 'no', 'remaining_count_fp': '3.00', 'side': 'no', 'status': 'resting', 'subaccount_number': 0, 'taker_fees_dollars': '0.000000', 'taker_fill_cost_dollars': '0.000000', 'ticker': 'KXTRUFTSA-26JUN10-T3260000', 'type': 'limit', 'user_id': '6db6972a-11ba-4203-a80d-b435f9c20a3f', 'yes_price_dollars': '0.0900'}}",no,1.0,0.94
passive_limit,0.35,KXTRUFTSA-26JUN10-T3260000,0.9027777777777777,,19,16,3,False,"{'order': {'action': 'buy', 'book_side': 'ask', 'client_order_id': '4d213a2c-4f74-476a-855b-d6ab28b09a82', 'created_time': '2026-06-10T22:51:34.814368Z', 'expiration_time': '2026-06-10T23:59:00Z', 'fill_count_fp': '0.00', 'initial_count_fp': '3.00', 'last_update_time': '2026-06-10T22:51:34.814368Z', 'maker_fees_dollars': '0.000000', 'maker_fill_cost_dollars': '0.000000', 'no_price_dollars': '0.9000', 'order_id': '2531769a-14f9-4db3-9b36-bf5caf68b1ed', 'outcome_side': 'no', 'remaining_count_fp': '3.00', 'side': 'no', 'status': 'resting', 'subaccount_number': 0, 'taker_fees_dollars': '0.000000', 'taker_fill_cost_dollars': '0.000000', 'ticker': 'KXTRUFTSA-26JUN10-T3260000', 'type': 'limit', 'user_id': '6db6972a-11ba-4203-a80d-b435f9c20a3f', 'yes_price_dollars': '0.1000'}}",no,1.0,0.94
passive_limit,0.4,KXTRUFTSA-26JUN10-T3260000,0.8955223880597014,,22,19,3,False,"{'order': {'action': 'buy', 'book_side': 'ask', 'client_order_id': '8bda1adc-394f-4265-90af-6f58d4b893e9', 'created_time': '2026-06-10T22:51:37.06564Z', 'expiration_time': '2026-06-10T23:59:00Z', 'fill_count_fp': '0.00', 'initial_count_fp': '3.00', 'last_update_time': '2026-06-10T22:51:37.06564Z', 'maker_fees_dollars': '0.000000', 'maker_fill_cost_dollars': '0.000000', 'no_price_dollars': '0.9000', 'order_id': 'c9882c1f-570b-4a04-ba63-81afb478b004', 'outcome_side': 'no', 'remaining_count_fp': '3.00', 'side': 'no', 'status': 'resting', 'subaccount_number': 0, 'taker_fees_dollars': '0.000000', 'taker_fill_cost_dollars': '0.000000', 'ticker': 'KXTRUFTSA-26JUN10-T3260000', 'type': 'limit', 'user_id': '6db6972a-11ba-4203-a80d-b435f9c20a3f', 'yes_price_dollars': '0.1000'}}",no,1.0,0.94
passive_limit,0.15,KXTRUFTSA-26JUN10-T3360000,0.9239130434782608,,8,0,8,False,"{'order': {'action': 'buy', 'book_side': 'ask', 'client_order_id': '1218b4ae-0b70-467e-b0df-1345765fef94', 'created_time': '2026-06-10T22:51:38.112534Z', 'expiration_time': '2026-06-10T23:59:00Z', 'fill_count_fp': '0.00', 'initial_count_fp': '8.00', 'last_update_time': '2026-06-10T22:51:38.112534Z', 'maker_fees_dollars': '0.000000', 'maker_fill_cost_dollars': '0.000000', 'no_price_dollars': '0.9200', 'order_id': '099753ab-aeae-437f-abf9-a656713117f3', 'outcome_side': 'no', 'remaining_count_fp': '8.00', 'side': 'no', 'status': 'resting', 'subaccount_number': 0, 'taker_fees_dollars': '0.000000', 'taker_fill_cost_dollars': '0.000000', 'ticker': 'KXTRUFTSA-26JUN10-T3360000', 'type': 'limit', 'user_id': '6db6972a-11ba-4203-a80d-b435f9c20a3f', 'yes_price_dollars': '0.0800'}}",no,1.0,0.9
passive_limit,0.2,KXTRUFTSA-26JUN10-T3360000,0.9195402298850575,,10,8,2,False,"{'order': {'action': 'buy', 'book_side': 'ask', 'client_order_id': '9458c503-52e0-43df-865d-967e538b832c', 'created_time': '2026-06-10T22:51:40.354875Z', 'expiration_time': '2026-06-10T23:59:00Z', 'fill_count_fp': '0.00', 'initial_count_fp': '2.00', 'last_update_time': '2026-06-10T22:51:40.354875Z', 'maker_fees_dollars': '0.000000', 'maker_fill_cost_dollars': '0.000000', 'no_price_dollars': '0.9200', 'order_id': 'd21d1423-7b58-44a7-bfbb-a446af1c4d18', 'outcome_side': 'no', 'remaining_count_fp': '2.00', 'side': 'no', 'status': 'resting', 'subaccount_number': 0, 'taker_fees_dollars': '0.000000', 'taker_fill_cost_dollars': '0.000000', 'ticker': 'KXTRUFTSA-26JUN10-T3360000', 'type': 'limit', 'user_id': '6db6972a-11ba-4203-a80d-b435f9c20a3f', 'yes_price_dollars': '0.0800'}}",no,1.0,0.9
passive_limit,0.25,KXTRUFTSA-26JUN10-T3360000,0.9146341463414633,,13,10,3,False,"{'order': {'action': 'buy', 'book_side': 'ask', 'client_order_id': 'c7ef7ffe-b942-4274-a228-20189d09ade5', 'created_time': '2026-06-10T22:51:42.596874Z', 'expiration_time': '2026-06-10T23:59:00Z', 'fill_count_fp': '0.00', 'initial_count_fp': '3.00', 'last_update_time': '2026-06-10T22:51:42.596874Z', 'maker_fees_dollars': '0.000000', 'maker_fill_cost_dollars': '0.000000', 'no_price_dollars': '0.9100', 'order_id': '77aadfe6-74cc-4019-8a6f-ffda23848ba5', 'outcome_side': 'no', 'remaining_count_fp': '3.00', 'side': 'no', 'status': 'resting', 'subaccount_number': 0, 'taker_fees_dollars': '0.000000', 'taker_fill_cost_dollars': '0.000000', 'ticker': 'KXTRUFTSA-26JUN10-T3360000', 'type': 'limit', 'user_id': '6db6972a-11ba-4203-a80d-b435f9c20a3f', 'yes_price_dollars': '0.0900'}}",no,1.0,0.9
passive_limit,0.3,KXTRUFTSA-26JUN10-T3360000,0.9090909090909091,,16,13,3,False,"{'order': {'action': 'buy', 'book_side': 'ask', 'client_order_id': '842e0ba2-6d3c-4507-992d-bdbd96a089fd', 'created_time': '2026-06-10T22:51:44.861929Z', 'expiration_time': '2026-06-10T23:59:00Z', 'fill_count_fp': '0.00', 'initial_count_fp': '3.00', 'last_update_time': '2026-06-10T22:51:44.861929Z', 'maker_fees_dollars': '0.000000', 'maker_fill_cost_dollars': '0.000000', 'no_price_dollars': '0.9100', 'order_id': '149d4d26-d2c0-4a3c-bf1a-d20d0aa48dd4', 'outcome_side': 'no', 'remaining_count_fp': '3.00', 'side': 'no', 'status': 'resting', 'subaccount_number': 0, 'taker_fees_dollars': '0.000000', 'taker_fill_cost_dollars': '0.000000', 'ticker': 'KXTRUFTSA-26JUN10-T3360000', 'type': 'limit', 'user_id': '6db6972a-11ba-4203-a80d-b435f9c20a3f', 'yes_price_dollars': '0.0900'}}",no,1.0,0.9
passive_limit,0.35,KXTRUFTSA-26JUN10-T3360000,0.9027777777777777,,19,16,3,False,"{'order': {'action': 'buy', 'book_side': 'ask', 'client_order_id': '1a22953d-5dc4-4912-b96b-0b58c9be3278', 'created_time': '2026-06-10T22:51:47.524837Z', 'expiration_time': '2026-06-10T23:59:00Z', 'fill_count_fp': '0.00', 'initial_count_fp': '3.00', 'last_update_time': '2026-06-10T22:51:47.524837Z', 'maker_fees_dollars': '0.000000', 'maker_fill_cost_dollars': '0.000000', 'no_price_dollars': '0.9000', 'order_id': 'cf486403-2d71-4628-8350-a045f4c75485', 'outcome_side': 'no', 'remaining_count_fp': '3.00', 'side': 'no', 'status': 'resting', 'subaccount_number': 0, 'taker_fees_dollars': '0.000000', 'taker_fill_cost_dollars': '0.000000', 'ticker': 'KXTRUFTSA-26JUN10-T3360000', 'type': 'limit', 'user_id': '6db6972a-11ba-4203-a80d-b435f9c20a3f', 'yes_price_dollars': '0.1000'}}",no,1.0,0.9
passive_limit,0.4,KXTRUFTSA-26JUN10-T3360000,0.8955223880597014,,22,19,3,False,"{'order': {'action': 'buy', 'book_side': 'ask', 'client_order_id': '80236b78-21d5-4b50-8d8f-3c1ec5f980d9', 'created_time': '2026-06-10T22:51:49.781573Z', 'expiration_time': '2026-06-10T23:59:00Z', 'fill_count_fp': '0.00', 'initial_count_fp': '3.00', 'last_update_time': '2026-06-10T22:51:49.781573Z', 'maker_fees_dollars': '0.000000', 'maker_fill_cost_dollars': '0.000000', 'no_price_dollars': '0.9000', 'order_id': 'f97af0b3-ffbe-49b1-b0c4-4ee0577e1c37', 'outcome_side': 'no', 'remaining_count_fp': '3.00', 'side': 'no', 'status': 'resting', 'subaccount_number': 0, 'taker_fees_dollars': '0.000000', 'taker_fill_cost_dollars': '0.000000', 'ticker': 'KXTRUFTSA-26JUN10-T3360000', 'type': 'limit', 'user_id': '6db6972a-11ba-4203-a80d-b435f9c20a3f', 'yes_price_dollars': '0.1000'}}",no,1.0,0.9
passive_limit,0.15,KXTRUFTSA-26JUN10-T3460000,0.9239130434782608,,8,0,8,False,"{'order': {'action': 'buy', 'book_side': 'ask', 'client_order_id': '7111adcc-5fe2-478c-bb8f-48091727bb3a', 'created_time': '2026-06-10T22:51:52.907671Z', 'expiration_time': '2026-06-10T23:59:00Z', 'fill_count_fp': '0.00', 'initial_count_fp': '8.00', 'last_update_time': '2026-06-10T22:51:52.907671Z', 'maker_fees_dollars': '0.000000', 'maker_fill_cost_dollars': '0.000000', 'no_price_dollars': '0.9200', 'order_id': '07d868d2-6077-44c3-ba47-0bc552ca34a6', 'outcome_side': 'no', 'remaining_count_fp': '8.00', 'side': 'no', 'status': 'resting', 'subaccount_number': 0, 'taker_fees_dollars': '0.000000', 'taker_fill_cost_dollars': '0.000000', 'ticker': 'KXTRUFTSA-26JUN10-T3460000', 'type': 'limit', 'user_id': '6db6972a-11ba-4203-a80d-b435f9c20a3f', 'yes_price_dollars': '0.0800'}}",no,1.0,0.91
passive_limit,0.2,KXTRUFTSA-26JUN10-T3460000,0.9195402298850575,,10,8,2,False,"{'order': {'action': 'buy', 'book_side': 'ask', 'client_order_id': '4dbc8ab5-c759-450f-9f07-f59140b118d2', 'created_time': '2026-06-10T22:51:55.132044Z', 'expiration_time': '2026-06-10T23:59:00Z', 'fill_count_fp': '0.00', 'initial_count_fp': '2.00', 'last_update_time': '2026-06-10T22:51:55.132044Z', 'maker_fees_dollars': '0.000000', 'maker_fill_cost_dollars': '0.000000', 'no_price_dollars': '0.9200', 'order_id': 'ce8aaae8-37ab-4246-8864-5657ad422b79', 'outcome_side': 'no', 'remaining_count_fp': '2.00', 'side': 'no', 'status': 'resting', 'subaccount_number': 0, 'taker_fees_dollars': '0.000000', 'taker_fill_cost_dollars': '0.000000', 'ticker': 'KXTRUFTSA-26JUN10-T3460000', 'type': 'limit', 'user_id': '6db6972a-11ba-4203-a80d-b435f9c20a3f', 'yes_price_dollars': '0.0800'}}",no,1.0,0.91
passive_limit,0.25,KXTRUFTSA-26JUN10-T3460000,0.9146341463414633,,13,10,3,False,"{'order': {'action': 'buy', 'book_side': 'ask', 'client_order_id': 'e517b765-1a50-4397-a07f-b14b8f2dcb54', 'created_time': '2026-06-10T22:51:57.345837Z', 'expiration_time': '2026-06-10T23:59:00Z', 'fill_count_fp': '0.00', 'initial_count_fp': '3.00', 'last_update_time': '2026-06-10T22:51:57.345837Z', 'maker_fees_dollars': '0.000000', 'maker_fill_cost_dollars': '0.000000', 'no_price_dollars': '0.9100', 'order_id': '00cded3e-8d30-4b0a-a3ec-e3633b984c32', 'outcome_side': 'no', 'remaining_count_fp': '3.00', 'side': 'no', 'status': 'resting', 'subaccount_number': 0, 'taker_fees_dollars': '0.000000', 'taker_fill_cost_dollars': '0.000000', 'ticker': 'KXTRUFTSA-26JUN10-T3460000', 'type': 'limit', 'user_id': '6db6972a-11ba-4203-a80d-b435f9c20a3f', 'yes_price_dollars': '0.0900'}}",no,1.0,0.91
passive_limit,0.3,KXTRUFTSA-26JUN10-T3460000,0.9090909090909091,,16,13,3,False,"{'order': {'action': 'buy', 'book_side': 'ask', 'client_order_id': 'd461a1f4-e24c-4e44-8c16-b8d4bb7f3259', 'created_time': '2026-06-10T22:51:59.630342Z', 'expiration_time': '2026-06-10T23:59:00Z', 'fill_count_fp': '0.00', 'initial_count_fp': '3.00', 'last_update_time': '2026-06-10T22:51:59.630342Z', 'maker_fees_dollars': '0.000000', 'maker_fill_cost_dollars': '0.000000', 'no_price_dollars': '0.9100', 'order_id': 'dde2594c-8daf-4fbc-87e9-6397ebe5260a', 'outcome_side': 'no', 'remaining_count_fp': '3.00', 'side': 'no', 'status': 'resting', 'subaccount_number': 0, 'taker_fees_dollars': '0.000000', 'taker_fill_cost_dollars': '0.000000', 'ticker': 'KXTRUFTSA-26JUN10-T3460000', 'type': 'limit', 'user_id': '6db6972a-11ba-4203-a80d-b435f9c20a3f', 'yes_price_dollars': '0.0900'}}",no,1.0,0.91
passive_limit,0.35,KXTRUFTSA-26JUN10-T3460000,0.9027777777777777,,19,16,3,False,"{'order': {'action': 'buy', 'book_side': 'ask', 'client_order_id': 'e14a9d68-2a93-49c1-ad9e-69980c6f9252', 'created_time': '2026-06-10T22:52:02.384909Z', 'expiration_time': '2026-06-10T23:59:00Z', 'fill_count_fp': '0.00', 'initial_count_fp': '3.00', 'last_update_time': '2026-06-10T22:52:02.384909Z', 'maker_fees_dollars': '0.000000', 'maker_fill_cost_dollars': '0.000000', 'no_price_dollars': '0.9000', 'order_id': 'a1f3c7c3-de29-448d-bc3b-71e479958815', 'outcome_side': 'no', 'remaining_count_fp': '3.00', 'side': 'no', 'status': 'resting', 'subaccount_number': 0, 'taker_fees_dollars': '0.000000', 'taker_fill_cost_dollars': '0.000000', 'ticker': 'KXTRUFTSA-26JUN10-T3460000', 'type': 'limit', 'user_id': '6db6972a-11ba-4203-a80d-b435f9c20a3f', 'yes_price_dollars': '0.1000'}}",no,1.0,0.91
passive_limit,0.4,KXTRUFTSA-26JUN10-T3460000,0.8955223880597014,,22,19,3,False,"{'order': {'action': 'buy', 'book_side': 'ask', 'client_order_id': '0a6c5bbf-a389-4e19-9d07-003d44d1bfa4', 'created_time': '2026-06-10T22:52:04.695791Z', 'expiration_time': '2026-06-10T23:59:00Z', 'fill_count_fp': '0.00', 'initial_count_fp': '3.00', 'last_update_time': '2026-06-10T22:52:04.695791Z', 'maker_fees_dollars': '0.000000', 'maker_fill_cost_dollars': '0.000000', 'no_price_dollars': '0.9000', 'order_id': '5a519953-c543-4e27-a717-ad76f8e297fc', 'outcome_side': 'no', 'remaining_count_fp': '3.00', 'side': 'no', 'status': 'resting', 'subaccount_number': 0, 'taker_fees_dollars': '0.000000', 'taker_fill_cost_dollars': '0.000000', 'ticker': 'KXTRUFTSA-26JUN10-T3460000', 'type': 'limit', 'user_id': '6db6972a-11ba-4203-a80d-b435f9c20a3f', 'yes_price_dollars': '0.1000'}}",no,1.0,0.91
