date,flights,airport_parking,frontier_airlines,southwest_airlines,tsa_precheck,cheap_flights,boarding_pass,vacation,flight_tracker
2019-01-01,79.0,2.0,5.0,12.0,1.0,10.0,0.0,25.0,3.0
2019-01-02,92.0,3.0,7.0,17.0,2.0,12.0,1.0,26.0,3.0
2019-01-03,96.0,3.0,6.0,17.0,2.0,12.0,0.0,24.0,3.0
2019-01-04,91.0,2.0,6.0,16.0,1.0,12.0,0.0,23.0,2.0
2019-01-05,87.0,2.0,6.0,14.0,1.0,11.0,0.0,24.0,3.0
2019-01-06,90.0,2.0,5.0,14.0,2.0,11.0,1.0,23.0,3.0
2019-01-07,91.0,3.0,6.0,14.0,2.0,11.0,0.0,23.0,2.0
2019-01-08,90.0,2.0,6.0,17.0,2.0,11.0,0.0,23.0,2.0
2019-01-09,88.0,3.0,6.0,16.0,2.0,11.0,0.0,21.0,2.0
2019-01-10,86.0,3.0,6.0,16.0,1.0,11.0,0.0,22.0,2.0
2019-01-11,79.0,3.0,5.0,14.0,2.0,10.0,0.0,20.0,2.0
2019-01-12,83.0,2.0,5.0,13.0,1.0,11.0,0.0,22.0,3.0
2019-01-13,90.0,3.0,6.0,14.0,1.0,11.0,0.0,25.0,3.0
2019-01-14,86.0,3.0,6.0,15.0,2.0,12.0,0.0,23.0,2.0
2019-01-15,88.0,3.0,6.0,16.0,2.0,12.0,0.0,21.0,2.0
2019-01-16,88.0,3.0,6.0,15.0,2.0,11.0,0.0,21.0,2.0
2019-01-17,83.0,3.0,6.0,14.0,2.0,10.0,0.0,20.0,2.0
2019-01-18,82.0,3.0,6.0,13.0,2.0,11.0,1.0,19.0,3.0
2019-01-19,84.0,2.0,6.0,14.0,1.0,10.0,0.0,21.0,4.0
2019-01-20,89.0,2.0,6.0,12.0,1.0,10.0,0.0,25.0,3.0
2019-01-21,88.0,3.0,6.0,14.0,2.0,11.0,0.0,23.0,3.0
2019-01-22,85.0,3.0,7.0,16.0,2.0,10.0,0.0,20.0,3.0
2019-01-23,82.0,3.0,7.0,15.0,2.0,11.0,0.0,20.0,2.0
2019-01-24,79.0,3.0,7.0,14.0,2.0,10.0,0.0,19.0,3.0
2019-01-25,78.0,3.0,6.0,14.0,2.0,9.0,0.0,17.0,3.0
2019-01-26,82.0,2.0,6.0,13.0,1.0,11.0,0.0,20.0,2.0
2019-01-27,83.0,2.0,6.0,13.0,1.0,10.0,0.0,23.0,2.0
2019-01-28,81.0,3.0,7.0,15.0,2.0,10.0,0.0,20.0,3.0
2019-01-29,85.0,2.0,7.0,15.0,1.0,11.0,0.0,20.0,2.0
2019-01-30,88.0,3.0,8.0,15.0,1.0,10.0,0.0,20.0,2.0
2019-01-31,81.0,3.0,9.0,16.0,1.0,10.0,0.0,19.0,2.0
2019-02-01,76.0,3.0,7.0,13.0,1.0,10.0,0.0,18.0,2.0
2019-02-02,77.0,3.0,7.0,13.0,1.0,11.0,0.0,20.0,2.0
2019-02-03,79.0,2.0,6.0,11.0,1.0,11.0,0.0,21.0,2.0
2019-02-04,74.0,3.0,6.0,12.0,1.0,10.0,0.0,17.0,2.0
2019-02-05,83.0,3.0,7.0,16.0,1.0,11.0,0.0,19.0,2.0
2019-02-06,80.0,3.0,7.0,16.0,1.0,11.0,0.0,19.0,2.0
2019-02-07,83.0,3.0,7.0,16.0,1.0,11.0,0.0,20.0,2.0
2019-02-08,78.0,3.0,7.0,13.0,1.0,10.0,0.0,18.0,2.0
2019-02-09,82.0,3.0,6.0,13.0,1.0,11.0,0.0,22.0,2.0
2019-02-10,91.0,3.0,7.0,14.0,1.0,12.0,0.0,24.0,2.0
2019-02-11,83.0,3.0,7.0,15.0,2.0,10.0,0.0,20.0,2.0
2019-02-12,89.0,3.0,8.0,18.0,1.0,11.0,0.0,20.0,3.0
2019-02-13,84.0,3.0,7.0,17.0,1.0,11.0,0.0,18.0,2.0
2019-02-14,73.0,3.0,6.0,14.0,1.0,9.0,0.0,17.0,2.0
2019-02-15,75.0,3.0,6.0,14.0,1.0,10.0,0.0,17.0,3.0
2019-02-16,83.0,3.0,6.0,14.0,1.0,11.0,1.0,21.0,2.0
2019-02-17,89.0,3.0,6.0,15.0,1.0,12.0,0.0,24.0,2.0
2019-02-18,87.0,3.0,7.0,18.0,2.0,11.0,0.0,23.0,3.0
2019-02-19,88.0,3.0,7.0,17.0,1.0,11.0,0.0,22.0,2.0
2019-02-20,90.0,3.0,7.0,19.0,1.0,12.0,0.0,20.0,3.0
2019-02-21,86.0,3.0,7.0,18.0,1.0,10.0,1.0,19.0,3.0
2019-02-22,79.0,3.0,6.0,17.0,1.0,11.0,0.0,19.0,3.0
2019-02-23,82.0,3.0,6.0,14.0,1.0,11.0,0.0,21.0,3.0
2019-02-24,92.0,3.0,6.0,15.0,1.0,11.0,0.0,24.0,3.0
2019-02-25,83.0,3.0,6.0,17.0,1.0,11.0,0.0,20.0,3.0
2019-02-26,89.0,3.0,6.0,17.0,1.0,12.0,0.0,20.0,2.0
2019-02-27,90.0,3.0,7.0,17.0,1.0,12.0,0.0,20.0,2.0
2019-02-28,81.0,3.0,7.0,17.0,1.0,12.0,0.0,19.0,2.0
2019-03-01,79.0,3.0,6.0,16.0,1.0,11.0,1.0,19.0,3.0
2019-03-02,82.0,3.0,6.0,14.0,1.0,12.0,0.0,20.0,3.0
2019-03-03,90.0,3.0,6.0,15.0,1.0,12.0,0.0,24.0,3.0
2019-03-04,100.0,3.0,7.0,29.0,1.0,12.0,1.0,22.0,3.0
2019-03-05,95.0,3.0,7.0,31.0,1.0,14.0,0.0,22.0,2.0
2019-03-06,87.0,4.0,7.0,21.0,1.0,13.0,0.0,21.0,2.0
2019-03-07,82.0,4.0,6.0,19.0,1.0,12.0,1.0,21.0,2.0
2019-03-08,76.0,3.0,6.0,16.0,1.0,11.0,1.0,18.0,3.0
2019-03-09,91.0,3.0,5.0,17.0,1.0,12.0,1.0,21.0,3.0
2019-03-10,88.0,3.0,6.0,21.0,1.0,13.0,1.0,23.0,4.0
2019-03-11,87.0,4.0,6.0,21.0,1.0,12.0,1.0,23.0,3.0
2019-03-12,93.0,3.0,7.0,23.0,1.0,13.0,1.0,21.0,2.0
2019-03-13,97.0,3.0,7.0,25.0,1.0,12.0,1.0,19.0,3.0
2019-03-14,91.0,3.0,7.0,22.0,1.0,11.0,1.0,22.0,3.0
2019-03-15,81.0,3.0,6.0,17.0,1.0,10.0,1.0,18.0,3.0
2019-03-16,78.0,3.0,5.0,13.0,1.0,11.0,1.0,19.0,3.0
2019-03-17,79.0,3.0,6.0,15.0,1.0,11.0,1.0,22.0,3.0
2019-03-18,84.0,3.0,6.0,18.0,2.0,11.0,0.0,22.0,2.0
2019-03-19,86.0,3.0,7.0,16.0,1.0,12.0,0.0,21.0,2.0
2019-03-20,83.0,3.0,6.0,16.0,1.0,11.0,1.0,20.0,2.0
2019-03-21,79.0,3.0,6.0,15.0,1.0,11.0,1.0,18.0,2.0
2019-03-22,76.0,3.0,5.0,13.0,1.0,11.0,1.0,18.0,3.0
2019-03-23,79.0,3.0,5.0,13.0,1.0,11.0,0.0,20.0,3.0
2019-03-24,86.0,3.0,5.0,14.0,1.0,11.0,0.0,23.0,2.0
2019-03-25,87.0,3.0,6.0,18.0,2.0,11.0,1.0,21.0,2.0
2019-03-26,85.0,3.0,6.0,18.0,1.0,12.0,0.0,20.0,2.0
2019-03-27,80.0,3.0,6.0,19.0,1.0,11.0,0.0,20.0,2.0
2019-03-28,76.0,3.0,6.0,16.0,1.0,11.0,0.0,19.0,2.0
2019-03-29,78.0,3.0,5.0,12.0,1.0,10.0,0.0,19.0,2.0
2019-03-30,76.0,3.0,5.0,11.0,1.0,11.0,0.0,20.0,3.0
2019-03-31,81.0,3.0,6.0,13.0,1.0,10.0,1.0,23.0,2.0
2019-04-01,86.0,3.0,6.0,16.0,1.0,10.0,0.0,20.0,2.0
2019-04-02,82.0,3.0,6.0,15.0,1.0,11.0,0.0,20.0,2.0
2019-04-03,78.0,3.0,6.0,14.0,1.0,10.0,0.0,19.0,2.0
2019-04-04,75.0,3.0,6.0,13.0,1.0,11.0,0.0,19.0,2.0
2019-04-05,74.0,3.0,5.0,13.0,1.0,10.0,0.0,17.0,2.0
2019-04-06,75.0,3.0,5.0,13.0,1.0,11.0,0.0,17.0,2.0
2019-04-07,77.0,3.0,5.0,13.0,1.0,10.0,0.0,21.0,2.0
2019-04-08,78.0,3.0,6.0,16.0,1.0,11.0,0.0,19.0,2.0
2019-04-09,80.0,3.0,6.0,15.0,1.0,11.0,0.0,18.0,2.0
2019-04-10,85.0,3.0,7.0,15.0,1.0,11.0,1.0,18.0,2.0
2019-04-11,78.0,3.0,5.0,14.0,1.0,10.0,0.0,19.0,3.0
2019-04-12,71.0,3.0,5.0,12.0,1.0,9.0,1.0,18.0,3.0
2019-04-13,70.0,3.0,5.0,12.0,1.0,10.0,1.0,16.0,3.0
2019-04-14,80.0,3.0,6.0,13.0,1.0,10.0,1.0,20.0,3.0
2019-04-15,78.0,3.0,6.0,13.0,1.0,10.0,0.0,18.0,3.0
2019-04-16,82.0,3.0,6.0,13.0,1.0,11.0,1.0,17.0,2.0
2019-04-17,80.0,3.0,6.0,14.0,1.0,10.0,0.0,18.0,2.0
2019-04-18,75.0,3.0,6.0,12.0,1.0,10.0,1.0,17.0,2.0
2019-04-19,77.0,3.0,5.0,13.0,1.0,10.0,0.0,16.0,4.0
2019-04-20,76.0,3.0,5.0,11.0,1.0,9.0,0.0,16.0,3.0
2019-04-21,76.0,3.0,5.0,11.0,1.0,10.0,1.0,19.0,2.0
2019-04-22,77.0,3.0,6.0,14.0,1.0,10.0,0.0,19.0,2.0
2019-04-23,82.0,3.0,6.0,15.0,1.0,11.0,0.0,18.0,2.0
2019-04-24,78.0,3.0,6.0,14.0,1.0,11.0,1.0,18.0,2.0
2019-04-25,74.0,3.0,6.0,13.0,1.0,10.0,1.0,19.0,2.0
2019-04-26,69.0,3.0,6.0,11.0,1.0,9.0,0.0,16.0,2.0
2019-04-27,71.0,3.0,5.0,11.0,1.0,10.0,0.0,16.0,3.0
2019-04-28,77.0,3.0,6.0,13.0,1.0,10.0,0.0,19.0,2.0
2019-04-29,78.0,3.0,6.0,15.0,1.0,10.0,0.0,19.0,2.0
2019-04-30,85.0,4.0,6.0,14.0,1.0,11.0,0.0,20.0,2.0
2019-05-01,81.0,3.0,7.0,13.0,1.0,10.0,1.0,17.0,2.0
2019-05-02,77.0,3.0,6.0,14.0,1.0,10.0,1.0,18.0,3.0
2019-05-03,75.0,3.0,6.0,14.0,1.0,10.0,0.0,16.0,3.0
2019-05-04,72.0,3.0,5.0,12.0,1.0,10.0,0.0,15.0,3.0
2019-05-05,77.0,3.0,6.0,12.0,1.0,11.0,0.0,20.0,2.0
2019-05-06,76.0,3.0,6.0,13.0,1.0,10.0,0.0,18.0,2.0
2019-05-07,81.0,3.0,6.0,13.0,1.0,10.0,0.0,18.0,2.0
2019-05-08,79.0,3.0,6.0,14.0,1.0,11.0,0.0,16.0,2.0
2019-05-09,76.0,3.0,6.0,13.0,1.0,10.0,0.0,17.0,3.0
2019-05-10,77.0,3.0,6.0,11.0,1.0,10.0,1.0,16.0,3.0
2019-05-11,74.0,3.0,5.0,11.0,1.0,11.0,1.0,15.0,3.0
2019-05-12,80.0,3.0,6.0,12.0,1.0,10.0,1.0,19.0,3.0
2019-05-13,82.0,3.0,7.0,15.0,2.0,10.0,1.0,19.0,3.0
2019-05-14,88.0,3.0,7.0,15.0,1.0,12.0,0.0,18.0,2.0
2019-05-15,88.0,3.0,7.0,15.0,1.0,12.0,0.0,19.0,2.0
2019-05-16,82.0,3.0,6.0,13.0,1.0,11.0,1.0,19.0,3.0
2019-05-17,79.0,4.0,6.0,12.0,2.0,10.0,1.0,16.0,3.0
2019-05-18,75.0,3.0,6.0,13.0,1.0,10.0,1.0,16.0,3.0
2019-05-19,83.0,3.0,6.0,14.0,1.0,11.0,1.0,22.0,3.0
2019-05-20,81.0,4.0,6.0,15.0,2.0,11.0,1.0,20.0,3.0
2019-05-21,90.0,3.0,7.0,16.0,1.0,11.0,1.0,20.0,3.0
2019-05-22,88.0,4.0,7.0,15.0,1.0,11.0,1.0,20.0,3.0
2019-05-23,82.0,4.0,7.0,14.0,1.0,11.0,1.0,19.0,3.0
2019-05-24,79.0,4.0,6.0,12.0,2.0,10.0,1.0,20.0,3.0
2019-05-25,74.0,3.0,6.0,12.0,1.0,10.0,1.0,19.0,3.0
2019-05-26,72.0,3.0,5.0,13.0,1.0,10.0,1.0,22.0,3.0
2019-05-27,83.0,3.0,7.0,16.0,1.0,11.0,1.0,24.0,3.0
2019-05-28,86.0,4.0,7.0,20.0,2.0,12.0,0.0,22.0,3.0
2019-05-29,92.0,3.0,7.0,18.0,2.0,12.0,1.0,22.0,3.0
2019-05-30,88.0,4.0,7.0,17.0,2.0,10.0,1.0,22.0,3.0
2019-05-31,81.0,4.0,6.0,15.0,1.0,11.0,0.0,21.0,3.0
2019-06-01,79.0,3.0,6.0,13.0,1.0,11.0,0.0,21.0,3.0
2019-06-02,85.0,3.0,6.0,13.0,1.0,10.0,1.0,24.0,3.0
2019-06-03,90.0,3.0,6.0,16.0,2.0,11.0,1.0,23.0,3.0
2019-06-04,97.0,4.0,7.0,27.0,2.0,13.0,1.0,22.0,2.0
2019-06-05,98.0,4.0,7.0,29.0,1.0,13.0,1.0,23.0,3.0
2019-06-06,95.0,4.0,7.0,24.0,2.0,12.0,1.0,22.0,3.0
2019-06-07,85.0,4.0,6.0,18.0,1.0,10.0,1.0,22.0,3.0
2019-06-08,83.0,3.0,6.0,13.0,1.0,11.0,1.0,20.0,3.0
2019-06-09,91.0,4.0,7.0,14.0,1.0,11.0,1.0,23.0,3.0
2019-06-10,94.0,4.0,7.0,17.0,2.0,10.0,1.0,23.0,3.0
2019-06-11,94.0,4.0,7.0,15.0,2.0,12.0,1.0,23.0,3.0
2019-06-12,88.0,4.0,7.0,16.0,2.0,12.0,1.0,22.0,3.0
2019-06-13,91.0,4.0,7.0,15.0,1.0,11.0,1.0,23.0,3.0
2019-06-14,83.0,4.0,6.0,14.0,1.0,11.0,1.0,22.0,3.0
2019-06-15,79.0,3.0,6.0,12.0,1.0,11.0,0.0,21.0,3.0
2019-06-16,84.0,4.0,6.0,15.0,1.0,11.0,1.0,24.0,3.0
2019-06-17,96.0,4.0,7.0,20.0,2.0,12.0,1.0,25.0,3.0
2019-06-18,95.0,4.0,8.0,19.0,2.0,13.0,1.0,27.0,3.0
2019-06-19,94.0,4.0,7.0,18.0,2.0,12.0,1.0,25.0,3.0
2019-06-20,85.0,4.0,7.0,17.0,2.0,11.0,1.0,24.0,3.0
2019-06-21,83.0,4.0,7.0,15.0,2.0,12.0,1.0,22.0,4.0
2019-06-22,81.0,3.0,6.0,14.0,1.0,11.0,1.0,23.0,3.0
2019-06-23,84.0,4.0,6.0,18.0,1.0,12.0,1.0,25.0,3.0
2019-06-24,91.0,4.0,7.0,20.0,2.0,11.0,1.0,25.0,3.0
2019-06-25,89.0,4.0,8.0,21.0,2.0,13.0,1.0,25.0,3.0
2019-06-26,90.0,4.0,8.0,18.0,2.0,12.0,1.0,23.0,3.0
2019-06-27,88.0,4.0,7.0,16.0,2.0,12.0,1.0,23.0,3.0
2019-06-28,83.0,4.0,7.0,15.0,1.0,11.0,1.0,22.0,3.0
2019-06-29,81.0,3.0,6.0,13.0,1.0,11.0,1.0,23.0,4.0
2019-06-30,83.0,3.0,6.0,14.0,1.0,12.0,1.0,25.0,3.0
2019-07-01,86.0,4.0,7.0,16.0,2.0,12.0,1.0,24.0,3.0
2019-07-02,88.0,4.0,7.0,15.0,2.0,12.0,1.0,24.0,3.0
2019-07-03,85.0,5.0,7.0,14.0,2.0,12.0,1.0,22.0,3.0
2019-07-04,77.0,4.0,6.0,11.0,1.0,10.0,1.0,20.0,3.0
2019-07-05,72.0,3.0,6.0,12.0,1.0,10.0,0.0,22.0,3.0
2019-07-06,76.0,3.0,6.0,12.0,1.0,10.0,0.0,23.0,3.0
2019-07-07,85.0,3.0,7.0,13.0,1.0,10.0,1.0,24.0,3.0
2019-07-08,92.0,4.0,8.0,16.0,2.0,11.0,1.0,23.0,3.0
2019-07-09,94.0,4.0,7.0,17.0,2.0,12.0,0.0,24.0,3.0
2019-07-10,91.0,4.0,7.0,17.0,2.0,12.0,1.0,23.0,3.0
2019-07-11,87.0,4.0,7.0,16.0,2.0,12.0,1.0,24.0,3.0
2019-07-12,85.0,4.0,7.0,16.0,2.0,11.0,1.0,23.0,3.0
2019-07-13,78.0,3.0,6.0,13.0,1.0,10.0,1.0,23.0,3.0
2019-07-14,83.0,3.0,6.0,14.0,1.0,12.0,1.0,25.0,3.0
2019-07-15,88.0,4.0,7.0,16.0,2.0,11.0,1.0,23.0,3.0
2019-07-16,89.0,4.0,7.0,16.0,2.0,12.0,1.0,22.0,3.0
2019-07-17,89.0,4.0,8.0,16.0,2.0,10.0,1.0,22.0,3.0
2019-07-18,89.0,4.0,7.0,15.0,2.0,11.0,1.0,24.0,4.0
2019-07-19,87.0,4.0,7.0,15.0,1.0,11.0,1.0,22.0,3.0
2019-07-20,72.0,4.0,6.0,14.0,1.0,10.0,1.0,23.0,3.0
2019-07-21,83.0,3.0,6.0,14.0,1.0,11.0,1.0,24.0,3.0
2019-07-22,85.0,4.0,7.0,16.0,2.0,10.0,1.0,25.0,3.0
2019-07-23,92.0,3.0,7.0,17.0,2.0,11.0,1.0,23.0,3.0
2019-07-24,86.0,4.0,7.0,17.0,2.0,11.0,1.0,22.0,3.0
2019-07-25,83.0,4.0,7.0,17.0,1.0,10.0,1.0,21.0,3.0
2019-07-26,79.0,4.0,6.0,15.0,1.0,11.0,1.0,20.0,3.0
2019-07-27,73.0,3.0,6.0,13.0,1.0,10.0,1.0,20.0,3.0
2019-07-28,76.0,3.0,6.0,14.0,1.0,11.0,1.0,24.0,3.0
2019-07-29,83.0,3.0,6.0,17.0,2.0,10.0,1.0,22.0,3.0
2019-07-30,86.0,4.0,7.0,20.0,2.0,11.0,1.0,22.0,3.0
2019-07-31,82.0,4.0,7.0,17.0,2.0,11.0,1.0,19.0,3.0
2019-08-01,81.0,4.0,7.0,17.0,2.0,10.0,0.0,19.0,3.0
2019-08-02,77.0,4.0,7.0,14.0,2.0,10.0,1.0,20.0,3.0
2019-08-03,72.0,3.0,6.0,13.0,1.0,9.0,1.0,23.0,3.0
2019-08-04,73.0,3.0,6.0,13.0,1.0,10.0,1.0,23.0,3.0
2019-08-05,83.0,3.0,7.0,16.0,2.0,10.0,0.0,20.0,2.0
2019-08-06,86.0,4.0,8.0,19.0,2.0,11.0,1.0,20.0,3.0
2019-08-07,81.0,4.0,7.0,18.0,2.0,10.0,1.0,20.0,3.0
2019-08-08,85.0,3.0,9.0,16.0,1.0,11.0,1.0,20.0,3.0
2019-08-09,80.0,4.0,9.0,14.0,1.0,10.0,1.0,19.0,3.0
2019-08-10,75.0,3.0,8.0,12.0,1.0,9.0,1.0,19.0,3.0
2019-08-11,76.0,3.0,7.0,13.0,1.0,9.0,1.0,20.0,3.0
2019-08-12,83.0,3.0,7.0,16.0,2.0,10.0,1.0,20.0,3.0
2019-08-13,86.0,3.0,8.0,17.0,2.0,10.0,0.0,20.0,3.0
2019-08-14,82.0,3.0,7.0,16.0,2.0,10.0,1.0,19.0,3.0
2019-08-15,81.0,4.0,8.0,18.0,2.0,9.0,1.0,18.0,3.0
2019-08-16,76.0,3.0,7.0,16.0,2.0,9.0,1.0,18.0,3.0
2019-08-17,76.0,3.0,6.0,12.0,1.0,10.0,0.0,18.0,3.0
2019-08-18,82.0,3.0,6.0,15.0,2.0,9.0,1.0,20.0,3.0
2019-08-19,81.0,3.0,6.0,16.0,2.0,10.0,1.0,19.0,3.0
2019-08-20,84.0,3.0,7.0,17.0,2.0,9.0,0.0,18.0,3.0
2019-08-21,80.0,3.0,6.0,16.0,2.0,9.0,1.0,18.0,3.0
2019-08-22,75.0,3.0,6.0,15.0,2.0,9.0,1.0,17.0,3.0
2019-08-23,75.0,3.0,6.0,13.0,2.0,9.0,1.0,19.0,3.0
2019-08-24,72.0,3.0,5.0,12.0,1.0,9.0,0.0,17.0,3.0
2019-08-25,76.0,3.0,6.0,13.0,1.0,10.0,1.0,18.0,2.0
2019-08-26,80.0,3.0,6.0,15.0,2.0,10.0,0.0,17.0,2.0
2019-08-27,79.0,3.0,7.0,15.0,1.0,10.0,0.0,15.0,2.0
2019-08-28,79.0,3.0,9.0,14.0,1.0,9.0,0.0,16.0,2.0
2019-08-29,80.27755102040817,4.86530612244898,7.29795918367347,14.59591836734694,2.43265306122449,9.73061224489796,0.0,14.59591836734694,2.43265306122449
2019-08-30,75.4122448979592,4.86530612244898,7.29795918367347,14.59591836734694,2.43265306122449,9.73061224489796,0.0,14.59591836734694,2.43265306122449
2019-08-31,70.54693877551021,2.43265306122449,4.86530612244898,12.163265306122451,0.0,7.29795918367347,0.0,14.59591836734694,2.43265306122449
2019-09-01,68.11428571428573,2.43265306122449,4.86530612244898,9.73061224489796,0.0,7.29795918367347,0.0,17.028571428571432,2.43265306122449
2019-09-02,77.84489795918368,2.43265306122449,7.29795918367347,12.163265306122451,0.0,7.29795918367347,0.0,19.46122448979592,2.43265306122449
2019-09-03,77.84489795918368,2.43265306122449,7.29795918367347,14.59591836734694,2.43265306122449,9.73061224489796,0.0,17.028571428571432,2.43265306122449
2019-09-04,75.4122448979592,2.43265306122449,7.29795918367347,14.59591836734694,2.43265306122449,9.73061224489796,0.0,14.59591836734694,2.43265306122449
2019-09-05,77.84489795918368,2.43265306122449,7.29795918367347,14.59591836734694,0.0,9.73061224489796,0.0,14.59591836734694,2.43265306122449
2019-09-06,72.9795918367347,2.43265306122449,7.29795918367347,12.163265306122451,0.0,7.29795918367347,0.0,14.59591836734694,2.43265306122449
2019-09-07,72.9795918367347,2.43265306122449,4.86530612244898,12.163265306122451,0.0,9.73061224489796,0.0,14.59591836734694,2.43265306122449
2019-09-08,70.54693877551021,2.43265306122449,4.86530612244898,12.163265306122451,0.0,9.73061224489796,0.0,14.59591836734694,2.43265306122449
2019-09-09,75.4122448979592,2.43265306122449,7.29795918367347,14.59591836734694,2.43265306122449,7.29795918367347,0.0,14.59591836734694,2.43265306122449
2019-09-10,82.71020408163267,2.43265306122449,7.29795918367347,14.59591836734694,2.43265306122449,9.73061224489796,0.0,14.59591836734694,2.43265306122449
2019-09-11,80.27755102040817,2.43265306122449,7.29795918367347,12.163265306122451,2.43265306122449,9.73061224489796,0.0,14.59591836734694,2.43265306122449
2019-09-12,80.27755102040817,2.43265306122449,7.29795918367347,14.59591836734694,2.43265306122449,9.73061224489796,0.0,14.59591836734694,2.43265306122449
2019-09-13,72.9795918367347,2.43265306122449,4.86530612244898,12.163265306122451,2.43265306122449,9.73061224489796,0.0,14.59591836734694,2.43265306122449
2019-09-14,72.9795918367347,2.43265306122449,4.86530612244898,9.73061224489796,0.0,9.73061224489796,0.0,12.163265306122451,2.43265306122449
2019-09-15,75.4122448979592,2.43265306122449,4.86530612244898,12.163265306122451,0.0,9.73061224489796,0.0,14.59591836734694,2.43265306122449
2019-09-16,82.71020408163267,2.43265306122449,7.29795918367347,14.59591836734694,2.43265306122449,9.73061224489796,0.0,14.59591836734694,2.43265306122449
2019-09-17,80.27755102040817,2.43265306122449,7.29795918367347,14.59591836734694,2.43265306122449,9.73061224489796,0.0,14.59591836734694,2.43265306122449
2019-09-18,77.84489795918368,2.43265306122449,4.86530612244898,14.59591836734694,2.43265306122449,9.73061224489796,0.0,14.59591836734694,2.43265306122449
2019-09-19,80.27755102040817,2.43265306122449,7.29795918367347,14.59591836734694,2.43265306122449,9.73061224489796,0.0,14.59591836734694,2.43265306122449
2019-09-20,72.9795918367347,2.43265306122449,4.86530612244898,12.163265306122451,2.43265306122449,9.73061224489796,0.0,17.028571428571432,2.43265306122449
2019-09-21,72.9795918367347,2.43265306122449,4.86530612244898,9.73061224489796,0.0,9.73061224489796,0.0,14.59591836734694,2.43265306122449
2019-09-22,77.84489795918368,2.43265306122449,4.86530612244898,12.163265306122451,0.0,9.73061224489796,0.0,17.028571428571432,2.43265306122449
2019-09-23,80.27755102040817,2.43265306122449,7.29795918367347,12.163265306122451,2.43265306122449,9.73061224489796,0.0,17.028571428571432,2.43265306122449
2019-09-24,85.14285714285715,2.43265306122449,7.29795918367347,14.59591836734694,2.43265306122449,9.73061224489796,0.0,14.59591836734694,2.43265306122449
2019-09-25,82.71020408163267,2.43265306122449,7.29795918367347,14.59591836734694,2.43265306122449,12.163265306122451,0.0,14.59591836734694,2.43265306122449
2019-09-26,77.84489795918368,2.43265306122449,4.86530612244898,14.59591836734694,2.43265306122449,9.73061224489796,0.0,14.59591836734694,2.43265306122449
2019-09-27,75.4122448979592,2.43265306122449,4.86530612244898,12.163265306122451,2.43265306122449,9.73061224489796,0.0,14.59591836734694,2.43265306122449
2019-09-28,77.84489795918368,2.43265306122449,4.86530612244898,12.163265306122451,0.0,9.73061224489796,0.0,17.028571428571432,2.43265306122449
2019-09-29,80.27755102040817,2.43265306122449,4.86530612244898,12.163265306122451,2.43265306122449,9.73061224489796,0.0,17.028571428571432,2.43265306122449
2019-09-30,82.71020408163267,2.43265306122449,4.86530612244898,14.59591836734694,2.43265306122449,9.73061224489796,0.0,14.59591836734694,2.43265306122449
2019-10-01,87.57551020408164,2.43265306122449,7.29795918367347,17.028571428571432,2.43265306122449,9.73061224489796,0.0,14.59591836734694,2.43265306122449
2019-10-02,82.71020408163267,2.43265306122449,7.29795918367347,17.028571428571432,2.43265306122449,9.73061224489796,0.0,17.028571428571432,2.43265306122449
2019-10-03,77.84489795918368,2.43265306122449,4.86530612244898,17.028571428571432,2.43265306122449,9.73061224489796,0.0,14.59591836734694,2.43265306122449
2019-10-04,75.4122448979592,2.43265306122449,4.86530612244898,14.59591836734694,2.43265306122449,9.73061224489796,0.0,14.59591836734694,2.43265306122449
2019-10-05,75.4122448979592,2.43265306122449,4.86530612244898,12.163265306122451,0.0,9.73061224489796,0.0,17.028571428571432,2.43265306122449
2019-10-06,77.84489795918368,2.43265306122449,4.86530612244898,12.163265306122451,0.0,9.73061224489796,0.0,14.59591836734694,2.43265306122449
2019-10-07,80.27755102040817,2.43265306122449,4.86530612244898,14.59591836734694,2.43265306122449,9.73061224489796,0.0,14.59591836734694,2.43265306122449
2019-10-08,82.71020408163267,2.43265306122449,4.86530612244898,14.59591836734694,2.43265306122449,9.73061224489796,0.0,14.59591836734694,2.43265306122449
2019-10-09,80.27755102040817,2.43265306122449,4.86530612244898,12.163265306122451,2.43265306122449,9.73061224489796,0.0,14.59591836734694,2.43265306122449
2019-10-10,80.27755102040817,2.43265306122449,7.29795918367347,12.163265306122451,2.43265306122449,9.73061224489796,0.0,14.59591836734694,2.43265306122449
2019-10-11,75.4122448979592,2.43265306122449,4.86530612244898,12.163265306122451,2.43265306122449,9.73061224489796,0.0,14.59591836734694,2.43265306122449
2019-10-12,70.54693877551021,2.43265306122449,4.86530612244898,12.163265306122451,0.0,9.73061224489796,0.0,12.163265306122451,2.43265306122449
2019-10-13,72.9795918367347,2.43265306122449,4.86530612244898,9.73061224489796,0.0,9.73061224489796,0.0,14.59591836734694,2.43265306122449
2019-10-14,77.84489795918368,2.43265306122449,7.29795918367347,14.59591836734694,2.43265306122449,9.73061224489796,0.0,14.59591836734694,2.43265306122449
2019-10-15,77.84489795918368,2.43265306122449,7.29795918367347,14.59591836734694,2.43265306122449,9.73061224489796,0.0,14.59591836734694,2.43265306122449
2019-10-16,77.84489795918368,2.43265306122449,4.86530612244898,12.163265306122451,2.43265306122449,9.73061224489796,0.0,12.163265306122451,2.43265306122449
2019-10-17,80.27755102040817,2.43265306122449,4.86530612244898,12.163265306122451,2.43265306122449,9.73061224489796,0.0,14.59591836734694,2.43265306122449
2019-10-18,72.9795918367347,2.43265306122449,4.86530612244898,12.163265306122451,2.43265306122449,9.73061224489796,0.0,14.59591836734694,2.43265306122449
2019-10-19,70.54693877551021,2.43265306122449,4.86530612244898,12.163265306122451,0.0,9.73061224489796,0.0,12.163265306122451,2.43265306122449
2019-10-20,75.4122448979592,2.43265306122449,4.86530612244898,12.163265306122451,0.0,9.73061224489796,0.0,17.028571428571432,2.43265306122449
2019-10-21,80.27755102040817,2.43265306122449,7.29795918367347,14.59591836734694,2.43265306122449,9.73061224489796,0.0,14.59591836734694,2.43265306122449
2019-10-22,77.84489795918368,2.43265306122449,7.29795918367347,14.59591836734694,2.43265306122449,9.73061224489796,0.0,14.59591836734694,2.43265306122449
2019-10-23,75.4122448979592,2.43265306122449,4.86530612244898,14.59591836734694,2.43265306122449,9.73061224489796,0.0,14.59591836734694,2.43265306122449
2019-10-24,72.9795918367347,2.43265306122449,4.86530612244898,14.59591836734694,2.43265306122449,9.73061224489796,0.0,14.59591836734694,2.43265306122449
2019-10-25,68.11428571428573,2.43265306122449,4.86530612244898,12.163265306122451,2.43265306122449,7.29795918367347,0.0,14.59591836734694,2.43265306122449
2019-10-26,65.68163265306123,2.43265306122449,4.86530612244898,12.163265306122451,0.0,7.29795918367347,0.0,12.163265306122451,2.43265306122449
2019-10-27,68.11428571428573,2.43265306122449,4.86530612244898,12.163265306122451,0.0,9.73061224489796,0.0,14.59591836734694,2.43265306122449
2019-10-28,75.4122448979592,2.43265306122449,4.86530612244898,14.59591836734694,2.43265306122449,9.73061224489796,0.0,12.163265306122451,2.43265306122449
2019-10-29,77.84489795918368,2.43265306122449,7.29795918367347,14.59591836734694,2.43265306122449,9.73061224489796,0.0,12.163265306122451,2.43265306122449
2019-10-30,77.84489795918368,2.43265306122449,4.86530612244898,14.59591836734694,2.43265306122449,7.29795918367347,0.0,12.163265306122451,2.43265306122449
2019-10-31,72.9795918367347,2.43265306122449,4.86530612244898,12.163265306122451,0.0,7.29795918367347,0.0,12.163265306122451,2.43265306122449
2019-11-01,70.54693877551021,2.43265306122449,4.86530612244898,12.163265306122451,2.43265306122449,7.29795918367347,0.0,12.163265306122451,2.43265306122449
2019-11-02,72.9795918367347,2.43265306122449,4.86530612244898,12.163265306122451,0.0,9.73061224489796,0.0,14.59591836734694,2.43265306122449
2019-11-03,75.4122448979592,2.43265306122449,4.86530612244898,12.163265306122451,0.0,9.73061224489796,0.0,17.028571428571432,2.43265306122449
2019-11-04,75.4122448979592,2.43265306122449,4.86530612244898,14.59591836734694,2.43265306122449,9.73061224489796,0.0,17.028571428571432,2.43265306122449
2019-11-05,85.14285714285715,2.43265306122449,7.29795918367347,14.59591836734694,2.43265306122449,9.73061224489796,0.0,17.028571428571432,2.43265306122449
2019-11-06,80.27755102040817,2.43265306122449,7.29795918367347,14.59591836734694,2.43265306122449,9.73061224489796,0.0,19.46122448979592,2.43265306122449
2019-11-07,77.84489795918368,2.43265306122449,7.29795918367347,12.163265306122451,2.43265306122449,9.73061224489796,0.0,17.028571428571432,2.43265306122449
2019-11-08,72.9795918367347,2.43265306122449,7.29795918367347,12.163265306122451,2.43265306122449,9.73061224489796,0.0,17.028571428571432,2.43265306122449
2019-11-09,75.4122448979592,2.43265306122449,4.86530612244898,9.73061224489796,0.0,9.73061224489796,0.0,14.59591836734694,2.43265306122449
2019-11-10,72.9795918367347,2.43265306122449,4.86530612244898,12.163265306122451,0.0,9.73061224489796,0.0,17.028571428571432,2.43265306122449
2019-11-11,82.71020408163267,2.43265306122449,7.29795918367347,14.59591836734694,2.43265306122449,9.73061224489796,0.0,14.59591836734694,2.43265306122449
2019-11-12,82.71020408163267,2.43265306122449,7.29795918367347,14.59591836734694,2.43265306122449,9.73061224489796,0.0,14.59591836734694,2.43265306122449
2019-11-13,80.27755102040817,2.43265306122449,7.29795918367347,14.59591836734694,2.43265306122449,9.73061224489796,0.0,14.59591836734694,2.43265306122449
2019-11-14,75.4122448979592,2.43265306122449,7.29795918367347,12.163265306122451,2.43265306122449,9.73061224489796,0.0,14.59591836734694,2.43265306122449
2019-11-15,70.54693877551021,2.43265306122449,4.86530612244898,12.163265306122451,2.43265306122449,9.73061224489796,0.0,14.59591836734694,2.43265306122449
2019-11-16,72.9795918367347,2.43265306122449,4.86530612244898,9.73061224489796,0.0,9.73061224489796,0.0,14.59591836734694,2.43265306122449
2019-11-17,75.4122448979592,2.43265306122449,4.86530612244898,9.73061224489796,0.0,9.73061224489796,0.0,17.028571428571432,2.43265306122449
2019-11-18,77.84489795918368,2.43265306122449,7.29795918367347,12.163265306122451,2.43265306122449,7.29795918367347,0.0,17.028571428571432,2.43265306122449
2019-11-19,77.84489795918368,2.43265306122449,7.29795918367347,14.59591836734694,2.43265306122449,9.73061224489796,0.0,17.028571428571432,2.43265306122449
2019-11-20,80.27755102040817,2.43265306122449,7.29795918367347,12.163265306122451,0.0,9.73061224489796,0.0,17.028571428571432,2.43265306122449
2019-11-21,75.4122448979592,2.43265306122449,7.29795918367347,12.163265306122451,0.0,9.73061224489796,0.0,17.028571428571432,2.43265306122449
2019-11-22,77.84489795918368,2.43265306122449,7.29795918367347,12.163265306122451,2.43265306122449,9.73061224489796,0.0,17.028571428571432,2.43265306122449
2019-11-23,82.71020408163267,2.43265306122449,4.86530612244898,9.73061224489796,0.0,9.73061224489796,0.0,17.028571428571432,2.43265306122449
2019-11-24,85.14285714285715,2.43265306122449,4.86530612244898,9.73061224489796,0.0,9.73061224489796,0.0,19.46122448979592,2.43265306122449
2019-11-25,80.27755102040817,4.86530612244898,4.86530612244898,12.163265306122451,2.43265306122449,9.73061224489796,0.0,19.46122448979592,2.43265306122449
2019-11-26,85.14285714285715,4.86530612244898,4.86530612244898,14.59591836734694,2.43265306122449,9.73061224489796,0.0,21.89387755102041,2.43265306122449
2019-11-27,82.71020408163267,4.86530612244898,4.86530612244898,12.163265306122451,2.43265306122449,9.73061224489796,0.0,17.028571428571432,4.86530612244898
2019-11-28,70.54693877551021,2.43265306122449,4.86530612244898,9.73061224489796,0.0,9.73061224489796,0.0,17.028571428571432,4.86530612244898
2019-11-29,77.84489795918368,2.43265306122449,4.86530612244898,9.73061224489796,0.0,9.73061224489796,0.0,17.028571428571432,2.43265306122449
2019-11-30,75.4122448979592,2.43265306122449,4.86530612244898,12.163265306122451,0.0,9.73061224489796,0.0,19.46122448979592,2.43265306122449
2019-12-01,92.44081632653062,2.43265306122449,4.86530612244898,12.163265306122451,2.43265306122449,9.73061224489796,0.0,21.89387755102041,4.86530612244898
2019-12-02,94.87346938775511,2.43265306122449,7.29795918367347,17.028571428571432,2.43265306122449,9.73061224489796,0.0,21.89387755102041,4.86530612244898
2019-12-03,92.44081632653062,2.43265306122449,7.29795918367347,17.028571428571432,2.43265306122449,9.73061224489796,0.0,19.46122448979592,2.43265306122449
2019-12-04,85.14285714285715,2.43265306122449,7.29795918367347,14.59591836734694,2.43265306122449,9.73061224489796,0.0,21.89387755102041,2.43265306122449
2019-12-05,80.27755102040817,2.43265306122449,4.86530612244898,12.163265306122451,2.43265306122449,9.73061224489796,0.0,19.46122448979592,2.43265306122449
2019-12-06,72.9795918367347,2.43265306122449,4.86530612244898,12.163265306122451,0.0,9.73061224489796,0.0,19.46122448979592,2.43265306122449
2019-12-07,72.9795918367347,2.43265306122449,4.86530612244898,9.73061224489796,0.0,9.73061224489796,0.0,21.89387755102041,2.43265306122449
2019-12-08,80.27755102040817,2.43265306122449,4.86530612244898,12.163265306122451,0.0,9.73061224489796,0.0,24.326530612244902,2.43265306122449
2019-12-09,80.27755102040817,2.43265306122449,4.86530612244898,12.163265306122451,2.43265306122449,9.73061224489796,0.0,19.46122448979592,2.43265306122449
2019-12-10,82.71020408163267,2.43265306122449,4.86530612244898,14.59591836734694,0.0,9.73061224489796,0.0,19.46122448979592,2.43265306122449
2019-12-11,72.9795918367347,2.43265306122449,4.86530612244898,14.59591836734694,0.0,9.73061224489796,0.0,19.46122448979592,2.43265306122449
2019-12-12,75.4122448979592,2.43265306122449,4.86530612244898,14.59591836734694,0.0,9.73061224489796,0.0,21.89387755102041,2.43265306122449
2019-12-13,75.4122448979592,2.43265306122449,4.86530612244898,12.163265306122451,0.0,9.73061224489796,0.0,19.46122448979592,2.43265306122449
2019-12-14,75.4122448979592,2.43265306122449,4.86530612244898,9.73061224489796,0.0,9.73061224489796,0.0,21.89387755102041,2.43265306122449
2019-12-15,75.4122448979592,2.43265306122449,4.86530612244898,9.73061224489796,0.0,9.73061224489796,0.0,24.326530612244902,2.43265306122449
2019-12-16,80.27755102040817,2.43265306122449,4.86530612244898,12.163265306122451,2.43265306122449,9.73061224489796,0.0,24.326530612244902,2.43265306122449
2019-12-17,80.27755102040817,2.43265306122449,4.86530612244898,12.163265306122451,2.43265306122449,9.73061224489796,0.0,21.89387755102041,2.43265306122449
2019-12-18,77.84489795918368,2.43265306122449,4.86530612244898,12.163265306122451,0.0,9.73061224489796,0.0,24.326530612244902,2.43265306122449
2019-12-19,77.84489795918368,2.43265306122449,4.86530612244898,12.163265306122451,2.43265306122449,9.73061224489796,0.0,21.89387755102041,2.43265306122449
2019-12-20,77.84489795918368,4.86530612244898,4.86530612244898,9.73061224489796,2.43265306122449,9.73061224489796,0.0,24.326530612244902,4.86530612244898
2019-12-21,82.71020408163267,4.86530612244898,4.86530612244898,12.163265306122451,2.43265306122449,9.73061224489796,0.0,29.19183673469388,4.86530612244898
2019-12-22,82.71020408163267,4.86530612244898,4.86530612244898,9.73061224489796,2.43265306122449,9.73061224489796,0.0,31.62448979591837,4.86530612244898
2019-12-23,77.84489795918368,4.86530612244898,4.86530612244898,12.163265306122451,2.43265306122449,9.73061224489796,0.0,26.75918367346939,4.86530612244898
2019-12-24,80.27755102040817,4.86530612244898,4.86530612244898,12.163265306122451,0.0,9.73061224489796,0.0,36.48979591836735,4.86530612244898
2019-12-25,75.4122448979592,2.43265306122449,4.86530612244898,9.73061224489796,0.0,9.73061224489796,0.0,58.38367346938776,2.43265306122449
2019-12-26,97.30612244897961,4.86530612244898,7.29795918367347,14.59591836734694,2.43265306122449,12.163265306122451,0.0,38.92244897959184,2.43265306122449
2019-12-27,97.30612244897961,2.43265306122449,7.29795918367347,12.163265306122451,2.43265306122449,12.163265306122451,0.0,29.19183673469388,2.43265306122449
2019-12-28,92.44081632653062,2.43265306122449,7.29795918367347,12.163265306122451,2.43265306122449,12.163265306122451,0.0,24.326530612244902,4.86530612244898
2019-12-29,92.44081632653062,2.43265306122449,4.86530612244898,12.163265306122451,2.43265306122449,9.73061224489796,0.0,24.326530612244902,4.86530612244898
2019-12-30,94.87346938775511,2.43265306122449,7.29795918367347,14.59591836734694,2.43265306122449,9.73061224489796,0.0,24.326530612244902,2.43265306122449
2019-12-31,85.14285714285715,2.43265306122449,4.86530612244898,12.163265306122451,2.43265306122449,9.73061224489796,0.0,21.89387755102041,2.43265306122449
2020-01-01,85.14285714285715,2.43265306122449,7.29795918367347,12.163265306122451,0.0,9.73061224489796,0.0,24.326530612244902,2.43265306122449
2020-01-02,99.73877551020409,2.43265306122449,7.29795918367347,17.028571428571432,2.43265306122449,12.163265306122451,0.0,29.19183673469388,2.43265306122449
2020-01-03,97.30612244897961,2.43265306122449,7.29795918367347,14.59591836734694,2.43265306122449,12.163265306122451,0.0,24.326530612244902,2.43265306122449
2020-01-04,102.17142857142858,2.43265306122449,7.29795918367347,14.59591836734694,2.43265306122449,12.163265306122451,0.0,26.75918367346939,2.43265306122449
2020-01-05,97.30612244897961,2.43265306122449,7.29795918367347,14.59591836734694,2.43265306122449,12.163265306122451,0.0,26.75918367346939,2.43265306122449
2020-01-06,104.60408163265308,2.43265306122449,7.29795918367347,17.028571428571432,2.43265306122449,12.163265306122451,0.0,24.326530612244902,2.43265306122449
2020-01-07,107.03673469387756,2.43265306122449,7.29795918367347,19.46122448979592,2.43265306122449,12.163265306122451,0.0,21.89387755102041,2.43265306122449
2020-01-08,107.03673469387756,2.43265306122449,7.29795918367347,17.028571428571432,2.43265306122449,12.163265306122451,0.0,19.46122448979592,2.43265306122449
2020-01-09,104.60408163265308,2.43265306122449,7.29795918367347,17.028571428571432,2.43265306122449,12.163265306122451,0.0,21.89387755102041,2.43265306122449
2020-01-10,97.30612244897961,2.43265306122449,4.86530612244898,14.59591836734694,2.43265306122449,12.163265306122451,0.0,21.89387755102041,2.43265306122449
2020-01-11,104.60408163265308,2.43265306122449,4.86530612244898,14.59591836734694,0.0,12.163265306122451,0.0,21.89387755102041,2.43265306122449
2020-01-12,102.17142857142858,2.43265306122449,4.86530612244898,12.163265306122451,2.43265306122449,12.163265306122451,0.0,24.326530612244902,2.43265306122449
2020-01-13,104.60408163265308,2.43265306122449,7.29795918367347,14.59591836734694,2.43265306122449,12.163265306122451,0.0,24.326530612244902,2.43265306122449
2020-01-14,114.33469387755103,2.43265306122449,7.29795918367347,17.028571428571432,2.43265306122449,12.163265306122451,0.0,21.89387755102041,2.43265306122449
2020-01-15,107.03673469387756,2.43265306122449,7.29795918367347,17.028571428571432,2.43265306122449,12.163265306122451,0.0,21.89387755102041,2.43265306122449
2020-01-16,104.60408163265308,2.43265306122449,7.29795918367347,17.028571428571432,2.43265306122449,12.163265306122451,0.0,21.89387755102041,2.43265306122449
2020-01-17,90.00816326530614,2.43265306122449,4.86530612244898,17.028571428571432,2.43265306122449,12.163265306122451,0.0,19.46122448979592,2.43265306122449
2020-01-18,107.03673469387756,2.43265306122449,4.86530612244898,12.163265306122451,2.43265306122449,12.163265306122451,0.0,21.89387755102041,2.43265306122449
2020-01-19,97.30612244897961,2.43265306122449,4.86530612244898,12.163265306122451,0.0,12.163265306122451,0.0,24.326530612244902,2.43265306122449
2020-01-20,104.60408163265308,2.43265306122449,4.86530612244898,17.028571428571432,2.43265306122449,12.163265306122451,0.0,24.326530612244902,2.43265306122449
2020-01-21,109.46938775510205,2.43265306122449,7.29795918367347,17.028571428571432,2.43265306122449,14.59591836734694,0.0,21.89387755102041,2.43265306122449
2020-01-22,102.17142857142858,2.43265306122449,4.86530612244898,14.59591836734694,2.43265306122449,12.163265306122451,0.0,21.89387755102041,2.43265306122449
2020-01-23,102.17142857142858,2.43265306122449,4.86530612244898,14.59591836734694,2.43265306122449,12.163265306122451,0.0,19.46122448979592,2.43265306122449
2020-01-24,92.44081632653062,2.43265306122449,4.86530612244898,14.59591836734694,2.43265306122449,9.73061224489796,0.0,19.46122448979592,2.43265306122449
2020-01-25,92.44081632653062,2.43265306122449,4.86530612244898,12.163265306122451,0.0,9.73061224489796,0.0,19.46122448979592,2.43265306122449
2020-01-26,85.14285714285715,2.43265306122449,4.86530612244898,9.73061224489796,0.0,9.73061224489796,0.0,21.89387755102041,2.43265306122449
2020-01-27,82.71020408163267,2.43265306122449,4.86530612244898,12.163265306122451,2.43265306122449,9.73061224489796,0.0,19.46122448979592,2.43265306122449
2020-01-28,92.44081632653062,2.43265306122449,4.86530612244898,14.59591836734694,2.43265306122449,12.163265306122451,0.0,19.46122448979592,2.43265306122449
2020-01-29,90.00816326530614,2.43265306122449,4.86530612244898,14.59591836734694,2.43265306122449,9.73061224489796,0.0,19.46122448979592,2.43265306122449
2020-01-30,82.71020408163267,2.43265306122449,4.86530612244898,14.59591836734694,2.43265306122449,9.73061224489796,0.0,19.46122448979592,2.43265306122449
2020-01-31,80.27755102040817,2.43265306122449,4.86530612244898,12.163265306122451,2.43265306122449,9.73061224489796,0.0,17.028571428571432,2.43265306122449
2020-02-01,82.71020408163267,2.43265306122449,4.86530612244898,9.73061224489796,2.43265306122449,9.73061224489796,0.0,19.46122448979592,2.43265306122449
2020-02-02,82.71020408163267,2.43265306122449,4.86530612244898,12.163265306122451,0.0,9.73061224489796,0.0,21.89387755102041,2.43265306122449
2020-02-03,80.27755102040817,2.43265306122449,4.86530612244898,12.163265306122451,2.43265306122449,9.73061224489796,0.0,17.028571428571432,2.43265306122449
2020-02-04,92.44081632653062,2.43265306122449,4.86530612244898,14.59591836734694,2.43265306122449,12.163265306122451,0.0,19.46122448979592,2.43265306122449
2020-02-05,90.00816326530614,2.43265306122449,4.86530612244898,14.59591836734694,2.43265306122449,9.73061224489796,0.0,19.46122448979592,2.43265306122449
2020-02-06,90.00816326530614,2.43265306122449,7.29795918367347,14.59591836734694,2.43265306122449,12.163265306122451,0.0,19.46122448979592,2.43265306122449
2020-02-07,87.57551020408164,2.43265306122449,4.86530612244898,14.59591836734694,2.43265306122449,9.73061224489796,0.0,17.028571428571432,2.43265306122449
2020-02-08,87.57551020408164,2.43265306122449,4.86530612244898,12.163265306122451,2.43265306122449,12.163265306122451,0.0,21.89387755102041,2.43265306122449
2020-02-09,97.30612244897961,2.43265306122449,4.86530612244898,12.163265306122451,2.43265306122449,9.73061224489796,0.0,24.326530612244902,2.43265306122449
2020-02-10,87.57551020408164,2.43265306122449,4.86530612244898,12.163265306122451,2.43265306122449,12.163265306122451,0.0,21.89387755102041,2.43265306122449
2020-02-11,92.44081632653062,2.43265306122449,4.86530612244898,17.028571428571432,2.43265306122449,12.163265306122451,0.0,19.46122448979592,2.43265306122449
2020-02-12,90.00816326530614,2.43265306122449,4.86530612244898,14.59591836734694,2.43265306122449,9.73061224489796,0.0,19.46122448979592,2.43265306122449
2020-02-13,92.44081632653062,2.43265306122449,4.86530612244898,14.59591836734694,2.43265306122449,9.73061224489796,0.0,19.46122448979592,2.43265306122449
2020-02-14,80.27755102040817,2.43265306122449,4.86530612244898,12.163265306122451,2.43265306122449,9.73061224489796,0.0,19.46122448979592,2.43265306122449
2020-02-15,82.71020408163267,2.43265306122449,4.86530612244898,12.163265306122451,2.43265306122449,9.73061224489796,0.0,21.89387755102041,2.43265306122449
2020-02-16,87.57551020408164,2.43265306122449,4.86530612244898,12.163265306122451,2.43265306122449,9.73061224489796,0.0,24.326530612244902,2.43265306122449
2020-02-17,92.44081632653062,2.43265306122449,7.29795918367347,14.59591836734694,2.43265306122449,12.163265306122451,0.0,24.326530612244902,2.43265306122449
2020-02-18,92.44081632653062,2.43265306122449,4.86530612244898,14.59591836734694,2.43265306122449,12.163265306122451,0.0,21.89387755102041,2.43265306122449
2020-02-19,87.57551020408164,2.43265306122449,4.86530612244898,14.59591836734694,2.43265306122449,12.163265306122451,0.0,21.89387755102041,2.43265306122449
2020-02-20,85.14285714285715,2.43265306122449,4.86530612244898,14.59591836734694,2.43265306122449,12.163265306122451,0.0,19.46122448979592,2.43265306122449
2020-02-21,80.27755102040817,2.43265306122449,4.86530612244898,14.59591836734694,2.43265306122449,9.73061224489796,0.0,19.46122448979592,2.43265306122449
2020-02-22,85.14285714285715,2.43265306122449,4.86530612244898,12.163265306122451,2.43265306122449,9.73061224489796,0.0,21.89387755102041,2.43265306122449
2020-02-23,82.71020408163267,2.43265306122449,4.86530612244898,12.163265306122451,2.43265306122449,12.163265306122451,0.0,24.326530612244902,2.43265306122449
2020-02-24,85.14285714285715,2.43265306122449,4.86530612244898,14.59591836734694,2.43265306122449,9.73061224489796,0.0,21.89387755102041,2.43265306122449
2020-02-25,90.00816326530614,2.43265306122449,4.86530612244898,17.028571428571432,2.43265306122449,12.163265306122451,0.0,19.46122448979592,2.43265306122449
2020-02-26,82.71020408163267,2.43265306122449,4.86530612244898,14.59591836734694,2.43265306122449,12.163265306122451,0.0,19.46122448979592,2.43265306122449
2020-02-27,85.14285714285715,2.43265306122449,4.86530612244898,14.59591836734694,2.43265306122449,9.73061224489796,0.0,17.028571428571432,2.43265306122449
2020-02-28,77.84489795918368,2.43265306122449,4.86530612244898,12.163265306122451,2.43265306122449,9.73061224489796,0.0,17.028571428571432,2.43265306122449
2020-02-29,75.4122448979592,2.43265306122449,4.86530612244898,12.163265306122451,0.0,9.73061224489796,0.0,19.46122448979592,2.43265306122449
2020-03-01,77.84489795918368,2.43265306122449,4.86530612244898,12.163265306122451,0.0,9.73061224489796,0.0,21.89387755102041,2.43265306122449
2020-03-02,80.27755102040817,2.43265306122449,4.86530612244898,14.59591836734694,2.43265306122449,9.73061224489796,0.0,19.46122448979592,2.43265306122449
2020-03-03,85.14285714285715,2.43265306122449,4.86530612244898,14.59591836734694,0.0,9.73061224489796,0.0,19.46122448979592,2.43265306122449
2020-03-04,82.71020408163267,2.43265306122449,4.86530612244898,12.163265306122451,2.43265306122449,9.73061224489796,0.0,17.028571428571432,2.43265306122449
2020-03-05,85.14285714285715,2.43265306122449,4.86530612244898,14.59591836734694,2.43265306122449,9.73061224489796,0.0,17.028571428571432,2.43265306122449
2020-03-06,92.44081632653062,2.43265306122449,4.86530612244898,14.59591836734694,2.43265306122449,9.73061224489796,0.0,17.028571428571432,2.43265306122449
2020-03-07,99.73877551020409,2.43265306122449,4.86530612244898,14.59591836734694,0.0,9.73061224489796,0.0,17.028571428571432,2.43265306122449
2020-03-08,107.03673469387756,2.43265306122449,4.86530612244898,14.59591836734694,0.0,12.163265306122451,0.0,19.46122448979592,2.43265306122449
2020-03-09,121.6326530612245,2.43265306122449,4.86530612244898,17.028571428571432,0.0,14.59591836734694,0.0,17.028571428571432,2.43265306122449
2020-03-10,145.9591836734694,2.43265306122449,7.29795918367347,21.89387755102041,0.0,17.028571428571432,0.0,17.028571428571432,2.43265306122449
2020-03-11,189.74693877551022,2.43265306122449,7.29795918367347,24.326530612244902,0.0,24.326530612244902,0.0,17.028571428571432,2.43265306122449
2020-03-12,243.265306122449,2.43265306122449,9.73061224489796,29.19183673469388,0.0,26.75918367346939,0.0,14.59591836734694,2.43265306122449
2020-03-13,218.9387755102041,2.43265306122449,9.73061224489796,24.326530612244902,0.0,21.89387755102041,0.0,14.59591836734694,2.43265306122449
2020-03-14,192.17959183673472,2.43265306122449,7.29795918367347,19.46122448979592,0.0,17.028571428571432,0.0,14.59591836734694,2.43265306122449
2020-03-15,153.25714285714287,2.43265306122449,7.29795918367347,17.028571428571432,0.0,12.163265306122451,0.0,14.59591836734694,2.43265306122449
2020-03-16,126.49795918367349,0.0,7.29795918367347,17.028571428571432,0.0,9.73061224489796,0.0,12.163265306122451,2.43265306122449
2020-03-17,90.00816326530614,0.0,4.86530612244898,12.163265306122451,0.0,7.29795918367347,0.0,9.73061224489796,2.43265306122449
2020-03-18,85.14285714285715,0.0,4.86530612244898,12.163265306122451,0.0,7.29795918367347,0.0,9.73061224489796,2.43265306122449
2020-03-19,70.54693877551021,0.0,2.43265306122449,9.73061224489796,0.0,4.86530612244898,0.0,9.73061224489796,2.43265306122449
2020-03-20,65.68163265306123,0.0,2.43265306122449,9.73061224489796,0.0,4.86530612244898,0.0,9.73061224489796,2.43265306122449
2020-03-21,63.24897959183674,0.0,2.43265306122449,7.29795918367347,0.0,4.86530612244898,0.0,9.73061224489796,2.43265306122449
2020-03-22,60.81632653061225,0.0,2.43265306122449,7.29795918367347,0.0,4.86530612244898,0.0,9.73061224489796,2.43265306122449
2020-03-23,48.653061224489804,0.0,2.43265306122449,7.29795918367347,0.0,4.86530612244898,0.0,9.73061224489796,0.0
2020-03-24,48.653061224489804,0.0,2.43265306122449,7.29795918367347,0.0,4.86530612244898,0.0,9.73061224489796,0.0
2020-03-25,43.78775510204082,0.0,2.43265306122449,7.29795918367347,0.0,4.86530612244898,0.0,9.73061224489796,0.0
2020-03-26,41.35510204081633,0.0,2.4326530612244897,7.297959183673469,0.0,4.865306122448979,0.0,9.730612244897959,0.0
2020-03-27,38.922448979591834,0.0,2.4326530612244897,4.865306122448979,0.0,4.865306122448979,0.0,9.730612244897959,0.0
2020-03-28,43.78775510204081,0.0,2.4326530612244897,4.865306122448979,0.0,4.865306122448979,0.0,9.730612244897959,0.0
2020-03-29,41.35510204081633,0.0,2.4326530612244897,4.865306122448979,0.0,4.865306122448979,0.0,9.730612244897959,0.0
2020-03-30,38.922448979591834,0.0,2.4326530612244897,4.865306122448979,0.0,4.865306122448979,0.0,9.730612244897959,0.0
2020-03-31,36.48979591836734,0.0,2.4326530612244897,4.865306122448979,0.0,2.4326530612244897,0.0,9.730612244897959,0.0
2020-04-01,34.05714285714286,0.0,2.4326530612244897,4.865306122448979,0.0,2.4326530612244897,0.0,9.730612244897959,0.0
2020-04-02,31.624489795918365,0.0,2.4326530612244897,4.865306122448979,0.0,2.4326530612244897,0.0,9.730612244897959,0.0
2020-04-03,29.191836734693876,0.0,0.0,4.865306122448979,0.0,2.4326530612244897,0.0,9.730612244897959,0.0
2020-04-04,29.191836734693876,0.0,0.0,4.865306122448979,0.0,2.4326530612244897,0.0,7.297959183673469,0.0
2020-04-05,34.05714285714286,0.0,0.0,4.865306122448979,0.0,2.4326530612244897,0.0,9.730612244897959,0.0
2020-04-06,31.624489795918365,0.0,2.4326530612244897,4.865306122448979,0.0,2.4326530612244897,0.0,9.730612244897959,0.0
2020-04-07,29.191836734693876,0.0,2.4326530612244897,4.865306122448979,0.0,2.4326530612244897,0.0,9.730612244897959,0.0
2020-04-08,29.191836734693876,0.0,2.4326530612244897,4.865306122448979,0.0,2.4326530612244897,0.0,9.730612244897959,0.0
2020-04-09,31.624489795918365,0.0,2.4326530612244897,4.865306122448979,0.0,2.4326530612244897,0.0,9.730612244897959,0.0
2020-04-10,31.624489795918365,0.0,2.4326530612244897,4.865306122448979,0.0,4.865306122448979,0.0,9.730612244897959,0.0
2020-04-11,31.624489795918365,0.0,0.0,4.865306122448979,0.0,4.865306122448979,0.0,9.730612244897959,0.0
2020-04-12,34.05714285714286,0.0,0.0,2.4326530612244897,0.0,2.4326530612244897,0.0,9.730612244897959,0.0
2020-04-13,31.624489795918365,0.0,2.4326530612244897,4.865306122448979,0.0,2.4326530612244897,0.0,9.730612244897959,0.0
2020-04-14,34.05714285714286,0.0,2.4326530612244897,4.865306122448979,0.0,2.4326530612244897,0.0,9.730612244897959,0.0
2020-04-15,31.624489795918365,0.0,2.4326530612244897,4.865306122448979,0.0,2.4326530612244897,0.0,9.730612244897959,0.0
2020-04-16,31.624489795918365,0.0,2.4326530612244897,4.865306122448979,0.0,2.4326530612244897,0.0,9.730612244897959,0.0
2020-04-17,31.624489795918365,0.0,2.4326530612244897,4.865306122448979,0.0,2.4326530612244897,0.0,9.730612244897959,0.0
2020-04-18,34.05714285714286,0.0,0.0,4.865306122448979,0.0,2.4326530612244897,0.0,12.163265306122447,0.0
2020-04-19,34.05714285714286,0.0,0.0,4.865306122448979,0.0,4.865306122448979,0.0,12.163265306122447,0.0
2020-04-20,31.624489795918365,0.0,0.0,4.865306122448979,0.0,2.4326530612244897,0.0,9.730612244897959,0.0
2020-04-21,34.05714285714286,0.0,2.4326530612244897,4.865306122448979,0.0,2.4326530612244897,0.0,9.730612244897959,0.0
2020-04-22,31.624489795918365,0.0,2.4326530612244897,4.865306122448979,0.0,2.4326530612244897,0.0,9.730612244897959,0.0
2020-04-23,34.05714285714286,0.0,2.4326530612244897,4.865306122448979,0.0,2.4326530612244897,0.0,9.730612244897959,0.0
2020-04-24,31.624489795918365,0.0,2.4326530612244897,4.865306122448979,0.0,2.4326530612244897,0.0,9.730612244897959,0.0
2020-04-25,31.624489795918365,0.0,2.4326530612244897,4.865306122448979,0.0,2.4326530612244897,0.0,9.730612244897959,0.0
2020-04-26,34.05714285714286,0.0,2.4326530612244897,4.865306122448979,0.0,4.865306122448979,0.0,12.163265306122447,0.0
2020-04-27,31.624489795918365,0.0,2.4326530612244897,4.865306122448979,0.0,4.865306122448979,0.0,12.163265306122447,0.0
2020-04-28,34.05714285714286,0.0,2.4326530612244897,7.297959183673469,0.0,4.865306122448979,0.0,9.730612244897959,0.0
2020-04-29,31.624489795918365,0.0,2.4326530612244897,4.865306122448979,0.0,4.865306122448979,0.0,9.730612244897959,0.0
2020-04-30,31.624489795918365,0.0,2.4326530612244897,4.865306122448979,0.0,4.865306122448979,0.0,12.163265306122447,0.0
2020-05-01,31.624489795918365,0.0,2.4326530612244897,4.865306122448979,0.0,4.865306122448979,0.0,12.163265306122447,0.0
2020-05-02,38.922448979591834,0.0,2.4326530612244897,4.865306122448979,0.0,4.865306122448979,0.0,12.163265306122447,0.0
2020-05-03,38.922448979591834,0.0,2.4326530612244897,4.865306122448979,0.0,4.865306122448979,0.0,14.595918367346938,0.0
2020-05-04,38.922448979591834,0.0,2.4326530612244897,7.297959183673469,0.0,4.865306122448979,0.0,14.595918367346938,0.0
2020-05-05,36.48979591836734,0.0,2.4326530612244897,7.297959183673469,0.0,4.865306122448979,0.0,12.163265306122447,0.0
2020-05-06,36.48979591836734,0.0,2.4326530612244897,7.297959183673469,0.0,4.865306122448979,0.0,12.163265306122447,0.0
2020-05-07,36.48979591836734,0.0,2.4326530612244897,7.297959183673469,0.0,4.865306122448979,0.0,12.163265306122447,0.0
2020-05-08,36.48979591836734,0.0,2.4326530612244897,7.297959183673469,0.0,4.865306122448979,0.0,14.595918367346938,0.0
2020-05-09,38.922448979591834,0.0,2.4326530612244897,4.865306122448979,0.0,4.865306122448979,0.0,12.163265306122447,0.0
2020-05-10,41.35510204081633,0.0,2.4326530612244897,4.865306122448979,0.0,4.865306122448979,0.0,14.595918367346938,0.0
2020-05-11,38.922448979591834,0.0,2.4326530612244897,7.297959183673469,0.0,4.865306122448979,0.0,14.595918367346938,0.0
2020-05-12,41.35510204081633,0.0,2.4326530612244897,7.297959183673469,0.0,4.865306122448979,0.0,14.595918367346938,0.0
2020-05-13,38.922448979591834,0.0,2.4326530612244897,7.297959183673469,0.0,4.865306122448979,0.0,14.595918367346938,0.0
2020-05-14,38.922448979591834,0.0,2.4326530612244897,7.297959183673469,0.0,4.865306122448979,0.0,14.595918367346938,0.0
2020-05-15,38.922448979591834,0.0,2.4326530612244897,4.865306122448979,0.0,4.865306122448979,0.0,17.02857142857143,0.0
2020-05-16,38.922448979591834,0.0,2.4326530612244897,4.865306122448979,0.0,4.865306122448979,0.0,14.595918367346938,0.0
2020-05-17,43.78775510204081,0.0,2.4326530612244897,4.865306122448979,0.0,4.865306122448979,0.0,19.461224489795917,0.0
2020-05-18,41.35510204081633,0.0,2.4326530612244897,7.297959183673469,0.0,4.865306122448979,0.0,19.461224489795917,0.0
2020-05-19,41.35510204081633,0.0,2.4326530612244897,7.297959183673469,0.0,4.865306122448979,0.0,19.461224489795917,0.0
2020-05-20,43.78775510204081,0.0,2.4326530612244897,7.297959183673469,0.0,4.865306122448979,0.0,17.02857142857143,0.0
2020-05-21,46.220408163265304,0.0,2.4326530612244897,7.297959183673469,0.0,4.865306122448979,0.0,19.461224489795917,0.0
2020-05-22,43.78775510204081,0.0,2.4326530612244897,7.297959183673469,0.0,4.865306122448979,0.0,19.461224489795917,0.0
2020-05-23,43.78775510204081,0.0,2.4326530612244897,4.865306122448979,0.0,4.865306122448979,0.0,19.461224489795917,0.0
2020-05-24,46.220408163265304,0.0,2.4326530612244897,4.865306122448979,0.0,4.865306122448979,0.0,21.893877551020406,0.0
2020-05-25,43.78775510204081,0.0,2.4326530612244897,4.865306122448979,0.0,4.865306122448979,0.0,19.461224489795917,0.0
2020-05-26,43.78775510204081,0.0,2.4326530612244897,7.297959183673469,0.0,4.865306122448979,0.0,19.461224489795917,0.0
2020-05-27,43.78775510204081,0.0,2.4326530612244897,7.297959183673469,0.0,4.865306122448979,0.0,19.461224489795917,0.0
2020-05-28,43.78775510204081,0.0,2.4326530612244897,7.297959183673469,0.0,4.865306122448979,0.0,19.461224489795917,0.0
2020-05-29,46.220408163265304,0.0,2.4326530612244897,7.297959183673469,0.0,4.865306122448979,0.0,17.02857142857143,0.0
2020-05-30,43.78775510204081,0.0,2.4326530612244897,4.865306122448979,0.0,4.865306122448979,0.0,17.02857142857143,0.0
2020-05-31,43.78775510204081,0.0,2.4326530612244897,7.297959183673469,0.0,4.865306122448979,0.0,19.461224489795917,0.0
2020-06-01,46.220408163265304,0.0,2.4326530612244897,7.297959183673469,0.0,4.865306122448979,0.0,17.02857142857143,0.0
2020-06-02,43.78775510204081,0.0,2.4326530612244897,7.297959183673469,0.0,4.865306122448979,0.0,17.02857142857143,0.0
2020-06-03,46.220408163265304,0.0,2.4326530612244897,7.297959183673469,0.0,4.865306122448979,0.0,19.461224489795917,0.0
2020-06-04,46.220408163265304,0.0,2.4326530612244897,7.297959183673469,0.0,4.865306122448979,0.0,19.461224489795917,0.0
2020-06-05,48.65306122448979,0.0,2.4326530612244897,9.730612244897959,0.0,7.297959183673469,0.0,19.461224489795917,0.0
2020-06-06,53.518367346938774,0.0,2.4326530612244897,7.297959183673469,0.0,7.297959183673469,0.0,24.326530612244895,0.0
2020-06-07,55.95102040816326,0.0,2.4326530612244897,7.297959183673469,0.0,7.297959183673469,0.0,26.759183673469387,0.0
2020-06-08,55.95102040816326,0.0,2.4326530612244897,9.730612244897959,0.0,7.297959183673469,0.0,24.326530612244895,0.0
2020-06-09,63.24897959183673,0.0,4.865306122448979,9.730612244897959,0.0,7.297959183673469,0.0,21.893877551020406,0.0
2020-06-10,60.816326530612244,0.0,2.4326530612244897,9.730612244897959,0.0,7.297959183673469,0.0,21.893877551020406,0.0
2020-06-11,58.38367346938775,0.0,2.4326530612244897,9.730612244897959,0.0,7.297959183673469,0.0,21.893877551020406,0.0
2020-06-12,55.95102040816326,0.0,2.4326530612244897,9.730612244897959,0.0,7.297959183673469,0.0,21.893877551020406,0.0
2020-06-13,55.95102040816326,0.0,2.4326530612244897,7.297959183673469,0.0,7.297959183673469,0.0,21.893877551020406,0.0
2020-06-14,60.816326530612244,0.0,2.4326530612244897,7.297959183673469,0.0,7.297959183673469,0.0,26.759183673469387,0.0
2020-06-15,58.38367346938775,0.0,2.4326530612244897,7.297959183673469,0.0,7.297959183673469,0.0,21.893877551020406,0.0
2020-06-16,58.38367346938775,0.0,2.4326530612244897,9.730612244897959,0.0,7.297959183673469,0.0,21.893877551020406,0.0
2020-06-17,60.816326530612244,0.0,2.4326530612244897,9.730612244897959,0.0,7.297959183673469,0.0,24.326530612244895,0.0
2020-06-18,53.518367346938774,2.4326530612244897,2.4326530612244897,7.297959183673469,0.0,7.297959183673469,0.0,21.893877551020406,0.0
2020-06-19,46.220408163265304,2.4326530612244897,2.4326530612244897,7.297959183673469,0.0,7.297959183673469,0.0,21.893877551020406,0.0
2020-06-20,46.220408163265304,0.0,2.4326530612244897,7.297959183673469,0.0,7.297959183673469,0.0,21.893877551020406,0.0
2020-06-21,48.65306122448979,0.0,2.4326530612244897,7.297959183673469,0.0,7.297959183673469,0.0,26.759183673469387,0.0
2020-06-22,53.518367346938774,0.0,2.4326530612244897,9.730612244897959,0.0,7.297959183673469,0.0,26.759183673469387,0.0
2020-06-23,51.08571428571428,0.0,2.4326530612244897,9.730612244897959,0.0,7.297959183673469,0.0,24.326530612244895,0.0
2020-06-24,48.65306122448979,0.0,2.4326530612244897,9.730612244897959,0.0,7.297959183673469,0.0,21.893877551020406,0.0
2020-06-25,46.220408163265304,2.4326530612244897,2.4326530612244897,9.730612244897959,0.0,7.297959183673469,0.0,24.326530612244895,0.0
2020-06-26,41.35510204081633,2.4326530612244897,2.4326530612244897,7.297959183673469,0.0,4.865306122448979,0.0,21.893877551020406,0.0
2020-06-27,41.35510204081633,0.0,2.4326530612244897,7.297959183673469,0.0,4.865306122448979,0.0,21.893877551020406,0.0
2020-06-28,43.78775510204081,2.4326530612244897,2.4326530612244897,7.297959183673469,0.0,4.865306122448979,0.0,24.326530612244895,0.0
2020-06-29,41.35510204081633,0.0,2.4326530612244897,7.297959183673469,0.0,4.865306122448979,0.0,21.893877551020406,0.0
2020-06-30,41.35510204081633,2.4326530612244897,2.4326530612244897,7.297959183673469,0.0,4.865306122448979,0.0,21.893877551020406,0.0
2020-07-01,41.35510204081633,2.4326530612244897,2.4326530612244897,7.297959183673469,0.0,4.865306122448979,0.0,19.461224489795917,0.0
2020-07-02,38.922448979591834,2.4326530612244897,2.4326530612244897,7.297959183673469,0.0,4.865306122448979,0.0,19.461224489795917,0.0
2020-07-03,36.48979591836734,2.4326530612244897,2.4326530612244897,4.865306122448979,0.0,4.865306122448979,0.0,17.02857142857143,0.0
2020-07-04,36.48979591836734,0.0,2.4326530612244897,4.865306122448979,0.0,4.865306122448979,0.0,17.02857142857143,0.0
2020-07-05,38.922448979591834,2.4326530612244897,2.4326530612244897,4.865306122448979,0.0,4.865306122448979,0.0,24.326530612244895,0.0
2020-07-06,41.35510204081633,2.4326530612244897,2.4326530612244897,7.297959183673469,0.0,4.865306122448979,0.0,21.893877551020406,0.0
2020-07-07,38.922448979591834,2.4326530612244897,2.4326530612244897,7.297959183673469,0.0,4.865306122448979,0.0,19.461224489795917,0.0
2020-07-08,38.922448979591834,2.4326530612244897,2.4326530612244897,7.297959183673469,0.0,4.865306122448979,0.0,19.461224489795917,0.0
2020-07-09,36.48979591836734,2.4326530612244897,2.4326530612244897,7.297959183673469,0.0,4.865306122448979,0.0,19.461224489795917,0.0
2020-07-10,36.48979591836734,0.0,2.4326530612244897,7.297959183673469,0.0,4.865306122448979,0.0,19.461224489795917,0.0
2020-07-11,36.48979591836734,0.0,2.4326530612244897,4.865306122448979,0.0,4.865306122448979,0.0,19.461224489795917,0.0
2020-07-12,38.922448979591834,0.0,2.4326530612244897,4.865306122448979,0.0,4.865306122448979,0.0,24.326530612244895,0.0
2020-07-13,38.922448979591834,0.0,2.4326530612244897,7.297959183673469,0.0,4.865306122448979,0.0,21.893877551020406,0.0
2020-07-14,38.922448979591834,0.0,2.4326530612244897,7.297959183673469,0.0,4.865306122448979,0.0,19.461224489795917,0.0
2020-07-15,36.48979591836734,0.0,2.4326530612244897,7.297959183673469,0.0,4.865306122448979,0.0,19.461224489795917,0.0
2020-07-16,38.922448979591834,2.4326530612244897,2.4326530612244897,7.297959183673469,0.0,4.865306122448979,0.0,19.461224489795917,0.0
2020-07-17,36.48979591836734,2.4326530612244897,2.4326530612244897,4.865306122448979,0.0,4.865306122448979,0.0,19.461224489795917,0.0
2020-07-18,36.48979591836734,0.0,2.4326530612244897,4.865306122448979,0.0,4.865306122448979,0.0,19.461224489795917,0.0
2020-07-19,41.35510204081633,0.0,2.4326530612244897,4.865306122448979,0.0,4.865306122448979,0.0,21.893877551020406,0.0
2020-07-20,41.35510204081633,0.0,2.4326530612244897,7.297959183673469,0.0,4.865306122448979,0.0,19.461224489795917,0.0
2020-07-21,43.78775510204081,0.0,2.4326530612244897,7.297959183673469,0.0,4.865306122448979,0.0,21.893877551020406,0.0
2020-07-22,41.35510204081633,2.4326530612244897,2.4326530612244897,7.297959183673469,0.0,4.865306122448979,0.0,19.461224489795917,0.0
2020-07-23,38.922448979591834,2.4326530612244897,2.4326530612244897,7.297959183673469,0.0,4.865306122448979,0.0,19.461224489795917,0.0
2020-07-24,36.48979591836734,2.4326530612244897,2.4326530612244897,4.865306122448979,0.0,4.865306122448979,0.0,19.461224489795917,0.0
2020-07-25,38.922448979591834,0.0,2.4326530612244897,4.865306122448979,0.0,4.865306122448979,0.0,19.461224489795917,0.0
2020-07-26,36.48979591836734,0.0,2.4326530612244897,4.865306122448979,0.0,4.865306122448979,0.0,21.893877551020406,0.0
2020-07-27,41.35510204081633,0.0,2.4326530612244897,7.297959183673469,0.0,4.865306122448979,0.0,19.461224489795917,0.0
2020-07-28,41.35510204081633,0.0,2.4326530612244897,7.297959183673469,0.0,4.865306122448979,0.0,19.461224489795917,0.0
2020-07-29,41.35510204081633,0.0,2.4326530612244897,7.297959183673469,0.0,4.865306122448979,0.0,19.461224489795917,0.0
2020-07-30,38.922448979591834,2.4326530612244897,2.4326530612244897,7.297959183673469,0.0,4.865306122448979,0.0,19.461224489795917,0.0
2020-07-31,36.48979591836734,2.4326530612244897,2.4326530612244897,7.297959183673469,0.0,4.865306122448979,0.0,17.02857142857143,0.0
2020-08-01,36.48979591836734,2.4326530612244897,2.4326530612244897,4.865306122448979,0.0,4.865306122448979,0.0,17.02857142857143,0.0
2020-08-02,41.35510204081633,0.0,2.4326530612244897,4.865306122448979,0.0,4.865306122448979,0.0,21.893877551020406,0.0
2020-08-03,38.922448979591834,0.0,2.4326530612244897,7.297959183673469,0.0,4.865306122448979,0.0,19.461224489795917,0.0
2020-08-04,38.922448979591834,0.0,2.4326530612244897,7.297959183673469,0.0,4.865306122448979,0.0,17.02857142857143,0.0
2020-08-05,41.35510204081633,2.4326530612244897,2.4326530612244897,7.297959183673469,0.0,4.865306122448979,0.0,17.02857142857143,0.0
2020-08-06,38.922448979591834,2.4326530612244897,2.4326530612244897,7.297959183673469,0.0,4.865306122448979,0.0,19.461224489795917,0.0
2020-08-07,36.48979591836734,2.4326530612244897,2.4326530612244897,7.297959183673469,0.0,4.865306122448979,0.0,17.02857142857143,0.0
2020-08-08,41.35510204081633,2.4326530612244897,2.4326530612244897,7.297959183673469,0.0,4.865306122448979,0.0,19.461224489795917,0.0
2020-08-09,41.35510204081633,2.4326530612244897,2.4326530612244897,7.297959183673469,0.0,4.865306122448979,0.0,21.893877551020406,0.0
2020-08-10,38.922448979591834,2.4326530612244897,2.4326530612244897,7.297959183673469,0.0,4.865306122448979,0.0,19.461224489795917,0.0
2020-08-11,38.922448979591834,0.0,2.4326530612244897,7.297959183673469,0.0,4.865306122448979,0.0,17.02857142857143,0.0
2020-08-12,38.922448979591834,0.0,2.4326530612244897,7.297959183673469,0.0,4.865306122448979,0.0,17.02857142857143,0.0
2020-08-13,38.922448979591834,2.4326530612244897,2.4326530612244897,7.297959183673469,0.0,4.865306122448979,0.0,17.02857142857143,0.0
2020-08-14,38.922448979591834,2.4326530612244897,2.4326530612244897,7.297959183673469,0.0,4.865306122448979,0.0,17.02857142857143,0.0
2020-08-15,36.48979591836734,2.4326530612244897,2.4326530612244897,4.865306122448979,0.0,4.865306122448979,0.0,19.461224489795917,0.0
2020-08-16,43.78775510204081,2.4326530612244897,2.4326530612244897,7.297959183673469,0.0,4.865306122448979,0.0,24.326530612244895,0.0
2020-08-17,41.35510204081633,2.4326530612244897,2.4326530612244897,7.297959183673469,0.0,4.865306122448979,0.0,17.02857142857143,0.0
2020-08-18,38.922448979591834,0.0,2.4326530612244897,7.297959183673469,0.0,4.865306122448979,0.0,17.02857142857143,0.0
2020-08-19,38.922448979591834,0.0,2.4326530612244897,7.297959183673469,0.0,4.865306122448979,0.0,17.02857142857143,0.0
2020-08-20,38.922448979591834,2.4326530612244897,2.4326530612244897,7.297959183673469,0.0,4.865306122448979,0.0,17.02857142857143,0.0
2020-08-21,36.48979591836734,2.4326530612244897,2.4326530612244897,7.297959183673469,0.0,4.865306122448979,0.0,14.595918367346938,0.0
2020-08-22,41.35510204081633,0.0,2.4326530612244897,7.297959183673469,0.0,4.865306122448979,0.0,17.02857142857143,0.0
2020-08-23,43.78775510204081,2.4326530612244897,2.4326530612244897,7.297959183673469,0.0,4.865306122448979,0.0,19.461224489795917,0.0
2020-08-24,38.922448979591834,0.0,2.4326530612244897,7.297959183673469,0.0,4.865306122448979,0.0,17.02857142857143,0.0
2020-08-25,41.35510204081633,0.0,2.4326530612244897,7.297959183673469,0.0,4.865306122448979,0.0,17.02857142857143,0.0
2020-08-26,38.922448979591834,0.0,2.4326530612244897,7.297959183673469,0.0,4.865306122448979,0.0,14.595918367346938,0.0
2020-08-27,38.922448979591834,2.4326530612244897,2.4326530612244897,7.297959183673469,0.0,4.865306122448979,0.0,14.595918367346938,0.0
2020-08-28,36.48979591836734,2.4326530612244897,2.4326530612244897,7.297959183673469,0.0,4.865306122448979,0.0,14.595918367346938,0.0
2020-08-29,41.35510204081633,0.0,2.4326530612244897,4.865306122448979,0.0,4.865306122448979,0.0,14.595918367346938,0.0
2020-08-30,43.78775510204081,2.4326530612244897,2.4326530612244897,7.297959183673469,0.0,4.865306122448979,0.0,19.461224489795917,0.0
2020-08-31,41.35510204081633,2.4326530612244897,2.4326530612244897,7.297959183673469,0.0,4.865306122448979,0.0,17.02857142857143,0.0
2020-09-01,38.922448979591834,0.0,2.4326530612244897,7.297959183673469,0.0,4.865306122448979,0.0,14.595918367346938,0.0
2020-09-02,41.35510204081633,2.4326530612244897,2.4326530612244897,7.297959183673469,0.0,4.865306122448979,0.0,14.595918367346938,0.0
2020-09-03,41.35510204081633,2.4326530612244897,2.4326530612244897,7.297959183673469,0.0,4.865306122448979,0.0,17.02857142857143,0.0
2020-09-04,41.35510204081633,2.4326530612244897,2.4326530612244897,7.297959183673469,0.0,4.865306122448979,0.0,14.595918367346938,0.0
2020-09-05,43.78775510204081,2.4326530612244897,2.4326530612244897,7.297959183673469,0.0,4.865306122448979,0.0,14.595918367346938,0.0
2020-09-06,43.78775510204081,2.4326530612244897,2.4326530612244897,7.297959183673469,0.0,4.865306122448979,0.0,17.02857142857143,0.0
2020-09-07,46.220408163265304,2.4326530612244897,2.4326530612244897,7.297959183673469,0.0,7.297959183673469,0.0,17.02857142857143,0.0
2020-09-08,41.35510204081633,2.4326530612244897,2.4326530612244897,7.297959183673469,0.0,4.865306122448979,0.0,14.595918367346938,0.0
2020-09-09,38.922448979591834,0.0,2.4326530612244897,7.297959183673469,0.0,4.865306122448979,0.0,14.595918367346938,0.0
2020-09-10,41.35510204081633,2.4326530612244897,2.4326530612244897,7.297959183673469,0.0,7.297959183673469,0.0,14.595918367346938,0.0
2020-09-11,41.35510204081633,2.4326530612244897,2.4326530612244897,7.297959183673469,0.0,4.865306122448979,0.0,12.163265306122447,0.0
2020-09-12,46.220408163265304,0.0,2.4326530612244897,7.297959183673469,0.0,7.297959183673469,0.0,14.595918367346938,0.0
2020-09-13,46.220408163265304,2.4326530612244897,2.4326530612244897,7.297959183673469,0.0,4.865306122448979,0.0,14.595918367346938,0.0
2020-09-14,43.78775510204081,0.0,2.4326530612244897,7.297959183673469,0.0,7.297959183673469,0.0,14.595918367346938,0.0
2020-09-15,43.78775510204081,0.0,2.4326530612244897,7.297959183673469,0.0,4.865306122448979,0.0,14.595918367346938,0.0
2020-09-16,43.78775510204081,2.4326530612244897,2.4326530612244897,7.297959183673469,0.0,4.865306122448979,0.0,14.595918367346938,0.0
2020-09-17,41.35510204081633,2.4326530612244897,2.4326530612244897,7.297959183673469,0.0,4.865306122448979,0.0,14.595918367346938,0.0
2020-09-18,38.922448979591834,2.4326530612244897,2.4326530612244897,7.297959183673469,0.0,4.865306122448979,0.0,12.163265306122447,0.0
2020-09-19,41.35510204081633,0.0,2.4326530612244897,7.297959183673469,0.0,4.865306122448979,0.0,12.163265306122447,0.0
2020-09-20,43.78775510204081,2.4326530612244897,2.4326530612244897,7.297959183673469,0.0,7.297959183673469,0.0,14.595918367346938,0.0
2020-09-21,43.78775510204081,0.0,2.4326530612244897,7.297959183673469,0.0,4.865306122448979,0.0,14.595918367346938,0.0
2020-09-22,46.220408163265304,0.0,2.4326530612244897,7.297959183673469,0.0,4.865306122448979,0.0,14.595918367346938,0.0
2020-09-23,41.35510204081633,2.4326530612244897,2.4326530612244897,7.297959183673469,0.0,7.297959183673469,0.0,14.595918367346938,0.0
2020-09-24,41.35510204081633,2.4326530612244897,2.4326530612244897,7.297959183673469,0.0,7.297959183673469,0.0,12.163265306122447,0.0
2020-09-25,41.35510204081633,2.4326530612244897,2.4326530612244897,7.297959183673469,0.0,4.865306122448979,0.0,12.163265306122447,0.0
2020-09-26,43.78775510204081,2.4326530612244897,2.4326530612244897,7.297959183673469,0.0,7.297959183673469,0.0,14.595918367346938,0.0
2020-09-27,43.78775510204081,0.0,2.4326530612244897,7.297959183673469,0.0,7.297959183673469,0.0,14.595918367346938,0.0
2020-09-28,46.220408163265304,0.0,2.4326530612244897,9.730612244897959,0.0,7.297959183673469,0.0,14.595918367346938,0.0
2020-09-29,46.220408163265304,2.4326530612244897,2.4326530612244897,9.730612244897959,0.0,7.297959183673469,0.0,12.163265306122447,0.0
2020-09-30,41.35510204081633,2.4326530612244897,2.4326530612244897,7.297959183673469,0.0,7.297959183673469,0.0,12.163265306122447,0.0
2020-10-01,43.78775510204081,2.4326530612244897,2.4326530612244897,9.730612244897959,0.0,7.297959183673469,0.0,12.163265306122447,0.0
2020-10-02,41.35510204081633,2.4326530612244897,2.4326530612244897,7.297959183673469,0.0,7.297959183673469,0.0,12.163265306122447,0.0
2020-10-03,43.78775510204081,2.4326530612244897,2.4326530612244897,7.297959183673469,0.0,7.297959183673469,0.0,12.163265306122447,0.0
2020-10-04,48.65306122448979,2.4326530612244897,2.4326530612244897,7.297959183673469,0.0,7.297959183673469,0.0,14.595918367346938,0.0
2020-10-05,46.220408163265304,2.4326530612244897,2.4326530612244897,7.297959183673469,0.0,7.297959183673469,0.0,14.595918367346938,0.0
2020-10-06,48.65306122448979,2.4326530612244897,2.4326530612244897,7.297959183673469,0.0,7.297959183673469,0.0,14.595918367346938,0.0
2020-10-07,46.220408163265304,2.4326530612244897,2.4326530612244897,7.297959183673469,0.0,7.297959183673469,0.0,12.163265306122447,0.0
2020-10-08,43.78775510204081,2.4326530612244897,2.4326530612244897,7.297959183673469,0.0,7.297959183673469,0.0,14.595918367346938,0.0
2020-10-09,43.78775510204081,2.4326530612244897,2.4326530612244897,7.297959183673469,0.0,7.297959183673469,0.0,12.163265306122447,0.0
2020-10-10,43.78775510204081,2.4326530612244897,2.4326530612244897,7.297959183673469,0.0,7.297959183673469,0.0,12.163265306122447,0.0
2020-10-11,46.220408163265304,2.4326530612244897,2.4326530612244897,7.297959183673469,0.0,7.297959183673469,0.0,14.595918367346938,0.0
2020-10-12,48.65306122448979,2.4326530612244897,2.4326530612244897,9.730612244897959,0.0,7.297959183673469,0.0,17.02857142857143,0.0
2020-10-13,51.08571428571428,2.4326530612244897,2.4326530612244897,7.297959183673469,0.0,7.297959183673469,0.0,12.163265306122447,0.0
2020-10-14,46.220408163265304,2.4326530612244897,2.4326530612244897,7.297959183673469,0.0,7.297959183673469,0.0,12.163265306122447,0.0
2020-10-15,46.220408163265304,2.4326530612244897,2.4326530612244897,9.730612244897959,0.0,7.297959183673469,0.0,14.595918367346938,0.0
2020-10-16,43.78775510204081,2.4326530612244897,2.4326530612244897,7.297959183673469,0.0,7.297959183673469,0.0,12.163265306122447,0.0
2020-10-17,46.220408163265304,2.4326530612244897,2.4326530612244897,7.297959183673469,0.0,7.297959183673469,0.0,12.163265306122447,0.0
2020-10-18,46.220408163265304,2.4326530612244897,2.4326530612244897,7.297959183673469,0.0,7.297959183673469,0.0,14.595918367346938,0.0
2020-10-19,46.220408163265304,2.4326530612244897,2.4326530612244897,9.730612244897959,0.0,7.297959183673469,0.0,14.595918367346938,0.0
2020-10-20,48.65306122448979,2.4326530612244897,2.4326530612244897,9.730612244897959,0.0,7.297959183673469,0.0,12.163265306122447,0.0
2020-10-21,48.65306122448979,2.4326530612244897,2.4326530612244897,9.730612244897959,0.0,7.297959183673469,0.0,12.163265306122447,0.0
2020-10-22,44.920071091499665,1.6334571305999879,2.450185695899982,8.984014218299933,0.8167285652999939,6.5338285223999515,0.0,14.70111417539989,0.8167285652999939
2020-10-23,43.28661396089968,1.6334571305999879,1.6334571305999879,7.350557087699945,0.0,6.5338285223999515,0.0,12.250928479499908,0.8167285652999939
2020-10-24,42.46988539559968,1.6334571305999879,1.6334571305999879,6.5338285223999515,0.0,6.5338285223999515,0.0,13.067657044799903,0.8167285652999939
2020-10-25,47.37025678739965,1.6334571305999879,1.6334571305999879,7.350557087699945,0.0,6.5338285223999515,0.0,15.517842740699885,0.8167285652999939
2020-10-26,44.103342526199675,1.6334571305999879,2.450185695899982,8.16728565299994,0.0,6.5338285223999515,0.0,12.250928479499908,0.8167285652999939
2020-10-27,45.73679965679966,1.6334571305999879,2.450185695899982,8.16728565299994,0.0,6.5338285223999515,0.0,12.250928479499908,0.8167285652999939
2020-10-28,43.28661396089968,1.6334571305999879,1.6334571305999879,7.350557087699945,0.0,5.717099957099958,0.0,10.61747134889992,0.8167285652999939
2020-10-29,39.20297113439971,1.6334571305999879,1.6334571305999879,7.350557087699945,0.0,5.717099957099958,0.0,11.434199914199915,0.8167285652999939
2020-10-30,32.66914261199976,1.6334571305999879,1.6334571305999879,6.5338285223999515,0.0,4.900371391799964,0.0,10.61747134889992,0.8167285652999939
2020-10-31,33.48587117729975,1.6334571305999879,1.6334571305999879,5.717099957099958,0.0,4.900371391799964,0.0,11.434199914199915,0.8167285652999939
2020-11-01,41.65315683029969,1.6334571305999879,1.6334571305999879,6.5338285223999515,0.0,5.717099957099958,0.0,12.250928479499908,0.8167285652999939
2020-11-02,42.46988539559968,1.6334571305999879,1.6334571305999879,7.350557087699945,0.0,6.5338285223999515,0.0,13.067657044799903,0.8167285652999939
2020-11-03,42.46988539559968,1.6334571305999879,1.6334571305999879,7.350557087699945,0.0,6.5338285223999515,0.0,12.250928479499908,0.8167285652999939
2020-11-04,26.9520426548998,0.8167285652999939,0.8167285652999939,4.08364282649997,0.0,4.08364282649997,0.0,7.350557087699945,0.8167285652999939
2020-11-05,31.852414046699764,1.6334571305999879,1.6334571305999879,4.900371391799964,0.0,4.900371391799964,0.0,10.61747134889992,0.8167285652999939
2020-11-06,33.48587117729975,1.6334571305999879,1.6334571305999879,5.717099957099958,0.0,4.900371391799964,0.0,11.434199914199915,0.8167285652999939
2020-11-07,35.11932830789974,0.8167285652999939,1.6334571305999879,5.717099957099958,0.0,4.900371391799964,0.0,10.61747134889992,0.8167285652999939
2020-11-08,40.0196996996997,0.8167285652999939,1.6334571305999879,6.5338285223999515,0.0,5.717099957099958,0.0,13.067657044799903,0.8167285652999939
2020-11-09,56.35427100569958,1.6334571305999879,2.450185695899982,7.350557087699945,0.0,8.16728565299994,0.0,15.517842740699885,0.8167285652999939
2020-11-10,46.55352822209966,1.6334571305999879,2.450185695899982,8.16728565299994,0.0,6.5338285223999515,0.0,14.70111417539989,0.8167285652999939
2020-11-11,44.103342526199675,1.6334571305999879,2.450185695899982,7.350557087699945,0.0,6.5338285223999515,0.0,13.884385610099898,0.8167285652999939
2020-11-12,43.28661396089968,1.6334571305999879,1.6334571305999879,7.350557087699945,0.0,6.5338285223999515,0.0,13.067657044799903,0.8167285652999939
2020-11-13,38.386242569099714,1.6334571305999879,2.450185695899982,6.5338285223999515,0.0,5.717099957099958,0.0,12.250928479499908,0.8167285652999939
2020-11-14,38.386242569099714,0.8167285652999939,1.6334571305999879,5.717099957099958,0.0,4.900371391799964,0.0,13.067657044799903,0.8167285652999939
2020-11-15,44.920071091499665,1.6334571305999879,2.450185695899982,5.717099957099958,0.0,5.717099957099958,0.0,14.70111417539989,0.8167285652999939
2020-11-16,42.46988539559968,1.6334571305999879,1.6334571305999879,6.5338285223999515,0.8167285652999939,5.717099957099958,0.0,13.884385610099898,0.8167285652999939
2020-11-17,40.8364282649997,1.6334571305999879,1.6334571305999879,7.350557087699945,0.0,5.717099957099958,0.0,12.250928479499908,0.8167285652999939
2020-11-18,40.8364282649997,1.6334571305999879,2.450185695899982,7.350557087699945,0.0,5.717099957099958,0.0,13.884385610099898,0.8167285652999939
2020-11-19,38.386242569099714,1.6334571305999879,1.6334571305999879,7.350557087699945,0.0,5.717099957099958,0.0,14.70111417539989,0.8167285652999939
2020-11-20,37.56951400379972,1.6334571305999879,1.6334571305999879,6.5338285223999515,0.0,5.717099957099958,0.0,16.33457130599988,0.8167285652999939
2020-11-21,36.75278543849973,1.6334571305999879,1.6334571305999879,4.900371391799964,0.0,4.900371391799964,0.0,16.33457130599988,0.8167285652999939
2020-11-22,39.20297113439971,1.6334571305999879,1.6334571305999879,5.717099957099958,0.0,5.717099957099958,0.0,22.051671263099838,0.8167285652999939
2020-11-23,38.386242569099714,1.6334571305999879,1.6334571305999879,6.5338285223999515,0.0,5.717099957099958,0.0,15.517842740699885,0.8167285652999939
2020-11-24,37.56951400379972,1.6334571305999879,1.6334571305999879,6.5338285223999515,0.0,5.717099957099958,0.0,14.70111417539989,0.8167285652999939
2020-11-25,36.75278543849973,1.6334571305999879,1.6334571305999879,5.717099957099958,0.0,4.900371391799964,0.0,18.78475700189986,1.6334571305999879
2020-11-26,34.302599742599746,1.6334571305999879,1.6334571305999879,4.08364282649997,0.0,4.900371391799964,0.0,22.86839982839983,0.8167285652999939
2020-11-27,33.48587117729975,0.8167285652999939,1.6334571305999879,4.900371391799964,0.0,4.900371391799964,0.0,28.58549978549979,0.8167285652999939
2020-11-28,35.11932830789974,0.8167285652999939,1.6334571305999879,5.717099957099958,0.0,4.900371391799964,0.0,19.601485567199855,0.8167285652999939
2020-11-29,35.93605687319973,0.8167285652999939,1.6334571305999879,5.717099957099958,0.0,4.900371391799964,0.0,21.23494269779984,0.8167285652999939
2020-11-30,37.56951400379972,0.8167285652999939,2.450185695899982,7.350557087699945,0.0,4.900371391799964,0.0,16.33457130599988,0.8167285652999939
2020-12-01,40.8364282649997,1.6334571305999879,2.450185695899982,7.350557087699945,0.0,5.717099957099958,0.0,15.517842740699885,0.8167285652999939
2020-12-02,40.0196996996997,0.8167285652999939,1.6334571305999879,6.5338285223999515,0.0,5.717099957099958,0.0,15.517842740699885,0.8167285652999939
2020-12-03,39.20297113439971,1.6334571305999879,1.6334571305999879,6.5338285223999515,0.0,5.717099957099958,0.0,19.601485567199855,0.8167285652999939
2020-12-04,35.93605687319973,1.6334571305999879,1.6334571305999879,6.5338285223999515,0.0,4.900371391799964,0.0,18.78475700189986,0.8167285652999939
2020-12-05,39.20297113439971,0.8167285652999939,1.6334571305999879,5.717099957099958,0.0,4.900371391799964,0.0,18.78475700189986,0.8167285652999939
2020-12-06,40.8364282649997,0.8167285652999939,1.6334571305999879,5.717099957099958,0.0,5.717099957099958,0.0,25.318585524299813,0.8167285652999939
2020-12-07,38.386242569099714,0.8167285652999939,1.6334571305999879,5.717099957099958,0.0,4.900371391799964,0.0,17.968028436599866,0.8167285652999939
2020-12-08,40.0196996996997,0.8167285652999939,1.6334571305999879,5.717099957099958,0.0,4.900371391799964,0.0,16.33457130599988,0.8167285652999939
2020-12-09,38.386242569099714,1.6334571305999879,1.6334571305999879,6.5338285223999515,0.0,5.717099957099958,0.0,16.33457130599988,0.8167285652999939
2020-12-10,37.56951400379972,1.6334571305999879,1.6334571305999879,6.5338285223999515,0.0,5.717099957099958,0.0,17.968028436599866,0.8167285652999939
2020-12-11,35.93605687319973,1.6334571305999879,1.6334571305999879,6.5338285223999515,0.0,4.900371391799964,0.0,21.23494269779984,0.8167285652999939
2020-12-12,38.386242569099714,1.6334571305999879,1.6334571305999879,5.717099957099958,0.0,4.900371391799964,0.0,22.051671263099838,0.8167285652999939
2020-12-13,37.56951400379972,1.6334571305999879,1.6334571305999879,5.717099957099958,0.0,4.900371391799964,0.0,23.685128393699824,0.8167285652999939
2020-12-14,37.56951400379972,1.6334571305999879,1.6334571305999879,6.5338285223999515,0.0,4.900371391799964,0.0,22.051671263099838,0.8167285652999939
2020-12-15,38.386242569099714,1.6334571305999879,1.6334571305999879,6.5338285223999515,0.0,4.900371391799964,0.0,17.151299871299873,0.8167285652999939
2020-12-16,38.386242569099714,1.6334571305999879,1.6334571305999879,6.5338285223999515,0.0,4.900371391799964,0.0,17.151299871299873,0.8167285652999939
2020-12-17,39.20297113439971,1.6334571305999879,2.450185695899982,6.5338285223999515,0.0,4.900371391799964,0.0,22.051671263099838,1.6334571305999879
2020-12-18,40.0196996996997,1.6334571305999879,1.6334571305999879,6.5338285223999515,0.0,4.900371391799964,0.0,20.41821413249985,1.6334571305999879
2020-12-19,39.20297113439971,2.450185695899982,1.6334571305999879,6.5338285223999515,0.0,5.717099957099958,0.0,23.685128393699824,1.6334571305999879
2020-12-20,42.46988539559968,1.6334571305999879,1.6334571305999879,6.5338285223999515,0.0,5.717099957099958,0.0,30.218956916099774,1.6334571305999879
2020-12-21,42.46988539559968,1.6334571305999879,1.6334571305999879,6.5338285223999515,0.0,4.900371391799964,0.0,22.86839982839983,0.8167285652999939
2020-12-22,43.28661396089968,1.6334571305999879,2.450185695899982,6.5338285223999515,0.0,4.900371391799964,0.0,24.501856958999817,0.8167285652999939
2020-12-23,40.8364282649997,2.450185695899982,1.6334571305999879,6.5338285223999515,0.0,4.900371391799964,0.0,24.501856958999817,1.6334571305999879
2020-12-24,40.8364282649997,1.6334571305999879,1.6334571305999879,5.717099957099958,0.0,4.900371391799964,0.0,32.66914261199976,1.6334571305999879
2020-12-25,40.0196996996997,1.6334571305999879,1.6334571305999879,4.900371391799964,0.0,5.717099957099958,0.0,62.07137096279954,0.8167285652999939
2020-12-26,42.46988539559968,1.6334571305999879,2.450185695899982,6.5338285223999515,0.0,5.717099957099958,0.0,32.66914261199976,1.6334571305999879
2020-12-27,47.37025678739965,1.6334571305999879,2.450185695899982,7.350557087699945,0.8167285652999939,5.717099957099958,0.0,31.03568548139977,1.6334571305999879
2020-12-28,49.00371391799963,1.6334571305999879,2.450185695899982,7.350557087699945,0.8167285652999939,5.717099957099958,0.0,24.501856958999817,1.6334571305999879
2020-12-29,45.73679965679966,1.6334571305999879,2.450185695899982,8.16728565299994,0.8167285652999939,5.717099957099958,0.0,18.78475700189986,0.8167285652999939
2020-12-30,43.28661396089968,1.6334571305999879,2.450185695899982,7.350557087699945,0.8167285652999939,5.717099957099958,0.0,17.151299871299873,1.6334571305999879
2020-12-31,43.28661396089968,1.6334571305999879,2.450185695899982,6.5338285223999515,0.0,5.717099957099958,0.0,16.33457130599988,1.6334571305999879
2021-01-01,42.46988539559968,0.8167285652999939,1.6334571305999879,5.717099957099958,0.0,5.717099957099958,0.0,18.78475700189986,0.8167285652999939
2021-01-02,50.637171048599626,0.8167285652999939,2.450185695899982,8.984014218299933,0.0,6.5338285223999515,0.0,19.601485567199855,1.6334571305999879
2021-01-03,51.453899613899615,1.6334571305999879,2.450185695899982,8.16728565299994,0.8167285652999939,7.350557087699945,0.0,20.41821413249985,1.6334571305999879
2021-01-04,50.637171048599626,0.8167285652999939,2.450185695899982,8.16728565299994,0.8167285652999939,6.5338285223999515,0.0,17.968028436599866,0.8167285652999939
2021-01-05,49.82044248329963,0.8167285652999939,2.450185695899982,11.434199914199915,0.0,7.350557087699945,0.0,18.78475700189986,0.8167285652999939
2021-01-06,44.920071091499665,0.8167285652999939,2.450185695899982,8.984014218299933,0.0,5.717099957099958,0.0,15.517842740699885,0.8167285652999939
2021-01-07,41.65315683029969,1.6334571305999879,2.450185695899982,8.16728565299994,0.0,5.717099957099958,0.0,15.517842740699885,0.8167285652999939
2021-01-08,44.920071091499665,1.6334571305999879,1.6334571305999879,7.350557087699945,0.0,6.5338285223999515,0.0,16.33457130599988,0.8167285652999939
2021-01-09,46.55352822209966,0.8167285652999939,1.6334571305999879,6.5338285223999515,0.0,6.5338285223999515,0.0,17.968028436599866,0.8167285652999939
2021-01-10,49.00371391799963,0.8167285652999939,1.6334571305999879,7.350557087699945,0.0,6.5338285223999515,0.0,19.601485567199855,1.6334571305999879
2021-01-11,43.28661396089968,0.8167285652999939,1.6334571305999879,7.350557087699945,0.0,5.717099957099958,0.0,16.33457130599988,0.8167285652999939
2021-01-12,44.920071091499665,0.8167285652999939,2.450185695899982,7.350557087699945,0.0,5.717099957099958,0.0,17.151299871299873,0.8167285652999939
2021-01-13,46.55352822209966,1.6334571305999879,2.450185695899982,8.16728565299994,0.0,5.717099957099958,0.0,17.968028436599866,0.8167285652999939
2021-01-14,44.103342526199675,1.6334571305999879,2.450185695899982,7.350557087699945,0.8167285652999939,6.5338285223999515,0.0,16.33457130599988,0.8167285652999939
2021-01-15,47.37025678739965,1.6334571305999879,1.6334571305999879,9.800742783599928,0.0,5.717099957099958,0.0,16.33457130599988,0.8167285652999939
2021-01-16,41.65315683029969,0.8167285652999939,1.6334571305999879,6.5338285223999515,0.0,5.717099957099958,0.0,17.151299871299873,1.6334571305999879
2021-01-17,45.73679965679966,0.8167285652999939,1.6334571305999879,6.5338285223999515,0.8167285652999939,5.717099957099958,0.0,19.601485567199855,0.8167285652999939
2021-01-18,47.37025678739965,0.8167285652999939,2.450185695899982,8.16728565299994,0.8167285652999939,5.717099957099958,0.0,19.601485567199855,0.8167285652999939
2021-01-19,43.28661396089968,0.8167285652999939,2.450185695899982,7.350557087699945,0.8167285652999939,5.717099957099958,0.0,16.33457130599988,0.8167285652999939
2021-01-20,42.46988539559968,0.8167285652999939,2.450185695899982,7.350557087699945,0.8167285652999939,5.717099957099958,0.0,14.70111417539989,0.8167285652999939
2021-01-21,44.103342526199675,1.6334571305999879,2.450185695899982,8.16728565299994,0.8167285652999939,6.5338285223999515,0.0,14.70111417539989,0.8167285652999939
2021-01-22,43.28661396089968,1.6334571305999879,2.450185695899982,7.350557087699945,0.0,5.717099957099958,0.0,15.517842740699885,0.8167285652999939
2021-01-23,43.28661396089968,0.8167285652999939,1.6334571305999879,7.350557087699945,0.0,5.717099957099958,0.0,16.33457130599988,0.8167285652999939
2021-01-24,46.55352822209966,0.8167285652999939,2.450185695899982,7.350557087699945,0.0,6.5338285223999515,0.0,19.601485567199855,0.8167285652999939
2021-01-25,47.37025678739965,0.8167285652999939,2.450185695899982,8.16728565299994,0.0,6.5338285223999515,0.0,17.151299871299873,0.8167285652999939
2021-01-26,47.37025678739965,0.8167285652999939,2.450185695899982,8.16728565299994,0.0,7.350557087699945,0.0,16.33457130599988,0.8167285652999939
2021-01-27,48.186985352699644,1.6334571305999879,2.450185695899982,8.984014218299933,0.8167285652999939,6.5338285223999515,0.0,16.33457130599988,0.8167285652999939
2021-01-28,42.46988539559968,1.6334571305999879,2.450185695899982,8.984014218299933,0.0,6.5338285223999515,0.0,14.70111417539989,0.8167285652999939
2021-01-29,40.0196996996997,1.6334571305999879,2.450185695899982,7.350557087699945,0.0,5.717099957099958,0.0,15.517842740699885,0.8167285652999939
2021-01-30,46.55352822209966,1.6334571305999879,1.6334571305999879,7.350557087699945,0.0,5.717099957099958,0.0,15.517842740699885,0.8167285652999939
2021-01-31,48.186985352699644,1.6334571305999879,2.450185695899982,8.16728565299994,0.0,5.717099957099958,0.0,18.78475700189986,0.8167285652999939
2021-02-01,47.37025678739965,0.8167285652999939,2.450185695899982,8.16728565299994,0.8167285652999939,5.717099957099958,0.0,16.33457130599988,0.8167285652999939
2021-02-02,47.37025678739965,1.6334571305999879,2.450185695899982,8.16728565299994,0.0,6.5338285223999515,0.0,17.151299871299873,0.8167285652999939
2021-02-03,48.186985352699644,1.6334571305999879,2.450185695899982,8.16728565299994,0.8167285652999939,6.5338285223999515,0.0,17.151299871299873,0.8167285652999939
2021-02-04,48.186985352699644,1.6334571305999879,2.450185695899982,8.984014218299933,0.0,6.5338285223999515,0.0,17.968028436599866,0.8167285652999939
2021-02-05,45.73679965679966,1.6334571305999879,2.450185695899982,8.16728565299994,0.0,6.5338285223999515,0.0,16.33457130599988,0.8167285652999939
2021-02-06,46.55352822209966,1.6334571305999879,2.450185695899982,7.350557087699945,0.0,6.5338285223999515,0.0,17.151299871299873,0.8167285652999939
2021-02-07,47.37025678739965,1.6334571305999879,2.450185695899982,7.350557087699945,0.0,6.5338285223999515,0.0,18.78475700189986,0.8167285652999939
2021-02-08,45.73679965679966,1.6334571305999879,2.450185695899982,8.16728565299994,0.0,6.5338285223999515,0.0,16.33457130599988,0.8167285652999939
2021-02-09,50.637171048599626,1.6334571305999879,2.450185695899982,8.984014218299933,0.0,7.350557087699945,0.0,17.151299871299873,0.8167285652999939
2021-02-10,49.82044248329963,1.6334571305999879,2.450185695899982,8.984014218299933,0.0,7.350557087699945,0.0,17.968028436599866,0.8167285652999939
2021-02-11,53.08735674449961,1.6334571305999879,2.450185695899982,8.984014218299933,0.8167285652999939,7.350557087699945,0.0,17.151299871299873,0.8167285652999939
2021-02-12,48.186985352699644,1.6334571305999879,3.2669142611999757,8.16728565299994,0.8167285652999939,6.5338285223999515,0.0,17.151299871299873,1.6334571305999879
2021-02-13,50.637171048599626,1.6334571305999879,2.450185695899982,8.16728565299994,0.8167285652999939,6.5338285223999515,0.0,17.968028436599866,1.6334571305999879
2021-02-14,54.720813875099594,1.6334571305999879,3.2669142611999757,8.984014218299933,0.0,6.5338285223999515,0.0,19.601485567199855,1.6334571305999879
2021-02-15,62.07137096279954,1.6334571305999879,3.2669142611999757,11.434199914199915,0.8167285652999939,6.5338285223999515,0.0,20.41821413249985,1.6334571305999879
2021-02-16,59.62118526689956,1.6334571305999879,3.2669142611999757,10.61747134889992,0.8167285652999939,7.350557087699945,0.0,17.968028436599866,1.6334571305999879
2021-02-17,56.35427100569958,1.6334571305999879,3.2669142611999757,9.800742783599928,0.0,6.5338285223999515,0.0,18.78475700189986,0.8167285652999939
2021-02-18,56.35427100569958,1.6334571305999879,3.2669142611999757,10.61747134889992,0.8167285652999939,7.350557087699945,0.8167285652999939,21.23494269779984,1.6334571305999879
2021-02-19,56.35427100569958,1.6334571305999879,3.2669142611999757,9.800742783599928,0.8167285652999939,7.350557087699945,0.0,20.41821413249985,1.6334571305999879
2021-02-20,57.987728136299566,1.6334571305999879,3.2669142611999757,8.984014218299933,0.8167285652999939,7.350557087699945,0.0,20.41821413249985,1.6334571305999879
2021-02-21,58.80445670159956,1.6334571305999879,3.2669142611999757,9.800742783599928,0.8167285652999939,8.16728565299994,0.0,23.685128393699824,0.8167285652999939
2021-02-22,56.35427100569958,1.6334571305999879,3.2669142611999757,9.800742783599928,0.8167285652999939,8.16728565299994,0.0,19.601485567199855,0.8167285652999939
2021-02-23,58.80445670159956,1.6334571305999879,3.2669142611999757,11.434199914199915,0.8167285652999939,8.16728565299994,0.0,20.41821413249985,0.8167285652999939
2021-02-24,56.35427100569958,1.6334571305999879,3.2669142611999757,10.61747134889992,0.8167285652999939,8.16728565299994,0.0,21.23494269779984,0.8167285652999939
2021-02-25,55.53754244039959,1.6334571305999879,3.2669142611999757,12.250928479499908,0.8167285652999939,7.350557087699945,0.0,20.41821413249985,0.8167285652999939
2021-02-26,54.720813875099594,1.6334571305999879,3.2669142611999757,9.800742783599928,0.8167285652999939,7.350557087699945,0.0,20.41821413249985,0.8167285652999939
2021-02-27,55.53754244039959,1.6334571305999879,3.2669142611999757,9.800742783599928,0.8167285652999939,7.350557087699945,0.0,21.23494269779984,0.8167285652999939
2021-02-28,59.62118526689956,1.6334571305999879,3.2669142611999757,10.61747134889992,0.8167285652999939,8.16728565299994,0.0,24.501856958999817,0.8167285652999939
2021-03-01,60.43791383219955,1.6334571305999879,4.08364282649997,11.434199914199915,0.8167285652999939,8.984014218299933,0.0,22.86839982839983,0.8167285652999939
2021-03-02,62.88809952809953,1.6334571305999879,4.08364282649997,15.517842740699885,0.8167285652999939,8.984014218299933,0.0,22.051671263099838,0.8167285652999939
2021-03-03,61.254642397499545,1.6334571305999879,4.08364282649997,13.884385610099898,0.8167285652999939,8.984014218299933,0.0,21.23494269779984,0.8167285652999939
2021-03-04,60.43791383219955,2.450185695899982,4.08364282649997,12.250928479499908,0.8167285652999939,8.984014218299933,0.0,21.23494269779984,0.8167285652999939
2021-03-05,57.17099957099958,2.450185695899982,4.08364282649997,10.61747134889992,0.8167285652999939,8.16728565299994,0.0,20.41821413249985,0.8167285652999939
2021-03-06,62.07137096279954,1.6334571305999879,3.2669142611999757,10.61747134889992,0.8167285652999939,8.16728565299994,0.0,23.685128393699824,0.8167285652999939
2021-03-07,64.52155665869952,2.450185695899982,3.2669142611999757,11.434199914199915,0.8167285652999939,8.984014218299933,0.0,25.318585524299813,0.8167285652999939
2021-03-08,64.52155665869952,1.6334571305999879,4.08364282649997,13.067657044799903,0.8167285652999939,8.984014218299933,0.0,21.23494269779984,0.8167285652999939
2021-03-09,66.9717423545995,2.450185695899982,4.08364282649997,13.067657044799903,0.8167285652999939,8.984014218299933,0.0,21.23494269779984,0.8167285652999939
2021-03-10,70.23865661579948,2.450185695899982,4.08364282649997,12.250928479499908,0.8167285652999939,9.800742783599928,0.0,22.86839982839983,0.8167285652999939
2021-03-11,72.68884231169946,2.450185695899982,4.900371391799964,13.067657044799903,0.8167285652999939,9.800742783599928,0.0,22.86839982839983,0.8167285652999939
2021-03-12,62.07137096279954,2.450185695899982,4.08364282649997,11.434199914199915,0.8167285652999939,8.984014218299933,0.0,21.23494269779984,1.6334571305999879
2021-03-13,64.52155665869952,1.6334571305999879,4.08364282649997,11.434199914199915,0.8167285652999939,8.984014218299933,0.0,22.86839982839983,1.6334571305999879
2021-03-14,74.32229944229945,2.450185695899982,4.08364282649997,12.250928479499908,0.8167285652999939,9.800742783599928,0.0,26.135314089599806,1.6334571305999879
2021-03-15,71.05538518109947,1.6334571305999879,4.08364282649997,12.250928479499908,0.8167285652999939,8.984014218299933,0.0,22.86839982839983,0.8167285652999939
2021-03-16,69.42192805049949,2.450185695899982,4.900371391799964,13.884385610099898,0.8167285652999939,9.800742783599928,0.0,22.051671263099838,0.8167285652999939
2021-03-17,69.42192805049949,1.6334571305999879,4.900371391799964,14.70111417539989,0.8167285652999939,9.800742783599928,0.0,22.051671263099838,0.8167285652999939
2021-03-18,67.7884709198995,2.450185695899982,4.08364282649997,13.884385610099898,0.8167285652999939,9.800742783599928,0.0,22.051671263099838,1.6334571305999879
2021-03-19,64.52155665869952,2.450185695899982,4.08364282649997,13.067657044799903,0.8167285652999939,8.984014218299933,0.0,21.23494269779984,1.6334571305999879
2021-03-20,62.88809952809953,2.450185695899982,4.08364282649997,11.434199914199915,0.8167285652999939,8.984014218299933,0.0,22.051671263099838,1.6334571305999879
2021-03-21,73.50557087699946,1.6334571305999879,4.08364282649997,11.434199914199915,0.8167285652999939,9.800742783599928,0.0,26.135314089599806,1.6334571305999879
2021-03-22,76.77248513819943,2.450185695899982,4.08364282649997,13.067657044799903,0.8167285652999939,9.800742783599928,0.0,23.685128393699824,0.8167285652999939
2021-03-23,66.9717423545995,2.450185695899982,4.900371391799964,13.884385610099898,0.8167285652999939,10.61747134889992,0.0,20.41821413249985,0.8167285652999939
2021-03-24,67.7884709198995,2.450185695899982,4.08364282649997,13.884385610099898,0.8167285652999939,8.984014218299933,0.0,22.051671263099838,0.8167285652999939
2021-03-25,68.60519948519949,2.450185695899982,4.08364282649997,13.884385610099898,0.8167285652999939,8.984014218299933,0.0,21.23494269779984,1.6334571305999879
2021-03-26,61.254642397499545,2.450185695899982,4.08364282649997,12.250928479499908,0.8167285652999939,8.984014218299933,0.0,19.601485567199855,1.6334571305999879
2021-03-27,62.07137096279954,2.450185695899982,3.2669142611999757,12.250928479499908,0.8167285652999939,8.16728565299994,0.0,20.41821413249985,1.6334571305999879
2021-03-28,72.68884231169946,2.450185695899982,3.2669142611999757,10.61747134889992,0.8167285652999939,8.984014218299933,0.0,25.318585524299813,1.6334571305999879
2021-03-29,71.05538518109947,2.450185695899982,4.08364282649997,12.250928479499908,0.8167285652999939,9.800742783599928,0.0,22.86839982839983,1.6334571305999879
2021-03-30,66.1550137892995,1.6334571305999879,4.08364282649997,13.067657044799903,0.8167285652999939,9.800742783599928,0.0,22.86839982839983,0.8167285652999939
2021-03-31,62.07137096279954,2.450185695899982,4.08364282649997,13.067657044799903,0.8167285652999939,8.984014218299933,0.0,22.051671263099838,0.8167285652999939
2021-04-01,65.33828522399952,2.450185695899982,4.900371391799964,14.70111417539989,0.8167285652999939,8.984014218299933,0.0,20.41821413249985,1.6334571305999879
2021-04-02,64.52155665869952,2.450185695899982,4.08364282649997,12.250928479499908,0.8167285652999939,8.984014218299933,0.0,19.601485567199855,1.6334571305999879
2021-04-03,59.62118526689956,2.450185695899982,3.2669142611999757,10.61747134889992,0.8167285652999939,7.350557087699945,0.0,19.601485567199855,1.6334571305999879
2021-04-04,62.88809952809953,2.450185695899982,3.2669142611999757,11.434199914199915,0.8167285652999939,8.16728565299994,0.0,23.685128393699824,1.6334571305999879
2021-04-05,66.9717423545995,2.450185695899982,4.08364282649997,15.517842740699885,0.8167285652999939,8.984014218299933,0.0,22.86839982839983,0.8167285652999939
2021-04-06,74.32229944229945,2.450185695899982,4.900371391799964,14.70111417539989,0.8167285652999939,10.61747134889992,0.0,25.318585524299813,0.8167285652999939
2021-04-07,76.77248513819943,2.450185695899982,4.08364282649997,14.70111417539989,0.8167285652999939,10.61747134889992,0.0,25.318585524299813,0.8167285652999939
2021-04-08,66.9717423545995,2.450185695899982,4.900371391799964,13.067657044799903,0.8167285652999939,8.984014218299933,0.0,22.86839982839983,1.6334571305999879
2021-04-09,62.07137096279954,2.450185695899982,4.08364282649997,11.434199914199915,0.8167285652999939,8.984014218299933,0.0,20.41821413249985,0.8167285652999939
2021-04-10,62.07137096279954,2.450185695899982,3.2669142611999757,11.434199914199915,0.8167285652999939,8.16728565299994,0.0,21.23494269779984,1.6334571305999879
2021-04-11,76.77248513819943,2.450185695899982,4.08364282649997,13.067657044799903,0.8167285652999939,9.800742783599928,0.0,27.768771220199795,1.6334571305999879
2021-04-12,80.8561279646994,2.450185695899982,4.900371391799964,14.70111417539989,0.8167285652999939,10.61747134889992,0.8167285652999939,23.685128393699824,1.6334571305999879
2021-04-13,69.42192805049949,2.450185695899982,4.08364282649997,14.70111417539989,0.8167285652999939,8.984014218299933,0.0,22.051671263099838,0.8167285652999939
2021-04-14,66.9717423545995,2.450185695899982,4.08364282649997,13.067657044799903,0.8167285652999939,8.984014218299933,0.0,21.23494269779984,0.8167285652999939
2021-04-15,65.33828522399952,2.450185695899982,4.08364282649997,13.067657044799903,0.8167285652999939,8.984014218299933,0.0,21.23494269779984,0.8167285652999939
2021-04-16,62.07137096279954,2.450185695899982,4.08364282649997,12.250928479499908,0.8167285652999939,8.16728565299994,0.0,20.41821413249985,1.6334571305999879
2021-04-17,62.07137096279954,2.450185695899982,3.2669142611999757,10.61747134889992,0.8167285652999939,8.16728565299994,0.0,22.051671263099838,1.6334571305999879
2021-04-18,66.9717423545995,2.450185695899982,4.08364282649997,12.250928479499908,0.8167285652999939,8.984014218299933,0.0,25.318585524299813,1.6334571305999879
2021-04-19,73.50557087699946,2.450185695899982,4.08364282649997,13.067657044799903,0.8167285652999939,8.984014218299933,0.0,23.685128393699824,1.6334571305999879
2021-04-20,78.40594226879942,2.450185695899982,4.08364282649997,13.884385610099898,0.8167285652999939,10.61747134889992,0.0,26.135314089599806,0.8167285652999939
2021-04-21,69.42192805049949,2.450185695899982,4.08364282649997,13.067657044799903,0.8167285652999939,8.984014218299933,0.0,22.051671263099838,0.8167285652999939
2021-04-22,66.1550137892995,2.450185695899982,4.08364282649997,12.250928479499908,0.8167285652999939,8.984014218299933,0.0,21.23494269779984,0.8167285652999939
2021-04-23,65.33828522399952,2.450185695899982,3.2669142611999757,12.250928479499908,0.8167285652999939,8.984014218299933,0.0,20.41821413249985,0.8167285652999939
2021-04-24,63.70482809339953,2.450185695899982,3.2669142611999757,12.250928479499908,0.8167285652999939,8.16728565299994,0.0,22.86839982839983,1.6334571305999879
2021-04-25,70.23865661579948,2.450185695899982,3.2669142611999757,12.250928479499908,0.8167285652999939,8.984014218299933,0.0,24.501856958999817,1.6334571305999879
2021-04-26,72.68884231169946,2.450185695899982,4.08364282649997,15.517842740699885,0.8167285652999939,8.984014218299933,0.0,22.86839982839983,0.8167285652999939
2021-04-27,72.68884231169946,2.450185695899982,4.08364282649997,16.33457130599988,0.8167285652999939,8.984014218299933,0.0,22.051671263099838,0.8167285652999939
2021-04-28,68.60519948519949,2.450185695899982,4.08364282649997,15.517842740699885,0.8167285652999939,8.984014218299933,0.0,20.41821413249985,0.8167285652999939
2021-04-29,61.254642397499545,2.450185695899982,3.2669142611999757,13.884385610099898,0.8167285652999939,8.16728565299994,0.0,18.78475700189986,1.6334571305999879
2021-04-30,61.254642397499545,2.450185695899982,3.2669142611999757,13.067657044799903,0.8167285652999939,8.16728565299994,0.0,18.78475700189986,1.6334571305999879
2021-05-01,60.43791383219955,2.450185695899982,3.2669142611999757,11.434199914199915,0.8167285652999939,8.16728565299994,0.0,19.601485567199855,1.6334571305999879
2021-05-02,69.42192805049949,2.450185695899982,3.2669142611999757,11.434199914199915,0.8167285652999939,8.984014218299933,0.0,26.135314089599806,1.6334571305999879
2021-05-03,80.8561279646994,2.450185695899982,4.08364282649997,15.517842740699885,0.8167285652999939,8.984014218299933,0.0,23.685128393699824,1.6334571305999879
2021-05-04,75.13902800759944,2.450185695899982,4.08364282649997,16.33457130599988,0.8167285652999939,9.800742783599928,0.0,21.23494269779984,0.8167285652999939
2021-05-05,67.7884709198995,2.450185695899982,4.08364282649997,15.517842740699885,0.8167285652999939,8.984014218299933,0.0,22.051671263099838,0.8167285652999939
2021-05-06,66.1550137892995,3.2669142611999757,4.08364282649997,14.70111417539989,0.8167285652999939,8.16728565299994,0.0,21.23494269779984,1.6334571305999879
2021-05-07,62.88809952809953,3.2669142611999757,4.08364282649997,13.884385610099898,0.8167285652999939,8.984014218299933,0.8167285652999939,21.23494269779984,1.6334571305999879
2021-05-08,61.254642397499545,2.450185695899982,3.2669142611999757,12.250928479499908,0.8167285652999939,8.16728565299994,0.0,22.051671263099838,1.6334571305999879
2021-05-09,68.60519948519949,2.450185695899982,3.2669142611999757,12.250928479499908,0.8167285652999939,8.984014218299933,0.8167285652999939,25.318585524299813,1.6334571305999879
2021-05-10,77.58921370349942,3.2669142611999757,4.08364282649997,16.33457130599988,0.8167285652999939,9.800742783599928,0.8167285652999939,23.685128393699824,1.6334571305999879
2021-05-11,79.22267083409942,2.450185695899982,4.08364282649997,17.151299871299873,0.8167285652999939,9.800742783599928,0.0,22.86839982839983,1.6334571305999879
2021-05-12,72.68884231169946,3.2669142611999757,4.08364282649997,16.33457130599988,0.8167285652999939,9.800742783599928,0.0,22.86839982839983,1.6334571305999879
2021-05-13,71.87211374639946,3.2669142611999757,4.08364282649997,16.33457130599988,0.8167285652999939,9.800742783599928,0.8167285652999939,22.051671263099838,1.6334571305999879
2021-05-14,62.07137096279954,3.2669142611999757,4.08364282649997,16.33457130599988,0.8167285652999939,8.984014218299933,0.8167285652999939,22.86839982839983,1.6334571305999879
2021-05-15,62.88809952809953,2.450185695899982,3.2669142611999757,13.067657044799903,0.8167285652999939,8.984014218299933,0.8167285652999939,22.051671263099838,1.6334571305999879
2021-05-16,71.05538518109947,2.450185695899982,3.2669142611999757,13.067657044799903,0.8167285652999939,9.800742783599928,0.8167285652999939,27.768771220199795,1.6334571305999879
2021-05-17,76.77248513819943,2.450185695899982,4.08364282649997,16.33457130599988,0.8167285652999939,9.800742783599928,0.0,26.135314089599806,1.6334571305999879
2021-05-18,81.6728565299994,3.2669142611999757,4.08364282649997,17.151299871299873,0.8167285652999939,10.61747134889992,0.0,24.501856958999817,1.6334571305999879
2021-05-19,71.87211374639946,3.2669142611999757,4.08364282649997,16.33457130599988,0.8167285652999939,9.800742783599928,0.0,23.685128393699824,1.6334571305999879
2021-05-20,69.8332161824286,2.9928521221040825,3.9904694961387768,15.961877984555107,0.9976173740346942,9.976173740346942,0.0,22.945199602797967,0.9976173740346942
2021-05-21,68.8355988083939,2.9928521221040825,3.9904694961387768,13.96664323648572,0.9976173740346942,8.978556366312247,0.0,22.945199602797967,1.9952347480693884
2021-05-22,69.8332161824286,2.9928521221040825,2.9928521221040825,11.97140848841633,0.9976173740346942,8.978556366312247,0.0,21.947582228763274,1.9952347480693884
2021-05-23,79.80938992277554,2.9928521221040825,3.9904694961387768,11.97140848841633,0.9976173740346942,9.976173740346942,0.0,29.928521221040825,1.9952347480693884
2021-05-24,83.79985941891431,2.9928521221040825,3.9904694961387768,16.959495358589802,0.9976173740346942,9.976173740346942,0.0,26.935669098936742,0.9976173740346942
2021-05-25,81.80462467084493,2.9928521221040825,3.9904694961387768,18.95473010665919,0.9976173740346942,10.973791114381637,0.0,24.940434350867356,0.9976173740346942
2021-05-26,78.81177254874085,2.9928521221040825,3.9904694961387768,16.959495358589802,0.9976173740346942,10.973791114381637,0.0,24.940434350867356,0.9976173740346942
2021-05-27,68.8355988083939,3.9904694961387768,3.9904694961387768,16.959495358589802,0.9976173740346942,9.976173740346942,0.0,22.945199602797967,1.9952347480693884
2021-05-28,61.85227719015104,3.9904694961387768,3.9904694961387768,14.964260610520412,0.9976173740346942,8.978556366312247,0.0,21.947582228763274,1.9952347480693884
2021-05-29,66.84036406032452,2.9928521221040825,3.9904694961387768,13.96664323648572,0.9976173740346942,7.9809389922775535,0.0,21.947582228763274,1.9952347480693884
2021-05-30,72.82606830453268,2.9928521221040825,2.9928521221040825,13.96664323648572,0.9976173740346942,9.976173740346942,0.0,26.935669098936742,1.9952347480693884
2021-05-31,78.81177254874085,2.9928521221040825,3.9904694961387768,14.964260610520412,0.9976173740346942,10.973791114381637,0.0,26.935669098936742,1.9952347480693884
2021-06-01,74.82130305260206,2.9928521221040825,3.9904694961387768,17.957112732624495,0.9976173740346942,8.978556366312247,0.0,25.93805172490205,0.9976173740346942
2021-06-02,73.82368567856737,2.9928521221040825,3.9904694961387768,17.957112732624495,0.9976173740346942,9.976173740346942,0.0,24.940434350867356,0.9976173740346942
2021-06-03,72.82606830453268,3.9904694961387768,4.988086870173471,16.959495358589802,0.9976173740346942,9.976173740346942,0.0,24.940434350867356,1.9952347480693884
2021-06-04,68.8355988083939,2.9928521221040825,3.9904694961387768,14.964260610520412,0.9976173740346942,8.978556366312247,0.0,23.94281697683266,1.9952347480693884
2021-06-05,68.8355988083939,2.9928521221040825,3.9904694961387768,12.969025862451025,0.9976173740346942,8.978556366312247,0.0,24.940434350867356,1.9952347480693884
2021-06-06,78.81177254874085,2.9928521221040825,3.9904694961387768,13.96664323648572,0.9976173740346942,10.973791114381637,0.0,30.92613859507552,1.9952347480693884
2021-06-07,75.81892042663677,2.9928521221040825,4.988086870173471,17.957112732624495,0.9976173740346942,8.978556366312247,0.0,25.93805172490205,1.9952347480693884
2021-06-08,83.79985941891431,2.9928521221040825,4.988086870173471,18.95473010665919,0.9976173740346942,10.973791114381637,0.0,24.940434350867356,1.9952347480693884
2021-06-09,80.80700729681023,3.9904694961387768,4.988086870173471,17.957112732624495,0.9976173740346942,10.973791114381637,0.9976173740346942,25.93805172490205,1.9952347480693884
2021-06-10,78.81177254874085,3.9904694961387768,4.988086870173471,19.952347480693884,1.9952347480693884,10.973791114381637,0.0,25.93805172490205,1.9952347480693884
2021-06-11,71.82845093049798,3.9904694961387768,3.9904694961387768,17.957112732624495,0.9976173740346942,10.973791114381637,0.9976173740346942,25.93805172490205,1.9952347480693884
2021-06-12,67.83798143435921,2.9928521221040825,3.9904694961387768,14.964260610520412,0.9976173740346942,8.978556366312247,0.0,20.949964854728577,1.9952347480693884
2021-06-13,75.81892042663677,2.9928521221040825,3.9904694961387768,14.964260610520412,0.9976173740346942,9.976173740346942,0.0,30.92613859507552,1.9952347480693884
2021-06-14,80.80700729681023,2.9928521221040825,4.988086870173471,16.959495358589802,0.9976173740346942,9.976173740346942,0.0,25.93805172490205,1.9952347480693884
2021-06-15,89.78556366312247,2.9928521221040825,4.988086870173471,34.9166080912143,1.9952347480693884,9.976173740346942,0.9976173740346942,24.940434350867356,1.9952347480693884
2021-06-16,83.79985941891431,3.9904694961387768,4.988086870173471,35.91422546524899,0.9976173740346942,9.976173740346942,0.0,24.940434350867356,1.9952347480693884
2021-06-17,77.81415517470614,3.9904694961387768,5.985704244208165,31.923755969110214,0.9976173740346942,9.976173740346942,0.0,23.94281697683266,1.9952347480693884
2021-06-18,74.82130305260206,3.9904694961387768,4.988086870173471,22.945199602797967,0.9976173740346942,9.976173740346942,0.0,23.94281697683266,1.9952347480693884
2021-06-19,66.84036406032452,2.9928521221040825,3.9904694961387768,14.964260610520412,0.9976173740346942,8.978556366312247,0.9976173740346942,22.945199602797967,1.9952347480693884
2021-06-20,80.80700729681023,2.9928521221040825,3.9904694961387768,14.964260610520412,0.9976173740346942,9.976173740346942,0.9976173740346942,28.93090384700613,1.9952347480693884
2021-06-21,80.80700729681023,2.9928521221040825,4.988086870173471,18.95473010665919,1.9952347480693884,9.976173740346942,0.9976173740346942,26.935669098936742,1.9952347480693884
2021-06-22,84.79747679294901,2.9928521221040825,4.988086870173471,17.957112732624495,1.9952347480693884,9.976173740346942,0.0,26.935669098936742,1.9952347480693884
2021-06-23,76.81653780067145,3.9904694961387768,4.988086870173471,16.959495358589802,0.9976173740346942,9.976173740346942,0.0,23.94281697683266,1.9952347480693884
2021-06-24,73.82368567856737,3.9904694961387768,4.988086870173471,16.959495358589802,0.9976173740346942,8.978556366312247,0.9976173740346942,24.940434350867356,1.9952347480693884
2021-06-25,69.8332161824286,3.9904694961387768,4.988086870173471,16.959495358589802,0.9976173740346942,8.978556366312247,0.9976173740346942,24.940434350867356,1.9952347480693884
2021-06-26,69.8332161824286,2.9928521221040825,4.988086870173471,14.964260610520412,0.9976173740346942,8.978556366312247,0.0,24.940434350867356,1.9952347480693884
2021-06-27,82.80224204487962,2.9928521221040825,3.9904694961387768,14.964260610520412,0.9976173740346942,9.976173740346942,0.9976173740346942,29.928521221040825,1.9952347480693884
2021-06-28,86.79271154101839,3.9904694961387768,4.988086870173471,17.957112732624495,1.9952347480693884,9.976173740346942,0.0,25.93805172490205,1.9952347480693884
2021-06-29,84.79747679294901,2.9928521221040825,4.988086870173471,18.95473010665919,1.9952347480693884,9.976173740346942,0.0,24.940434350867356,1.9952347480693884
2021-06-30,78.81177254874085,3.9904694961387768,4.988086870173471,17.957112732624495,1.9952347480693884,8.978556366312247,0.0,25.93805172490205,1.9952347480693884
2021-07-01,73.82368567856737,3.9904694961387768,4.988086870173471,16.959495358589802,1.9952347480693884,8.978556366312247,0.9976173740346942,24.940434350867356,1.9952347480693884
2021-07-02,77.81415517470614,3.9904694961387768,4.988086870173471,14.964260610520412,1.9952347480693884,8.978556366312247,0.0,23.94281697683266,2.9928521221040825
2021-07-03,69.8332161824286,3.9904694961387768,3.9904694961387768,12.969025862451025,0.9976173740346942,8.978556366312247,0.9976173740346942,23.94281697683266,2.9928521221040825
2021-07-04,74.82130305260206,2.9928521221040825,3.9904694961387768,12.969025862451025,0.9976173740346942,8.978556366312247,0.0,26.935669098936742,1.9952347480693884
2021-07-05,75.81892042663677,2.9928521221040825,3.9904694961387768,13.96664323648572,0.9976173740346942,8.978556366312247,0.0,27.93328647297144,1.9952347480693884
2021-07-06,87.7903289150531,2.9928521221040825,4.988086870173471,18.95473010665919,0.9976173740346942,9.976173740346942,0.0,26.935669098936742,1.9952347480693884
2021-07-07,76.81653780067145,2.9928521221040825,4.988086870173471,16.959495358589802,0.9976173740346942,8.978556366312247,0.9976173740346942,25.93805172490205,1.9952347480693884
2021-07-08,78.81177254874085,3.9904694961387768,4.988086870173471,16.959495358589802,1.9952347480693884,8.978556366312247,0.9976173740346942,25.93805172490205,1.9952347480693884
2021-07-09,74.82130305260206,2.9928521221040825,4.988086870173471,14.964260610520412,1.9952347480693884,8.978556366312247,0.0,22.945199602797967,2.9928521221040825
2021-07-10,68.8355988083939,2.9928521221040825,3.9904694961387768,12.969025862451025,0.9976173740346942,7.9809389922775535,0.9976173740346942,23.94281697683266,1.9952347480693884
2021-07-11,80.80700729681023,2.9928521221040825,3.9904694961387768,13.96664323648572,0.9976173740346942,8.978556366312247,0.9976173740346942,27.93328647297144,1.9952347480693884
2021-07-12,83.79985941891431,3.9904694961387768,4.988086870173471,16.959495358589802,1.9952347480693884,9.976173740346942,0.9976173740346942,26.935669098936742,2.9928521221040825
2021-07-13,86.79271154101839,3.9904694961387768,5.985704244208165,16.959495358589802,1.9952347480693884,8.978556366312247,0.0,24.940434350867356,1.9952347480693884
2021-07-14,78.81177254874085,3.9904694961387768,4.988086870173471,16.959495358589802,1.9952347480693884,8.978556366312247,0.0,23.94281697683266,1.9952347480693884
2021-07-15,77.81415517470614,3.9904694961387768,4.988086870173471,14.964260610520412,1.9952347480693884,8.978556366312247,0.9976173740346942,22.945199602797967,1.9952347480693884
2021-07-16,73.82368567856737,3.9904694961387768,4.988086870173471,13.96664323648572,1.9952347480693884,8.978556366312247,0.9976173740346942,24.940434350867356,1.9952347480693884
2021-07-17,69.8332161824286,2.9928521221040825,3.9904694961387768,12.969025862451025,0.9976173740346942,7.9809389922775535,0.0,22.945199602797967,1.9952347480693884
2021-07-18,77.81415517470614,2.9928521221040825,4.988086870173471,12.969025862451025,0.9976173740346942,8.978556366312247,0.0,28.93090384700613,1.9952347480693884
2021-07-19,82.80224204487962,3.9904694961387768,4.988086870173471,15.961877984555107,1.9952347480693884,9.976173740346942,0.9976173740346942,25.93805172490205,1.9952347480693884
2021-07-20,82.80224204487962,2.9928521221040825,5.985704244208165,16.959495358589802,1.9952347480693884,8.978556366312247,0.9976173740346942,23.94281697683266,1.9952347480693884
2021-07-21,76.81653780067145,3.9904694961387768,4.988086870173471,14.964260610520412,1.9952347480693884,8.978556366312247,0.0,23.94281697683266,1.9952347480693884
2021-07-22,69.8332161824286,3.9904694961387768,4.988086870173471,16.959495358589802,1.9952347480693884,8.978556366312247,0.9976173740346942,24.940434350867356,1.9952347480693884
2021-07-23,68.8355988083939,3.9904694961387768,4.988086870173471,12.969025862451025,0.9976173740346942,7.9809389922775535,0.9976173740346942,21.947582228763274,1.9952347480693884
2021-07-24,59.85704244208165,2.9928521221040825,3.9904694961387768,11.97140848841633,0.9976173740346942,6.98332161824286,0.9976173740346942,20.949964854728577,1.9952347480693884
2021-07-25,71.82845093049798,2.9928521221040825,3.9904694961387768,11.97140848841633,0.9976173740346942,7.9809389922775535,0.9976173740346942,26.935669098936742,1.9952347480693884
2021-07-26,69.8332161824286,2.9928521221040825,4.988086870173471,13.96664323648572,1.9952347480693884,7.9809389922775535,0.0,22.945199602797967,1.9952347480693884
2021-07-27,77.81415517470614,2.9928521221040825,4.988086870173471,13.96664323648572,0.9976173740346942,9.976173740346942,0.9976173740346942,21.947582228763274,1.9952347480693884
2021-07-28,68.8355988083939,2.9928521221040825,3.9904694961387768,12.969025862451025,0.9976173740346942,7.9809389922775535,0.9976173740346942,22.945199602797967,1.9952347480693884
2021-07-29,63.84751193822043,2.9928521221040825,3.9904694961387768,11.97140848841633,0.9976173740346942,7.9809389922775535,0.0,20.949964854728577,1.9952347480693884
2021-07-30,60.854659816116346,2.9928521221040825,3.9904694961387768,10.973791114381637,0.9976173740346942,7.9809389922775535,0.9976173740346942,19.952347480693884,1.9952347480693884
2021-07-31,57.86180769401226,2.9928521221040825,3.9904694961387768,9.976173740346942,0.9976173740346942,6.98332161824286,0.0,20.949964854728577,1.9952347480693884
2021-08-01,69.8332161824286,2.9928521221040825,3.9904694961387768,10.973791114381637,0.9976173740346942,6.98332161824286,0.9976173740346942,24.940434350867356,1.9952347480693884
2021-08-02,71.82845093049798,2.9928521221040825,4.988086870173471,12.969025862451025,1.9952347480693884,7.9809389922775535,0.0,20.949964854728577,1.9952347480693884
2021-08-03,81.80462467084493,2.9928521221040825,5.985704244208165,14.964260610520412,1.9952347480693884,7.9809389922775535,0.0,20.949964854728577,1.9952347480693884
2021-08-04,70.83083355646329,2.9928521221040825,6.98332161824286,12.969025862451025,0.9976173740346942,7.9809389922775535,0.0,21.947582228763274,1.9952347480693884
2021-08-05,64.84512931225512,2.9928521221040825,5.985704244208165,12.969025862451025,0.9976173740346942,6.98332161824286,0.0,18.95473010665919,1.9952347480693884
2021-08-06,64.84512931225512,2.9928521221040825,5.985704244208165,10.973791114381637,0.9976173740346942,6.98332161824286,0.9976173740346942,19.952347480693884,1.9952347480693884
2021-08-07,58.85942506804696,2.9928521221040825,3.9904694961387768,10.973791114381637,0.9976173740346942,5.985704244208165,0.0,18.95473010665919,1.9952347480693884
2021-08-08,72.82606830453268,2.9928521221040825,3.9904694961387768,10.973791114381637,0.9976173740346942,6.98332161824286,0.9976173740346942,24.940434350867356,1.9952347480693884
2021-08-09,68.8355988083939,2.9928521221040825,3.9904694961387768,11.97140848841633,1.9952347480693884,7.9809389922775535,0.0,21.947582228763274,1.9952347480693884
2021-08-10,62.84989456418573,2.9928521221040825,3.9904694961387768,11.97140848841633,0.9976173740346942,6.98332161824286,0.0,18.95473010665919,1.9952347480693884
2021-08-11,58.85942506804696,2.9928521221040825,3.9904694961387768,11.97140848841633,0.9976173740346942,6.98332161824286,0.0,17.957112732624495,1.9952347480693884
2021-08-12,59.85704244208165,2.9928521221040825,3.9904694961387768,10.973791114381637,0.9976173740346942,6.98332161824286,0.9976173740346942,16.959495358589802,1.9952347480693884
2021-08-13,56.86419031997757,2.9928521221040825,2.9928521221040825,9.976173740346942,0.9976173740346942,5.985704244208165,0.0,17.957112732624495,1.9952347480693884
2021-08-14,55.86657294594288,2.9928521221040825,2.9928521221040825,10.973791114381637,0.9976173740346942,5.985704244208165,0.9976173740346942,18.95473010665919,1.9952347480693884
2021-08-15,71.82845093049798,2.9928521221040825,3.9904694961387768,10.973791114381637,0.9976173740346942,6.98332161824286,0.0,21.947582228763274,1.9952347480693884
2021-08-16,67.83798143435921,2.9928521221040825,3.9904694961387768,10.973791114381637,0.9976173740346942,7.9809389922775535,0.0,19.952347480693884,1.9952347480693884
2021-08-17,63.84751193822043,2.9928521221040825,2.9928521221040825,11.97140848841633,0.9976173740346942,6.98332161824286,0.0,18.95473010665919,1.9952347480693884
2021-08-18,60.854659816116346,2.9928521221040825,2.9928521221040825,10.973791114381637,0.9976173740346942,6.98332161824286,0.0,18.95473010665919,1.9952347480693884
2021-08-19,57.86180769401226,2.9928521221040825,3.9904694961387768,11.97140848841633,0.9976173740346942,5.985704244208165,0.0,17.957112732624495,1.9952347480693884
2021-08-20,55.86657294594288,2.9928521221040825,2.9928521221040825,10.973791114381637,0.9976173740346942,5.985704244208165,0.0,16.959495358589802,1.9952347480693884
2021-08-21,58.85942506804696,1.9952347480693884,2.9928521221040825,9.976173740346942,0.9976173740346942,5.985704244208165,0.0,18.95473010665919,1.9952347480693884
2021-08-22,69.8332161824286,2.9928521221040825,2.9928521221040825,9.976173740346942,0.9976173740346942,6.98332161824286,0.0,21.947582228763274,1.9952347480693884
2021-08-23,60.854659816116346,2.9928521221040825,2.9928521221040825,10.973791114381637,0.9976173740346942,6.98332161824286,0.0,17.957112732624495,1.9952347480693884
2021-08-24,60.854659816116346,2.9928521221040825,3.9904694961387768,10.973791114381637,0.9976173740346942,6.98332161824286,0.0,16.959495358589802,1.9952347480693884
2021-08-25,58.85942506804696,2.9928521221040825,2.9928521221040825,10.973791114381637,0.9976173740346942,6.98332161824286,0.0,17.957112732624495,1.9952347480693884
2021-08-26,54.86895557190818,2.9928521221040825,2.9928521221040825,10.973791114381637,0.9976173740346942,5.985704244208165,0.0,16.959495358589802,1.9952347480693884
2021-08-27,50.8784860757694,2.9928521221040825,2.9928521221040825,10.973791114381637,0.9976173740346942,5.985704244208165,0.0,19.952347480693884,1.9952347480693884
2021-08-28,50.8784860757694,1.9952347480693884,2.9928521221040825,8.978556366312247,0.9976173740346942,5.985704244208165,0.0,23.94281697683266,1.9952347480693884
2021-08-29,63.84751193822043,1.9952347480693884,2.9928521221040825,9.976173740346942,0.9976173740346942,5.985704244208165,0.0,28.93090384700613,1.9952347480693884
2021-08-30,59.85704244208165,2.9928521221040825,2.9928521221040825,10.973791114381637,0.9976173740346942,6.98332161824286,0.0,21.947582228763274,1.9952347480693884
2021-08-31,59.85704244208165,2.9928521221040825,3.9904694961387768,10.973791114381637,0.9976173740346942,6.98332161824286,0.0,19.952347480693884,0.9976173740346942
2021-09-01,57.86180769401226,2.9928521221040825,2.9928521221040825,10.973791114381637,0.9976173740346942,6.98332161824286,0.0,20.949964854728577,1.9952347480693884
2021-09-02,59.85704244208165,3.9904694961387768,3.9904694961387768,9.976173740346942,0.9976173740346942,6.98332161824286,0.0,17.957112732624495,1.9952347480693884
2021-09-03,55.86657294594288,3.9904694961387768,2.9928521221040825,11.97140848841633,0.9976173740346942,6.98332161824286,0.9976173740346942,17.957112732624495,1.9952347480693884
2021-09-04,51.8761034498041,2.9928521221040825,2.9928521221040825,9.976173740346942,0.9976173740346942,5.985704244208165,0.0,19.952347480693884,1.9952347480693884
2021-09-05,56.86419031997757,1.9952347480693884,2.9928521221040825,8.978556366312247,0.9976173740346942,5.985704244208165,0.0,22.945199602797967,1.9952347480693884
2021-09-06,62.84989456418573,1.9952347480693884,2.9928521221040825,10.973791114381637,0.9976173740346942,6.98332161824286,0.0,20.949964854728577,1.9952347480693884
2021-09-07,61.85227719015104,2.9928521221040825,2.9928521221040825,11.97140848841633,0.9976173740346942,6.98332161824286,0.0,19.952347480693884,0.9976173740346942
2021-09-08,59.85704244208165,2.9928521221040825,2.9928521221040825,10.973791114381637,0.9976173740346942,6.98332161824286,0.0,16.959495358589802,0.9976173740346942
2021-09-09,63.84751193822043,2.9928521221040825,3.9904694961387768,12.969025862451025,0.9976173740346942,6.98332161824286,0.0,16.959495358589802,0.9976173740346942
2021-09-10,57.86180769401226,2.9928521221040825,2.9928521221040825,9.976173740346942,0.9976173740346942,5.985704244208165,0.0,15.961877984555107,1.9952347480693884
2021-09-11,57.86180769401226,1.9952347480693884,2.9928521221040825,9.976173740346942,0.9976173740346942,5.985704244208165,0.0,14.964260610520412,0.9976173740346942
2021-09-12,68.8355988083939,1.9952347480693884,2.9928521221040825,9.976173740346942,0.9976173740346942,6.98332161824286,0.0,19.952347480693884,1.9952347480693884
2021-09-13,66.84036406032452,2.9928521221040825,3.9904694961387768,11.97140848841633,0.9976173740346942,8.978556366312247,0.0,16.959495358589802,1.9952347480693884
2021-09-14,64.84512931225512,2.9928521221040825,2.9928521221040825,11.97140848841633,0.9976173740346942,6.98332161824286,0.0,15.961877984555107,0.9976173740346942
2021-09-15,64.84512931225512,2.9928521221040825,3.9904694961387768,11.97140848841633,0.9976173740346942,6.98332161824286,0.0,17.957112732624495,0.9976173740346942
2021-09-16,61.85227719015104,2.9928521221040825,3.9904694961387768,14.964260610520412,0.9976173740346942,6.98332161824286,0.0,15.961877984555107,1.9952347480693884
2021-09-17,58.85942506804696,2.9928521221040825,2.9928521221040825,11.97140848841633,0.9976173740346942,5.985704244208165,0.0,15.961877984555107,1.9952347480693884
2021-09-18,54.86895557190818,2.9928521221040825,2.9928521221040825,10.973791114381637,0.9976173740346942,5.985704244208165,0.0,15.961877984555107,1.9952347480693884
2021-09-19,70.83083355646329,2.9928521221040825,3.9904694961387768,10.973791114381637,0.9976173740346942,6.98332161824286,0.0,20.949964854728577,1.9952347480693884
2021-09-20,63.84751193822043,2.9928521221040825,3.9904694961387768,12.969025862451025,0.9976173740346942,6.98332161824286,0.0,16.959495358589802,0.9976173740346942
2021-09-21,63.84751193822043,2.9928521221040825,3.9904694961387768,11.97140848841633,0.9976173740346942,6.98332161824286,0.0,14.964260610520412,0.9976173740346942
2021-09-22,60.854659816116346,2.9928521221040825,3.9904694961387768,11.97140848841633,0.9976173740346942,6.98332161824286,0.0,15.961877984555107,0.9976173740346942
2021-09-23,62.84989456418573,2.9928521221040825,3.9904694961387768,12.969025862451025,0.9976173740346942,6.98332161824286,0.0,14.964260610520412,1.9952347480693884
2021-09-24,60.854659816116346,2.9928521221040825,2.9928521221040825,11.97140848841633,0.9976173740346942,6.98332161824286,0.0,13.96664323648572,1.9952347480693884
2021-09-25,54.86895557190818,1.9952347480693884,2.9928521221040825,9.976173740346942,0.9976173740346942,5.985704244208165,0.0,13.96664323648572,1.9952347480693884
2021-09-26,68.8355988083939,1.9952347480693884,2.9928521221040825,10.973791114381637,0.9976173740346942,7.9809389922775535,0.0,18.95473010665919,1.9952347480693884
2021-09-27,67.83798143435921,2.9928521221040825,3.9904694961387768,12.969025862451025,0.9976173740346942,6.98332161824286,0.0,15.961877984555107,1.9952347480693884
2021-09-28,66.84036406032452,1.9952347480693884,3.9904694961387768,12.969025862451025,0.9976173740346942,7.9809389922775535,0.0,15.961877984555107,0.9976173740346942
2021-09-29,59.85704244208165,2.9928521221040825,3.9904694961387768,12.969025862451025,0.9976173740346942,6.98332161824286,0.0,15.961877984555107,0.9976173740346942
2021-09-30,61.85227719015104,2.9928521221040825,3.9904694961387768,10.973791114381637,0.9976173740346942,6.98332161824286,0.0,16.959495358589802,1.9952347480693884
2021-10-01,60.854659816116346,2.9928521221040825,3.9904694961387768,10.973791114381637,0.9976173740346942,6.98332161824286,0.0,15.961877984555107,1.9952347480693884
2021-10-02,55.86657294594288,1.9952347480693884,2.9928521221040825,10.973791114381637,0.9976173740346942,6.98332161824286,0.0,14.964260610520412,1.9952347480693884
2021-10-03,68.8355988083939,1.9952347480693884,3.9904694961387768,10.973791114381637,0.9976173740346942,6.98332161824286,0.0,19.952347480693884,1.9952347480693884
2021-10-04,62.84989456418573,2.9928521221040825,3.9904694961387768,12.969025862451025,0.9976173740346942,6.98332161824286,0.0,14.964260610520412,1.9952347480693884
2021-10-05,61.85227719015104,2.9928521221040825,3.9904694961387768,13.96664323648572,0.9976173740346942,7.9809389922775535,0.0,14.964260610520412,0.9976173740346942
2021-10-06,64.84512931225512,2.9928521221040825,3.9904694961387768,13.96664323648572,0.9976173740346942,6.98332161824286,0.0,16.959495358589802,0.9976173740346942
2021-10-07,65.84274668628981,3.9904694961387768,3.9904694961387768,13.96664323648572,0.9976173740346942,7.9809389922775535,0.0,14.964260610520412,1.9952347480693884
2021-10-08,61.85227719015104,3.9904694961387768,3.9904694961387768,12.969025862451025,0.9976173740346942,6.98332161824286,0.9976173740346942,14.964260610520412,1.9952347480693884
2021-10-09,68.8355988083939,2.9928521221040825,3.9904694961387768,13.96664323648572,0.9976173740346942,6.98332161824286,0.0,14.964260610520412,1.9952347480693884
2021-10-10,91.78079841119187,2.9928521221040825,3.9904694961387768,36.911842839283686,0.9976173740346942,7.9809389922775535,0.0,18.95473010665919,1.9952347480693884
2021-10-11,99.76173740346943,2.9928521221040825,4.988086870173471,49.88086870173471,0.9976173740346942,8.978556366312247,0.0,18.95473010665919,1.9952347480693884
2021-10-12,81.80462467084493,2.9928521221040825,4.988086870173471,38.90707758735307,0.9976173740346942,7.9809389922775535,0.0,14.964260610520412,1.9952347480693884
2021-10-13,72.82606830453268,2.9928521221040825,3.9904694961387768,24.940434350867356,0.9976173740346942,7.9809389922775535,0.0,15.961877984555107,1.9952347480693884
2021-10-14,69.8332161824286,2.9928521221040825,3.9904694961387768,20.949964854728577,0.9976173740346942,7.9809389922775535,0.9976173740346942,15.961877984555107,1.9952347480693884
2021-10-15,65.84274668628981,2.9928521221040825,3.9904694961387768,15.961877984555107,0.9976173740346942,6.98332161824286,0.0,13.96664323648572,1.9952347480693884
2021-10-16,62.84989456418573,2.9928521221040825,2.9928521221040825,13.96664323648572,0.9976173740346942,6.98332161824286,0.0,14.964260610520412,1.9952347480693884
2021-10-17,74.82130305260206,1.9952347480693884,2.9928521221040825,13.96664323648572,0.9976173740346942,7.9809389922775535,0.0,18.95473010665919,1.9952347480693884
2021-10-18,73.82368567856737,2.9928521221040825,3.9904694961387768,15.961877984555107,0.9976173740346942,7.9809389922775535,0.0,15.961877984555107,1.9952347480693884
2021-10-19,67.83798143435921,2.9928521221040825,3.9904694961387768,16.959495358589802,0.9976173740346942,7.9809389922775535,0.0,14.964260610520412,1.9952347480693884
2021-10-20,61.85227719015104,2.9928521221040825,3.9904694961387768,13.96664323648572,0.9976173740346942,7.9809389922775535,0.0,14.964260610520412,0.9976173740346942
2021-10-21,65.84274668628981,3.9904694961387768,3.9904694961387768,12.969025862451025,0.9976173740346942,7.9809389922775535,0.0,14.964260610520412,1.9952347480693884
2021-10-22,66.84036406032452,3.9904694961387768,3.9904694961387768,11.97140848841633,0.9976173740346942,6.98332161824286,0.0,13.96664323648572,1.9952347480693884
2021-10-23,56.86419031997757,2.9928521221040825,2.9928521221040825,10.973791114381637,0.9976173740346942,6.98332161824286,0.0,13.96664323648572,1.9952347480693884
2021-10-24,73.82368567856737,1.9952347480693884,3.9904694961387768,10.973791114381637,0.9976173740346942,7.9809389922775535,0.0,18.95473010665919,1.9952347480693884
2021-10-25,67.83798143435921,2.9928521221040825,3.9904694961387768,12.969025862451025,0.9976173740346942,7.9809389922775535,0.0,14.964260610520412,1.9952347480693884
2021-10-26,79.80938992277554,2.9928521221040825,3.9904694961387768,12.969025862451025,0.9976173740346942,8.978556366312247,0.0,16.959495358589802,1.9952347480693884
2021-10-27,67.83798143435921,2.9928521221040825,3.9904694961387768,11.97140848841633,1.9952347480693884,7.9809389922775535,0.0,15.961877984555107,1.9952347480693884
2021-10-28,62.84989456418573,2.9928521221040825,3.9904694961387768,11.97140848841633,0.9976173740346942,7.9809389922775535,0.0,13.96664323648572,1.9952347480693884
2021-10-29,62.84989456418573,2.9928521221040825,2.9928521221040825,11.97140848841633,0.9976173740346942,6.98332161824286,0.0,13.96664323648572,1.9952347480693884
2021-10-30,61.85227719015104,1.9952347480693884,2.9928521221040825,10.973791114381637,0.9976173740346942,6.98332161824286,0.0,13.96664323648572,1.9952347480693884
2021-10-31,71.82845093049798,1.9952347480693884,3.9904694961387768,13.96664323648572,0.9976173740346942,6.98332161824286,0.0,16.959495358589802,1.9952347480693884
2021-11-01,77.81415517470614,2.9928521221040825,3.9904694961387768,13.96664323648572,0.9976173740346942,7.9809389922775535,0.0,15.961877984555107,1.9952347480693884
2021-11-02,75.81892042663677,2.9928521221040825,3.9904694961387768,12.969025862451025,0.9976173740346942,7.9809389922775535,0.0,15.961877984555107,1.9952347480693884
2021-11-03,67.83798143435921,2.9928521221040825,3.9904694961387768,11.97140848841633,0.9976173740346942,7.9809389922775535,0.0,17.957112732624495,0.9976173740346942
2021-11-04,65.84274668628981,2.9928521221040825,3.9904694961387768,11.97140848841633,0.9976173740346942,6.98332161824286,0.0,14.964260610520412,1.9952347480693884
2021-11-05,62.84989456418573,2.9928521221040825,3.9904694961387768,10.973791114381637,0.9976173740346942,7.9809389922775535,0.0,15.961877984555107,1.9952347480693884
2021-11-06,61.85227719015104,2.9928521221040825,3.9904694961387768,11.97140848841633,0.9976173740346942,6.98332161824286,0.0,14.964260610520412,1.9952347480693884
2021-11-07,73.82368567856737,2.9928521221040825,3.9904694961387768,17.957112732624495,0.9976173740346942,7.9809389922775535,0.0,19.952347480693884,1.9952347480693884
2021-11-08,74.82130305260206,2.9928521221040825,3.9904694961387768,12.969025862451025,1.9952347480693884,7.9809389922775535,0.0,17.957112732624495,1.9952347480693884
2021-11-09,75.81892042663677,2.9928521221040825,3.9904694961387768,13.96664323648572,0.9976173740346942,8.978556366312247,0.0,15.961877984555107,0.9976173740346942
2021-11-10,70.83083355646329,2.9928521221040825,3.9904694961387768,12.969025862451025,0.9976173740346942,8.978556366312247,0.0,16.959495358589802,1.9952347480693884
2021-11-11,68.8355988083939,2.9928521221040825,3.9904694961387768,12.969025862451025,0.9976173740346942,7.9809389922775535,0.0,16.959495358589802,1.9952347480693884
2021-11-12,64.84512931225512,2.9928521221040825,3.9904694961387768,11.97140848841633,0.9976173740346942,6.98332161824286,0.0,15.961877984555107,1.9952347480693884
2021-11-13,60.854659816116346,2.9928521221040825,3.9904694961387768,9.976173740346942,0.9976173740346942,6.98332161824286,0.0,15.961877984555107,1.9952347480693884
2021-11-14,73.82368567856737,2.9928521221040825,3.9904694961387768,14.964260610520412,0.9976173740346942,7.9809389922775535,0.0,21.947582228763274,1.9952347480693884
2021-11-15,71.82845093049798,2.9928521221040825,3.9904694961387768,12.969025862451025,0.9976173740346942,8.978556366312247,0.0,19.952347480693884,1.9952347480693884
2021-11-16,74.82130305260206,2.9928521221040825,3.9904694961387768,11.97140848841633,0.9976173740346942,7.9809389922775535,0.0,17.957112732624495,1.9952347480693884
2021-11-17,68.8355988083939,2.9928521221040825,3.9904694961387768,11.97140848841633,0.9976173740346942,7.9809389922775535,0.0,17.957112732624495,1.9952347480693884
2021-11-18,61.85227719015104,2.9928521221040825,3.9904694961387768,11.97140848841633,0.9976173740346942,6.98332161824286,0.0,15.961877984555107,1.9952347480693884
2021-11-19,62.84989456418573,3.9904694961387768,3.9904694961387768,10.973791114381637,0.9976173740346942,6.98332161824286,0.0,15.961877984555107,1.9952347480693884
2021-11-20,57.86180769401226,3.9904694961387768,2.9928521221040825,9.976173740346942,0.9976173740346942,6.98332161824286,0.0,14.964260610520412,1.9952347480693884
2021-11-21,67.83798143435921,3.9904694961387768,2.9928521221040825,10.973791114381637,1.9952347480693884,6.98332161824286,0.0,19.952347480693884,1.9952347480693884
2021-11-22,72.82606830453268,3.9904694961387768,3.9904694961387768,10.973791114381637,0.9976173740346942,8.978556366312247,0.9976173740346942,20.949964854728577,1.9952347480693884
2021-11-23,65.84274668628981,3.9904694961387768,3.9904694961387768,10.973791114381637,1.9952347480693884,6.98332161824286,0.9976173740346942,15.961877984555107,1.9952347480693884
2021-11-24,62.84989456418573,4.988086870173471,3.9904694961387768,10.973791114381637,1.9952347480693884,6.98332161824286,0.9976173740346942,16.959495358589802,2.9928521221040825
2021-11-25,55.86657294594288,2.9928521221040825,2.9928521221040825,7.9809389922775535,0.9976173740346942,5.985704244208165,0.0,21.947582228763274,1.9952347480693884
2021-11-26,67.83798143435921,1.9952347480693884,3.9904694961387768,9.976173740346942,0.9976173740346942,6.98332161824286,0.0,25.93805172490205,0.9976173740346942
2021-11-27,63.84751193822043,1.9952347480693884,2.9928521221040825,9.976173740346942,0.9976173740346942,6.98332161824286,0.0,27.93328647297144,1.9952347480693884
2021-11-28,75.81892042663677,1.9952347480693884,2.9928521221040825,10.973791114381637,1.9952347480693884,8.978556366312247,0.0,31.923755969110214,1.9952347480693884
2021-11-29,77.81415517470614,2.9928521221040825,3.9904694961387768,13.96664323648572,1.9952347480693884,7.9809389922775535,0.0,21.947582228763274,1.9952347480693884
2021-11-30,71.82845093049798,2.9928521221040825,4.988086870173471,12.969025862451025,0.9976173740346942,7.9809389922775535,0.0,17.957112732624495,1.9952347480693884
2021-12-01,65.84274668628981,2.9928521221040825,3.9904694961387768,10.973791114381637,0.9976173740346942,6.98332161824286,0.0,18.95473010665919,0.9976173740346942
2021-12-02,60.854659816116346,2.9928521221040825,3.9904694961387768,10.973791114381637,0.9976173740346942,6.98332161824286,0.0,19.952347480693884,1.9952347480693884
2021-12-03,58.85942506804696,2.9928521221040825,3.9904694961387768,10.973791114381637,0.9976173740346942,6.98332161824286,0.0,19.952347480693884,1.9952347480693884
2021-12-04,54.86895557190818,1.9952347480693884,2.9928521221040825,8.978556366312247,0.9976173740346942,5.985704244208165,0.9976173740346942,20.949964854728577,1.9952347480693884
2021-12-05,63.84751193822043,1.9952347480693884,2.9928521221040825,10.973791114381637,0.9976173740346942,6.98332161824286,0.0,25.93805172490205,1.9952347480693884
2021-12-06,67.83798143435921,2.9928521221040825,3.9904694961387768,11.97140848841633,0.9976173740346942,6.98332161824286,0.0,19.952347480693884,1.9952347480693884
2021-12-07,66.84036406032452,2.9928521221040825,3.9904694961387768,10.973791114381637,0.9976173740346942,6.98332161824286,0.0,18.95473010665919,1.9952347480693884
2021-12-08,63.84751193822043,2.9928521221040825,3.9904694961387768,11.97140848841633,0.9976173740346942,7.9809389922775535,0.0,18.95473010665919,1.9952347480693884
2021-12-09,62.84989456418573,2.9928521221040825,3.9904694961387768,12.969025862451025,0.9976173740346942,6.98332161824286,0.0,21.947582228763274,1.9952347480693884
2021-12-10,59.85704244208165,2.9928521221040825,3.9904694961387768,10.973791114381637,0.9976173740346942,6.98332161824286,0.0,18.95473010665919,1.9952347480693884
2021-12-11,55.86657294594288,2.9928521221040825,2.9928521221040825,9.976173740346942,0.9976173740346942,5.985704244208165,0.0,22.945199602797967,1.9952347480693884
2021-12-12,61.85227719015104,1.9952347480693884,3.9904694961387768,9.976173740346942,0.9976173740346942,6.98332161824286,0.0,25.93805172490205,1.9952347480693884
2021-12-13,62.84989456418573,2.9928521221040825,3.9904694961387768,10.973791114381637,0.9976173740346942,6.98332161824286,0.0,23.94281697683266,1.9952347480693884
2021-12-14,61.85227719015104,2.9928521221040825,3.9904694961387768,11.97140848841633,0.9976173740346942,6.98332161824286,0.0,20.949964854728577,1.9952347480693884
2021-12-15,62.84989456418573,2.9928521221040825,3.9904694961387768,10.973791114381637,0.9976173740346942,6.98332161824286,0.0,23.94281697683266,1.9952347480693884
2021-12-16,58.76873257949835,3.326532032801793,4.435376043735724,11.08844010933931,1.108844010933931,6.653064065603586,0.0,19.959192196810758,2.217688021867862
2021-12-17,60.986420601366206,3.326532032801793,4.435376043735724,11.08844010933931,1.108844010933931,6.653064065603586,0.0,23.28572422961255,2.217688021867862
2021-12-18,57.65988856856441,3.326532032801793,3.326532032801793,11.08844010933931,1.108844010933931,5.544220054669655,0.0,23.28572422961255,3.326532032801793
2021-12-19,59.87757659043228,3.326532032801793,3.326532032801793,12.197284120273242,1.108844010933931,5.544220054669655,1.108844010933931,29.93878829521614,3.326532032801793
2021-12-20,58.76873257949835,3.326532032801793,4.435376043735724,11.08844010933931,1.108844010933931,6.653064065603586,1.108844010933931,25.503412251480412,2.217688021867862
2021-12-21,56.55104455763048,3.326532032801793,4.435376043735724,9.979596098405379,2.217688021867862,5.544220054669655,1.108844010933931,21.06803620774469,2.217688021867862
2021-12-22,54.33335653576262,4.435376043735724,3.326532032801793,9.979596098405379,2.217688021867862,5.544220054669655,0.0,24.394568240546484,2.217688021867862
2021-12-23,52.11566851389476,4.435376043735724,3.326532032801793,9.979596098405379,1.108844010933931,5.544220054669655,0.0,26.612256262414345,3.326532032801793
2021-12-24,76.51023675444124,3.326532032801793,3.326532032801793,11.08844010933931,1.108844010933931,5.544220054669655,1.108844010933931,33.26532032801793,3.326532032801793
2021-12-25,68.74832867790373,2.217688021867862,3.326532032801793,11.08844010933931,1.108844010933931,4.435376043735724,0.0,60.986420601366206,3.326532032801793
2021-12-26,80.94561279817697,2.217688021867862,4.435376043735724,12.197284120273242,1.108844010933931,6.653064065603586,0.0,38.80954038268759,3.326532032801793
2021-12-27,86.48983285284662,3.326532032801793,4.435376043735724,14.414972142141103,1.108844010933931,6.653064065603586,0.0,26.612256262414345,3.326532032801793
2021-12-28,78.72792477630911,2.217688021867862,5.544220054669655,14.414972142141103,1.108844010933931,6.653064065603586,0.0,19.959192196810758,3.326532032801793
2021-12-29,75.40139274350732,2.217688021867862,4.435376043735724,13.306128131207172,1.108844010933931,6.653064065603586,0.0,21.06803620774469,3.326532032801793
2021-12-30,67.63948466696979,2.217688021867862,4.435376043735724,12.197284120273242,1.108844010933931,5.544220054669655,0.0,18.85034818587683,3.326532032801793
2021-12-31,60.986420601366206,2.217688021867862,3.326532032801793,9.979596098405379,1.108844010933931,4.435376043735724,0.0,18.85034818587683,3.326532032801793
2022-01-01,67.63948466696979,2.217688021867862,4.435376043735724,12.197284120273242,1.108844010933931,5.544220054669655,0.0,23.28572422961255,3.326532032801793
2022-01-02,85.3809888419127,2.217688021867862,5.544220054669655,15.523816153075035,1.108844010933931,6.653064065603586,0.0,26.612256262414345,3.326532032801793
2022-01-03,84.27214483097876,2.217688021867862,5.544220054669655,17.741504174942897,1.108844010933931,6.653064065603586,0.0,22.17688021867862,3.326532032801793
2022-01-04,88.70752087471448,3.326532032801793,5.544220054669655,19.959192196810758,2.217688021867862,7.761908076537518,0.0,23.28572422961255,3.326532032801793
2022-01-05,79.83676878724303,3.326532032801793,5.544220054669655,17.741504174942897,2.217688021867862,6.653064065603586,0.0,23.28572422961255,2.217688021867862
2022-01-06,63.20410862323407,2.217688021867862,4.435376043735724,14.414972142141103,1.108844010933931,5.544220054669655,0.0,16.632660164008964,2.217688021867862
2022-01-07,72.07486071070552,2.217688021867862,4.435376043735724,15.523816153075035,1.108844010933931,6.653064065603586,0.0,22.17688021867862,3.326532032801793
2022-01-08,69.85717268883765,2.217688021867862,4.435376043735724,12.197284120273242,1.108844010933931,5.544220054669655,0.0,23.28572422961255,2.217688021867862
2022-01-09,76.51023675444124,2.217688021867862,4.435376043735724,13.306128131207172,1.108844010933931,6.653064065603586,0.0,25.503412251480412,2.217688021867862
2022-01-10,70.96601669977159,2.217688021867862,4.435376043735724,14.414972142141103,1.108844010933931,6.653064065603586,0.0,22.17688021867862,2.217688021867862
2022-01-11,73.18370472163944,2.217688021867862,4.435376043735724,14.414972142141103,1.108844010933931,6.653064065603586,0.0,21.06803620774469,1.108844010933931
2022-01-12,70.96601669977159,3.326532032801793,4.435376043735724,13.306128131207172,1.108844010933931,6.653064065603586,0.0,21.06803620774469,1.108844010933931
2022-01-13,76.51023675444124,3.326532032801793,5.544220054669655,14.414972142141103,2.217688021867862,7.761908076537518,1.108844010933931,21.06803620774469,2.217688021867862
2022-01-14,53.22451252482869,2.217688021867862,3.326532032801793,11.08844010933931,1.108844010933931,5.544220054669655,0.0,15.523816153075035,1.108844010933931
2022-01-15,63.20410862323407,2.217688021867862,3.326532032801793,12.197284120273242,1.108844010933931,5.544220054669655,0.0,22.17688021867862,2.217688021867862
2022-01-16,60.986420601366206,2.217688021867862,3.326532032801793,11.08844010933931,1.108844010933931,5.544220054669655,0.0,21.06803620774469,2.217688021867862
2022-01-17,67.63948466696979,2.217688021867862,4.435376043735724,12.197284120273242,1.108844010933931,5.544220054669655,0.0,19.959192196810758,2.217688021867862
2022-01-18,66.53064065603586,2.217688021867862,4.435376043735724,12.197284120273242,1.108844010933931,6.653064065603586,0.0,18.85034818587683,1.108844010933931
2022-01-19,69.85717268883765,2.217688021867862,4.435376043735724,13.306128131207172,1.108844010933931,6.653064065603586,0.0,18.85034818587683,1.108844010933931
2022-01-20,65.42179664510194,2.217688021867862,4.435376043735724,13.306128131207172,1.108844010933931,6.653064065603586,0.0,18.85034818587683,1.108844010933931
2022-01-21,63.20410862323407,2.217688021867862,4.435376043735724,12.197284120273242,1.108844010933931,5.544220054669655,0.0,17.741504174942897,1.108844010933931
2022-01-22,66.53064065603586,2.217688021867862,4.435376043735724,11.08844010933931,1.108844010933931,6.653064065603586,0.0,22.17688021867862,2.217688021867862
2022-01-23,75.40139274350732,2.217688021867862,4.435376043735724,12.197284120273242,1.108844010933931,6.653064065603586,0.0,25.503412251480412,2.217688021867862
2022-01-24,84.27214483097876,3.326532032801793,5.544220054669655,16.632660164008964,2.217688021867862,7.761908076537518,0.0,25.503412251480412,2.217688021867862
2022-01-25,64.312952634168,2.217688021867862,4.435376043735724,14.414972142141103,1.108844010933931,6.653064065603586,0.0,18.85034818587683,1.108844010933931
2022-01-26,63.20410862323407,2.217688021867862,4.435376043735724,14.414972142141103,1.108844010933931,6.653064065603586,0.0,17.741504174942897,1.108844010933931
2022-01-27,64.312952634168,2.217688021867862,4.435376043735724,13.306128131207172,1.108844010933931,6.653064065603586,0.0,16.632660164008964,1.108844010933931
2022-01-28,68.74832867790373,2.217688021867862,4.435376043735724,13.306128131207172,1.108844010933931,6.653064065603586,0.0,17.741504174942897,2.217688021867862
2022-01-29,69.85717268883765,2.217688021867862,4.435376043735724,13.306128131207172,1.108844010933931,6.653064065603586,0.0,21.06803620774469,2.217688021867862
2022-01-30,75.40139274350732,2.217688021867862,4.435376043735724,14.414972142141103,1.108844010933931,6.653064065603586,0.0,24.394568240546484,2.217688021867862
2022-01-31,76.51023675444124,3.326532032801793,4.435376043735724,15.523816153075035,1.108844010933931,7.761908076537518,0.0,21.06803620774469,2.217688021867862
2022-02-01,80.94561279817697,2.217688021867862,4.435376043735724,16.632660164008964,1.108844010933931,7.761908076537518,0.0,18.85034818587683,1.108844010933931
2022-02-02,82.0544568091109,3.326532032801793,5.544220054669655,16.632660164008964,1.108844010933931,7.761908076537518,0.0,18.85034818587683,2.217688021867862
2022-02-03,82.0544568091109,3.326532032801793,5.544220054669655,17.741504174942897,1.108844010933931,7.761908076537518,0.0,19.959192196810758,2.217688021867862
2022-02-04,84.27214483097876,3.326532032801793,5.544220054669655,16.632660164008964,1.108844010933931,7.761908076537518,0.0,19.959192196810758,2.217688021867862
2022-02-05,78.72792477630911,3.326532032801793,4.435376043735724,14.414972142141103,1.108844010933931,6.653064065603586,0.0,22.17688021867862,2.217688021867862
2022-02-06,85.3809888419127,3.326532032801793,5.544220054669655,14.414972142141103,1.108844010933931,7.761908076537518,0.0,25.503412251480412,2.217688021867862
2022-02-07,83.16330082004482,3.326532032801793,12.197284120273242,16.632660164008964,2.217688021867862,7.761908076537518,0.0,22.17688021867862,1.108844010933931
2022-02-08,84.27214483097876,3.326532032801793,11.08844010933931,17.741504174942897,2.217688021867862,8.870752087471448,0.0,21.06803620774469,1.108844010933931
2022-02-09,79.83676878724303,3.326532032801793,6.653064065603586,16.632660164008964,1.108844010933931,7.761908076537518,0.0,21.06803620774469,1.108844010933931
2022-02-10,66.53064065603586,3.326532032801793,5.544220054669655,12.197284120273242,1.108844010933931,7.761908076537518,0.0,15.523816153075035,1.108844010933931
2022-02-11,74.29254873257338,3.326532032801793,5.544220054669655,14.414972142141103,2.217688021867862,7.761908076537518,0.0,17.741504174942897,2.217688021867862
2022-02-12,72.07486071070552,3.326532032801793,5.544220054669655,11.08844010933931,1.108844010933931,7.761908076537518,0.0,21.06803620774469,2.217688021867862
2022-02-13,75.40139274350732,3.326532032801793,4.435376043735724,13.306128131207172,1.108844010933931,6.653064065603586,0.0,21.06803620774469,2.217688021867862
2022-02-14,72.07486071070552,3.326532032801793,5.544220054669655,14.414972142141103,1.108844010933931,6.653064065603586,0.0,17.741504174942897,2.217688021867862
2022-02-15,86.48983285284662,3.326532032801793,5.544220054669655,17.741504174942897,1.108844010933931,8.870752087471448,0.0,21.06803620774469,1.108844010933931
2022-02-16,92.03405290751627,3.326532032801793,6.653064065603586,19.959192196810758,2.217688021867862,8.870752087471448,0.0,21.06803620774469,1.108844010933931
2022-02-17,87.59867686378055,3.326532032801793,6.653064065603586,18.85034818587683,2.217688021867862,9.979596098405379,0.0,21.06803620774469,2.217688021867862
2022-02-18,85.3809888419127,4.435376043735724,6.653064065603586,18.85034818587683,2.217688021867862,8.870752087471448,0.0,23.28572422961255,2.217688021867862
2022-02-19,80.94561279817697,3.326532032801793,5.544220054669655,17.741504174942897,2.217688021867862,7.761908076537518,0.0,24.394568240546484,2.217688021867862
2022-02-20,90.92520889658235,3.326532032801793,5.544220054669655,16.632660164008964,2.217688021867862,7.761908076537518,0.0,27.721100273348277,2.217688021867862
2022-02-21,92.03405290751627,3.326532032801793,6.653064065603586,17.741504174942897,2.217688021867862,8.870752087471448,0.0,25.503412251480412,2.217688021867862
2022-02-22,96.469428951252,3.326532032801793,6.653064065603586,19.959192196810758,2.217688021867862,8.870752087471448,0.0,24.394568240546484,2.217688021867862
2022-02-23,93.1428969184502,3.326532032801793,6.653064065603586,19.959192196810758,2.217688021867862,9.979596098405379,0.0,22.17688021867862,2.217688021867862
2022-02-24,92.03405290751627,3.326532032801793,6.653064065603586,19.959192196810758,2.217688021867862,8.870752087471448,0.0,19.959192196810758,4.435376043735724
2022-02-25,84.27214483097876,3.326532032801793,6.653064065603586,17.741504174942897,2.217688021867862,7.761908076537518,0.0,19.959192196810758,3.326532032801793
2022-02-26,79.83676878724303,3.326532032801793,5.544220054669655,15.523816153075035,1.108844010933931,7.761908076537518,0.0,21.06803620774469,3.326532032801793
2022-02-27,89.81636488564841,3.326532032801793,5.544220054669655,15.523816153075035,1.108844010933931,8.870752087471448,0.0,24.394568240546484,3.326532032801793
2022-02-28,92.03405290751627,3.326532032801793,6.653064065603586,18.85034818587683,2.217688021867862,8.870752087471448,0.0,23.28572422961255,2.217688021867862
2022-03-01,93.1428969184502,3.326532032801793,6.653064065603586,19.959192196810758,2.217688021867862,8.870752087471448,0.0,19.959192196810758,2.217688021867862
2022-03-02,97.57827296218593,3.326532032801793,6.653064065603586,18.85034818587683,2.217688021867862,8.870752087471448,0.0,19.959192196810758,2.217688021867862
2022-03-03,94.25174092938414,3.326532032801793,6.653064065603586,18.85034818587683,2.217688021867862,8.870752087471448,1.108844010933931,19.959192196810758,2.217688021867862
2022-03-04,85.3809888419127,4.435376043735724,5.544220054669655,17.741504174942897,2.217688021867862,7.761908076537518,1.108844010933931,19.959192196810758,2.217688021867862
2022-03-05,87.59867686378055,3.326532032801793,5.544220054669655,15.523816153075035,1.108844010933931,7.761908076537518,0.0,22.17688021867862,2.217688021867862
2022-03-06,96.469428951252,3.326532032801793,5.544220054669655,17.741504174942897,2.217688021867862,8.870752087471448,0.0,24.394568240546484,2.217688021867862
2022-03-07,103.12249301685559,3.326532032801793,5.544220054669655,19.959192196810758,2.217688021867862,8.870752087471448,1.108844010933931,23.28572422961255,2.217688021867862
2022-03-08,103.12249301685559,3.326532032801793,6.653064065603586,22.17688021867862,2.217688021867862,9.979596098405379,0.0,21.06803620774469,2.217688021867862
2022-03-09,96.469428951252,4.435376043735724,7.761908076537518,21.06803620774469,2.217688021867862,9.979596098405379,0.0,21.06803620774469,2.217688021867862
2022-03-10,100.90480499498773,4.435376043735724,7.761908076537518,21.06803620774469,2.217688021867862,9.979596098405379,0.0,21.06803620774469,2.217688021867862
2022-03-11,96.469428951252,3.326532032801793,6.653064065603586,18.85034818587683,2.217688021867862,8.870752087471448,0.0,19.959192196810758,3.326532032801793
2022-03-12,94.25174092938414,3.326532032801793,6.653064065603586,18.85034818587683,2.217688021867862,8.870752087471448,1.108844010933931,21.06803620774469,3.326532032801793
2022-03-13,102.01364900592165,3.326532032801793,6.653064065603586,19.959192196810758,2.217688021867862,8.870752087471448,1.108844010933931,24.394568240546484,3.326532032801793
2022-03-14,99.79596098405379,3.326532032801793,6.653064065603586,18.85034818587683,2.217688021867862,7.761908076537518,1.108844010933931,25.503412251480412,2.217688021867862
2022-03-15,98.68711697311986,3.326532032801793,6.653064065603586,21.06803620774469,2.217688021867862,9.979596098405379,0.0,21.06803620774469,2.217688021867862
2022-03-16,95.36058494031806,3.326532032801793,6.653064065603586,19.959192196810758,2.217688021867862,8.870752087471448,0.0,18.85034818587683,2.217688021867862
2022-03-17,85.3809888419127,3.326532032801793,5.544220054669655,17.741504174942897,2.217688021867862,8.870752087471448,0.0,21.06803620774469,2.217688021867862
2022-03-18,86.48983285284662,3.326532032801793,5.544220054669655,17.741504174942897,2.217688021867862,8.870752087471448,1.108844010933931,18.85034818587683,2.217688021867862
2022-03-19,87.59867686378055,3.326532032801793,6.653064065603586,15.523816153075035,1.108844010933931,7.761908076537518,0.0,21.06803620774469,3.326532032801793
2022-03-20,96.469428951252,3.326532032801793,6.653064065603586,17.741504174942897,2.217688021867862,8.870752087471448,1.108844010933931,24.394568240546484,3.326532032801793
2022-03-21,96.469428951252,4.435376043735724,6.653064065603586,18.85034818587683,2.217688021867862,8.870752087471448,0.0,23.28572422961255,2.217688021867862
2022-03-22,92.03405290751627,3.326532032801793,6.653064065603586,19.959192196810758,2.217688021867862,8.870752087471448,1.108844010933931,21.06803620774469,2.217688021867862
2022-03-23,89.81636488564841,3.326532032801793,6.653064065603586,19.959192196810758,2.217688021867862,8.870752087471448,0.0,22.17688021867862,2.217688021867862
2022-03-24,86.48983285284662,4.435376043735724,7.761908076537518,17.741504174942897,2.217688021867862,8.870752087471448,0.0,21.06803620774469,2.217688021867862
2022-03-25,77.61908076537517,3.326532032801793,5.544220054669655,16.632660164008964,2.217688021867862,7.761908076537518,0.0,18.85034818587683,2.217688021867862
2022-03-26,78.72792477630911,3.326532032801793,5.544220054669655,15.523816153075035,1.108844010933931,7.761908076537518,0.0,19.959192196810758,2.217688021867862
2022-03-27,89.81636488564841,3.326532032801793,6.653064065603586,16.632660164008964,2.217688021867862,7.761908076537518,0.0,24.394568240546484,2.217688021867862
2022-03-28,83.16330082004482,3.326532032801793,5.544220054669655,16.632660164008964,2.217688021867862,7.761908076537518,0.0,19.959192196810758,2.217688021867862
2022-03-29,85.3809888419127,3.326532032801793,5.544220054669655,18.85034818587683,2.217688021867862,7.761908076537518,0.0,18.85034818587683,2.217688021867862
2022-03-30,88.70752087471448,3.326532032801793,6.653064065603586,19.959192196810758,2.217688021867862,8.870752087471448,0.0,21.06803620774469,2.217688021867862
2022-03-31,79.83676878724303,3.326532032801793,5.544220054669655,17.741504174942897,2.217688021867862,7.761908076537518,0.0,19.959192196810758,2.217688021867862
2022-04-01,80.94561279817697,3.326532032801793,5.544220054669655,17.741504174942897,2.217688021867862,7.761908076537518,1.108844010933931,19.959192196810758,2.217688021867862
2022-04-02,90.92520889658235,3.326532032801793,6.653064065603586,19.959192196810758,2.217688021867862,7.761908076537518,0.0,21.06803620774469,3.326532032801793
2022-04-03,110.88440109339311,3.326532032801793,7.761908076537518,24.394568240546484,2.217688021867862,8.870752087471448,0.0,22.17688021867862,3.326532032801793
2022-04-04,97.57827296218593,3.326532032801793,6.653064065603586,22.17688021867862,2.217688021867862,7.761908076537518,0.0,21.06803620774469,2.217688021867862
2022-04-05,87.59867686378055,3.326532032801793,6.653064065603586,18.85034818587683,2.217688021867862,7.761908076537518,0.0,18.85034818587683,2.217688021867862
2022-04-06,89.81636488564841,3.326532032801793,5.544220054669655,19.959192196810758,2.217688021867862,8.870752087471448,0.0,19.959192196810758,2.217688021867862
2022-04-07,83.16330082004482,4.435376043735724,6.653064065603586,18.85034818587683,2.217688021867862,7.761908076537518,0.0,17.741504174942897,2.217688021867862
2022-04-08,80.94561279817697,3.326532032801793,5.544220054669655,17.741504174942897,2.217688021867862,7.761908076537518,0.0,18.85034818587683,3.326532032801793
2022-04-09,79.83676878724303,3.326532032801793,5.544220054669655,14.414972142141103,2.217688021867862,7.761908076537518,0.0,19.959192196810758,2.217688021867862
2022-04-10,86.48983285284662,3.326532032801793,5.544220054669655,16.632660164008964,2.217688021867862,7.761908076537518,0.0,24.394568240546484,2.217688021867862
2022-04-11,86.48983285284662,3.326532032801793,5.544220054669655,18.85034818587683,2.217688021867862,7.761908076537518,0.0,19.959192196810758,2.217688021867862
2022-04-12,85.3809888419127,3.326532032801793,5.544220054669655,17.741504174942897,2.217688021867862,8.870752087471448,0.0,17.741504174942897,2.217688021867862
2022-04-13,83.16330082004482,3.326532032801793,5.544220054669655,17.741504174942897,2.217688021867862,7.761908076537518,0.0,19.959192196810758,2.217688021867862
2022-04-14,82.0544568091109,4.435376043735724,5.544220054669655,17.741504174942897,2.217688021867862,7.761908076537518,0.0,18.85034818587683,2.217688021867862
2022-04-15,80.94561279817697,4.435376043735724,5.544220054669655,15.523816153075035,2.217688021867862,7.761908076537518,0.0,18.85034818587683,2.217688021867862
2022-04-16,73.18370472163944,3.326532032801793,5.544220054669655,13.306128131207172,2.217688021867862,6.653064065603586,0.0,19.959192196810758,2.217688021867862
2022-04-17,83.16330082004482,3.326532032801793,5.544220054669655,14.414972142141103,2.217688021867862,7.761908076537518,0.0,22.17688021867862,2.217688021867862
2022-04-18,89.81636488564841,3.326532032801793,6.653064065603586,18.85034818587683,2.217688021867862,7.761908076537518,0.0,22.17688021867862,2.217688021867862
2022-04-19,88.70752087471448,3.326532032801793,6.653064065603586,21.06803620774469,2.217688021867862,7.761908076537518,0.0,19.959192196810758,2.217688021867862
2022-04-20,82.0544568091109,3.326532032801793,5.544220054669655,18.85034818587683,2.217688021867862,6.653064065603586,0.0,18.85034818587683,2.217688021867862
2022-04-21,84.27214483097876,3.326532032801793,5.544220054669655,17.741504174942897,2.217688021867862,7.761908076537518,0.0,18.85034818587683,2.217688021867862
2022-04-22,75.40139274350732,3.326532032801793,5.544220054669655,15.523816153075035,2.217688021867862,6.653064065603586,0.0,17.741504174942897,2.217688021867862
2022-04-23,75.40139274350732,3.326532032801793,4.435376043735724,14.414972142141103,1.108844010933931,7.761908076537518,0.0,21.06803620774469,2.217688021867862
2022-04-24,80.94561279817697,3.326532032801793,5.544220054669655,15.523816153075035,2.217688021867862,8.870752087471448,0.0,25.503412251480412,2.217688021867862
2022-04-25,85.3809888419127,3.326532032801793,5.544220054669655,17.741504174942897,2.217688021867862,7.761908076537518,0.0,21.06803620774469,2.217688021867862
2022-04-26,86.48983285284662,3.326532032801793,5.544220054669655,18.85034818587683,2.217688021867862,7.761908076537518,0.0,18.85034818587683,2.217688021867862
2022-04-27,82.0544568091109,3.326532032801793,5.544220054669655,17.741504174942897,2.217688021867862,8.870752087471448,0.0,18.85034818587683,2.217688021867862
2022-04-28,75.40139274350732,3.326532032801793,6.653064065603586,16.632660164008964,2.217688021867862,7.761908076537518,0.0,18.85034818587683,2.217688021867862
2022-04-29,72.07486071070552,3.326532032801793,5.544220054669655,15.523816153075035,2.217688021867862,6.653064065603586,1.108844010933931,16.632660164008964,2.217688021867862
2022-04-30,73.18370472163944,3.326532032801793,5.544220054669655,13.306128131207172,1.108844010933931,6.653064065603586,0.0,18.85034818587683,2.217688021867862
2022-05-01,80.94561279817697,3.326532032801793,5.544220054669655,16.632660164008964,2.217688021867862,7.761908076537518,1.108844010933931,22.17688021867862,2.217688021867862
2022-05-02,84.27214483097876,3.326532032801793,5.544220054669655,17.741504174942897,2.217688021867862,7.761908076537518,0.0,19.959192196810758,2.217688021867862
2022-05-03,86.48983285284662,3.326532032801793,5.544220054669655,17.741504174942897,2.217688021867862,7.761908076537518,0.0,18.85034818587683,2.217688021867862
2022-05-04,83.16330082004482,3.326532032801793,5.544220054669655,17.741504174942897,2.217688021867862,7.761908076537518,0.0,16.632660164008964,2.217688021867862
2022-05-05,76.51023675444124,3.326532032801793,5.544220054669655,16.632660164008964,2.217688021867862,7.761908076537518,0.0,16.632660164008964,2.217688021867862
2022-05-06,69.85717268883765,3.326532032801793,5.544220054669655,14.414972142141103,2.217688021867862,6.653064065603586,0.0,15.523816153075035,2.217688021867862
2022-05-07,74.29254873257338,3.326532032801793,5.544220054669655,13.306128131207172,1.108844010933931,6.653064065603586,0.0,17.741504174942897,2.217688021867862
2022-05-08,79.83676878724303,3.326532032801793,5.544220054669655,13.306128131207172,2.217688021867862,7.761908076537518,0.0,21.06803620774469,2.217688021867862
2022-05-09,87.59867686378055,3.326532032801793,5.544220054669655,16.632660164008964,2.217688021867862,7.761908076537518,0.0,19.959192196810758,2.217688021867862
2022-05-10,87.59867686378055,3.326532032801793,5.544220054669655,17.741504174942897,2.217688021867862,8.870752087471448,0.0,18.85034818587683,2.217688021867862
2022-05-11,85.3809888419127,4.435376043735724,5.544220054669655,17.741504174942897,2.217688021867862,7.761908076537518,0.0,18.85034818587683,2.217688021867862
2022-05-12,82.0544568091109,4.435376043735724,5.544220054669655,17.741504174942897,2.217688021867862,7.761908076537518,1.108844010933931,18.85034818587683,2.217688021867862
2022-05-13,82.0544568091109,3.326532032801793,5.544220054669655,16.632660164008964,2.217688021867862,7.761908076537518,0.0,16.632660164008964,2.217688021867862
2022-05-14,78.72792477630911,3.326532032801793,5.544220054669655,13.306128131207172,2.217688021867862,7.761908076537518,0.0,17.741504174942897,2.217688021867862
2022-05-15,84.27214483097876,3.326532032801793,5.544220054669655,15.523816153075035,2.217688021867862,7.761908076537518,1.108844010933931,21.06803620774469,3.326532032801793
2022-05-16,84.27214483097876,3.326532032801793,5.544220054669655,15.523816153075035,2.217688021867862,7.761908076537518,0.0,18.85034818587683,2.217688021867862
2022-05-17,89.81636488564841,3.326532032801793,5.544220054669655,18.85034818587683,2.217688021867862,8.870752087471448,0.0,18.85034818587683,2.217688021867862
2022-05-18,82.0544568091109,4.435376043735724,5.544220054669655,17.741504174942897,2.217688021867862,7.761908076537518,0.0,18.85034818587683,2.217688021867862
2022-05-19,83.16330082004482,4.435376043735724,5.544220054669655,16.632660164008964,2.217688021867862,8.870752087471448,0.0,18.85034818587683,2.217688021867862
2022-05-20,78.72792477630911,3.326532032801793,5.544220054669655,14.414972142141103,2.217688021867862,7.761908076537518,1.108844010933931,17.741504174942897,2.217688021867862
2022-05-21,82.0544568091109,3.326532032801793,5.544220054669655,16.632660164008964,2.217688021867862,8.870752087471448,0.0,18.85034818587683,3.326532032801793
2022-05-22,86.48983285284662,3.326532032801793,5.544220054669655,16.632660164008964,2.217688021867862,7.761908076537518,0.0,22.17688021867862,3.326532032801793
2022-05-23,87.59867686378055,3.326532032801793,5.544220054669655,17.741504174942897,2.217688021867862,7.761908076537518,1.108844010933931,19.959192196810758,2.217688021867862
2022-05-24,90.92520889658235,3.326532032801793,5.544220054669655,18.85034818587683,2.217688021867862,7.761908076537518,0.0,19.959192196810758,2.217688021867862
2022-05-25,79.83676878724303,3.326532032801793,5.544220054669655,17.741504174942897,2.217688021867862,7.761908076537518,0.0,17.741504174942897,2.217688021867862
2022-05-26,79.83676878724303,4.435376043735724,5.544220054669655,17.741504174942897,2.217688021867862,7.761908076537518,0.0,18.85034818587683,2.217688021867862
2022-05-27,83.16330082004482,4.435376043735724,5.544220054669655,15.523816153075035,2.217688021867862,7.761908076537518,1.108844010933931,17.741504174942897,3.326532032801793
2022-05-28,84.27214483097876,3.326532032801793,4.435376043735724,16.632660164008964,1.108844010933931,7.761908076537518,0.0,19.959192196810758,3.326532032801793
2022-05-29,84.27214483097876,3.326532032801793,4.435376043735724,19.959192196810758,1.108844010933931,7.761908076537518,0.0,25.503412251480412,3.326532032801793
2022-05-30,90.92520889658235,3.326532032801793,5.544220054669655,15.523816153075035,2.217688021867862,7.761908076537518,0.0,23.28572422961255,3.326532032801793
2022-05-31,94.25174092938414,3.326532032801793,5.544220054669655,18.85034818587683,2.217688021867862,7.761908076537518,0.0,22.17688021867862,2.217688021867862
2022-06-01,88.70752087471448,4.435376043735724,5.544220054669655,18.85034818587683,2.217688021867862,8.870752087471448,0.0,21.06803620774469,2.217688021867862
2022-06-02,87.59867686378055,4.435376043735724,5.544220054669655,17.741504174942897,2.217688021867862,7.761908076537518,1.108844010933931,19.959192196810758,2.217688021867862
2022-06-03,83.16330082004482,4.435376043735724,5.544220054669655,16.632660164008964,2.217688021867862,7.761908076537518,1.108844010933931,19.959192196810758,3.326532032801793
2022-06-04,84.27214483097876,3.326532032801793,5.544220054669655,14.414972142141103,1.108844010933931,7.761908076537518,0.0,21.06803620774469,3.326532032801793
2022-06-05,92.03405290751627,3.326532032801793,5.544220054669655,14.414972142141103,2.217688021867862,7.761908076537518,1.108844010933931,25.503412251480412,2.217688021867862
2022-06-06,88.70752087471448,3.326532032801793,5.544220054669655,18.85034818587683,2.217688021867862,7.761908076537518,0.0,24.394568240546484,2.217688021867862
2022-06-07,92.03405290751627,3.326532032801793,6.653064065603586,26.612256262414345,2.217688021867862,8.870752087471448,0.0,22.17688021867862,2.217688021867862
2022-06-08,96.469428951252,3.326532032801793,6.653064065603586,31.04763230615007,2.217688021867862,8.870752087471448,0.0,22.17688021867862,2.217688021867862
2022-06-09,90.92520889658235,4.435376043735724,7.761908076537518,29.93878829521614,2.217688021867862,7.761908076537518,0.0,22.17688021867862,3.326532032801793
2022-06-10,87.59867686378055,4.435376043735724,5.544220054669655,22.17688021867862,2.217688021867862,7.761908076537518,1.108844010933931,21.06803620774469,3.326532032801793
2022-06-11,78.72792477630911,3.326532032801793,5.544220054669655,15.523816153075035,2.217688021867862,7.761908076537518,0.0,22.17688021867862,3.326532032801793
2022-06-12,94.25174092938414,4.435376043735724,5.544220054669655,18.85034818587683,2.217688021867862,8.870752087471448,1.108844010933931,26.612256262414345,3.326532032801793
2022-06-13,98.68711697311986,4.435376043735724,6.653064065603586,21.06803620774469,2.217688021867862,7.761908076537518,1.108844010933931,26.612256262414345,3.326532032801793
2022-06-14,94.25174092938414,4.435376043735724,6.653064065603586,21.06803620774469,2.217688021867862,8.870752087471448,0.0,22.17688021867862,2.217688021867862
2022-06-15,88.70752087471448,4.435376043735724,5.544220054669655,19.959192196810758,2.217688021867862,7.761908076537518,0.0,22.17688021867862,2.217688021867862
2022-06-16,93.1428969184502,4.435376043735724,5.544220054669655,22.17688021867862,2.217688021867862,7.761908076537518,1.108844010933931,21.06803620774469,3.326532032801793
2022-06-17,92.03405290751627,4.435376043735724,5.544220054669655,19.959192196810758,2.217688021867862,7.761908076537518,1.108844010933931,21.06803620774469,3.326532032801793
2022-06-18,84.27214483097876,3.326532032801793,5.544220054669655,16.632660164008964,2.217688021867862,7.761908076537518,1.108844010933931,21.06803620774469,3.326532032801793
2022-06-19,88.70752087471448,4.435376043735724,5.544220054669655,17.741504174942897,2.217688021867862,7.761908076537518,1.108844010933931,25.503412251480412,3.326532032801793
2022-06-20,86.48983285284662,4.435376043735724,5.544220054669655,23.28572422961255,2.217688021867862,8.870752087471448,1.108844010933931,25.503412251480412,3.326532032801793
2022-06-21,93.1428969184502,4.435376043735724,5.544220054669655,22.17688021867862,2.217688021867862,7.761908076537518,0.0,23.28572422961255,3.326532032801793
2022-06-22,95.36058494031806,4.435376043735724,5.544220054669655,21.06803620774469,2.217688021867862,7.761908076537518,1.108844010933931,22.17688021867862,3.326532032801793
2022-06-23,95.36058494031806,4.435376043735724,5.544220054669655,18.85034818587683,3.326532032801793,7.761908076537518,1.108844010933931,22.17688021867862,3.326532032801793
2022-06-24,79.83676878724303,4.435376043735724,5.544220054669655,16.632660164008964,2.217688021867862,7.761908076537518,1.108844010933931,21.06803620774469,3.326532032801793
2022-06-25,77.61908076537517,3.326532032801793,4.435376043735724,14.414972142141103,2.217688021867862,7.761908076537518,0.0,22.17688021867862,3.326532032801793
2022-06-26,84.27214483097876,4.435376043735724,4.435376043735724,15.523816153075035,2.217688021867862,8.870752087471448,1.108844010933931,27.721100273348277,3.326532032801793
2022-06-27,93.1428969184502,4.435376043735724,5.544220054669655,18.85034818587683,2.217688021867862,7.761908076537518,1.108844010933931,24.394568240546484,3.326532032801793
2022-06-28,88.70752087471448,4.435376043735724,5.544220054669655,18.85034818587683,2.217688021867862,7.761908076537518,0.0,22.17688021867862,3.326532032801793
2022-06-29,90.92520889658235,4.435376043735724,5.544220054669655,18.85034818587683,2.217688021867862,7.761908076537518,0.0,23.28572422961255,3.326532032801793
2022-06-30,84.27214483097876,4.435376043735724,5.544220054669655,17.741504174942897,2.217688021867862,7.761908076537518,1.108844010933931,21.06803620774469,3.326532032801793
2022-07-01,82.0544568091109,4.435376043735724,4.435376043735724,16.632660164008964,2.217688021867862,7.761908076537518,1.108844010933931,21.06803620774469,4.435376043735724
2022-07-02,77.61908076537517,4.435376043735724,4.435376043735724,14.414972142141103,2.217688021867862,6.653064065603586,1.108844010933931,23.28572422961255,4.435376043735724
2022-07-03,77.61908076537517,3.326532032801793,4.435376043735724,12.197284120273242,2.217688021867862,6.653064065603586,0.0,25.503412251480412,3.326532032801793
2022-07-04,80.94561279817697,3.326532032801793,4.435376043735724,13.306128131207172,2.217688021867862,6.653064065603586,0.0,23.28572422961255,3.326532032801793
2022-07-05,87.59867686378055,4.435376043735724,5.544220054669655,17.741504174942897,2.217688021867862,7.761908076537518,1.108844010933931,23.28572422961255,3.326532032801793
2022-07-06,86.48983285284662,4.435376043735724,5.544220054669655,17.741504174942897,2.217688021867862,7.761908076537518,0.0,22.17688021867862,2.217688021867862
2022-07-07,82.0544568091109,4.435376043735724,5.544220054669655,17.741504174942897,2.217688021867862,7.761908076537518,1.108844010933931,21.06803620774469,2.217688021867862
2022-07-08,82.0544568091109,3.326532032801793,5.544220054669655,16.632660164008964,2.217688021867862,7.761908076537518,0.0,23.28572422961255,2.217688021867862
2022-07-09,76.51023675444124,3.326532032801793,4.435376043735724,14.414972142141103,2.217688021867862,6.653064065603586,1.108844010933931,22.17688021867862,3.326532032801793
2022-07-10,84.27214483097876,3.326532032801793,4.435376043735724,14.414972142141103,2.217688021867862,7.761908076537518,0.0,26.612256262414345,3.326532032801793
2022-07-11,85.3809888419127,4.435376043735724,5.544220054669655,18.85034818587683,2.217688021867862,7.761908076537518,0.0,25.503412251480412,3.326532032801793
2022-07-12,85.3809888419127,3.326532032801793,5.544220054669655,18.85034818587683,2.217688021867862,7.761908076537518,0.0,22.17688021867862,2.217688021867862
2022-07-13,82.0544568091109,4.435376043735724,5.544220054669655,17.741504174942897,2.217688021867862,7.761908076537518,0.0,21.06803620774469,2.217688021867862
2022-07-14,79.97359105993723,4.526807041128523,6.035742721504697,18.10722816451409,3.0178713607523484,7.544678401880871,0.0,22.63403520564261,3.0178713607523484
2022-07-15,76.95571969918488,4.526807041128523,4.526807041128523,16.598292484137914,3.0178713607523484,7.544678401880871,0.0,21.12509952526644,3.0178713607523484
2022-07-16,76.95571969918488,3.0178713607523484,4.526807041128523,13.580421123385568,1.5089356803761742,7.544678401880871,0.0,22.63403520564261,3.0178713607523484
2022-07-17,86.00933378144192,4.526807041128523,4.526807041128523,15.089356803761742,1.5089356803761742,7.544678401880871,0.0,27.160842246771136,3.0178713607523484
2022-07-18,89.02720514219428,4.526807041128523,6.035742721504697,18.10722816451409,3.0178713607523484,7.544678401880871,0.0,25.651906566394963,3.0178713607523484
2022-07-19,89.02720514219428,4.526807041128523,4.526807041128523,18.10722816451409,3.0178713607523484,7.544678401880871,0.0,22.63403520564261,3.0178713607523484
2022-07-20,84.50039810106576,4.526807041128523,6.035742721504697,18.10722816451409,3.0178713607523484,7.544678401880871,0.0,21.12509952526644,3.0178713607523484
2022-07-21,81.4825267403134,4.526807041128523,6.035742721504697,18.10722816451409,3.0178713607523484,7.544678401880871,0.0,21.12509952526644,3.0178713607523484
2022-07-22,79.97359105993723,4.526807041128523,4.526807041128523,16.598292484137914,3.0178713607523484,7.544678401880871,0.0,21.12509952526644,3.0178713607523484
2022-07-23,75.44678401880871,3.0178713607523484,4.526807041128523,13.580421123385568,1.5089356803761742,7.544678401880871,0.0,21.12509952526644,3.0178713607523484
2022-07-24,84.50039810106576,3.0178713607523484,4.526807041128523,15.089356803761742,1.5089356803761742,7.544678401880871,0.0,25.651906566394963,3.0178713607523484
2022-07-25,96.57188354407515,4.526807041128523,6.035742721504697,18.10722816451409,3.0178713607523484,7.544678401880871,0.0,22.63403520564261,3.0178713607523484
2022-07-26,86.00933378144192,3.0178713607523484,6.035742721504697,18.10722816451409,3.0178713607523484,7.544678401880871,0.0,21.12509952526644,3.0178713607523484
2022-07-27,82.99146242068959,3.0178713607523484,6.035742721504697,16.598292484137914,3.0178713607523484,7.544678401880871,0.0,19.616163844890266,3.0178713607523484
2022-07-28,81.4825267403134,4.526807041128523,7.544678401880871,16.598292484137914,3.0178713607523484,7.544678401880871,0.0,19.616163844890266,3.0178713607523484
2022-07-29,81.4825267403134,4.526807041128523,7.544678401880871,16.598292484137914,3.0178713607523484,7.544678401880871,0.0,21.12509952526644,3.0178713607523484
2022-07-30,70.9199769776802,3.0178713607523484,6.035742721504697,12.071485443009394,1.5089356803761742,6.035742721504697,0.0,19.616163844890266,3.0178713607523484
2022-07-31,84.50039810106576,3.0178713607523484,6.035742721504697,13.580421123385568,1.5089356803761742,7.544678401880871,0.0,24.142970886018787,3.0178713607523484
2022-08-01,86.00933378144192,4.526807041128523,6.035742721504697,16.598292484137914,3.0178713607523484,7.544678401880871,0.0,22.63403520564261,3.0178713607523484
2022-08-02,87.51826946181811,3.0178713607523484,6.035742721504697,16.598292484137914,3.0178713607523484,7.544678401880871,0.0,22.63403520564261,3.0178713607523484
2022-08-03,81.4825267403134,4.526807041128523,6.035742721504697,16.598292484137914,3.0178713607523484,7.544678401880871,0.0,21.12509952526644,3.0178713607523484
2022-08-04,81.4825267403134,4.526807041128523,6.035742721504697,18.10722816451409,3.0178713607523484,7.544678401880871,0.0,21.12509952526644,3.0178713607523484
2022-08-05,81.4825267403134,4.526807041128523,6.035742721504697,16.598292484137914,3.0178713607523484,7.544678401880871,0.0,21.12509952526644,3.0178713607523484
2022-08-06,73.93784833843253,3.0178713607523484,4.526807041128523,13.580421123385568,1.5089356803761742,7.544678401880871,0.0,19.616163844890266,3.0178713607523484
2022-08-07,82.99146242068959,3.0178713607523484,4.526807041128523,15.089356803761742,1.5089356803761742,6.035742721504697,0.0,21.12509952526644,3.0178713607523484
2022-08-08,81.4825267403134,4.526807041128523,6.035742721504697,16.598292484137914,3.0178713607523484,6.035742721504697,0.0,22.63403520564261,3.0178713607523484
2022-08-09,84.50039810106576,3.0178713607523484,6.035742721504697,18.10722816451409,3.0178713607523484,7.544678401880871,0.0,19.616163844890266,3.0178713607523484
2022-08-10,82.99146242068959,4.526807041128523,6.035742721504697,18.10722816451409,3.0178713607523484,7.544678401880871,0.0,19.616163844890266,3.0178713607523484
2022-08-11,86.00933378144192,4.526807041128523,6.035742721504697,18.10722816451409,3.0178713607523484,7.544678401880871,0.0,19.616163844890266,3.0178713607523484
2022-08-12,75.44678401880871,4.526807041128523,4.526807041128523,13.580421123385568,1.5089356803761742,6.035742721504697,0.0,19.616163844890266,3.0178713607523484
2022-08-13,69.41104129730401,3.0178713607523484,4.526807041128523,12.071485443009394,1.5089356803761742,6.035742721504697,0.0,19.616163844890266,3.0178713607523484
2022-08-14,81.4825267403134,3.0178713607523484,4.526807041128523,13.580421123385568,1.5089356803761742,7.544678401880871,0.0,27.160842246771136,3.0178713607523484
2022-08-15,82.99146242068959,3.0178713607523484,4.526807041128523,16.598292484137914,3.0178713607523484,6.035742721504697,0.0,21.12509952526644,3.0178713607523484
2022-08-16,81.4825267403134,3.0178713607523484,4.526807041128523,18.10722816451409,3.0178713607523484,7.544678401880871,0.0,18.10722816451409,3.0178713607523484
2022-08-17,79.97359105993723,3.0178713607523484,4.526807041128523,18.10722816451409,3.0178713607523484,7.544678401880871,0.0,18.10722816451409,3.0178713607523484
2022-08-18,78.46465537956107,4.526807041128523,4.526807041128523,16.598292484137914,3.0178713607523484,6.035742721504697,0.0,18.10722816451409,3.0178713607523484
2022-08-19,73.93784833843253,3.0178713607523484,4.526807041128523,15.089356803761742,3.0178713607523484,6.035742721504697,0.0,16.598292484137914,3.0178713607523484
2022-08-20,69.41104129730401,3.0178713607523484,4.526807041128523,12.071485443009394,1.5089356803761742,6.035742721504697,0.0,18.10722816451409,3.0178713607523484
2022-08-21,81.4825267403134,3.0178713607523484,4.526807041128523,15.089356803761742,1.5089356803761742,6.035742721504697,0.0,22.63403520564261,3.0178713607523484
2022-08-22,86.00933378144192,3.0178713607523484,4.526807041128523,16.598292484137914,3.0178713607523484,6.035742721504697,0.0,18.10722816451409,3.0178713607523484
2022-08-23,86.00933378144192,3.0178713607523484,4.526807041128523,18.10722816451409,3.0178713607523484,7.544678401880871,0.0,19.616163844890266,3.0178713607523484
2022-08-24,79.97359105993723,3.0178713607523484,4.526807041128523,16.598292484137914,1.5089356803761742,7.544678401880871,0.0,16.598292484137914,1.5089356803761742
2022-08-25,73.93784833843253,3.0178713607523484,4.526807041128523,16.598292484137914,1.5089356803761742,6.035742721504697,0.0,16.598292484137914,3.0178713607523484
2022-08-26,69.41104129730401,3.0178713607523484,4.526807041128523,13.580421123385568,1.5089356803761742,6.035742721504697,0.0,16.598292484137914,3.0178713607523484
2022-08-27,72.42891265805636,3.0178713607523484,4.526807041128523,12.071485443009394,1.5089356803761742,6.035742721504697,0.0,16.598292484137914,3.0178713607523484
2022-08-28,79.97359105993723,3.0178713607523484,4.526807041128523,13.580421123385568,1.5089356803761742,7.544678401880871,0.0,21.12509952526644,3.0178713607523484
2022-08-29,78.46465537956107,3.0178713607523484,4.526807041128523,15.089356803761742,1.5089356803761742,7.544678401880871,0.0,18.10722816451409,3.0178713607523484
2022-08-30,79.97359105993723,3.0178713607523484,4.526807041128523,16.598292484137914,1.5089356803761742,7.544678401880871,0.0,16.598292484137914,1.5089356803761742
2022-08-31,76.95571969918488,3.0178713607523484,4.526807041128523,15.089356803761742,3.0178713607523484,6.035742721504697,0.0,18.10722816451409,3.0178713607523484
2022-09-01,73.93784833843253,4.526807041128523,4.526807041128523,15.089356803761742,3.0178713607523484,7.544678401880871,0.0,16.598292484137914,3.0178713607523484
2022-09-02,70.9199769776802,4.526807041128523,4.526807041128523,15.089356803761742,1.5089356803761742,7.544678401880871,0.0,16.598292484137914,3.0178713607523484
2022-09-03,64.88423425617549,3.0178713607523484,4.526807041128523,12.071485443009394,1.5089356803761742,6.035742721504697,0.0,16.598292484137914,3.0178713607523484
2022-09-04,70.9199769776802,3.0178713607523484,4.526807041128523,12.071485443009394,1.5089356803761742,6.035742721504697,0.0,19.616163844890266,3.0178713607523484
2022-09-05,81.4825267403134,3.0178713607523484,4.526807041128523,15.089356803761742,1.5089356803761742,7.544678401880871,0.0,21.12509952526644,3.0178713607523484
2022-09-06,79.97359105993723,3.0178713607523484,4.526807041128523,16.598292484137914,3.0178713607523484,7.544678401880871,0.0,18.10722816451409,1.5089356803761742
2022-09-07,78.46465537956107,3.0178713607523484,4.526807041128523,19.616163844890266,1.5089356803761742,7.544678401880871,0.0,15.089356803761742,1.5089356803761742
2022-09-08,72.42891265805636,3.0178713607523484,6.035742721504697,18.10722816451409,1.5089356803761742,6.035742721504697,0.0,13.580421123385568,1.5089356803761742
2022-09-09,69.41104129730401,3.0178713607523484,6.035742721504697,15.089356803761742,1.5089356803761742,6.035742721504697,0.0,15.089356803761742,3.0178713607523484
2022-09-10,67.90210561692784,3.0178713607523484,4.526807041128523,12.071485443009394,1.5089356803761742,6.035742721504697,0.0,15.089356803761742,3.0178713607523484
2022-09-11,73.93784833843253,3.0178713607523484,4.526807041128523,12.071485443009394,1.5089356803761742,6.035742721504697,0.0,16.598292484137914,3.0178713607523484
2022-09-12,81.4825267403134,3.0178713607523484,4.526807041128523,16.598292484137914,3.0178713607523484,6.035742721504697,0.0,16.598292484137914,1.5089356803761742
2022-09-13,79.97359105993723,3.0178713607523484,4.526807041128523,16.598292484137914,1.5089356803761742,7.544678401880871,0.0,16.598292484137914,1.5089356803761742
2022-09-14,78.46465537956107,3.0178713607523484,4.526807041128523,16.598292484137914,1.5089356803761742,7.544678401880871,0.0,16.598292484137914,1.5089356803761742
2022-09-15,73.93784833843253,4.526807041128523,4.526807041128523,16.598292484137914,3.0178713607523484,6.035742721504697,0.0,15.089356803761742,3.0178713607523484
2022-09-16,69.41104129730401,4.526807041128523,4.526807041128523,15.089356803761742,1.5089356803761742,6.035742721504697,0.0,15.089356803761742,3.0178713607523484
2022-09-17,67.90210561692784,3.0178713607523484,4.526807041128523,13.580421123385568,1.5089356803761742,6.035742721504697,0.0,15.089356803761742,3.0178713607523484
2022-09-18,72.42891265805636,3.0178713607523484,4.526807041128523,12.071485443009394,1.5089356803761742,6.035742721504697,0.0,16.598292484137914,3.0178713607523484
2022-09-19,76.95571969918488,3.0178713607523484,4.526807041128523,15.089356803761742,3.0178713607523484,6.035742721504697,0.0,16.598292484137914,3.0178713607523484
2022-09-20,76.95571969918488,3.0178713607523484,6.035742721504697,18.10722816451409,3.0178713607523484,7.544678401880871,0.0,15.089356803761742,3.0178713607523484
2022-09-21,75.44678401880871,3.0178713607523484,7.544678401880871,15.089356803761742,3.0178713607523484,6.035742721504697,0.0,15.089356803761742,1.5089356803761742
2022-09-22,73.93784833843253,3.0178713607523484,4.526807041128523,15.089356803761742,1.5089356803761742,7.544678401880871,0.0,13.580421123385568,3.0178713607523484
2022-09-23,72.42891265805636,3.0178713607523484,4.526807041128523,13.580421123385568,1.5089356803761742,6.035742721504697,0.0,12.071485443009394,3.0178713607523484
2022-09-24,63.37529857579932,3.0178713607523484,4.526807041128523,12.071485443009394,1.5089356803761742,6.035742721504697,0.0,13.580421123385568,3.0178713607523484
2022-09-25,72.42891265805636,3.0178713607523484,4.526807041128523,12.071485443009394,1.5089356803761742,6.035742721504697,0.0,16.598292484137914,3.0178713607523484
2022-09-26,75.44678401880871,3.0178713607523484,6.035742721504697,15.089356803761742,3.0178713607523484,6.035742721504697,0.0,15.089356803761742,3.0178713607523484
2022-09-27,86.00933378144192,3.0178713607523484,6.035742721504697,16.598292484137914,1.5089356803761742,6.035742721504697,0.0,15.089356803761742,3.0178713607523484
2022-09-28,75.44678401880871,3.0178713607523484,4.526807041128523,15.089356803761742,1.5089356803761742,6.035742721504697,0.0,12.071485443009394,3.0178713607523484
2022-09-29,70.9199769776802,3.0178713607523484,4.526807041128523,13.580421123385568,1.5089356803761742,6.035742721504697,0.0,12.071485443009394,3.0178713607523484
2022-09-30,66.39316993655166,3.0178713607523484,4.526807041128523,13.580421123385568,1.5089356803761742,6.035742721504697,0.0,13.580421123385568,3.0178713607523484
2022-10-01,67.90210561692784,3.0178713607523484,4.526807041128523,12.071485443009394,1.5089356803761742,6.035742721504697,0.0,13.580421123385568,3.0178713607523484
2022-10-02,69.41104129730401,3.0178713607523484,4.526807041128523,12.071485443009394,1.5089356803761742,6.035742721504697,0.0,16.598292484137914,3.0178713607523484
2022-10-03,73.93784833843253,3.0178713607523484,4.526807041128523,15.089356803761742,1.5089356803761742,6.035742721504697,0.0,15.089356803761742,1.5089356803761742
2022-10-04,78.46465537956107,3.0178713607523484,6.035742721504697,19.616163844890266,1.5089356803761742,7.544678401880871,0.0,15.089356803761742,1.5089356803761742
2022-10-05,76.95571969918488,4.526807041128523,6.035742721504697,21.12509952526644,1.5089356803761742,7.544678401880871,0.0,15.089356803761742,1.5089356803761742
2022-10-06,78.46465537956107,4.526807041128523,6.035742721504697,21.12509952526644,1.5089356803761742,7.544678401880871,0.0,15.089356803761742,3.0178713607523484
2022-10-07,70.9199769776802,4.526807041128523,4.526807041128523,16.598292484137914,1.5089356803761742,7.544678401880871,0.0,13.580421123385568,3.0178713607523484
2022-10-08,66.39316993655166,3.0178713607523484,4.526807041128523,12.071485443009394,1.5089356803761742,6.035742721504697,0.0,13.580421123385568,3.0178713607523484
2022-10-09,70.9199769776802,3.0178713607523484,4.526807041128523,12.071485443009394,1.5089356803761742,6.035742721504697,0.0,16.598292484137914,1.5089356803761742
2022-10-10,76.95571969918488,3.0178713607523484,4.526807041128523,16.598292484137914,3.0178713607523484,6.035742721504697,0.0,16.598292484137914,1.5089356803761742
2022-10-11,79.97359105993723,3.0178713607523484,4.526807041128523,15.089356803761742,1.5089356803761742,6.035742721504697,0.0,16.598292484137914,1.5089356803761742
2022-10-12,73.93784833843253,3.0178713607523484,4.526807041128523,15.089356803761742,1.5089356803761742,7.544678401880871,0.0,13.580421123385568,1.5089356803761742
2022-10-13,70.9199769776802,4.526807041128523,4.526807041128523,15.089356803761742,3.0178713607523484,6.035742721504697,0.0,15.089356803761742,3.0178713607523484
2022-10-14,69.41104129730401,4.526807041128523,4.526807041128523,13.580421123385568,1.5089356803761742,6.035742721504697,0.0,13.580421123385568,3.0178713607523484
2022-10-15,64.88423425617549,3.0178713607523484,4.526807041128523,12.071485443009394,1.5089356803761742,6.035742721504697,0.0,13.580421123385568,1.5089356803761742
2022-10-16,67.90210561692784,3.0178713607523484,4.526807041128523,12.071485443009394,1.5089356803761742,6.035742721504697,0.0,16.598292484137914,3.0178713607523484
2022-10-17,73.93784833843253,3.0178713607523484,4.526807041128523,15.089356803761742,3.0178713607523484,6.035742721504697,0.0,16.598292484137914,1.5089356803761742
2022-10-18,76.95571969918488,4.526807041128523,6.035742721504697,15.089356803761742,1.5089356803761742,7.544678401880871,0.0,15.089356803761742,1.5089356803761742
2022-10-19,70.9199769776802,3.0178713607523484,6.035742721504697,15.089356803761742,1.5089356803761742,6.035742721504697,0.0,13.580421123385568,1.5089356803761742
2022-10-20,72.42891265805636,4.526807041128523,4.526807041128523,13.580421123385568,3.0178713607523484,6.035742721504697,0.0,13.580421123385568,1.5089356803761742
2022-10-21,66.39316993655166,4.526807041128523,4.526807041128523,13.580421123385568,1.5089356803761742,6.035742721504697,0.0,13.580421123385568,3.0178713607523484
2022-10-22,64.88423425617549,3.0178713607523484,4.526807041128523,10.56254976263322,1.5089356803761742,6.035742721504697,0.0,13.580421123385568,3.0178713607523484
2022-10-23,69.41104129730401,3.0178713607523484,4.526807041128523,12.071485443009394,1.5089356803761742,6.035742721504697,0.0,16.598292484137914,1.5089356803761742
2022-10-24,72.42891265805636,3.0178713607523484,4.526807041128523,15.089356803761742,1.5089356803761742,7.544678401880871,0.0,15.089356803761742,1.5089356803761742
2022-10-25,73.93784833843253,3.0178713607523484,4.526807041128523,16.598292484137914,3.0178713607523484,7.544678401880871,0.0,16.598292484137914,1.5089356803761742
2022-10-26,72.42891265805636,3.0178713607523484,6.035742721504697,15.089356803761742,1.5089356803761742,6.035742721504697,0.0,15.089356803761742,1.5089356803761742
2022-10-27,69.41104129730401,4.526807041128523,6.035742721504697,15.089356803761742,1.5089356803761742,6.035742721504697,0.0,13.580421123385568,3.0178713607523484
2022-10-28,66.39316993655166,3.0178713607523484,4.526807041128523,15.089356803761742,1.5089356803761742,6.035742721504697,0.0,12.071485443009394,3.0178713607523484
2022-10-29,58.84849153467079,3.0178713607523484,4.526807041128523,10.56254976263322,1.5089356803761742,6.035742721504697,0.0,13.580421123385568,3.0178713607523484
2022-10-30,64.88423425617549,3.0178713607523484,4.526807041128523,10.56254976263322,1.5089356803761742,6.035742721504697,0.0,16.598292484137914,1.5089356803761742
2022-10-31,69.41104129730401,3.0178713607523484,4.526807041128523,13.580421123385568,1.5089356803761742,6.035742721504697,0.0,15.089356803761742,1.5089356803761742
2022-11-01,72.42891265805636,3.0178713607523484,4.526807041128523,15.089356803761742,1.5089356803761742,6.035742721504697,0.0,15.089356803761742,1.5089356803761742
2022-11-02,76.95571969918488,3.0178713607523484,4.526807041128523,13.580421123385568,1.5089356803761742,6.035742721504697,0.0,15.089356803761742,1.5089356803761742
2022-11-03,70.9199769776802,4.526807041128523,6.035742721504697,15.089356803761742,1.5089356803761742,6.035742721504697,0.0,15.089356803761742,1.5089356803761742
2022-11-04,69.41104129730401,3.0178713607523484,4.526807041128523,13.580421123385568,1.5089356803761742,6.035742721504697,0.0,13.580421123385568,3.0178713607523484
2022-11-05,67.90210561692784,3.0178713607523484,4.526807041128523,12.071485443009394,3.0178713607523484,6.035742721504697,0.0,13.580421123385568,3.0178713607523484
2022-11-06,67.90210561692784,3.0178713607523484,4.526807041128523,10.56254976263322,3.0178713607523484,6.035742721504697,0.0,18.10722816451409,1.5089356803761742
2022-11-07,72.42891265805636,3.0178713607523484,6.035742721504697,13.580421123385568,3.0178713607523484,6.035742721504697,0.0,16.598292484137914,1.5089356803761742
2022-11-08,73.93784833843253,3.0178713607523484,7.544678401880871,13.580421123385568,3.0178713607523484,6.035742721504697,0.0,13.580421123385568,1.5089356803761742
2022-11-09,69.41104129730401,3.0178713607523484,7.544678401880871,13.580421123385568,1.5089356803761742,6.035742721504697,0.0,13.580421123385568,1.5089356803761742
2022-11-10,70.9199769776802,3.0178713607523484,6.035742721504697,13.580421123385568,1.5089356803761742,6.035742721504697,0.0,13.580421123385568,3.0178713607523484
2022-11-11,67.90210561692784,3.0178713607523484,4.526807041128523,12.071485443009394,1.5089356803761742,6.035742721504697,0.0,13.580421123385568,3.0178713607523484
2022-11-12,64.88423425617549,3.0178713607523484,4.526807041128523,10.56254976263322,1.5089356803761742,6.035742721504697,0.0,15.089356803761742,3.0178713607523484
2022-11-13,66.39316993655166,3.0178713607523484,6.035742721504697,10.56254976263322,1.5089356803761742,6.035742721504697,0.0,19.616163844890266,3.0178713607523484
2022-11-14,72.42891265805636,3.0178713607523484,6.035742721504697,13.580421123385568,3.0178713607523484,6.035742721504697,0.0,16.598292484137914,1.5089356803761742
2022-11-15,75.44678401880871,3.0178713607523484,6.035742721504697,15.089356803761742,1.5089356803761742,6.035742721504697,0.0,16.598292484137914,1.5089356803761742
2022-11-16,73.93784833843253,4.526807041128523,7.544678401880871,12.071485443009394,3.0178713607523484,6.035742721504697,0.0,16.598292484137914,1.5089356803761742
2022-11-17,69.41104129730401,4.526807041128523,12.071485443009394,13.580421123385568,3.0178713607523484,6.035742721504697,0.0,15.089356803761742,3.0178713607523484
2022-11-18,69.41104129730401,4.526807041128523,10.56254976263322,12.071485443009394,1.5089356803761742,6.035742721504697,0.0,15.089356803761742,3.0178713607523484
2022-11-19,67.90210561692784,4.526807041128523,7.544678401880871,12.071485443009394,1.5089356803761742,6.035742721504697,0.0,16.598292484137914,3.0178713607523484
2022-11-20,67.90210561692784,4.526807041128523,6.035742721504697,12.071485443009394,1.5089356803761742,6.035742721504697,0.0,18.10722816451409,3.0178713607523484
2022-11-21,67.90210561692784,4.526807041128523,6.035742721504697,12.071485443009394,1.5089356803761742,6.035742721504697,0.0,18.10722816451409,3.0178713607523484
2022-11-22,67.90210561692784,4.526807041128523,6.035742721504697,12.071485443009394,3.0178713607523484,6.035742721504697,0.0,15.089356803761742,3.0178713607523484
2022-11-23,66.39316993655166,4.526807041128523,6.035742721504697,10.56254976263322,3.0178713607523484,6.035742721504697,0.0,18.10722816451409,3.0178713607523484
2022-11-24,57.339555854294616,3.0178713607523484,4.526807041128523,9.053614082257045,1.5089356803761742,4.526807041128523,0.0,19.616163844890266,3.0178713607523484
2022-11-25,69.41104129730401,3.0178713607523484,6.035742721504697,12.071485443009394,1.5089356803761742,6.035742721504697,0.0,22.63403520564261,1.5089356803761742
2022-11-26,64.88423425617549,3.0178713607523484,4.526807041128523,10.56254976263322,1.5089356803761742,6.035742721504697,0.0,21.12509952526644,1.5089356803761742
2022-11-27,76.95571969918488,3.0178713607523484,6.035742721504697,12.071485443009394,3.0178713607523484,6.035742721504697,0.0,27.160842246771136,3.0178713607523484
2022-11-28,81.4825267403134,3.0178713607523484,6.035742721504697,16.598292484137914,3.0178713607523484,6.035742721504697,0.0,21.12509952526644,3.0178713607523484
2022-11-29,89.02720514219428,3.0178713607523484,6.035742721504697,18.10722816451409,1.5089356803761742,7.544678401880871,0.0,18.10722816451409,1.5089356803761742
2022-11-30,78.46465537956107,3.0178713607523484,6.035742721504697,13.580421123385568,1.5089356803761742,6.035742721504697,0.0,16.598292484137914,1.5089356803761742
2022-12-01,72.42891265805636,3.0178713607523484,4.526807041128523,13.580421123385568,1.5089356803761742,6.035742721504697,0.0,16.598292484137914,1.5089356803761742
2022-12-02,63.37529857579932,3.0178713607523484,4.526807041128523,10.56254976263322,1.5089356803761742,6.035742721504697,0.0,18.10722816451409,1.5089356803761742
2022-12-03,63.37529857579932,3.0178713607523484,4.526807041128523,9.053614082257045,1.5089356803761742,6.035742721504697,0.0,18.10722816451409,1.5089356803761742
2022-12-04,69.41104129730401,3.0178713607523484,4.526807041128523,10.56254976263322,1.5089356803761742,6.035742721504697,0.0,21.12509952526644,1.5089356803761742
2022-12-05,73.93784833843253,3.0178713607523484,4.526807041128523,12.071485443009394,1.5089356803761742,6.035742721504697,0.0,19.616163844890266,1.5089356803761742
2022-12-06,69.41104129730401,3.0178713607523484,4.526807041128523,13.580421123385568,1.5089356803761742,7.544678401880871,0.0,18.10722816451409,1.5089356803761742
2022-12-07,70.9199769776802,3.0178713607523484,4.526807041128523,12.071485443009394,1.5089356803761742,7.544678401880871,0.0,18.10722816451409,1.5089356803761742
2022-12-08,67.90210561692784,3.0178713607523484,4.526807041128523,12.071485443009394,1.5089356803761742,6.035742721504697,0.0,18.10722816451409,1.5089356803761742
2022-12-09,61.866362895423144,3.0178713607523484,4.526807041128523,10.56254976263322,1.5089356803761742,6.035742721504697,0.0,18.10722816451409,1.5089356803761742
2022-12-10,60.35742721504697,3.0178713607523484,4.526807041128523,9.053614082257045,1.5089356803761742,6.035742721504697,0.0,21.12509952526644,1.5089356803761742
2022-12-11,64.88423425617549,3.0178713607523484,4.526807041128523,10.56254976263322,1.5089356803761742,6.035742721504697,0.0,27.160842246771136,3.0178713607523484
2022-12-12,67.90210561692784,3.0178713607523484,4.526807041128523,12.071485443009394,3.0178713607523484,6.035742721504697,0.0,22.63403520564261,1.5089356803761742
2022-12-13,69.41104129730401,3.0178713607523484,4.526807041128523,12.071485443009394,1.5089356803761742,6.035742721504697,0.0,19.616163844890266,1.5089356803761742
2022-12-14,67.90210561692784,3.0178713607523484,4.526807041128523,10.56254976263322,1.5089356803761742,6.035742721504697,0.0,18.10722816451409,3.0178713607523484
2022-12-15,67.90210561692784,3.0178713607523484,4.526807041128523,12.071485443009394,1.5089356803761742,6.035742721504697,0.0,19.616163844890266,3.0178713607523484
2022-12-16,66.39316993655166,3.0178713607523484,4.526807041128523,12.071485443009394,1.5089356803761742,6.035742721504697,0.0,21.12509952526644,3.0178713607523484
2022-12-17,67.90210561692784,4.526807041128523,4.526807041128523,10.56254976263322,1.5089356803761742,6.035742721504697,0.0,24.142970886018787,3.0178713607523484
2022-12-18,61.866362895423144,3.0178713607523484,4.526807041128523,10.56254976263322,1.5089356803761742,4.526807041128523,0.0,27.160842246771136,3.0178713607523484
2022-12-19,73.93784833843253,4.526807041128523,4.526807041128523,12.071485443009394,3.0178713607523484,6.035742721504697,0.0,25.651906566394963,3.0178713607523484
2022-12-20,76.95571969918488,4.526807041128523,4.526807041128523,13.580421123385568,3.0178713607523484,6.035742721504697,0.0,22.63403520564261,3.0178713607523484
2022-12-21,79.97359105993723,4.526807041128523,6.035742721504697,15.089356803761742,3.0178713607523484,6.035742721504697,0.0,22.63403520564261,4.526807041128523
2022-12-22,89.02720514219428,4.526807041128523,6.035742721504697,16.598292484137914,1.5089356803761742,6.035742721504697,0.0,24.142970886018787,6.035742721504697
2022-12-23,98.08081922445132,4.526807041128523,6.035742721504697,15.089356803761742,1.5089356803761742,6.035742721504697,0.0,30.178713607523484,7.544678401880871
2022-12-24,89.02720514219428,4.526807041128523,4.526807041128523,18.10722816451409,1.5089356803761742,4.526807041128523,1.5089356803761742,36.21445632902818,7.544678401880871
2022-12-25,82.99146242068959,3.0178713607523484,4.526807041128523,15.089356803761742,1.5089356803761742,6.035742721504697,0.0,55.83062017391845,6.035742721504697
2022-12-26,116.18804738896542,4.526807041128523,7.544678401880871,31.68764928789966,1.5089356803761742,7.544678401880871,0.0,37.72339200940436,6.035742721504697
2022-12-27,149.38463235724126,3.0178713607523484,9.053614082257045,64.88423425617549,3.0178713607523484,9.053614082257045,0.0,27.160842246771136,4.526807041128523
2022-12-28,116.18804738896542,3.0178713607523484,7.544678401880871,49.79487745241375,3.0178713607523484,7.544678401880871,0.0,22.63403520564261,4.526807041128523
2022-12-29,95.06294786369898,3.0178713607523484,6.035742721504697,39.23232768978053,3.0178713607523484,7.544678401880871,0.0,22.63403520564261,3.0178713607523484
2022-12-30,81.4825267403134,3.0178713607523484,4.526807041128523,24.142970886018787,3.0178713607523484,6.035742721504697,0.0,21.12509952526644,3.0178713607523484
2022-12-31,72.42891265805636,3.0178713607523484,4.526807041128523,15.089356803761742,1.5089356803761742,6.035742721504697,0.0,21.12509952526644,3.0178713607523484
2023-01-01,75.44678401880871,3.0178713607523484,4.526807041128523,12.071485443009394,1.5089356803761742,6.035742721504697,0.0,22.63403520564261,3.0178713607523484
2023-01-02,93.5540121833228,3.0178713607523484,6.035742721504697,16.598292484137914,3.0178713607523484,7.544678401880871,0.0,24.142970886018787,3.0178713607523484
2023-01-03,98.08081922445132,3.0178713607523484,6.035742721504697,16.598292484137914,3.0178713607523484,6.035742721504697,0.0,21.12509952526644,3.0178713607523484
2023-01-04,99.5897549048275,3.0178713607523484,6.035742721504697,19.616163844890266,3.0178713607523484,7.544678401880871,0.0,22.63403520564261,3.0178713607523484
2023-01-05,92.04507650294663,3.0178713607523484,6.035742721504697,16.598292484137914,3.0178713607523484,7.544678401880871,0.0,19.616163844890266,3.0178713607523484
2023-01-06,89.02720514219428,3.0178713607523484,6.035742721504697,16.598292484137914,3.0178713607523484,7.544678401880871,0.0,19.616163844890266,3.0178713607523484
2023-01-07,87.51826946181811,3.0178713607523484,6.035742721504697,12.071485443009394,1.5089356803761742,7.544678401880871,0.0,19.616163844890266,3.0178713607523484
2023-01-08,87.51826946181811,3.0178713607523484,4.526807041128523,12.071485443009394,3.0178713607523484,7.544678401880871,0.0,24.142970886018787,3.0178713607523484
2023-01-09,93.5540121833228,3.0178713607523484,6.035742721504697,15.089356803761742,3.0178713607523484,7.544678401880871,0.0,21.12509952526644,1.5089356803761742
2023-01-10,96.57188354407515,3.0178713607523484,7.544678401880871,18.10722816451409,3.0178713607523484,7.544678401880871,0.0,21.12509952526644,1.5089356803761742
2023-01-11,150.89356803761743,3.0178713607523484,7.544678401880871,21.12509952526644,3.0178713607523484,9.053614082257045,0.0,19.616163844890266,4.526807041128523
2023-01-12,102.60762626557985,3.0178713607523484,6.035742721504697,19.616163844890266,3.0178713607523484,7.544678401880871,0.0,19.616163844890266,3.0178713607523484
2023-01-13,86.00933378144192,3.0178713607523484,6.035742721504697,15.089356803761742,3.0178713607523484,7.544678401880871,0.0,18.10722816451409,3.0178713607523484
2023-01-14,87.51826946181811,3.0178713607523484,4.526807041128523,12.071485443009394,1.5089356803761742,7.544678401880871,0.0,21.12509952526644,3.0178713607523484
2023-01-15,82.99146242068959,3.0178713607523484,4.526807041128523,12.071485443009394,1.5089356803761742,7.544678401880871,0.0,24.142970886018787,3.0178713607523484
2023-01-16,95.06294786369898,3.0178713607523484,6.035742721504697,15.089356803761742,3.0178713607523484,7.544678401880871,0.0,22.63403520564261,3.0178713607523484
2023-01-17,95.06294786369898,3.0178713607523484,6.035742721504697,15.089356803761742,3.0178713607523484,7.544678401880871,0.0,21.12509952526644,1.5089356803761742
2023-01-18,92.04507650294663,3.0178713607523484,6.035742721504697,13.580421123385568,3.0178713607523484,7.544678401880871,0.0,19.616163844890266,1.5089356803761742
2023-01-19,87.51826946181811,3.0178713607523484,6.035742721504697,15.089356803761742,3.0178713607523484,7.544678401880871,0.0,18.10722816451409,1.5089356803761742
2023-01-20,84.50039810106576,3.0178713607523484,4.526807041128523,12.071485443009394,1.5089356803761742,7.544678401880871,0.0,16.598292484137914,1.5089356803761742
2023-01-21,84.50039810106576,3.0178713607523484,4.526807041128523,10.56254976263322,1.5089356803761742,7.544678401880871,0.0,19.616163844890266,1.5089356803761742
2023-01-22,90.53614082257045,3.0178713607523484,4.526807041128523,10.56254976263322,3.0178713607523484,7.544678401880871,0.0,21.12509952526644,3.0178713607523484
2023-01-23,90.53614082257045,3.0178713607523484,4.526807041128523,13.580421123385568,3.0178713607523484,7.544678401880871,0.0,19.616163844890266,1.5089356803761742
2023-01-24,95.06294786369898,3.0178713607523484,6.035742721504697,13.580421123385568,3.0178713607523484,7.544678401880871,0.0,19.616163844890266,1.5089356803761742
2023-01-25,93.5540121833228,3.0178713607523484,4.526807041128523,13.580421123385568,3.0178713607523484,7.544678401880871,0.0,18.10722816451409,1.5089356803761742
2023-01-26,92.04507650294663,3.0178713607523484,6.035742721504697,13.580421123385568,3.0178713607523484,7.544678401880871,0.0,18.10722816451409,1.5089356803761742
2023-01-27,87.51826946181811,3.0178713607523484,4.526807041128523,12.071485443009394,3.0178713607523484,7.544678401880871,0.0,18.10722816451409,3.0178713607523484
2023-01-28,82.99146242068959,3.0178713607523484,4.526807041128523,10.56254976263322,1.5089356803761742,7.544678401880871,0.0,18.10722816451409,1.5089356803761742
2023-01-29,87.51826946181811,3.0178713607523484,4.526807041128523,10.56254976263322,1.5089356803761742,7.544678401880871,0.0,22.63403520564261,3.0178713607523484
2023-01-30,96.57188354407515,3.0178713607523484,4.526807041128523,13.580421123385568,3.0178713607523484,7.544678401880871,0.0,18.10722816451409,1.5089356803761742
2023-01-31,98.08081922445132,3.0178713607523484,6.035742721504697,16.598292484137914,1.5089356803761742,7.544678401880871,0.0,18.10722816451409,3.0178713607523484
2023-02-01,95.06294786369898,3.0178713607523484,7.544678401880871,13.580421123385568,1.5089356803761742,7.544678401880871,0.0,18.10722816451409,3.0178713607523484
2023-02-02,90.53614082257045,3.0178713607523484,7.544678401880871,13.580421123385568,3.0178713607523484,7.544678401880871,0.0,18.10722816451409,1.5089356803761742
2023-02-03,82.99146242068959,3.0178713607523484,7.544678401880871,12.071485443009394,3.0178713607523484,7.544678401880871,0.0,16.598292484137914,3.0178713607523484
2023-02-04,84.50039810106576,3.0178713607523484,7.544678401880871,12.071485443009394,1.5089356803761742,7.544678401880871,0.0,18.10722816451409,3.0178713607523484
2023-02-05,96.57188354407515,3.0178713607523484,7.544678401880871,12.071485443009394,1.5089356803761742,7.544678401880871,0.0,21.12509952526644,3.0178713607523484
2023-02-06,89.02720514219428,3.0178713607523484,6.035742721504697,13.580421123385568,3.0178713607523484,7.544678401880871,0.0,18.10722816451409,1.5089356803761742
2023-02-07,92.04507650294663,3.0178713607523484,6.035742721504697,13.580421123385568,3.0178713607523484,7.544678401880871,0.0,18.10722816451409,1.5089356803761742
2023-02-08,87.51826946181811,3.0178713607523484,6.035742721504697,13.580421123385568,1.5089356803761742,7.544678401880871,0.0,16.598292484137914,1.5089356803761742
2023-02-09,84.50039810106577,3.017871360752349,6.035742721504698,13.58042112338557,1.5089356803761744,9.053614082257047,0.0,15.089356803761744,1.5089356803761744
2023-02-10,82.99146242068959,3.017871360752349,4.5268070411285235,12.071485443009395,1.5089356803761744,7.544678401880872,0.0,16.598292484137918,3.017871360752349
2023-02-11,82.99146242068959,3.017871360752349,4.5268070411285235,12.071485443009395,1.5089356803761744,7.544678401880872,0.0,16.598292484137918,3.017871360752349
2023-02-12,81.48252674031342,3.017871360752349,4.5268070411285235,10.562549762633221,1.5089356803761744,7.544678401880872,0.0,19.616163844890266,3.017871360752349
2023-02-13,79.97359105993725,3.017871360752349,4.5268070411285235,10.562549762633221,1.5089356803761744,6.035742721504698,0.0,16.598292484137918,1.5089356803761744
2023-02-14,81.48252674031342,3.017871360752349,4.5268070411285235,13.58042112338557,1.5089356803761744,7.544678401880872,0.0,16.598292484137918,1.5089356803761744
2023-02-15,90.53614082257046,3.017871360752349,6.035742721504698,13.58042112338557,3.017871360752349,7.544678401880872,0.0,16.598292484137918,1.5089356803761744
2023-02-16,93.55401218332281,4.5268070411285235,6.035742721504698,13.58042112338557,3.017871360752349,7.544678401880872,0.0,16.598292484137918,3.017871360752349
2023-02-17,87.51826946181812,4.5268070411285235,6.035742721504698,13.58042112338557,3.017871360752349,7.544678401880872,0.0,18.107228164514094,3.017871360752349
2023-02-18,86.00933378144194,3.017871360752349,4.5268070411285235,10.562549762633221,1.5089356803761744,7.544678401880872,0.0,19.616163844890266,3.017871360752349
2023-02-19,90.53614082257046,3.017871360752349,6.035742721504698,10.562549762633221,3.017871360752349,7.544678401880872,0.0,22.634035205642615,3.017871360752349
2023-02-20,99.58975490482752,3.017871360752349,6.035742721504698,15.089356803761744,3.017871360752349,7.544678401880872,0.0,21.125099525266442,3.017871360752349
2023-02-21,99.58975490482752,3.017871360752349,6.035742721504698,15.089356803761744,3.017871360752349,7.544678401880872,0.0,19.616163844890266,3.017871360752349
2023-02-22,99.58975490482752,3.017871360752349,6.035742721504698,15.089356803761744,3.017871360752349,7.544678401880872,0.0,19.616163844890266,3.017871360752349
2023-02-23,101.09869058520368,3.017871360752349,6.035742721504698,15.089356803761744,3.017871360752349,7.544678401880872,0.0,16.598292484137918,3.017871360752349
2023-02-24,93.55401218332281,3.017871360752349,6.035742721504698,12.071485443009395,3.017871360752349,7.544678401880872,0.0,16.598292484137918,3.017871360752349
2023-02-25,93.55401218332281,3.017871360752349,6.035742721504698,12.071485443009395,3.017871360752349,7.544678401880872,0.0,19.616163844890266,3.017871360752349
2023-02-26,96.57188354407516,3.017871360752349,6.035742721504698,12.071485443009395,3.017871360752349,9.053614082257047,0.0,24.14297088601879,3.017871360752349
2023-02-27,99.58975490482752,3.017871360752349,6.035742721504698,13.58042112338557,3.017871360752349,7.544678401880872,0.0,19.616163844890266,3.017871360752349
2023-02-28,98.08081922445133,3.017871360752349,6.035742721504698,15.089356803761744,3.017871360752349,7.544678401880872,0.0,19.616163844890266,3.017871360752349
2023-03-01,96.57188354407516,3.017871360752349,6.035742721504698,13.58042112338557,3.017871360752349,7.544678401880872,0.0,18.107228164514094,3.017871360752349
2023-03-02,92.04507650294664,4.5268070411285235,4.5268070411285235,13.58042112338557,3.017871360752349,7.544678401880872,0.0,16.598292484137918,3.017871360752349
2023-03-03,82.99146242068959,3.017871360752349,4.5268070411285235,12.071485443009395,3.017871360752349,7.544678401880872,0.0,16.598292484137918,3.017871360752349
2023-03-04,93.55401218332281,3.017871360752349,4.5268070411285235,12.071485443009395,3.017871360752349,7.544678401880872,0.0,19.616163844890266,3.017871360752349
2023-03-05,98.08081922445133,4.5268070411285235,4.5268070411285235,12.071485443009395,3.017871360752349,7.544678401880872,0.0,22.634035205642615,3.017871360752349
2023-03-06,96.57188354407516,4.5268070411285235,6.035742721504698,15.089356803761744,3.017871360752349,7.544678401880872,0.0,21.125099525266442,3.017871360752349
2023-03-07,95.062947863699,3.017871360752349,6.035742721504698,15.089356803761744,3.017871360752349,7.544678401880872,0.0,18.107228164514094,1.5089356803761744
2023-03-08,96.57188354407516,3.017871360752349,6.035742721504698,13.58042112338557,3.017871360752349,7.544678401880872,0.0,18.107228164514094,1.5089356803761744
2023-03-09,93.55401218332281,4.5268070411285235,6.035742721504698,13.58042112338557,3.017871360752349,7.544678401880872,0.0,16.598292484137918,3.017871360752349
2023-03-10,84.50039810106577,4.5268070411285235,6.035742721504698,13.58042112338557,3.017871360752349,7.544678401880872,0.0,18.107228164514094,3.017871360752349
2023-03-11,89.02720514219429,3.017871360752349,6.035742721504698,12.071485443009395,3.017871360752349,9.053614082257047,0.0,19.616163844890266,4.5268070411285235
2023-03-12,92.04507650294664,4.5268070411285235,6.035742721504698,13.58042112338557,3.017871360752349,7.544678401880872,0.0,22.634035205642615,3.017871360752349
2023-03-13,92.04507650294664,3.017871360752349,6.035742721504698,13.58042112338557,3.017871360752349,7.544678401880872,0.0,19.616163844890266,3.017871360752349
2023-03-14,99.58975490482752,3.017871360752349,6.035742721504698,13.58042112338557,3.017871360752349,7.544678401880872,0.0,18.107228164514094,3.017871360752349
2023-03-15,93.55401218332281,3.017871360752349,6.035742721504698,13.58042112338557,3.017871360752349,7.544678401880872,0.0,18.107228164514094,3.017871360752349
2023-03-16,87.51826946181812,4.5268070411285235,4.5268070411285235,13.58042112338557,3.017871360752349,7.544678401880872,0.0,18.107228164514094,3.017871360752349
2023-03-17,82.99146242068959,3.017871360752349,4.5268070411285235,12.071485443009395,3.017871360752349,7.544678401880872,0.0,16.598292484137918,3.017871360752349
2023-03-18,86.00933378144194,3.017871360752349,4.5268070411285235,10.562549762633221,3.017871360752349,6.035742721504698,0.0,18.107228164514094,3.017871360752349
2023-03-19,90.53614082257046,4.5268070411285235,6.035742721504698,12.071485443009395,3.017871360752349,7.544678401880872,0.0,22.634035205642615,3.017871360752349
2023-03-20,95.062947863699,3.017871360752349,6.035742721504698,12.071485443009395,3.017871360752349,7.544678401880872,0.0,19.616163844890266,3.017871360752349
2023-03-21,96.57188354407516,3.017871360752349,6.035742721504698,13.58042112338557,3.017871360752349,7.544678401880872,0.0,18.107228164514094,1.5089356803761744
2023-03-22,93.55401218332281,3.017871360752349,4.5268070411285235,13.58042112338557,3.017871360752349,7.544678401880872,0.0,18.107228164514094,3.017871360752349
2023-03-23,87.51826946181812,4.5268070411285235,4.5268070411285235,13.58042112338557,3.017871360752349,7.544678401880872,0.0,18.107228164514094,3.017871360752349
2023-03-24,84.50039810106577,4.5268070411285235,4.5268070411285235,13.58042112338557,3.017871360752349,7.544678401880872,0.0,18.107228164514094,3.017871360752349
2023-03-25,86.00933378144194,3.017871360752349,4.5268070411285235,10.562549762633221,3.017871360752349,7.544678401880872,0.0,18.107228164514094,3.017871360752349
2023-03-26,92.04507650294664,3.017871360752349,4.5268070411285235,12.071485443009395,3.017871360752349,7.544678401880872,0.0,21.125099525266442,3.017871360752349
2023-03-27,93.55401218332281,4.5268070411285235,4.5268070411285235,13.58042112338557,3.017871360752349,7.544678401880872,0.0,18.107228164514094,3.017871360752349
2023-03-28,93.55401218332281,3.017871360752349,4.5268070411285235,13.58042112338557,3.017871360752349,7.544678401880872,0.0,18.107228164514094,3.017871360752349
2023-03-29,87.51826946181812,3.017871360752349,4.5268070411285235,13.58042112338557,3.017871360752349,7.544678401880872,0.0,16.598292484137918,3.017871360752349
2023-03-30,84.50039810106577,3.017871360752349,4.5268070411285235,12.071485443009395,3.017871360752349,7.544678401880872,0.0,16.598292484137918,3.017871360752349
2023-03-31,82.99146242068959,3.017871360752349,4.5268070411285235,12.071485443009395,3.017871360752349,7.544678401880872,0.0,16.598292484137918,3.017871360752349
2023-04-01,86.00933378144194,3.017871360752349,4.5268070411285235,10.562549762633221,1.5089356803761744,6.035742721504698,0.0,19.616163844890266,3.017871360752349
2023-04-02,93.55401218332281,4.5268070411285235,4.5268070411285235,12.071485443009395,1.5089356803761744,7.544678401880872,0.0,21.125099525266442,3.017871360752349
2023-04-03,90.53614082257046,4.5268070411285235,4.5268070411285235,13.58042112338557,3.017871360752349,7.544678401880872,0.0,19.616163844890266,3.017871360752349
2023-04-04,92.04507650294664,3.017871360752349,4.5268070411285235,15.089356803761744,3.017871360752349,7.544678401880872,0.0,19.616163844890266,3.017871360752349
2023-04-05,87.51826946181812,3.017871360752349,4.5268070411285235,15.089356803761744,3.017871360752349,7.544678401880872,0.0,16.598292484137918,3.017871360752349
2023-04-06,82.99146242068959,3.017871360752349,4.5268070411285235,12.071485443009395,3.017871360752349,7.544678401880872,0.0,16.598292484137918,3.017871360752349
2023-04-07,76.9557196991849,3.017871360752349,3.017871360752349,10.562549762633221,3.017871360752349,6.035742721504698,0.0,16.598292484137918,3.017871360752349
2023-04-08,75.44678401880873,3.017871360752349,3.017871360752349,9.053614082257047,1.5089356803761744,7.544678401880872,0.0,16.598292484137918,3.017871360752349
2023-04-09,81.48252674031342,3.017871360752349,3.017871360752349,9.053614082257047,1.5089356803761744,6.035742721504698,0.0,19.616163844890266,3.017871360752349
2023-04-10,92.04507650294664,4.5268070411285235,4.5268070411285235,13.58042112338557,3.017871360752349,7.544678401880872,0.0,19.616163844890266,1.5089356803761744
2023-04-11,98.08081922445133,3.017871360752349,4.5268070411285235,13.58042112338557,3.017871360752349,7.544678401880872,0.0,16.598292484137918,1.5089356803761744
2023-04-12,99.58975490482752,3.017871360752349,4.5268070411285235,13.58042112338557,3.017871360752349,7.544678401880872,0.0,18.107228164514094,3.017871360752349
2023-04-13,89.02720514219429,3.017871360752349,4.5268070411285235,13.58042112338557,3.017871360752349,7.544678401880872,0.0,16.598292484137918,3.017871360752349
2023-04-14,81.48252674031342,3.017871360752349,4.5268070411285235,12.071485443009395,3.017871360752349,7.544678401880872,0.0,16.598292484137918,3.017871360752349
2023-04-15,78.46465537956107,3.017871360752349,3.017871360752349,10.562549762633221,1.5089356803761744,6.035742721504698,0.0,16.598292484137918,3.017871360752349
2023-04-16,86.00933378144194,3.017871360752349,4.5268070411285235,12.071485443009395,3.017871360752349,7.544678401880872,0.0,19.616163844890266,3.017871360752349
2023-04-17,86.00933378144194,3.017871360752349,4.5268070411285235,12.071485443009395,3.017871360752349,6.035742721504698,0.0,16.598292484137918,3.017871360752349
2023-04-18,93.55401218332281,3.017871360752349,4.5268070411285235,22.634035205642615,3.017871360752349,7.544678401880872,0.0,16.598292484137918,3.017871360752349
2023-04-19,87.51826946181812,3.017871360752349,4.5268070411285235,15.089356803761744,3.017871360752349,7.544678401880872,0.0,16.598292484137918,1.5089356803761744
2023-04-20,93.55401218332281,4.5268070411285235,4.5268070411285235,15.089356803761744,3.017871360752349,6.035742721504698,0.0,16.598292484137918,3.017871360752349
2023-04-21,84.50039810106577,4.5268070411285235,4.5268070411285235,15.089356803761744,3.017871360752349,6.035742721504698,0.0,16.598292484137918,3.017871360752349
2023-04-22,84.50039810106577,3.017871360752349,4.5268070411285235,12.071485443009395,1.5089356803761744,6.035742721504698,0.0,16.598292484137918,3.017871360752349
2023-04-23,89.02720514219429,3.017871360752349,4.5268070411285235,12.071485443009395,3.017871360752349,7.544678401880872,0.0,21.125099525266442,3.017871360752349
2023-04-24,86.00933378144194,3.017871360752349,4.5268070411285235,12.071485443009395,3.017871360752349,7.544678401880872,0.0,18.107228164514094,3.017871360752349
2023-04-25,87.51826946181812,3.017871360752349,4.5268070411285235,13.58042112338557,3.017871360752349,7.544678401880872,0.0,16.598292484137918,1.5089356803761744
2023-04-26,87.51826946181812,3.017871360752349,4.5268070411285235,12.071485443009395,3.017871360752349,7.544678401880872,0.0,16.598292484137918,3.017871360752349
2023-04-27,82.99146242068959,3.017871360752349,4.5268070411285235,12.071485443009395,3.017871360752349,7.544678401880872,0.0,15.089356803761744,3.017871360752349
2023-04-28,75.44678401880873,3.017871360752349,4.5268070411285235,10.562549762633221,3.017871360752349,6.035742721504698,0.0,15.089356803761744,3.017871360752349
2023-04-29,79.97359105993725,3.017871360752349,4.5268070411285235,10.562549762633221,1.5089356803761744,6.035742721504698,0.0,15.089356803761744,3.017871360752349
2023-04-30,86.00933378144194,3.017871360752349,4.5268070411285235,10.562549762633221,3.017871360752349,7.544678401880872,0.0,21.125099525266442,3.017871360752349
2023-05-01,87.51826946181812,3.017871360752349,4.5268070411285235,13.58042112338557,3.017871360752349,6.035742721504698,0.0,18.107228164514094,3.017871360752349
2023-05-02,89.02720514219429,3.017871360752349,4.5268070411285235,13.58042112338557,3.017871360752349,7.544678401880872,0.0,18.107228164514094,1.5089356803761744
2023-05-03,89.02720514219429,3.017871360752349,4.5268070411285235,12.071485443009395,3.017871360752349,7.544678401880872,0.0,16.598292484137918,1.5089356803761744
2023-05-04,82.99146242068959,4.5268070411285235,4.5268070411285235,12.071485443009395,3.017871360752349,7.544678401880872,0.0,16.598292484137918,3.017871360752349
2023-05-05,70.9199769776802,3.017871360752349,4.5268070411285235,10.562549762633221,3.017871360752349,6.035742721504698,0.0,16.598292484137918,3.017871360752349
2023-05-06,70.9199769776802,3.017871360752349,4.5268070411285235,9.053614082257047,1.5089356803761744,6.035742721504698,0.0,15.089356803761744,3.017871360752349
2023-05-07,81.48252674031342,3.017871360752349,4.5268070411285235,10.562549762633221,1.5089356803761744,7.544678401880872,0.0,18.107228164514094,3.017871360752349
2023-05-08,89.02720514219429,4.5268070411285235,4.5268070411285235,12.071485443009395,3.017871360752349,7.544678401880872,0.0,18.107228164514094,3.017871360752349
2023-05-09,89.02720514219429,3.017871360752349,4.5268070411285235,12.071485443009395,3.017871360752349,7.544678401880872,0.0,16.598292484137918,1.5089356803761744
2023-05-10,90.53614082257046,3.017871360752349,4.5268070411285235,12.071485443009395,3.017871360752349,7.544678401880872,0.0,16.598292484137918,3.017871360752349
2023-05-11,82.99146242068959,4.5268070411285235,4.5268070411285235,12.071485443009395,3.017871360752349,7.544678401880872,0.0,16.598292484137918,3.017871360752349
2023-05-12,78.46465537956107,3.017871360752349,4.5268070411285235,12.071485443009395,3.017871360752349,7.544678401880872,0.0,15.089356803761744,3.017871360752349
2023-05-13,78.46465537956107,3.017871360752349,4.5268070411285235,10.562549762633221,1.5089356803761744,6.035742721504698,0.0,15.089356803761744,3.017871360752349
2023-05-14,79.97359105993725,3.017871360752349,4.5268070411285235,10.562549762633221,3.017871360752349,6.035742721504698,0.0,16.598292484137918,3.017871360752349
2023-05-15,90.53614082257046,4.5268070411285235,4.5268070411285235,13.58042112338557,3.017871360752349,7.544678401880872,0.0,18.107228164514094,3.017871360752349
2023-05-16,95.062947863699,4.5268070411285235,4.5268070411285235,13.58042112338557,3.017871360752349,7.544678401880872,0.0,19.616163844890266,3.017871360752349
2023-05-17,90.53614082257046,4.5268070411285235,4.5268070411285235,13.58042112338557,3.017871360752349,7.544678401880872,0.0,18.107228164514094,3.017871360752349
2023-05-18,89.02720514219429,4.5268070411285235,4.5268070411285235,13.58042112338557,3.017871360752349,7.544678401880872,0.0,18.107228164514094,3.017871360752349
2023-05-19,81.48252674031342,4.5268070411285235,4.5268070411285235,12.071485443009395,3.017871360752349,6.035742721504698,0.0,16.598292484137918,3.017871360752349
2023-05-20,78.46465537956107,3.017871360752349,4.5268070411285235,10.562549762633221,3.017871360752349,7.544678401880872,0.0,18.107228164514094,3.017871360752349
2023-05-21,86.00933378144194,4.5268070411285235,4.5268070411285235,10.562549762633221,3.017871360752349,7.544678401880872,0.0,21.125099525266442,3.017871360752349
2023-05-22,90.53614082257046,4.5268070411285235,4.5268070411285235,12.071485443009395,3.017871360752349,7.544678401880872,0.0,19.616163844890266,3.017871360752349
2023-05-23,98.08081922445133,4.5268070411285235,4.5268070411285235,13.58042112338557,3.017871360752349,7.544678401880872,0.0,18.107228164514094,3.017871360752349
2023-05-24,89.02720514219429,4.5268070411285235,4.5268070411285235,13.58042112338557,3.017871360752349,7.544678401880872,0.0,19.616163844890266,3.017871360752349
2023-05-25,86.00933378144194,4.5268070411285235,4.5268070411285235,12.071485443009395,3.017871360752349,7.544678401880872,0.0,18.107228164514094,3.017871360752349
2023-05-26,81.48252674031342,4.5268070411285235,4.5268070411285235,10.562549762633221,3.017871360752349,7.544678401880872,0.0,16.598292484137918,3.017871360752349
2023-05-27,81.48252674031342,3.017871360752349,4.5268070411285235,10.562549762633221,3.017871360752349,7.544678401880872,0.0,18.107228164514094,3.017871360752349
2023-05-28,78.46465537956107,3.017871360752349,4.5268070411285235,10.562549762633221,1.5089356803761744,6.035742721504698,0.0,19.616163844890266,3.017871360752349
2023-05-29,89.02720514219429,3.017871360752349,4.5268070411285235,10.562549762633221,3.017871360752349,7.544678401880872,0.0,21.125099525266442,3.017871360752349
2023-05-30,90.53614082257046,4.5268070411285235,4.5268070411285235,13.58042112338557,3.017871360752349,7.544678401880872,0.0,21.125099525266442,3.017871360752349
2023-05-31,90.53614082257046,4.5268070411285235,4.5268070411285235,12.071485443009395,3.017871360752349,7.544678401880872,0.0,19.616163844890266,3.017871360752349
2023-06-01,86.00933378144194,4.5268070411285235,6.035742721504698,12.071485443009395,3.017871360752349,7.544678401880872,0.0,19.616163844890266,3.017871360752349
2023-06-02,84.50039810106577,4.5268070411285235,4.5268070411285235,12.071485443009395,3.017871360752349,7.544678401880872,0.0,18.107228164514094,3.017871360752349
2023-06-03,81.48252674031342,3.017871360752349,4.5268070411285235,12.071485443009395,3.017871360752349,7.544678401880872,0.0,18.107228164514094,3.017871360752349
2023-06-04,89.02720514219429,4.5268070411285235,4.5268070411285235,12.071485443009395,3.017871360752349,7.544678401880872,0.0,24.14297088601879,3.017871360752349
2023-06-05,92.04507650294664,4.5268070411285235,4.5268070411285235,13.58042112338557,3.017871360752349,7.544678401880872,0.0,21.125099525266442,3.017871360752349
2023-06-06,99.58975490482752,4.5268070411285235,4.5268070411285235,15.089356803761744,3.017871360752349,7.544678401880872,0.0,21.125099525266442,3.017871360752349
2023-06-07,96.57188354407516,4.5268070411285235,4.5268070411285235,15.089356803761744,3.017871360752349,7.544678401880872,0.0,19.616163844890266,3.017871360752349
2023-06-08,99.58975490482752,4.5268070411285235,4.5268070411285235,15.089356803761744,3.017871360752349,7.544678401880872,0.0,19.616163844890266,3.017871360752349
2023-06-09,81.48252674031342,4.5268070411285235,4.5268070411285235,12.071485443009395,3.017871360752349,7.544678401880872,0.0,18.107228164514094,3.017871360752349
2023-06-10,79.97359105993725,3.017871360752349,4.5268070411285235,10.562549762633221,1.5089356803761744,6.035742721504698,0.0,18.107228164514094,3.017871360752349
2023-06-11,89.02720514219429,4.5268070411285235,4.5268070411285235,12.071485443009395,1.5089356803761744,7.544678401880872,0.0,22.634035205642615,3.017871360752349
2023-06-12,98.08081922445133,4.5268070411285235,4.5268070411285235,13.58042112338557,3.017871360752349,7.544678401880872,0.0,22.634035205642615,3.017871360752349
2023-06-13,98.08081922445133,4.5268070411285235,4.5268070411285235,21.125099525266442,3.017871360752349,7.544678401880872,0.0,21.125099525266442,3.017871360752349
2023-06-14,101.09869058520368,4.5268070411285235,6.035742721504698,24.14297088601879,3.017871360752349,7.544678401880872,0.0,21.125099525266442,3.017871360752349
2023-06-15,99.58975490482752,4.5268070411285235,6.035742721504698,25.651906566394967,3.017871360752349,7.544678401880872,0.0,19.616163844890266,3.017871360752349
2023-06-16,89.02720514219429,4.5268070411285235,6.035742721504698,18.107228164514094,3.017871360752349,7.544678401880872,0.0,19.616163844890266,3.017871360752349
2023-06-17,79.97359105993725,4.5268070411285235,4.5268070411285235,12.071485443009395,3.017871360752349,7.544678401880872,0.0,19.616163844890266,3.017871360752349
2023-06-18,89.02720514219429,3.017871360752349,4.5268070411285235,10.562549762633221,3.017871360752349,6.035742721504698,0.0,22.634035205642615,3.017871360752349
2023-06-19,95.062947863699,4.5268070411285235,6.035742721504698,13.58042112338557,3.017871360752349,7.544678401880872,0.0,22.634035205642615,3.017871360752349
2023-06-20,96.57188354407516,4.5268070411285235,6.035742721504698,13.58042112338557,3.017871360752349,7.544678401880872,0.0,21.125099525266442,3.017871360752349
2023-06-21,93.55401218332281,4.5268070411285235,6.035742721504698,12.071485443009395,3.017871360752349,7.544678401880872,0.0,21.125099525266442,3.017871360752349
2023-06-22,90.53614082257046,4.5268070411285235,6.035742721504698,12.071485443009395,3.017871360752349,7.544678401880872,0.0,19.616163844890266,3.017871360752349
2023-06-23,86.00933378144194,4.5268070411285235,6.035742721504698,12.071485443009395,3.017871360752349,7.544678401880872,0.0,19.616163844890266,4.5268070411285235
2023-06-24,82.99146242068959,4.5268070411285235,4.5268070411285235,10.562549762633221,3.017871360752349,7.544678401880872,0.0,19.616163844890266,4.5268070411285235
2023-06-25,92.04507650294664,4.5268070411285235,4.5268070411285235,12.071485443009395,3.017871360752349,7.544678401880872,0.0,24.14297088601879,4.5268070411285235
2023-06-26,107.13443330670839,4.5268070411285235,6.035742721504698,13.58042112338557,3.017871360752349,7.544678401880872,0.0,24.14297088601879,4.5268070411285235
2023-06-27,116.18804738896543,4.5268070411285235,6.035742721504698,16.598292484137918,3.017871360752349,7.544678401880872,0.0,22.634035205642615,4.5268070411285235
2023-06-28,104.11656194595604,4.5268070411285235,6.035742721504698,15.089356803761744,3.017871360752349,7.544678401880872,0.0,21.125099525266442,4.5268070411285235
2023-06-29,101.09869058520368,4.5268070411285235,6.035742721504698,15.089356803761744,3.017871360752349,7.544678401880872,1.5089356803761744,19.616163844890266,4.5268070411285235
2023-06-30,93.55401218332281,4.5268070411285235,6.035742721504698,13.58042112338557,3.017871360752349,6.035742721504698,1.5089356803761744,22.634035205642615,4.5268070411285235
2023-07-01,82.99146242068959,4.5268070411285235,4.5268070411285235,12.071485443009395,3.017871360752349,6.035742721504698,0.0,19.616163844890266,4.5268070411285235
2023-07-02,87.51826946181812,4.5268070411285235,4.5268070411285235,10.562549762633221,3.017871360752349,7.544678401880872,0.0,27.16084224677114,4.5268070411285235
2023-07-03,84.50039810106577,4.5268070411285235,4.5268070411285235,10.562549762633221,3.017871360752349,6.035742721504698,0.0,21.125099525266442,3.017871360752349
2023-07-04,87.51826946181812,3.017871360752349,4.5268070411285235,10.562549762633221,3.017871360752349,7.544678401880872,0.0,21.125099525266442,3.017871360752349
2023-07-05,95.062947863699,4.5268070411285235,4.5268070411285235,12.071485443009395,3.017871360752349,7.544678401880872,0.0,21.125099525266442,3.017871360752349
2023-07-06,96.57188354407516,4.5268070411285235,6.035742721504698,13.58042112338557,3.017871360752349,7.544678401880872,0.0,21.125099525266442,3.017871360752349
2023-07-07,89.02720514219429,4.5268070411285235,6.035742721504698,12.071485443009395,3.017871360752349,7.544678401880872,0.0,21.125099525266442,3.017871360752349
2023-07-08,86.00933378144194,3.017871360752349,6.035742721504698,10.562549762633221,3.017871360752349,7.544678401880872,0.0,21.125099525266442,3.017871360752349
2023-07-09,95.062947863699,4.5268070411285235,7.544678401880872,12.071485443009395,3.017871360752349,7.544678401880872,0.0,25.651906566394967,3.017871360752349
2023-07-10,96.57188354407516,4.5268070411285235,6.035742721504698,13.58042112338557,3.017871360752349,7.544678401880872,0.0,22.634035205642615,3.017871360752349
2023-07-11,93.55401218332281,4.5268070411285235,6.035742721504698,12.071485443009395,3.017871360752349,7.544678401880872,0.0,21.125099525266442,3.017871360752349
2023-07-12,89.02720514219429,4.5268070411285235,6.035742721504698,12.071485443009395,3.017871360752349,7.544678401880872,0.0,21.125099525266442,3.017871360752349
2023-07-13,87.51826946181812,4.5268070411285235,6.035742721504698,12.071485443009395,3.017871360752349,7.544678401880872,0.0,19.616163844890266,3.017871360752349
2023-07-14,87.51826946181812,4.5268070411285235,6.035742721504698,12.071485443009395,3.017871360752349,6.035742721504698,0.0,19.616163844890266,4.5268070411285235
2023-07-15,82.99146242068959,3.017871360752349,4.5268070411285235,10.562549762633221,3.017871360752349,6.035742721504698,0.0,19.616163844890266,4.5268070411285235
2023-07-16,90.53614082257046,4.5268070411285235,6.035742721504698,12.071485443009395,3.017871360752349,7.544678401880872,0.0,24.14297088601879,4.5268070411285235
2023-07-17,93.55401218332281,4.5268070411285235,6.035742721504698,13.58042112338557,3.017871360752349,7.544678401880872,0.0,21.125099525266442,3.017871360752349
2023-07-18,90.53614082257046,4.5268070411285235,6.035742721504698,12.071485443009395,3.017871360752349,7.544678401880872,0.0,21.125099525266442,3.017871360752349
2023-07-19,84.50039810106577,4.5268070411285235,6.035742721504698,10.562549762633221,3.017871360752349,7.544678401880872,0.0,18.107228164514094,3.017871360752349
2023-07-20,78.46465537956107,4.5268070411285235,6.035742721504698,10.562549762633221,3.017871360752349,6.035742721504698,0.0,18.107228164514094,3.017871360752349
2023-07-21,79.97359105993725,4.5268070411285235,6.035742721504698,10.562549762633221,3.017871360752349,6.035742721504698,0.0,16.598292484137918,4.5268070411285235
2023-07-22,75.44678401880873,3.017871360752349,4.5268070411285235,10.562549762633221,1.5089356803761744,6.035742721504698,0.0,21.125099525266442,3.017871360752349
2023-07-23,84.50039810106577,3.017871360752349,4.5268070411285235,12.071485443009395,3.017871360752349,6.035742721504698,0.0,22.634035205642615,3.017871360752349
2023-07-24,86.00933378144194,4.5268070411285235,4.5268070411285235,12.071485443009395,3.017871360752349,6.035742721504698,0.0,19.616163844890266,3.017871360752349
2023-07-25,87.51826946181812,3.017871360752349,4.5268070411285235,12.071485443009395,3.017871360752349,7.544678401880872,0.0,19.616163844890266,3.017871360752349
2023-07-26,79.97359105993725,4.5268070411285235,4.5268070411285235,12.071485443009395,3.017871360752349,7.544678401880872,0.0,18.107228164514094,3.017871360752349
2023-07-27,81.48252674031342,4.5268070411285235,4.5268070411285235,12.071485443009395,1.5089356803761744,6.035742721504698,0.0,18.107228164514094,3.017871360752349
2023-07-28,78.46465537956107,3.017871360752349,6.035742721504698,10.562549762633221,3.017871360752349,6.035742721504698,0.0,16.598292484137918,3.017871360752349
2023-07-29,75.44678401880873,3.017871360752349,6.035742721504698,10.562549762633221,3.017871360752349,6.035742721504698,0.0,19.616163844890266,4.5268070411285235
2023-07-30,76.9557196991849,3.017871360752349,4.5268070411285235,10.562549762633221,3.017871360752349,6.035742721504698,0.0,21.125099525266442,3.017871360752349
2023-07-31,86.00933378144194,3.017871360752349,6.035742721504698,10.562549762633221,3.017871360752349,6.035742721504698,0.0,19.616163844890266,3.017871360752349
2023-08-01,87.51826946181812,3.017871360752349,6.035742721504698,10.562549762633221,3.017871360752349,7.544678401880872,0.0,19.616163844890266,3.017871360752349
2023-08-02,82.99146242068959,4.5268070411285235,6.035742721504698,10.562549762633221,3.017871360752349,6.035742721504698,0.0,19.616163844890266,3.017871360752349
2023-08-03,81.48252674031342,4.5268070411285235,4.5268070411285235,10.562549762633221,3.017871360752349,6.035742721504698,0.0,19.616163844890266,3.017871360752349
2023-08-04,76.9557196991849,4.5268070411285235,4.5268070411285235,10.562549762633221,3.017871360752349,6.035742721504698,0.0,21.125099525266442,3.017871360752349
2023-08-05,75.44678401880873,3.017871360752349,4.5268070411285235,9.053614082257047,3.017871360752349,6.035742721504698,0.0,18.107228164514094,3.017871360752349
2023-08-06,79.97359105993725,3.017871360752349,4.5268070411285235,10.562549762633221,1.5089356803761744,6.035742721504698,0.0,22.634035205642615,3.017871360752349
2023-08-07,87.51826946181812,3.017871360752349,6.035742721504698,10.562549762633221,3.017871360752349,6.035742721504698,0.0,19.616163844890266,3.017871360752349
2023-08-08,86.00933378144194,3.017871360752349,4.5268070411285235,12.071485443009395,3.017871360752349,6.035742721504698,0.0,18.107228164514094,3.017871360752349
2023-08-09,86.00933378144194,3.017871360752349,4.5268070411285235,10.562549762633221,3.017871360752349,6.035742721504698,0.0,18.107228164514094,3.017871360752349
2023-08-10,84.50039810106577,3.017871360752349,4.5268070411285235,10.562549762633221,3.017871360752349,6.035742721504698,0.0,18.107228164514094,3.017871360752349
2023-08-11,76.9557196991849,3.017871360752349,4.5268070411285235,10.562549762633221,3.017871360752349,6.035742721504698,0.0,19.616163844890266,3.017871360752349
2023-08-12,72.42891265805638,3.017871360752349,4.5268070411285235,9.053614082257047,1.5089356803761744,6.035742721504698,0.0,19.616163844890266,3.017871360752349
2023-08-13,78.46465537956107,3.017871360752349,4.5268070411285235,10.562549762633221,3.017871360752349,6.035742721504698,0.0,24.14297088601879,3.017871360752349
2023-08-14,79.97359105993725,3.017871360752349,4.5268070411285235,12.071485443009395,3.017871360752349,6.035742721504698,0.0,18.107228164514094,3.017871360752349
2023-08-15,79.97359105993725,3.017871360752349,4.5268070411285235,10.562549762633221,3.017871360752349,6.035742721504698,0.0,19.616163844890266,3.017871360752349
2023-08-16,79.97359105993725,3.017871360752349,4.5268070411285235,12.071485443009395,3.017871360752349,6.035742721504698,0.0,18.107228164514094,3.017871360752349
2023-08-17,75.44678401880873,3.017871360752349,4.5268070411285235,10.562549762633221,3.017871360752349,6.035742721504698,0.0,16.598292484137918,3.017871360752349
2023-08-18,75.44678401880873,4.5268070411285235,4.5268070411285235,10.562549762633221,3.017871360752349,6.035742721504698,0.0,16.598292484137918,3.017871360752349
2023-08-19,72.42891265805638,3.017871360752349,4.5268070411285235,10.562549762633221,3.017871360752349,6.035742721504698,0.0,16.598292484137918,3.017871360752349
2023-08-20,81.48252674031342,3.017871360752349,4.5268070411285235,10.562549762633221,3.017871360752349,6.035742721504698,0.0,21.125099525266442,3.017871360752349
2023-08-21,79.97359105993725,3.017871360752349,4.5268070411285235,10.562549762633221,3.017871360752349,6.035742721504698,0.0,18.107228164514094,3.017871360752349
2023-08-22,81.48252674031342,3.017871360752349,4.5268070411285235,12.071485443009395,3.017871360752349,6.035742721504698,0.0,16.598292484137918,1.5089356803761744
2023-08-23,79.97359105993725,3.017871360752349,4.5268070411285235,10.562549762633221,3.017871360752349,6.035742721504698,0.0,16.598292484137918,1.5089356803761744
2023-08-24,72.42891265805638,3.017871360752349,4.5268070411285235,10.562549762633221,3.017871360752349,6.035742721504698,0.0,16.598292484137918,3.017871360752349
2023-08-25,72.42891265805638,3.017871360752349,4.5268070411285235,9.053614082257047,3.017871360752349,6.035742721504698,0.0,18.107228164514094,3.017871360752349
2023-08-26,64.8842342561755,3.017871360752349,3.017871360752349,9.053614082257047,1.5089356803761744,6.035742721504698,0.0,21.125099525266442,1.5089356803761744
2023-08-27,75.44678401880873,3.017871360752349,4.5268070411285235,9.053614082257047,3.017871360752349,6.035742721504698,0.0,25.651906566394967,3.017871360752349
2023-08-28,81.48252674031342,3.017871360752349,4.5268070411285235,10.562549762633221,3.017871360752349,6.035742721504698,0.0,19.616163844890266,3.017871360752349
2023-08-29,81.48252674031342,3.017871360752349,4.5268070411285235,10.562549762633221,1.5089356803761744,6.035742721504698,0.0,16.598292484137918,3.017871360752349
2023-08-30,79.97359105993725,3.017871360752349,4.5268070411285235,10.562549762633221,3.017871360752349,6.035742721504698,0.0,15.089356803761744,3.017871360752349
2023-08-31,73.93784833843254,4.5268070411285235,4.5268070411285235,10.562549762633221,1.5089356803761744,6.035742721504698,0.0,16.598292484137918,3.017871360752349
2023-09-01,67.90210561692786,4.5268070411285235,4.5268070411285235,9.053614082257047,3.017871360752349,6.035742721504698,0.0,15.089356803761744,3.017871360752349
2023-09-02,66.39316993655167,3.017871360752349,3.017871360752349,9.053614082257047,1.5089356803761744,6.035742721504698,0.0,15.089356803761744,3.017871360752349
2023-09-03,66.39316993655167,3.017871360752349,3.017871360752349,9.053614082257047,1.5089356803761744,6.035742721504698,0.0,21.125099525266442,1.5089356803761744
2023-09-04,78.46465537956107,3.017871360752349,4.5268070411285235,10.562549762633221,1.5089356803761744,6.035742721504698,0.0,19.616163844890266,1.5089356803761744
2023-09-05,78.46465537956107,3.017871360752349,4.5268070411285235,10.562549762633221,3.017871360752349,6.035742721504698,0.0,16.598292484137918,1.5089356803761744
2023-09-06,79.97359105993725,3.017871360752349,4.5268070411285235,10.562549762633221,3.017871360752349,6.035742721504698,0.0,15.089356803761744,1.5089356803761744
2023-09-07,77.80131993677337,3.112052797470935,4.1494037299612465,10.373509324903116,2.0747018649806233,6.22410559494187,0.0,12.44821118988374,2.0747018649806233
2023-09-08,68.46516154436057,3.112052797470935,4.1494037299612465,9.336158392412806,2.0747018649806233,5.186754662451558,0.0,13.485562122374052,3.112052797470935
2023-09-09,71.5772143418315,3.112052797470935,4.1494037299612465,9.336158392412806,2.0747018649806233,5.186754662451558,0.0,13.485562122374052,3.112052797470935
2023-09-10,79.87602180175399,3.112052797470935,4.1494037299612465,10.373509324903116,2.0747018649806233,5.186754662451558,1.0373509324903116,16.597614919844986,3.112052797470935
2023-09-11,81.95072366673462,3.112052797470935,4.1494037299612465,10.373509324903116,3.112052797470935,5.186754662451558,1.0373509324903116,13.485562122374052,2.0747018649806233
2023-09-12,75.72661807179274,3.112052797470935,5.186754662451558,10.373509324903116,2.0747018649806233,6.22410559494187,0.0,14.522913054864363,2.0747018649806233
2023-09-13,73.65191620681213,3.112052797470935,4.1494037299612465,9.336158392412806,2.0747018649806233,6.22410559494187,0.0,12.44821118988374,2.0747018649806233
2023-09-14,71.5772143418315,3.112052797470935,4.1494037299612465,10.373509324903116,2.0747018649806233,5.186754662451558,1.0373509324903116,11.410860257393427,2.0747018649806233
2023-09-15,67.42781061187026,3.112052797470935,4.1494037299612465,9.336158392412806,2.0747018649806233,5.186754662451558,1.0373509324903116,11.410860257393427,3.112052797470935
2023-09-16,66.39045967937994,3.112052797470935,4.1494037299612465,9.336158392412806,2.0747018649806233,5.186754662451558,0.0,11.410860257393427,3.112052797470935
2023-09-17,71.5772143418315,3.112052797470935,4.1494037299612465,9.336158392412806,2.0747018649806233,5.186754662451558,1.0373509324903116,15.560263987354674,3.112052797470935
2023-09-18,74.68926713930244,3.112052797470935,4.1494037299612465,10.373509324903116,3.112052797470935,6.22410559494187,1.0373509324903116,13.485562122374052,2.0747018649806233
2023-09-19,77.80131993677337,3.112052797470935,4.1494037299612465,10.373509324903116,2.0747018649806233,6.22410559494187,0.0,15.560263987354674,2.0747018649806233
2023-09-20,68.46516154436057,3.112052797470935,4.1494037299612465,9.336158392412806,2.0747018649806233,5.186754662451558,1.0373509324903116,12.44821118988374,2.0747018649806233
2023-09-21,72.61456527432182,4.1494037299612465,4.1494037299612465,10.373509324903116,3.112052797470935,6.22410559494187,1.0373509324903116,12.44821118988374,2.0747018649806233
2023-09-22,67.42781061187026,3.112052797470935,4.1494037299612465,9.336158392412806,2.0747018649806233,5.186754662451558,1.0373509324903116,11.410860257393427,3.112052797470935
2023-09-23,66.39045967937994,3.112052797470935,4.1494037299612465,9.336158392412806,2.0747018649806233,5.186754662451558,1.0373509324903116,12.44821118988374,3.112052797470935
2023-09-24,68.46516154436057,3.112052797470935,4.1494037299612465,9.336158392412806,2.0747018649806233,5.186754662451558,0.0,14.522913054864363,3.112052797470935
2023-09-25,78.83867086926368,3.112052797470935,4.1494037299612465,10.373509324903116,2.0747018649806233,5.186754662451558,0.0,14.522913054864363,2.0747018649806233
2023-09-26,75.72661807179274,3.112052797470935,4.1494037299612465,17.6349658523353,2.0747018649806233,6.22410559494187,0.0,13.485562122374052,2.0747018649806233
2023-09-27,76.76396900428306,3.112052797470935,4.1494037299612465,17.6349658523353,2.0747018649806233,6.22410559494187,0.0,13.485562122374052,2.0747018649806233
2023-09-28,71.5772143418315,4.1494037299612465,4.1494037299612465,18.67231678482561,2.0747018649806233,6.22410559494187,1.0373509324903116,12.44821118988374,2.0747018649806233
2023-09-29,71.5772143418315,3.112052797470935,4.1494037299612465,15.560263987354674,2.0747018649806233,5.186754662451558,0.0,11.410860257393427,3.112052797470935
2023-09-30,66.39045967937994,3.112052797470935,4.1494037299612465,11.410860257393427,2.0747018649806233,5.186754662451558,1.0373509324903116,12.44821118988374,2.0747018649806233
2023-10-01,70.5398634093412,3.112052797470935,4.1494037299612465,9.336158392412806,2.0747018649806233,5.186754662451558,1.0373509324903116,13.485562122374052,2.0747018649806233
2023-10-02,71.5772143418315,3.112052797470935,4.1494037299612465,11.410860257393427,2.0747018649806233,6.22410559494187,0.0,12.44821118988374,2.0747018649806233
2023-10-03,73.65191620681213,3.112052797470935,4.1494037299612465,10.373509324903116,2.0747018649806233,6.22410559494187,0.0,14.522913054864363,2.0747018649806233
2023-10-04,72.61456527432182,4.1494037299612465,4.1494037299612465,10.373509324903116,2.0747018649806233,6.22410559494187,1.0373509324903116,12.44821118988374,2.0747018649806233
2023-10-05,72.61456527432182,4.1494037299612465,4.1494037299612465,10.373509324903116,2.0747018649806233,6.22410559494187,1.0373509324903116,12.44821118988374,2.0747018649806233
2023-10-06,68.46516154436057,4.1494037299612465,4.1494037299612465,9.336158392412806,2.0747018649806233,5.186754662451558,1.0373509324903116,11.410860257393427,2.0747018649806233
2023-10-07,67.42781061187026,3.112052797470935,4.1494037299612465,9.336158392412806,2.0747018649806233,5.186754662451558,1.0373509324903116,11.410860257393427,3.112052797470935
2023-10-08,70.5398634093412,3.112052797470935,4.1494037299612465,9.336158392412806,2.0747018649806233,5.186754662451558,0.0,14.522913054864363,3.112052797470935
2023-10-09,76.76396900428306,3.112052797470935,4.1494037299612465,11.410860257393427,2.0747018649806233,6.22410559494187,0.0,12.44821118988374,2.0747018649806233
2023-10-10,73.65191620681213,3.112052797470935,4.1494037299612465,10.373509324903116,2.0747018649806233,6.22410559494187,0.0,13.485562122374052,2.0747018649806233
2023-10-11,70.5398634093412,3.112052797470935,4.1494037299612465,10.373509324903116,2.0747018649806233,5.186754662451558,0.0,11.410860257393427,2.0747018649806233
2023-10-12,69.50251247685088,3.112052797470935,4.1494037299612465,9.336158392412806,2.0747018649806233,5.186754662451558,1.0373509324903116,11.410860257393427,3.112052797470935
2023-10-13,65.35310874688963,3.112052797470935,4.1494037299612465,9.336158392412806,2.0747018649806233,5.186754662451558,0.0,11.410860257393427,3.112052797470935
2023-10-14,62.241055949418694,3.112052797470935,4.1494037299612465,9.336158392412806,2.0747018649806233,5.186754662451558,1.0373509324903116,11.410860257393427,3.112052797470935
2023-10-15,69.50251247685088,3.112052797470935,4.1494037299612465,9.336158392412806,2.0747018649806233,5.186754662451558,1.0373509324903116,15.560263987354674,3.112052797470935
2023-10-16,72.61456527432182,3.112052797470935,4.1494037299612465,9.336158392412806,2.0747018649806233,5.186754662451558,0.0,12.44821118988374,2.0747018649806233
2023-10-17,71.5772143418315,3.112052797470935,4.1494037299612465,10.373509324903116,2.0747018649806233,5.186754662451558,0.0,13.485562122374052,2.0747018649806233
2023-10-18,71.5772143418315,3.112052797470935,4.1494037299612465,10.373509324903116,2.0747018649806233,5.186754662451558,0.0,11.410860257393427,2.0747018649806233
2023-10-19,70.5398634093412,4.1494037299612465,4.1494037299612465,12.44821118988374,2.0747018649806233,5.186754662451558,1.0373509324903116,11.410860257393427,2.0747018649806233
2023-10-20,65.35310874688963,4.1494037299612465,4.1494037299612465,10.373509324903116,2.0747018649806233,5.186754662451558,1.0373509324903116,11.410860257393427,2.0747018649806233
2023-10-21,61.20370501692839,3.112052797470935,4.1494037299612465,9.336158392412806,2.0747018649806233,5.186754662451558,1.0373509324903116,12.44821118988374,2.0747018649806233
2023-10-22,68.46516154436057,3.112052797470935,4.1494037299612465,10.373509324903116,2.0747018649806233,5.186754662451558,0.0,14.522913054864363,2.0747018649806233
2023-10-23,69.50251247685088,3.112052797470935,4.1494037299612465,9.336158392412806,2.0747018649806233,5.186754662451558,1.0373509324903116,13.485562122374052,2.0747018649806233
2023-10-24,70.5398634093412,3.112052797470935,5.186754662451558,10.373509324903116,2.0747018649806233,5.186754662451558,0.0,12.44821118988374,2.0747018649806233
2023-10-25,68.46516154436057,3.112052797470935,4.1494037299612465,9.336158392412806,2.0747018649806233,5.186754662451558,0.0,11.410860257393427,2.0747018649806233
2023-10-26,68.46516154436057,3.112052797470935,4.1494037299612465,10.373509324903116,2.0747018649806233,5.186754662451558,1.0373509324903116,11.410860257393427,3.112052797470935
2023-10-27,58.09165221945745,3.112052797470935,4.1494037299612465,9.336158392412806,2.0747018649806233,5.186754662451558,0.0,11.410860257393427,2.0747018649806233
2023-10-28,58.09165221945745,3.112052797470935,3.112052797470935,8.298807459922493,2.0747018649806233,4.1494037299612465,0.0,10.373509324903116,2.0747018649806233
2023-10-29,59.129003151947764,2.0747018649806233,3.112052797470935,8.298807459922493,2.0747018649806233,5.186754662451558,0.0,11.410860257393427,2.0747018649806233
2023-10-30,66.39045967937994,3.112052797470935,4.1494037299612465,9.336158392412806,2.0747018649806233,5.186754662451558,0.0,12.44821118988374,2.0747018649806233
2023-10-31,68.46516154436057,3.112052797470935,4.1494037299612465,9.336158392412806,2.0747018649806233,5.186754662451558,0.0,12.44821118988374,2.0747018649806233
2023-11-01,67.42781061187026,3.112052797470935,4.1494037299612465,10.373509324903116,2.0747018649806233,5.186754662451558,0.0,12.44821118988374,2.0747018649806233
2023-11-02,68.46516154436057,3.112052797470935,4.1494037299612465,10.373509324903116,2.0747018649806233,5.186754662451558,1.0373509324903116,12.44821118988374,2.0747018649806233
2023-11-03,69.50251247685088,3.112052797470935,4.1494037299612465,9.336158392412806,2.0747018649806233,5.186754662451558,0.0,14.522913054864363,2.0747018649806233
2023-11-04,63.27840688190901,3.112052797470935,4.1494037299612465,9.336158392412806,2.0747018649806233,5.186754662451558,1.0373509324903116,12.44821118988374,2.0747018649806233
2023-11-05,71.5772143418315,3.112052797470935,4.1494037299612465,10.373509324903116,2.0747018649806233,5.186754662451558,0.0,17.6349658523353,2.0747018649806233
2023-11-06,74.68926713930244,3.112052797470935,4.1494037299612465,9.336158392412806,2.0747018649806233,6.22410559494187,0.0,15.560263987354674,2.0747018649806233
2023-11-07,78.83867086926368,3.112052797470935,4.1494037299612465,11.410860257393427,2.0747018649806233,6.22410559494187,0.0,14.522913054864363,2.0747018649806233
2023-11-08,71.5772143418315,3.112052797470935,4.1494037299612465,9.336158392412806,2.0747018649806233,6.22410559494187,0.0,13.485562122374052,2.0747018649806233
2023-11-09,69.50251247685088,3.112052797470935,4.1494037299612465,9.336158392412806,2.0747018649806233,5.186754662451558,1.0373509324903116,13.485562122374052,2.0747018649806233
2023-11-10,69.50251247685088,3.112052797470935,4.1494037299612465,9.336158392412806,2.0747018649806233,5.186754662451558,0.0,13.485562122374052,3.112052797470935
2023-11-11,63.27840688190901,3.112052797470935,4.1494037299612465,8.298807459922493,2.0747018649806233,5.186754662451558,0.0,12.44821118988374,2.0747018649806233
2023-11-12,70.5398634093412,3.112052797470935,4.1494037299612465,9.336158392412806,2.0747018649806233,5.186754662451558,0.0,18.67231678482561,2.0747018649806233
2023-11-13,72.61456527432182,3.112052797470935,4.1494037299612465,9.336158392412806,2.0747018649806233,5.186754662451558,0.0,15.560263987354674,2.0747018649806233
2023-11-14,74.68926713930244,3.112052797470935,4.1494037299612465,9.336158392412806,2.0747018649806233,6.22410559494187,0.0,14.522913054864363,2.0747018649806233
2023-11-15,74.68926713930244,3.112052797470935,4.1494037299612465,10.373509324903116,2.0747018649806233,6.22410559494187,0.0,14.522913054864363,2.0747018649806233
2023-11-16,69.50251247685088,4.1494037299612465,5.186754662451558,9.336158392412806,2.0747018649806233,6.22410559494187,1.0373509324903116,13.485562122374052,2.0747018649806233
2023-11-17,65.35310874688963,3.112052797470935,5.186754662451558,8.298807459922493,2.0747018649806233,5.186754662451558,0.0,13.485562122374052,3.112052797470935
2023-11-18,68.46516154436057,4.1494037299612465,4.1494037299612465,9.336158392412806,2.0747018649806233,5.186754662451558,1.0373509324903116,16.597614919844986,3.112052797470935
2023-11-19,66.39045967937994,4.1494037299612465,4.1494037299612465,9.336158392412806,2.0747018649806233,5.186754662451558,0.0,17.6349658523353,3.112052797470935
2023-11-20,70.5398634093412,4.1494037299612465,4.1494037299612465,9.336158392412806,2.0747018649806233,5.186754662451558,1.0373509324903116,16.597614919844986,3.112052797470935
2023-11-21,72.61456527432182,5.186754662451558,4.1494037299612465,9.336158392412806,3.112052797470935,5.186754662451558,1.0373509324903116,14.522913054864363,3.112052797470935
2023-11-22,68.46516154436057,5.186754662451558,4.1494037299612465,9.336158392412806,3.112052797470935,5.186754662451558,1.0373509324903116,14.522913054864363,4.1494037299612465
2023-11-23,58.09165221945745,3.112052797470935,3.112052797470935,8.298807459922493,1.0373509324903116,4.1494037299612465,0.0,18.67231678482561,3.112052797470935
2023-11-24,72.61456527432182,2.0747018649806233,5.186754662451558,11.410860257393427,2.0747018649806233,5.186754662451558,0.0,23.859071447277167,2.0747018649806233
2023-11-25,69.50251247685088,2.0747018649806233,4.1494037299612465,9.336158392412806,2.0747018649806233,5.186754662451558,0.0,20.747018649806233,2.0747018649806233
2023-11-26,79.87602180175399,3.112052797470935,4.1494037299612465,10.373509324903116,2.0747018649806233,6.22410559494187,1.0373509324903116,29.045826109728726,3.112052797470935
2023-11-27,80.9133727342443,3.112052797470935,5.186754662451558,12.44821118988374,2.0747018649806233,6.22410559494187,0.0,19.70966771731592,2.0747018649806233
2023-11-28,103.73509324903117,3.112052797470935,5.186754662451558,14.522913054864363,2.0747018649806233,7.261456527432181,0.0,17.6349658523353,2.0747018649806233
2023-11-29,85.06277646420556,3.112052797470935,4.1494037299612465,11.410860257393427,2.0747018649806233,6.22410559494187,0.0,17.6349658523353,2.0747018649806233
2023-11-30,70.5398634093412,3.112052797470935,4.1494037299612465,10.373509324903116,2.0747018649806233,5.186754662451558,0.0,16.597614919844986,2.0747018649806233
2023-12-01,62.241055949418694,3.112052797470935,3.112052797470935,8.298807459922493,2.0747018649806233,5.186754662451558,0.0,15.560263987354674,2.0747018649806233
2023-12-02,67.42781061187026,3.112052797470935,4.1494037299612465,9.336158392412806,1.0373509324903116,6.22410559494187,0.0,18.67231678482561,2.0747018649806233
2023-12-03,70.5398634093412,3.112052797470935,4.1494037299612465,8.298807459922493,2.0747018649806233,5.186754662451558,0.0,21.784369582296545,2.0747018649806233
2023-12-04,75.72661807179274,3.112052797470935,4.1494037299612465,9.336158392412806,2.0747018649806233,5.186754662451558,0.0,18.67231678482561,2.0747018649806233
2023-12-05,74.68926713930244,3.112052797470935,4.1494037299612465,9.336158392412806,2.0747018649806233,6.22410559494187,0.0,17.6349658523353,2.0747018649806233
2023-12-06,73.65191620681213,3.112052797470935,4.1494037299612465,9.336158392412806,2.0747018649806233,5.186754662451558,0.0,18.67231678482561,2.0747018649806233
2023-12-07,68.46516154436057,3.112052797470935,4.1494037299612465,9.336158392412806,2.0747018649806233,5.186754662451558,0.0,16.597614919844986,2.0747018649806233
2023-12-08,65.35310874688963,3.112052797470935,3.112052797470935,8.298807459922493,2.0747018649806233,5.186754662451558,0.0,17.6349658523353,2.0747018649806233
2023-12-09,64.31575781439932,3.112052797470935,3.112052797470935,8.298807459922493,2.0747018649806233,5.186754662451558,0.0,20.747018649806233,2.0747018649806233
2023-12-10,72.61456527432182,3.112052797470935,4.1494037299612465,8.298807459922493,2.0747018649806233,5.186754662451558,0.0,25.93377331225779,3.112052797470935
2023-12-11,71.5772143418315,3.112052797470935,4.1494037299612465,8.298807459922493,2.0747018649806233,5.186754662451558,0.0,18.67231678482561,2.0747018649806233
2023-12-12,68.46516154436057,3.112052797470935,3.112052797470935,9.336158392412806,2.0747018649806233,5.186754662451558,0.0,19.70966771731592,2.0747018649806233
2023-12-13,67.42781061187026,3.112052797470935,3.112052797470935,9.336158392412806,2.0747018649806233,5.186754662451558,0.0,16.597614919844986,2.0747018649806233
2023-12-14,67.42781061187026,3.112052797470935,4.1494037299612465,10.373509324903116,2.0747018649806233,5.186754662451558,1.0373509324903116,18.67231678482561,2.0747018649806233
2023-12-15,64.31575781439932,3.112052797470935,4.1494037299612465,10.373509324903116,2.0747018649806233,5.186754662451558,1.0373509324903116,18.67231678482561,3.112052797470935
2023-12-16,64.31575781439932,3.112052797470935,3.112052797470935,10.373509324903116,2.0747018649806233,5.186754662451558,1.0373509324903116,21.784369582296545,3.112052797470935
2023-12-17,71.5772143418315,3.112052797470935,4.1494037299612465,9.336158392412806,2.0747018649806233,5.186754662451558,0.0,25.93377331225779,3.112052797470935
2023-12-18,70.5398634093412,3.112052797470935,4.1494037299612465,11.410860257393427,2.0747018649806233,5.186754662451558,1.0373509324903116,21.784369582296545,3.112052797470935
2023-12-19,73.65191620681213,3.112052797470935,4.1494037299612465,11.410860257393427,2.0747018649806233,5.186754662451558,1.0373509324903116,21.784369582296545,3.112052797470935
2023-12-20,69.50251247685088,4.1494037299612465,4.1494037299612465,9.336158392412806,2.0747018649806233,5.186754662451558,1.0373509324903116,21.784369582296545,3.112052797470935
2023-12-21,67.42781061187026,4.1494037299612465,4.1494037299612465,9.336158392412806,2.0747018649806233,5.186754662451558,1.0373509324903116,20.747018649806233,3.112052797470935
2023-12-22,66.39045967937994,4.1494037299612465,3.112052797470935,9.336158392412806,3.112052797470935,5.186754662451558,1.0373509324903116,25.93377331225779,3.112052797470935
2023-12-23,67.42781061187026,4.1494037299612465,3.112052797470935,8.298807459922493,3.112052797470935,5.186754662451558,1.0373509324903116,30.083177042219038,4.1494037299612465
2023-12-24,62.241055949418694,3.112052797470935,3.112052797470935,9.336158392412806,2.0747018649806233,4.1494037299612465,1.0373509324903116,37.34463356965122,4.1494037299612465
2023-12-25,69.50251247685088,3.112052797470935,3.112052797470935,10.373509324903116,2.0747018649806233,5.186754662451558,0.0,58.09165221945745,3.112052797470935
2023-12-26,93.36158392412804,3.112052797470935,4.1494037299612465,15.560263987354674,3.112052797470935,6.22410559494187,1.0373509324903116,29.045826109728726,3.112052797470935
2023-12-27,95.43628578910867,3.112052797470935,4.1494037299612465,13.485562122374052,3.112052797470935,6.22410559494187,1.0373509324903116,22.821720514786854,3.112052797470935
2023-12-28,87.13747832918618,3.112052797470935,4.1494037299612465,11.410860257393427,2.0747018649806233,6.22410559494187,1.0373509324903116,19.70966771731592,3.112052797470935
2023-12-29,84.02542553171524,3.112052797470935,4.1494037299612465,10.373509324903116,3.112052797470935,6.22410559494187,0.0,19.70966771731592,3.112052797470935
2023-12-30,78.83867086926368,3.112052797470935,3.112052797470935,9.336158392412806,2.0747018649806233,6.22410559494187,0.0,20.747018649806233,3.112052797470935
2023-12-31,71.5772143418315,2.0747018649806233,5.186754662451558,8.298807459922493,2.0747018649806233,5.186754662451558,0.0,20.747018649806233,3.112052797470935
2024-01-01,82.98807459922493,2.0747018649806233,6.22410559494187,9.336158392412806,2.0747018649806233,5.186754662451558,0.0,19.70966771731592,2.0747018649806233
2024-01-02,96.47363672159898,3.112052797470935,4.1494037299612465,11.410860257393427,3.112052797470935,6.22410559494187,0.0,21.784369582296545,2.0747018649806233
2024-01-03,100.62304045156023,3.112052797470935,4.1494037299612465,11.410860257393427,3.112052797470935,7.261456527432181,0.0,20.747018649806233,3.112052797470935
2024-01-04,92.32423299163773,3.112052797470935,4.1494037299612465,11.410860257393427,3.112052797470935,6.22410559494187,0.0,19.70966771731592,2.0747018649806233
2024-01-05,91.28688205914742,3.112052797470935,4.1494037299612465,9.336158392412806,2.0747018649806233,6.22410559494187,0.0,18.67231678482561,2.0747018649806233
2024-01-06,91.28688205914742,3.112052797470935,4.1494037299612465,11.410860257393427,2.0747018649806233,6.22410559494187,0.0,18.67231678482561,3.112052797470935
2024-01-07,98.5483385865796,3.112052797470935,4.1494037299612465,11.410860257393427,2.0747018649806233,6.22410559494187,0.0,23.859071447277167,3.112052797470935
2024-01-08,98.5483385865796,3.112052797470935,4.1494037299612465,11.410860257393427,2.0747018649806233,6.22410559494187,0.0,19.70966771731592,3.112052797470935
2024-01-09,100.62304045156023,3.112052797470935,4.1494037299612465,13.485562122374052,2.0747018649806233,6.22410559494187,0.0,18.67231678482561,3.112052797470935
2024-01-10,98.5483385865796,3.112052797470935,4.1494037299612465,13.485562122374052,2.0747018649806233,6.22410559494187,0.0,18.67231678482561,3.112052797470935
2024-01-11,90.24953112665712,3.112052797470935,4.1494037299612465,13.485562122374052,2.0747018649806233,6.22410559494187,0.0,17.6349658523353,3.112052797470935
2024-01-12,86.10012739669587,3.112052797470935,4.1494037299612465,12.44821118988374,2.0747018649806233,6.22410559494187,0.0,16.597614919844986,4.1494037299612465
2024-01-13,88.17482926167649,3.112052797470935,3.112052797470935,10.373509324903116,2.0747018649806233,6.22410559494187,0.0,16.597614919844986,4.1494037299612465
2024-01-14,86.10012739669587,2.0747018649806233,4.1494037299612465,9.336158392412806,2.0747018649806233,6.22410559494187,0.0,20.747018649806233,3.112052797470935
2024-01-15,96.47363672159898,3.112052797470935,4.1494037299612465,10.373509324903116,2.0747018649806233,6.22410559494187,0.0,17.6349658523353,3.112052797470935
2024-01-16,95.43628578910867,3.112052797470935,4.1494037299612465,12.44821118988374,2.0747018649806233,6.22410559494187,0.0,16.597614919844986,3.112052797470935
2024-01-17,93.36158392412804,3.112052797470935,4.1494037299612465,13.485562122374052,2.0747018649806233,6.22410559494187,0.0,17.6349658523353,2.0747018649806233
2024-01-18,85.06277646420556,3.112052797470935,4.1494037299612465,11.410860257393427,2.0747018649806233,6.22410559494187,0.0,16.597614919844986,2.0747018649806233
2024-01-19,86.10012739669587,3.112052797470935,3.112052797470935,11.410860257393427,2.0747018649806233,5.186754662451558,0.0,15.560263987354674,3.112052797470935
2024-01-20,82.98807459922493,3.112052797470935,3.112052797470935,9.336158392412806,2.0747018649806233,6.22410559494187,0.0,17.6349658523353,3.112052797470935
2024-01-21,82.98807459922493,3.112052797470935,3.112052797470935,10.373509324903116,2.0747018649806233,6.22410559494187,0.0,21.784369582296545,2.0747018649806233
2024-01-22,86.10012739669587,3.112052797470935,3.112052797470935,10.373509324903116,2.0747018649806233,6.22410559494187,0.0,17.6349658523353,2.0747018649806233
2024-01-23,87.13747832918618,2.0747018649806233,4.1494037299612465,10.373509324903116,2.0747018649806233,6.22410559494187,0.0,16.597614919844986,2.0747018649806233
2024-01-24,90.24953112665712,3.112052797470935,4.1494037299612465,11.410860257393427,2.0747018649806233,6.22410559494187,0.0,16.597614919844986,2.0747018649806233
2024-01-25,82.98807459922493,3.112052797470935,4.1494037299612465,10.373509324903116,2.0747018649806233,6.22410559494187,0.0,15.560263987354674,2.0747018649806233
2024-01-26,80.9133727342443,3.112052797470935,4.1494037299612465,9.336158392412806,2.0747018649806233,6.22410559494187,0.0,14.522913054864363,2.0747018649806233
2024-01-27,79.87602180175399,2.0747018649806233,4.1494037299612465,9.336158392412806,2.0747018649806233,6.22410559494187,0.0,15.560263987354674,2.0747018649806233
2024-01-28,86.10012739669587,2.0747018649806233,4.1494037299612465,9.336158392412806,2.0747018649806233,5.186754662451558,0.0,21.784369582296545,2.0747018649806233
2024-01-29,87.13747832918618,3.112052797470935,4.1494037299612465,9.336158392412806,2.0747018649806233,6.22410559494187,0.0,16.597614919844986,2.0747018649806233
2024-01-30,91.28688205914742,3.112052797470935,4.1494037299612465,11.410860257393427,2.0747018649806233,6.22410559494187,0.0,17.6349658523353,2.0747018649806233
2024-01-31,85.06277646420556,3.112052797470935,4.1494037299612465,10.373509324903116,2.0747018649806233,6.22410559494187,0.0,15.560263987354674,2.0747018649806233
2024-02-01,82.98807459922493,3.112052797470935,4.1494037299612465,10.373509324903116,2.0747018649806233,6.22410559494187,0.0,15.560263987354674,2.0747018649806233
2024-02-02,78.83867086926368,3.112052797470935,4.1494037299612465,10.373509324903116,2.0747018649806233,5.186754662451558,0.0,14.522913054864363,2.0747018649806233
2024-02-03,80.9133727342443,2.0747018649806233,4.1494037299612465,10.373509324903116,2.0747018649806233,6.22410559494187,0.0,15.560263987354674,2.0747018649806233
2024-02-04,91.28688205914742,3.112052797470935,5.186754662451558,10.373509324903116,2.0747018649806233,6.22410559494187,0.0,20.747018649806233,3.112052797470935
2024-02-05,90.24953112665712,3.112052797470935,4.1494037299612465,9.336158392412806,2.0747018649806233,6.22410559494187,0.0,16.597614919844986,2.0747018649806233
2024-02-06,89.2121801941668,3.112052797470935,4.1494037299612465,10.373509324903116,2.0747018649806233,6.22410559494187,0.0,17.6349658523353,2.0747018649806233
2024-02-07,88.17482926167649,3.112052797470935,4.1494037299612465,10.373509324903116,2.0747018649806233,6.22410559494187,0.0,15.560263987354674,2.0747018649806233
2024-02-08,85.06277646420556,3.112052797470935,4.1494037299612465,10.373509324903116,2.0747018649806233,6.22410559494187,0.0,14.522913054864363,2.0747018649806233
2024-02-09,79.87602180175399,3.112052797470935,4.1494037299612465,9.336158392412806,2.0747018649806233,5.186754662451558,0.0,15.560263987354674,3.112052797470935
2024-02-10,77.80131993677337,3.112052797470935,4.1494037299612465,10.373509324903116,2.0747018649806233,6.22410559494187,0.0,14.522913054864363,4.1494037299612465
2024-02-11,75.72661807179274,3.112052797470935,4.1494037299612465,9.336158392412806,2.0747018649806233,5.186754662451558,0.0,17.6349658523353,6.22410559494187
2024-02-12,73.65191620681213,3.112052797470935,3.112052797470935,8.298807459922493,2.0747018649806233,5.186754662451558,0.0,12.44821118988374,3.112052797470935
2024-02-13,88.17482926167649,3.112052797470935,4.1494037299612465,11.410860257393427,2.0747018649806233,6.22410559494187,0.0,17.6349658523353,2.0747018649806233
2024-02-14,77.80131993677337,3.112052797470935,4.1494037299612465,10.373509324903116,2.0747018649806233,5.186754662451558,0.0,13.485562122374052,2.0747018649806233
2024-02-15,77.80131993677337,4.1494037299612465,4.1494037299612465,10.373509324903116,2.0747018649806233,5.186754662451558,0.0,14.522913054864363,2.0747018649806233
2024-02-16,80.9133727342443,4.1494037299612465,4.1494037299612465,10.373509324903116,2.0747018649806233,6.22410559494187,1.0373509324903116,16.597614919844986,3.112052797470935
2024-02-17,85.06277646420556,3.112052797470935,5.186754662451558,10.373509324903116,2.0747018649806233,6.22410559494187,0.0,18.67231678482561,3.112052797470935
2024-02-18,86.10012739669587,3.112052797470935,5.186754662451558,11.410860257393427,2.0747018649806233,6.22410559494187,0.0,22.821720514786854,3.112052797470935
2024-02-19,93.36158392412804,3.112052797470935,5.186754662451558,12.44821118988374,3.112052797470935,6.22410559494187,0.0,19.70966771731592,3.112052797470935
2024-02-20,92.32423299163773,3.112052797470935,5.186754662451558,12.44821118988374,2.0747018649806233,6.22410559494187,0.0,18.67231678482561,2.0747018649806233
2024-02-21,85.06277646420556,3.112052797470935,5.186754662451558,11.410860257393427,2.0747018649806233,6.22410559494187,0.0,15.560263987354674,2.0747018649806233
2024-02-22,84.02542553171524,3.112052797470935,5.186754662451558,11.410860257393427,2.0747018649806233,6.22410559494187,0.0,16.597614919844986,2.0747018649806233
2024-02-23,80.9133727342443,3.112052797470935,4.1494037299612465,11.410860257393427,2.0747018649806233,6.22410559494187,0.0,15.560263987354674,2.0747018649806233
2024-02-24,82.98807459922493,3.112052797470935,4.1494037299612465,10.373509324903116,2.0747018649806233,6.22410559494187,1.0373509324903116,16.597614919844986,3.112052797470935
2024-02-25,87.13747832918618,3.112052797470935,5.186754662451558,10.373509324903116,2.0747018649806233,6.22410559494187,0.0,20.747018649806233,2.0747018649806233
2024-02-26,87.13747832918618,3.112052797470935,4.1494037299612465,10.373509324903116,2.0747018649806233,6.22410559494187,0.0,16.597614919844986,2.0747018649806233
2024-02-27,88.17482926167649,3.112052797470935,5.186754662451558,11.410860257393427,2.0747018649806233,6.22410559494187,0.0,17.6349658523353,2.0747018649806233
2024-02-28,88.17482926167649,3.112052797470935,5.186754662451558,11.410860257393427,3.112052797470935,6.22410559494187,0.0,15.560263987354674,2.0747018649806233
2024-02-29,84.02542553171524,3.112052797470935,5.186754662451558,11.410860257393427,2.0747018649806233,6.22410559494187,0.0,14.522913054864363,2.0747018649806233
2024-03-01,81.95072366673462,3.112052797470935,6.22410559494187,10.373509324903116,2.0747018649806233,6.22410559494187,1.0373509324903116,15.560263987354674,3.112052797470935
2024-03-02,85.06277646420556,3.112052797470935,5.186754662451558,10.373509324903116,2.0747018649806233,6.22410559494187,1.0373509324903116,15.560263987354674,3.112052797470935
2024-03-03,91.28688205914742,3.112052797470935,5.186754662451558,10.373509324903116,2.0747018649806233,6.22410559494187,1.0373509324903116,20.747018649806233,3.112052797470935
2024-03-04,90.24953112665712,4.1494037299612465,5.186754662451558,11.410860257393427,3.112052797470935,6.22410559494187,0.0,18.67231678482561,2.0747018649806233
2024-03-05,91.28688205914742,3.112052797470935,5.186754662451558,11.410860257393427,2.0747018649806233,6.22410559494187,0.0,15.560263987354674,2.0747018649806233
2024-03-06,89.2121801941668,3.112052797470935,5.186754662451558,12.44821118988374,3.112052797470935,6.22410559494187,0.0,16.597614919844986,2.0747018649806233
2024-03-07,85.06277646420556,3.112052797470935,5.186754662451558,12.44821118988374,3.112052797470935,6.22410559494187,1.0373509324903116,16.597614919844986,2.0747018649806233
2024-03-08,84.02542553171524,3.112052797470935,5.186754662451558,11.410860257393427,2.0747018649806233,6.22410559494187,1.0373509324903116,15.560263987354674,3.112052797470935
2024-03-09,86.10012739669587,3.112052797470935,5.186754662451558,12.44821118988374,2.0747018649806233,6.22410559494187,1.0373509324903116,16.597614919844986,3.112052797470935
2024-03-10,97.51098765408929,4.1494037299612465,6.22410559494187,12.44821118988374,2.0747018649806233,6.22410559494187,1.0373509324903116,19.70966771731592,4.1494037299612465
2024-03-11,90.24953112665712,4.1494037299612465,5.186754662451558,11.410860257393427,3.112052797470935,6.22410559494187,1.0373509324903116,16.597614919844986,3.112052797470935
2024-03-12,96.47363672159898,3.112052797470935,4.1494037299612465,15.560263987354674,2.0747018649806233,7.261456527432181,0.0,17.6349658523353,2.0747018649806233
2024-03-13,90.24953112665712,4.1494037299612465,4.1494037299612465,11.410860257393427,2.0747018649806233,6.22410559494187,1.0373509324903116,16.597614919844986,2.0747018649806233
2024-03-14,88.17482926167649,3.112052797470935,4.1494037299612465,12.44821118988374,2.0747018649806233,6.22410559494187,0.0,15.560263987354674,3.112052797470935
2024-03-15,82.98807459922493,3.112052797470935,4.1494037299612465,10.373509324903116,2.0747018649806233,6.22410559494187,1.0373509324903116,15.560263987354674,3.112052797470935
2024-03-16,81.95072366673462,3.112052797470935,4.1494037299612465,10.373509324903116,2.0747018649806233,6.22410559494187,1.0373509324903116,14.522913054864363,3.112052797470935
2024-03-17,89.2121801941668,3.112052797470935,4.1494037299612465,10.373509324903116,2.0747018649806233,6.22410559494187,1.0373509324903116,18.67231678482561,3.112052797470935
2024-03-18,86.10012739669587,3.112052797470935,4.1494037299612465,10.373509324903116,3.112052797470935,6.22410559494187,0.0,17.6349658523353,3.112052797470935
2024-03-19,86.10012739669587,3.112052797470935,5.186754662451558,11.410860257393427,3.112052797470935,6.22410559494187,0.0,18.67231678482561,2.0747018649806233
2024-03-20,86.10012739669587,3.112052797470935,5.186754662451558,11.410860257393427,3.112052797470935,6.22410559494187,0.0,17.6349658523353,2.0747018649806233
2024-03-21,78.83867086926368,3.112052797470935,4.1494037299612465,11.410860257393427,3.112052797470935,6.22410559494187,0.0,17.6349658523353,2.0747018649806233
2024-03-22,76.76396900428306,4.1494037299612465,5.186754662451558,10.373509324903116,2.0747018649806233,5.186754662451558,0.0,17.6349658523353,3.112052797470935
2024-03-23,86.10012739669587,3.112052797470935,5.186754662451558,10.373509324903116,2.0747018649806233,6.22410559494187,0.0,18.67231678482561,3.112052797470935
2024-03-24,91.28688205914742,4.1494037299612465,5.186754662451558,10.373509324903116,2.0747018649806233,6.22410559494187,1.0373509324903116,22.821720514786854,3.112052797470935
2024-03-25,87.13747832918618,4.1494037299612465,5.186754662451558,10.373509324903116,3.112052797470935,6.22410559494187,1.0373509324903116,18.67231678482561,3.112052797470935
2024-03-26,80.9133727342443,3.112052797470935,4.1494037299612465,10.373509324903116,2.0747018649806233,6.22410559494187,1.0373509324903116,17.6349658523353,3.112052797470935
2024-03-27,81.95072366673462,3.112052797470935,5.186754662451558,10.373509324903116,2.0747018649806233,6.22410559494187,0.0,17.6349658523353,2.0747018649806233
2024-03-28,80.9133727342443,4.1494037299612465,5.186754662451558,10.373509324903116,2.0747018649806233,5.186754662451558,1.0373509324903116,16.597614919844986,3.112052797470935
2024-03-29,73.65191620681213,3.112052797470935,5.186754662451558,9.336158392412806,3.112052797470935,5.186754662451558,1.0373509324903116,15.560263987354674,3.112052797470935
2024-03-30,73.65191620681213,3.112052797470935,7.261456527432181,9.336158392412806,2.0747018649806233,5.186754662451558,0.0,15.560263987354674,2.0747018649806233
2024-03-31,76.76396900428306,3.112052797470935,5.186754662451558,9.336158392412806,2.0747018649806233,5.186754662451558,0.0,18.67231678482561,3.112052797470935
2024-04-01,85.06277646420556,4.1494037299612465,5.186754662451558,11.410860257393427,3.112052797470935,5.186754662451558,1.0373509324903116,17.6349658523353,2.0747018649806233
2024-04-02,86.10012739669587,3.112052797470935,5.186754662451558,11.410860257393427,2.0747018649806233,6.22410559494187,0.0,17.6349658523353,2.0747018649806233
2024-04-03,86.10012739669587,4.1494037299612465,5.186754662451558,11.410860257393427,2.0747018649806233,6.22410559494187,0.0,16.597614919844986,3.112052797470935
2024-04-04,82.31532285622177,4.25768911325285,5.676918817670467,12.773067339758551,2.8384594088352335,5.676918817670467,0.0,17.0307564530114,2.8384594088352335
2024-04-05,76.6384040385513,4.25768911325285,4.25768911325285,9.934607930923317,2.8384594088352335,5.676918817670467,0.0,14.192297044176168,2.8384594088352335
2024-04-06,73.79994462971607,2.8384594088352335,4.25768911325285,9.934607930923317,2.8384594088352335,5.676918817670467,0.0,15.611526748593784,2.8384594088352335
2024-04-07,78.05763374296892,2.8384594088352335,4.25768911325285,11.353837635340934,2.8384594088352335,5.676918817670467,0.0,18.449986157429016,2.8384594088352335
2024-04-08,75.21917433413368,2.8384594088352335,4.25768911325285,11.353837635340934,2.8384594088352335,4.25768911325285,0.0,15.611526748593784,2.8384594088352335
2024-04-09,78.05763374296892,2.8384594088352335,4.25768911325285,12.773067339758551,1.4192297044176168,5.676918817670467,0.0,15.611526748593784,1.4192297044176168
2024-04-10,79.47686344738653,4.25768911325285,4.25768911325285,12.773067339758551,2.8384594088352335,5.676918817670467,0.0,15.611526748593784,2.8384594088352335
2024-04-11,78.05763374296892,4.25768911325285,4.25768911325285,12.773067339758551,2.8384594088352335,5.676918817670467,0.0,14.192297044176168,2.8384594088352335
2024-04-12,73.79994462971607,4.25768911325285,4.25768911325285,9.934607930923317,2.8384594088352335,5.676918817670467,0.0,15.611526748593784,2.8384594088352335
2024-04-13,72.38071492529845,2.8384594088352335,2.8384594088352335,9.934607930923317,2.8384594088352335,5.676918817670467,0.0,14.192297044176168,2.8384594088352335
2024-04-14,78.05763374296892,2.8384594088352335,4.25768911325285,9.934607930923317,2.8384594088352335,5.676918817670467,0.0,18.449986157429016,2.8384594088352335
2024-04-15,80.89609315180415,2.8384594088352335,4.25768911325285,9.934607930923317,2.8384594088352335,5.676918817670467,0.0,15.611526748593784,2.8384594088352335
2024-04-16,79.47686344738653,2.8384594088352335,4.25768911325285,11.353837635340934,2.8384594088352335,5.676918817670467,0.0,15.611526748593784,1.4192297044176168
2024-04-17,78.05763374296892,2.8384594088352335,4.25768911325285,9.934607930923317,2.8384594088352335,5.676918817670467,0.0,15.611526748593784,2.8384594088352335
2024-04-18,79.47686344738653,4.25768911325285,4.25768911325285,11.353837635340934,2.8384594088352335,5.676918817670467,0.0,15.611526748593784,2.8384594088352335
2024-04-19,72.38071492529845,2.8384594088352335,2.8384594088352335,9.934607930923317,2.8384594088352335,5.676918817670467,0.0,14.192297044176168,2.8384594088352335
2024-04-20,72.38071492529845,2.8384594088352335,2.8384594088352335,9.934607930923317,1.4192297044176168,5.676918817670467,0.0,14.192297044176168,2.8384594088352335
2024-04-21,83.73455256063939,2.8384594088352335,4.25768911325285,11.353837635340934,2.8384594088352335,5.676918817670467,0.0,17.0307564530114,2.8384594088352335
2024-04-22,76.6384040385513,4.25768911325285,4.25768911325285,9.934607930923317,2.8384594088352335,5.676918817670467,0.0,17.0307564530114,2.8384594088352335
2024-04-23,76.6384040385513,2.8384594088352335,4.25768911325285,9.934607930923317,2.8384594088352335,5.676918817670467,0.0,15.611526748593784,1.4192297044176168
2024-04-24,79.47686344738653,2.8384594088352335,4.25768911325285,9.934607930923317,2.8384594088352335,5.676918817670467,0.0,15.611526748593784,1.4192297044176168
2024-04-25,85.153782265057,2.8384594088352335,4.25768911325285,12.773067339758551,2.8384594088352335,5.676918817670467,0.0,15.611526748593784,2.8384594088352335
2024-04-26,72.38071492529845,2.8384594088352335,2.8384594088352335,12.773067339758551,2.8384594088352335,5.676918817670467,0.0,14.192297044176168,2.8384594088352335
2024-04-27,72.38071492529845,2.8384594088352335,4.25768911325285,11.353837635340934,2.8384594088352335,5.676918817670467,0.0,14.192297044176168,2.8384594088352335
2024-04-28,79.47686344738653,2.8384594088352335,4.25768911325285,11.353837635340934,2.8384594088352335,5.676918817670467,0.0,18.449986157429016,2.8384594088352335
2024-04-29,83.73455256063939,2.8384594088352335,4.25768911325285,11.353837635340934,2.8384594088352335,5.676918817670467,0.0,17.0307564530114,2.8384594088352335
2024-04-30,82.31532285622177,2.8384594088352335,4.25768911325285,12.773067339758551,2.8384594088352335,5.676918817670467,0.0,15.611526748593784,1.4192297044176168
2024-05-01,79.47686344738653,2.8384594088352335,4.25768911325285,11.353837635340934,2.8384594088352335,5.676918817670467,0.0,14.192297044176168,2.8384594088352335
2024-05-02,75.21917433413368,4.25768911325285,4.25768911325285,11.353837635340934,2.8384594088352335,5.676918817670467,0.0,15.611526748593784,2.8384594088352335
2024-05-03,73.79994462971607,4.25768911325285,4.25768911325285,9.934607930923317,2.8384594088352335,5.676918817670467,0.0,15.611526748593784,2.8384594088352335
2024-05-04,73.79994462971607,2.8384594088352335,2.8384594088352335,9.934607930923317,1.4192297044176168,5.676918817670467,0.0,14.192297044176168,2.8384594088352335
2024-05-05,78.05763374296892,2.8384594088352335,4.25768911325285,9.934607930923317,2.8384594088352335,5.676918817670467,0.0,19.869215861846634,2.8384594088352335
2024-05-06,78.05763374296892,4.25768911325285,4.25768911325285,9.934607930923317,2.8384594088352335,5.676918817670467,0.0,17.0307564530114,2.8384594088352335
2024-05-07,83.73455256063939,2.8384594088352335,4.25768911325285,11.353837635340934,2.8384594088352335,5.676918817670467,0.0,17.0307564530114,2.8384594088352335
2024-05-08,79.47686344738653,4.25768911325285,4.25768911325285,9.934607930923317,2.8384594088352335,5.676918817670467,0.0,15.611526748593784,2.8384594088352335
2024-05-09,76.6384040385513,4.25768911325285,4.25768911325285,9.934607930923317,2.8384594088352335,5.676918817670467,0.0,14.192297044176168,2.8384594088352335
2024-05-10,75.21917433413368,4.25768911325285,4.25768911325285,9.934607930923317,2.8384594088352335,5.676918817670467,0.0,14.192297044176168,2.8384594088352335
2024-05-11,73.79994462971607,2.8384594088352335,2.8384594088352335,8.5153782265057,2.8384594088352335,5.676918817670467,0.0,12.773067339758551,2.8384594088352335
2024-05-12,76.6384040385513,2.8384594088352335,4.25768911325285,9.934607930923317,2.8384594088352335,5.676918817670467,0.0,17.0307564530114,2.8384594088352335
2024-05-13,83.73455256063939,4.25768911325285,4.25768911325285,11.353837635340934,2.8384594088352335,5.676918817670467,0.0,17.0307564530114,2.8384594088352335
2024-05-14,87.99224167389224,4.25768911325285,4.25768911325285,11.353837635340934,2.8384594088352335,5.676918817670467,0.0,17.0307564530114,2.8384594088352335
2024-05-15,80.89609315180415,4.25768911325285,4.25768911325285,11.353837635340934,2.8384594088352335,5.676918817670467,0.0,15.611526748593784,2.8384594088352335
2024-05-16,86.57301196947462,4.25768911325285,5.676918817670467,11.353837635340934,2.8384594088352335,5.676918817670467,0.0,15.611526748593784,2.8384594088352335
2024-05-17,76.6384040385513,4.25768911325285,4.25768911325285,9.934607930923317,2.8384594088352335,5.676918817670467,0.0,18.449986157429016,2.8384594088352335
2024-05-18,80.89609315180415,2.8384594088352335,4.25768911325285,9.934607930923317,2.8384594088352335,5.676918817670467,0.0,17.0307564530114,2.8384594088352335
2024-05-19,79.47686344738653,4.25768911325285,4.25768911325285,9.934607930923317,2.8384594088352335,5.676918817670467,1.4192297044176168,19.869215861846634,2.8384594088352335
2024-05-20,85.153782265057,4.25768911325285,4.25768911325285,9.934607930923317,2.8384594088352335,5.676918817670467,0.0,18.449986157429016,2.8384594088352335
2024-05-21,86.57301196947462,4.25768911325285,4.25768911325285,12.773067339758551,2.8384594088352335,7.096148522088084,0.0,18.449986157429016,2.8384594088352335
2024-05-22,86.57301196947462,4.25768911325285,4.25768911325285,9.934607930923317,2.8384594088352335,5.676918817670467,0.0,18.449986157429016,2.8384594088352335
2024-05-23,80.89609315180415,4.25768911325285,4.25768911325285,9.934607930923317,2.8384594088352335,5.676918817670467,0.0,15.611526748593784,2.8384594088352335
2024-05-24,78.05763374296892,4.25768911325285,4.25768911325285,9.934607930923317,2.8384594088352335,5.676918817670467,0.0,15.611526748593784,2.8384594088352335
2024-05-25,76.6384040385513,4.25768911325285,4.25768911325285,9.934607930923317,2.8384594088352335,5.676918817670467,1.4192297044176168,15.611526748593784,2.8384594088352335
2024-05-26,75.21917433413368,2.8384594088352335,2.8384594088352335,9.934607930923317,1.4192297044176168,5.676918817670467,0.0,19.869215861846634,2.8384594088352335
2024-05-27,86.57301196947462,2.8384594088352335,4.25768911325285,9.934607930923317,2.8384594088352335,5.676918817670467,0.0,19.869215861846634,2.8384594088352335
2024-05-28,89.41147137830986,2.8384594088352335,4.25768911325285,11.353837635340934,2.8384594088352335,5.676918817670467,0.0,19.869215861846634,2.8384594088352335
2024-05-29,86.57301196947462,4.25768911325285,4.25768911325285,11.353837635340934,2.8384594088352335,5.676918817670467,0.0,18.449986157429016,2.8384594088352335
2024-05-30,83.73455256063939,4.25768911325285,4.25768911325285,11.353837635340934,2.8384594088352335,5.676918817670467,0.0,17.0307564530114,2.8384594088352335
2024-05-31,80.89609315180415,4.25768911325285,4.25768911325285,11.353837635340934,2.8384594088352335,5.676918817670467,0.0,15.611526748593784,2.8384594088352335
2024-06-01,75.21917433413368,2.8384594088352335,4.25768911325285,9.934607930923317,2.8384594088352335,5.676918817670467,0.0,17.0307564530114,2.8384594088352335
2024-06-02,86.57301196947462,4.25768911325285,4.25768911325285,11.353837635340934,2.8384594088352335,5.676918817670467,0.0,22.707675270681868,2.8384594088352335
2024-06-03,87.99224167389224,4.25768911325285,4.25768911325285,9.934607930923317,2.8384594088352335,5.676918817670467,0.0,19.869215861846634,2.8384594088352335
2024-06-04,92.24993078714509,4.25768911325285,4.25768911325285,11.353837635340934,2.8384594088352335,7.096148522088084,0.0,19.869215861846634,2.8384594088352335
2024-06-05,89.41147137830986,4.25768911325285,4.25768911325285,11.353837635340934,2.8384594088352335,5.676918817670467,0.0,18.449986157429016,2.8384594088352335
2024-06-06,85.153782265057,4.25768911325285,4.25768911325285,11.353837635340934,2.8384594088352335,5.676918817670467,0.0,18.449986157429016,2.8384594088352335
2024-06-07,79.47686344738653,4.25768911325285,4.25768911325285,9.934607930923317,2.8384594088352335,5.676918817670467,0.0,17.0307564530114,2.8384594088352335
2024-06-08,76.6384040385513,2.8384594088352335,4.25768911325285,9.934607930923317,2.8384594088352335,5.676918817670467,0.0,17.0307564530114,2.8384594088352335
2024-06-09,87.99224167389224,4.25768911325285,4.25768911325285,9.934607930923317,2.8384594088352335,5.676918817670467,0.0,22.707675270681868,2.8384594088352335
2024-06-10,90.83070108272747,4.25768911325285,4.25768911325285,12.773067339758551,2.8384594088352335,5.676918817670467,0.0,19.869215861846634,2.8384594088352335
2024-06-11,95.08839019598032,4.25768911325285,4.25768911325285,17.0307564530114,2.8384594088352335,7.096148522088084,0.0,21.28844556626425,2.8384594088352335
2024-06-12,95.08839019598032,4.25768911325285,4.25768911325285,14.192297044176168,2.8384594088352335,7.096148522088084,0.0,19.869215861846634,2.8384594088352335
2024-06-13,93.6691604915627,4.25768911325285,4.25768911325285,15.611526748593784,2.8384594088352335,5.676918817670467,0.0,18.449986157429016,2.8384594088352335
2024-06-14,86.57301196947462,4.25768911325285,4.25768911325285,14.192297044176168,2.8384594088352335,5.676918817670467,1.4192297044176168,17.0307564530114,2.8384594088352335
2024-06-15,79.47686344738653,4.25768911325285,4.25768911325285,14.192297044176168,2.8384594088352335,5.676918817670467,0.0,15.611526748593784,2.8384594088352335
2024-06-16,80.89609315180415,4.25768911325285,4.25768911325285,14.192297044176168,2.8384594088352335,5.676918817670467,0.0,22.707675270681868,2.8384594088352335
2024-06-17,87.99224167389224,4.25768911325285,4.25768911325285,14.192297044176168,2.8384594088352335,5.676918817670467,0.0,21.28844556626425,2.8384594088352335
2024-06-18,89.41147137830986,4.25768911325285,4.25768911325285,12.773067339758551,2.8384594088352335,5.676918817670467,0.0,21.28844556626425,2.8384594088352335
2024-06-19,89.41147137830986,4.25768911325285,4.25768911325285,14.192297044176168,2.8384594088352335,5.676918817670467,0.0,18.449986157429016,2.8384594088352335
2024-06-20,85.153782265057,4.25768911325285,4.25768911325285,14.192297044176168,2.8384594088352335,5.676918817670467,0.0,18.449986157429016,2.8384594088352335
2024-06-21,86.57301196947462,4.25768911325285,4.25768911325285,11.353837635340934,2.8384594088352335,5.676918817670467,0.0,19.869215861846634,2.8384594088352335
2024-06-22,80.89609315180415,4.25768911325285,4.25768911325285,11.353837635340934,2.8384594088352335,5.676918817670467,0.0,19.869215861846634,2.8384594088352335
2024-06-23,89.41147137830986,4.25768911325285,4.25768911325285,9.934607930923317,2.8384594088352335,5.676918817670467,0.0,24.126904975099485,4.25768911325285
2024-06-24,89.41147137830986,4.25768911325285,4.25768911325285,9.934607930923317,2.8384594088352335,5.676918817670467,0.0,19.869215861846634,2.8384594088352335
2024-06-25,93.6691604915627,4.25768911325285,4.25768911325285,9.934607930923317,2.8384594088352335,5.676918817670467,0.0,19.869215861846634,2.8384594088352335
2024-06-26,85.153782265057,4.25768911325285,4.25768911325285,9.934607930923317,2.8384594088352335,7.096148522088084,0.0,18.449986157429016,2.8384594088352335
2024-06-27,83.73455256063939,4.25768911325285,4.25768911325285,11.353837635340934,2.8384594088352335,5.676918817670467,0.0,18.449986157429016,4.25768911325285
2024-06-28,79.47686344738653,4.25768911325285,4.25768911325285,8.5153782265057,2.8384594088352335,5.676918817670467,0.0,17.0307564530114,2.8384594088352335
2024-06-29,79.47686344738653,4.25768911325285,4.25768911325285,8.5153782265057,2.8384594088352335,5.676918817670467,0.0,18.449986157429016,2.8384594088352335
2024-06-30,87.99224167389224,4.25768911325285,4.25768911325285,9.934607930923317,2.8384594088352335,5.676918817670467,0.0,24.126904975099485,4.25768911325285
2024-07-01,89.41147137830986,4.25768911325285,4.25768911325285,9.934607930923317,2.8384594088352335,5.676918817670467,0.0,19.869215861846634,2.8384594088352335
2024-07-02,86.57301196947462,4.25768911325285,4.25768911325285,9.934607930923317,2.8384594088352335,5.676918817670467,0.0,21.28844556626425,2.8384594088352335
2024-07-03,83.73455256063939,4.25768911325285,4.25768911325285,9.934607930923317,2.8384594088352335,5.676918817670467,0.0,19.869215861846634,2.8384594088352335
2024-07-04,80.89609315180415,4.25768911325285,4.25768911325285,8.5153782265057,2.8384594088352335,5.676918817670467,0.0,18.449986157429016,2.8384594088352335
2024-07-05,76.6384040385513,4.25768911325285,4.25768911325285,8.5153782265057,2.8384594088352335,5.676918817670467,0.0,18.449986157429016,2.8384594088352335
2024-07-06,79.47686344738653,2.8384594088352335,4.25768911325285,8.5153782265057,2.8384594088352335,5.676918817670467,0.0,19.869215861846634,2.8384594088352335
2024-07-07,87.99224167389224,2.8384594088352335,4.25768911325285,9.934607930923317,2.8384594088352335,5.676918817670467,0.0,25.546134679517102,2.8384594088352335
2024-07-08,89.41147137830986,4.25768911325285,5.676918817670467,9.934607930923317,2.8384594088352335,5.676918817670467,0.0,19.869215861846634,2.8384594088352335
2024-07-09,87.99224167389224,4.25768911325285,5.676918817670467,9.934607930923317,2.8384594088352335,5.676918817670467,0.0,18.449986157429016,2.8384594088352335
2024-07-10,92.24993078714509,4.25768911325285,5.676918817670467,9.934607930923317,2.8384594088352335,5.676918817670467,0.0,19.869215861846634,2.8384594088352335
2024-07-11,86.57301196947462,4.25768911325285,4.25768911325285,9.934607930923317,2.8384594088352335,5.676918817670467,0.0,18.449986157429016,2.8384594088352335
2024-07-12,80.89609315180415,4.25768911325285,4.25768911325285,9.934607930923317,2.8384594088352335,5.676918817670467,0.0,17.0307564530114,2.8384594088352335
2024-07-13,75.21917433413368,2.8384594088352335,4.25768911325285,8.5153782265057,2.8384594088352335,5.676918817670467,0.0,17.0307564530114,2.8384594088352335
2024-07-14,80.89609315180415,4.25768911325285,4.25768911325285,8.5153782265057,2.8384594088352335,4.25768911325285,0.0,19.869215861846634,2.8384594088352335
2024-07-15,83.73455256063939,2.8384594088352335,4.25768911325285,9.934607930923317,2.8384594088352335,5.676918817670467,0.0,18.449986157429016,2.8384594088352335
2024-07-16,87.99224167389224,4.25768911325285,4.25768911325285,9.934607930923317,2.8384594088352335,5.676918817670467,0.0,19.869215861846634,2.8384594088352335
2024-07-17,83.73455256063939,4.25768911325285,4.25768911325285,11.353837635340934,2.8384594088352335,5.676918817670467,0.0,18.449986157429016,2.8384594088352335
2024-07-18,85.153782265057,4.25768911325285,5.676918817670467,9.934607930923317,2.8384594088352335,5.676918817670467,0.0,17.0307564530114,2.8384594088352335
2024-07-19,141.92297044176166,4.25768911325285,8.5153782265057,15.611526748593784,2.8384594088352335,5.676918817670467,1.4192297044176168,15.611526748593784,7.096148522088084
2024-07-20,110.69991694457411,2.8384594088352335,5.676918817670467,12.773067339758551,2.8384594088352335,5.676918817670467,1.4192297044176168,17.0307564530114,4.25768911325285
2024-07-21,105.02299812690364,2.8384594088352335,4.25768911325285,12.773067339758551,2.8384594088352335,5.676918817670467,0.0,21.28844556626425,4.25768911325285
2024-07-22,107.86145753573888,4.25768911325285,4.25768911325285,11.353837635340934,2.8384594088352335,5.676918817670467,0.0,19.869215861846634,4.25768911325285
2024-07-23,103.60376842248603,4.25768911325285,4.25768911325285,11.353837635340934,2.8384594088352335,5.676918817670467,0.0,18.449986157429016,4.25768911325285
2024-07-24,93.6691604915627,2.8384594088352335,4.25768911325285,9.934607930923317,2.8384594088352335,5.676918817670467,0.0,17.0307564530114,2.8384594088352335
2024-07-25,87.99224167389224,4.25768911325285,4.25768911325285,17.0307564530114,2.8384594088352335,5.676918817670467,0.0,17.0307564530114,2.8384594088352335
2024-07-26,76.6384040385513,4.25768911325285,4.25768911325285,9.934607930923317,2.8384594088352335,5.676918817670467,0.0,15.611526748593784,2.8384594088352335
2024-07-27,73.79994462971607,2.8384594088352335,2.8384594088352335,8.5153782265057,1.4192297044176168,5.676918817670467,0.0,17.0307564530114,2.8384594088352335
2024-07-28,80.89609315180415,2.8384594088352335,2.8384594088352335,8.5153782265057,2.8384594088352335,4.25768911325285,0.0,19.869215861846634,2.8384594088352335
2024-07-29,85.153782265057,2.8384594088352335,4.25768911325285,8.5153782265057,2.8384594088352335,5.676918817670467,0.0,17.0307564530114,2.8384594088352335
2024-07-30,83.73455256063939,2.8384594088352335,4.25768911325285,9.934607930923317,2.8384594088352335,5.676918817670467,0.0,15.611526748593784,2.8384594088352335
2024-07-31,82.31532285622177,2.8384594088352335,4.25768911325285,8.5153782265057,2.8384594088352335,5.676918817670467,0.0,17.0307564530114,2.8384594088352335
2024-08-01,82.31532285622177,4.25768911325285,4.25768911325285,8.5153782265057,2.8384594088352335,5.676918817670467,0.0,15.611526748593784,2.8384594088352335
2024-08-02,82.31532285622177,4.25768911325285,4.25768911325285,8.5153782265057,2.8384594088352335,5.676918817670467,0.0,15.611526748593784,2.8384594088352335
2024-08-03,83.73455256063939,2.8384594088352335,4.25768911325285,9.934607930923317,2.8384594088352335,5.676918817670467,0.0,18.449986157429016,4.25768911325285
2024-08-04,97.92684960481556,2.8384594088352335,4.25768911325285,9.934607930923317,2.8384594088352335,5.676918817670467,0.0,21.28844556626425,4.25768911325285
2024-08-05,95.08839019598032,2.8384594088352335,4.25768911325285,9.934607930923317,2.8384594088352335,5.676918817670467,0.0,18.449986157429016,4.25768911325285
2024-08-06,92.24993078714509,2.8384594088352335,4.25768911325285,9.934607930923317,2.8384594088352335,5.676918817670467,0.0,17.0307564530114,2.8384594088352335
2024-08-07,90.83070108272747,4.25768911325285,4.25768911325285,9.934607930923317,2.8384594088352335,5.676918817670467,0.0,15.611526748593784,2.8384594088352335
2024-08-08,85.153782265057,4.25768911325285,4.25768911325285,8.5153782265057,2.8384594088352335,5.676918817670467,0.0,15.611526748593784,4.25768911325285
2024-08-09,80.89609315180415,4.25768911325285,4.25768911325285,8.5153782265057,2.8384594088352335,5.676918817670467,0.0,12.773067339758551,4.25768911325285
2024-08-10,72.38071492529845,2.8384594088352335,2.8384594088352335,8.5153782265057,2.8384594088352335,5.676918817670467,0.0,14.192297044176168,2.8384594088352335
2024-08-11,80.89609315180415,2.8384594088352335,4.25768911325285,9.934607930923317,2.8384594088352335,5.676918817670467,0.0,18.449986157429016,2.8384594088352335
2024-08-12,82.31532285622177,4.25768911325285,2.8384594088352335,8.5153782265057,2.8384594088352335,5.676918817670467,0.0,17.0307564530114,2.8384594088352335
2024-08-13,86.57301196947462,2.8384594088352335,4.25768911325285,8.5153782265057,2.8384594088352335,5.676918817670467,0.0,15.611526748593784,2.8384594088352335
2024-08-14,85.153782265057,2.8384594088352335,4.25768911325285,8.5153782265057,2.8384594088352335,5.676918817670467,0.0,14.192297044176168,2.8384594088352335
2024-08-15,85.153782265057,2.8384594088352335,4.25768911325285,8.5153782265057,2.8384594088352335,5.676918817670467,0.0,15.611526748593784,2.8384594088352335
2024-08-16,76.6384040385513,2.8384594088352335,2.8384594088352335,8.5153782265057,2.8384594088352335,5.676918817670467,0.0,12.773067339758551,2.8384594088352335
2024-08-17,76.6384040385513,2.8384594088352335,2.8384594088352335,8.5153782265057,2.8384594088352335,5.676918817670467,0.0,15.611526748593784,2.8384594088352335
2024-08-18,87.99224167389224,2.8384594088352335,2.8384594088352335,8.5153782265057,2.8384594088352335,5.676918817670467,0.0,19.869215861846634,2.8384594088352335
2024-08-19,80.89609315180415,2.8384594088352335,2.8384594088352335,8.5153782265057,2.8384594088352335,5.676918817670467,0.0,15.611526748593784,2.8384594088352335
2024-08-20,83.73455256063939,2.8384594088352335,4.25768911325285,8.5153782265057,2.8384594088352335,5.676918817670467,0.0,15.611526748593784,2.8384594088352335
2024-08-21,80.89609315180415,2.8384594088352335,2.8384594088352335,8.5153782265057,2.8384594088352335,5.676918817670467,0.0,12.773067339758551,1.4192297044176168
2024-08-22,78.05763374296892,4.25768911325285,2.8384594088352335,8.5153782265057,2.8384594088352335,5.676918817670467,0.0,14.192297044176168,2.8384594088352335
2024-08-23,78.05763374296892,2.8384594088352335,2.8384594088352335,8.5153782265057,2.8384594088352335,5.676918817670467,0.0,14.192297044176168,2.8384594088352335
2024-08-24,75.21917433413368,2.8384594088352335,2.8384594088352335,7.096148522088084,2.8384594088352335,5.676918817670467,0.0,14.192297044176168,2.8384594088352335
2024-08-25,86.57301196947462,2.8384594088352335,2.8384594088352335,8.5153782265057,2.8384594088352335,5.676918817670467,0.0,18.449986157429016,2.8384594088352335
2024-08-26,86.57301196947462,4.25768911325285,2.8384594088352335,8.5153782265057,2.8384594088352335,5.676918817670467,0.0,14.192297044176168,2.8384594088352335
2024-08-27,83.73455256063939,2.8384594088352335,2.8384594088352335,8.5153782265057,2.8384594088352335,5.676918817670467,0.0,14.192297044176168,1.4192297044176168
2024-08-28,79.47686344738653,4.25768911325285,2.8384594088352335,8.5153782265057,2.8384594088352335,5.676918817670467,0.0,14.192297044176168,1.4192297044176168
2024-08-29,78.05763374296892,4.25768911325285,2.8384594088352335,8.5153782265057,2.8384594088352335,5.676918817670467,0.0,12.773067339758551,2.8384594088352335
2024-08-30,75.21917433413368,4.25768911325285,2.8384594088352335,8.5153782265057,2.8384594088352335,5.676918817670467,0.0,12.773067339758551,2.8384594088352335
2024-08-31,70.96148522088083,2.8384594088352335,2.8384594088352335,7.096148522088084,1.4192297044176168,4.25768911325285,0.0,12.773067339758551,2.8384594088352335
2024-09-01,73.79994462971607,2.8384594088352335,2.8384594088352335,7.096148522088084,1.4192297044176168,4.25768911325285,0.0,17.0307564530114,2.8384594088352335
2024-09-02,85.153782265057,2.8384594088352335,2.8384594088352335,9.934607930923317,2.8384594088352335,5.676918817670467,0.0,17.0307564530114,2.8384594088352335
2024-09-03,83.73455256063939,2.8384594088352335,2.8384594088352335,8.5153782265057,2.8384594088352335,5.676918817670467,0.0,15.611526748593784,1.4192297044176168
2024-09-04,80.89609315180415,2.8384594088352335,2.8384594088352335,8.5153782265057,2.8384594088352335,5.676918817670467,0.0,14.192297044176168,1.4192297044176168
2024-09-05,75.21917433413368,2.8384594088352335,2.8384594088352335,8.5153782265057,1.4192297044176168,5.676918817670467,0.0,12.773067339758551,1.4192297044176168
2024-09-06,68.1230258120456,2.8384594088352335,2.8384594088352335,7.096148522088084,1.4192297044176168,4.25768911325285,0.0,9.934607930923317,2.8384594088352335
2024-09-07,69.54225551646321,2.8384594088352335,2.8384594088352335,7.096148522088084,1.4192297044176168,4.25768911325285,0.0,11.353837635340934,2.8384594088352335
2024-09-08,76.6384040385513,2.8384594088352335,2.8384594088352335,7.096148522088084,1.4192297044176168,4.25768911325285,0.0,15.611526748593784,2.8384594088352335
2024-09-09,75.21917433413368,2.8384594088352335,2.8384594088352335,8.5153782265057,2.8384594088352335,4.25768911325285,0.0,12.773067339758551,1.4192297044176168
2024-09-10,80.89609315180415,2.8384594088352335,2.8384594088352335,8.5153782265057,1.4192297044176168,5.676918817670467,0.0,12.773067339758551,1.4192297044176168
2024-09-11,75.21917433413368,2.8384594088352335,2.8384594088352335,7.096148522088084,1.4192297044176168,4.25768911325285,0.0,11.353837635340934,1.4192297044176168
2024-09-12,78.05763374296892,2.8384594088352335,4.25768911325285,8.5153782265057,2.8384594088352335,5.676918817670467,0.0,12.773067339758551,2.8384594088352335
2024-09-13,69.54225551646321,2.8384594088352335,4.25768911325285,7.096148522088084,2.8384594088352335,4.25768911325285,0.0,11.353837635340934,2.8384594088352335
2024-09-14,68.1230258120456,2.8384594088352335,2.8384594088352335,7.096148522088084,1.4192297044176168,4.25768911325285,0.0,12.773067339758551,2.8384594088352335
2024-09-15,70.96148522088083,2.8384594088352335,4.25768911325285,7.096148522088084,1.4192297044176168,4.25768911325285,0.0,14.192297044176168,2.8384594088352335
2024-09-16,78.05763374296892,2.8384594088352335,4.25768911325285,8.5153782265057,2.8384594088352335,4.25768911325285,0.0,12.773067339758551,1.4192297044176168
2024-09-17,80.89609315180415,2.8384594088352335,4.25768911325285,8.5153782265057,2.8384594088352335,5.676918817670467,0.0,14.192297044176168,1.4192297044176168
2024-09-18,76.6384040385513,2.8384594088352335,4.25768911325285,8.5153782265057,2.8384594088352335,5.676918817670467,0.0,12.773067339758551,1.4192297044176168
2024-09-19,72.38071492529845,2.8384594088352335,4.25768911325285,7.096148522088084,2.8384594088352335,5.676918817670467,0.0,11.353837635340934,1.4192297044176168
2024-09-20,69.54225551646321,2.8384594088352335,2.8384594088352335,7.096148522088084,1.4192297044176168,4.25768911325285,0.0,12.773067339758551,2.8384594088352335
2024-09-21,65.28456640321038,2.8384594088352335,2.8384594088352335,7.096148522088084,1.4192297044176168,4.25768911325285,0.0,12.773067339758551,2.8384594088352335
2024-09-22,70.96148522088083,2.8384594088352335,2.8384594088352335,7.096148522088084,1.4192297044176168,4.25768911325285,0.0,15.611526748593784,2.8384594088352335
2024-09-23,78.05763374296892,2.8384594088352335,2.8384594088352335,8.5153782265057,2.8384594088352335,5.676918817670467,0.0,14.192297044176168,1.4192297044176168
2024-09-24,79.47686344738653,2.8384594088352335,4.25768911325285,8.5153782265057,1.4192297044176168,5.676918817670467,0.0,12.773067339758551,1.4192297044176168
2024-09-25,79.47686344738653,2.8384594088352335,4.25768911325285,8.5153782265057,1.4192297044176168,4.25768911325285,0.0,11.353837635340934,2.8384594088352335
2024-09-26,78.05763374296892,2.8384594088352335,2.8384594088352335,8.5153782265057,1.4192297044176168,4.25768911325285,0.0,11.353837635340934,4.25768911325285
2024-09-27,72.38071492529845,2.8384594088352335,2.8384594088352335,8.5153782265057,1.4192297044176168,4.25768911325285,0.0,11.353837635340934,4.25768911325285
2024-09-28,72.38071492529845,2.8384594088352335,2.8384594088352335,7.096148522088084,1.4192297044176168,4.25768911325285,0.0,14.192297044176168,2.8384594088352335
2024-09-29,75.21917433413368,2.8384594088352335,2.8384594088352335,7.096148522088084,1.4192297044176168,4.25768911325285,0.0,14.192297044176168,2.8384594088352335
2024-09-30,76.6384040385513,2.8384594088352335,2.8384594088352335,7.096148522088084,1.4192297044176168,4.25768911325285,0.0,12.773067339758551,1.4192297044176168
2024-10-01,78.05763374296892,2.8384594088352335,2.8384594088352335,7.096148522088084,1.4192297044176168,4.25768911325285,0.0,12.773067339758551,1.4192297044176168
2024-10-02,78.05763374296892,2.8384594088352335,2.8384594088352335,8.5153782265057,1.4192297044176168,5.676918817670467,0.0,12.773067339758551,1.4192297044176168
2024-10-03,70.96148522088083,4.25768911325285,2.8384594088352335,8.5153782265057,1.4192297044176168,5.676918817670467,0.0,11.353837635340934,2.8384594088352335
2024-10-04,70.96148522088083,4.25768911325285,2.8384594088352335,8.5153782265057,2.8384594088352335,4.25768911325285,0.0,11.353837635340934,2.8384594088352335
2024-10-05,69.54225551646321,2.8384594088352335,2.8384594088352335,7.096148522088084,1.4192297044176168,4.25768911325285,0.0,12.773067339758551,2.8384594088352335
2024-10-06,79.47686344738653,2.8384594088352335,4.25768911325285,8.5153782265057,1.4192297044176168,5.676918817670467,0.0,14.192297044176168,2.8384594088352335
2024-10-07,86.57301196947462,4.25768911325285,4.25768911325285,8.5153782265057,1.4192297044176168,5.676918817670467,0.0,14.192297044176168,2.8384594088352335
2024-10-08,82.31532285622177,2.8384594088352335,2.8384594088352335,9.934607930923317,1.4192297044176168,4.25768911325285,0.0,12.773067339758551,2.8384594088352335
2024-10-09,76.6384040385513,2.8384594088352335,2.8384594088352335,7.096148522088084,1.4192297044176168,4.25768911325285,0.0,11.353837635340934,2.8384594088352335
2024-10-10,73.79994462971607,4.25768911325285,2.8384594088352335,7.096148522088084,1.4192297044176168,4.25768911325285,0.0,11.353837635340934,2.8384594088352335
2024-10-11,72.38071492529845,4.25768911325285,2.8384594088352335,7.096148522088084,1.4192297044176168,4.25768911325285,0.0,11.353837635340934,2.8384594088352335
2024-10-12,70.96148522088083,2.8384594088352335,2.8384594088352335,7.096148522088084,1.4192297044176168,4.25768911325285,0.0,11.353837635340934,2.8384594088352335
2024-10-13,70.96148522088083,2.8384594088352335,2.8384594088352335,7.096148522088084,1.4192297044176168,4.25768911325285,0.0,14.192297044176168,2.8384594088352335
2024-10-14,75.21917433413368,2.8384594088352335,4.25768911325285,8.5153782265057,1.4192297044176168,4.25768911325285,0.0,12.773067339758551,1.4192297044176168
2024-10-15,78.05763374296892,2.8384594088352335,2.8384594088352335,8.5153782265057,1.4192297044176168,4.25768911325285,0.0,14.192297044176168,1.4192297044176168
2024-10-16,79.47686344738653,2.8384594088352335,2.8384594088352335,7.096148522088084,1.4192297044176168,5.676918817670467,0.0,12.773067339758551,1.4192297044176168
2024-10-17,76.6384040385513,4.25768911325285,2.8384594088352335,7.096148522088084,2.8384594088352335,4.25768911325285,0.0,12.773067339758551,2.8384594088352335
2024-10-18,69.54225551646321,2.8384594088352335,2.8384594088352335,7.096148522088084,1.4192297044176168,4.25768911325285,0.0,12.773067339758551,2.8384594088352335
2024-10-19,70.96148522088083,2.8384594088352335,2.8384594088352335,7.096148522088084,1.4192297044176168,4.25768911325285,0.0,12.773067339758551,2.8384594088352335
2024-10-20,78.05763374296892,2.8384594088352335,2.8384594088352335,7.096148522088084,1.4192297044176168,4.25768911325285,0.0,15.611526748593784,2.8384594088352335
2024-10-21,79.47686344738653,2.8384594088352335,2.8384594088352335,7.096148522088084,1.4192297044176168,4.25768911325285,0.0,12.773067339758551,2.8384594088352335
2024-10-22,79.47686344738653,2.8384594088352335,2.8384594088352335,8.5153782265057,1.4192297044176168,5.676918817670467,0.0,14.192297044176168,1.4192297044176168
2024-10-23,80.89609315180415,2.8384594088352335,2.8384594088352335,7.096148522088084,1.4192297044176168,5.676918817670467,0.0,12.773067339758551,1.4192297044176168
2024-10-24,76.6384040385513,2.8384594088352335,2.8384594088352335,7.096148522088084,1.4192297044176168,5.676918817670467,0.0,12.773067339758551,2.8384594088352335
2024-10-25,70.96148522088083,2.8384594088352335,2.8384594088352335,7.096148522088084,1.4192297044176168,4.25768911325285,0.0,12.773067339758551,2.8384594088352335
2024-10-26,76.6384040385513,2.8384594088352335,2.8384594088352335,5.676918817670467,1.4192297044176168,5.676918817670467,0.0,12.773067339758551,2.8384594088352335
2024-10-27,73.79994462971607,2.8384594088352335,2.8384594088352335,7.096148522088084,1.4192297044176168,4.25768911325285,1.4192297044176168,18.449986157429016,2.8384594088352335
2024-10-28,73.79994462971607,2.8384594088352335,2.8384594088352335,7.096148522088084,1.4192297044176168,4.25768911325285,0.0,17.0307564530114,1.4192297044176168
2024-10-29,72.38071492529845,2.8384594088352335,2.8384594088352335,7.096148522088084,1.4192297044176168,4.25768911325285,0.0,12.773067339758551,1.4192297044176168
2024-10-30,73.79994462971607,2.8384594088352335,2.8384594088352335,7.096148522088084,1.4192297044176168,5.676918817670467,0.0,12.773067339758551,1.4192297044176168
2024-10-31,65.29496115202203,3.3200827704417977,2.2133885136278653,6.640165540883595,2.2133885136278653,4.4267770272557305,0.0,11.066942568139327,2.2133885136278653
2024-11-01,64.18826689520809,3.3200827704417977,3.3200827704417977,6.640165540883595,2.2133885136278653,4.4267770272557305,1.1066942568139326,13.28033108176719,2.2133885136278653
2024-11-02,67.50834966564989,3.3200827704417977,3.3200827704417977,6.640165540883595,2.2133885136278653,4.4267770272557305,0.0,14.387025338581124,2.2133885136278653
2024-11-03,73.04182094971955,3.3200827704417977,3.3200827704417977,6.640165540883595,2.2133885136278653,5.533471284069663,0.0,17.707108109022922,2.2133885136278653
2024-11-04,76.36190372016135,3.3200827704417977,3.3200827704417977,7.746859797697528,2.2133885136278653,4.4267770272557305,0.0,15.493719595395056,2.2133885136278653
2024-11-05,67.50834966564989,2.2133885136278653,2.2133885136278653,6.640165540883595,1.1066942568139326,4.4267770272557305,0.0,12.17363682495326,2.2133885136278653
2024-11-06,52.01463007025483,2.2133885136278653,2.2133885136278653,4.4267770272557305,1.1066942568139326,3.3200827704417977,0.0,8.853554054511461,1.1066942568139326
2024-11-07,67.50834966564989,3.3200827704417977,3.3200827704417977,6.640165540883595,2.2133885136278653,4.4267770272557305,0.0,11.066942568139327,2.2133885136278653
2024-11-08,71.93512669290563,3.3200827704417977,3.3200827704417977,6.640165540883595,2.2133885136278653,4.4267770272557305,0.0,13.28033108176719,2.2133885136278653
2024-11-09,75.25520946334741,3.3200827704417977,3.3200827704417977,6.640165540883595,2.2133885136278653,4.4267770272557305,0.0,13.28033108176719,2.2133885136278653
2024-11-10,76.36190372016135,3.3200827704417977,3.3200827704417977,6.640165540883595,2.2133885136278653,4.4267770272557305,0.0,18.813802365836853,2.2133885136278653
2024-11-11,76.36190372016135,3.3200827704417977,3.3200827704417977,6.640165540883595,2.2133885136278653,5.533471284069663,0.0,17.707108109022922,2.2133885136278653
2024-11-12,75.25520946334741,3.3200827704417977,2.2133885136278653,7.746859797697528,2.2133885136278653,5.533471284069663,0.0,14.387025338581124,2.2133885136278653
2024-11-13,76.36190372016135,3.3200827704417977,3.3200827704417977,7.746859797697528,2.2133885136278653,5.533471284069663,0.0,14.387025338581124,2.2133885136278653
2024-11-14,75.25520946334741,3.3200827704417977,3.3200827704417977,7.746859797697528,2.2133885136278653,5.533471284069663,1.1066942568139326,13.28033108176719,2.2133885136278653
2024-11-15,69.72173817927775,3.3200827704417977,3.3200827704417977,6.640165540883595,2.2133885136278653,4.4267770272557305,0.0,12.17363682495326,2.2133885136278653
2024-11-16,67.50834966564989,2.2133885136278653,2.2133885136278653,6.640165540883595,2.2133885136278653,4.4267770272557305,0.0,13.28033108176719,2.2133885136278653
2024-11-17,70.82843243609169,3.3200827704417977,3.3200827704417977,6.640165540883595,2.2133885136278653,4.4267770272557305,0.0,18.813802365836853,2.2133885136278653
2024-11-18,76.36190372016135,3.3200827704417977,3.3200827704417977,7.746859797697528,2.2133885136278653,4.4267770272557305,0.0,16.60041385220899,2.2133885136278653
2024-11-19,74.14851520653349,3.3200827704417977,3.3200827704417977,6.640165540883595,2.2133885136278653,5.533471284069663,0.0,14.387025338581124,1.1066942568139326
2024-11-20,78.57529223378921,3.3200827704417977,3.3200827704417977,6.640165540883595,2.2133885136278653,5.533471284069663,0.0,15.493719595395056,2.2133885136278653
2024-11-21,73.04182094971955,3.3200827704417977,3.3200827704417977,7.746859797697528,2.2133885136278653,4.4267770272557305,1.1066942568139326,13.28033108176719,2.2133885136278653
2024-11-22,67.50834966564989,4.4267770272557305,3.3200827704417977,6.640165540883595,2.2133885136278653,4.4267770272557305,0.0,14.387025338581124,3.3200827704417977
2024-11-23,70.82843243609169,3.3200827704417977,2.2133885136278653,6.640165540883595,2.2133885136278653,4.4267770272557305,1.1066942568139326,17.707108109022922,3.3200827704417977
2024-11-24,68.61504392246383,3.3200827704417977,3.3200827704417977,6.640165540883595,2.2133885136278653,4.4267770272557305,1.1066942568139326,21.02719087946472,2.2133885136278653
2024-11-25,73.04182094971955,3.3200827704417977,2.2133885136278653,6.640165540883595,2.2133885136278653,4.4267770272557305,0.0,16.60041385220899,2.2133885136278653
2024-11-26,76.36190372016135,4.4267770272557305,2.2133885136278653,6.640165540883595,2.2133885136278653,4.4267770272557305,1.1066942568139326,17.707108109022922,3.3200827704417977
2024-11-27,73.04182094971955,4.4267770272557305,3.3200827704417977,6.640165540883595,2.2133885136278653,4.4267770272557305,1.1066942568139326,17.707108109022922,3.3200827704417977
2024-11-28,63.08157263839416,3.3200827704417977,2.2133885136278653,5.533471284069663,1.1066942568139326,4.4267770272557305,0.0,21.02719087946472,2.2133885136278653
2024-11-29,73.04182094971955,2.2133885136278653,3.3200827704417977,6.640165540883595,2.2133885136278653,4.4267770272557305,0.0,27.667356420348316,2.2133885136278653
2024-11-30,71.93512669290563,2.2133885136278653,3.3200827704417977,7.746859797697528,2.2133885136278653,4.4267770272557305,1.1066942568139326,23.240579393092585,2.2133885136278653
2024-12-01,83.00206926104495,3.3200827704417977,3.3200827704417977,7.746859797697528,2.2133885136278653,5.533471284069663,1.1066942568139326,32.094133447604044,3.3200827704417977
2024-12-02,87.42884628830068,3.3200827704417977,3.3200827704417977,7.746859797697528,2.2133885136278653,5.533471284069663,0.0,22.133885136278654,2.2133885136278653
2024-12-03,110.66942568139326,3.3200827704417977,3.3200827704417977,8.853554054511461,2.2133885136278653,6.640165540883595,0.0,19.920496622650788,2.2133885136278653
2024-12-04,87.42884628830068,3.3200827704417977,3.3200827704417977,7.746859797697528,2.2133885136278653,5.533471284069663,0.0,18.813802365836853,2.2133885136278653
2024-12-05,78.57529223378921,3.3200827704417977,2.2133885136278653,6.640165540883595,2.2133885136278653,4.4267770272557305,0.0,17.707108109022922,2.2133885136278653
2024-12-06,69.72173817927775,3.3200827704417977,2.2133885136278653,6.640165540883595,2.2133885136278653,4.4267770272557305,1.1066942568139326,18.813802365836853,2.2133885136278653
2024-12-07,66.40165540883596,2.2133885136278653,2.2133885136278653,5.533471284069663,2.2133885136278653,4.4267770272557305,0.0,19.920496622650788,2.2133885136278653
2024-12-08,69.72173817927775,3.3200827704417977,2.2133885136278653,6.640165540883595,2.2133885136278653,4.4267770272557305,0.0,25.45396790672045,2.2133885136278653
2024-12-09,76.36190372016135,3.3200827704417977,2.2133885136278653,6.640165540883595,2.2133885136278653,4.4267770272557305,0.0,17.707108109022922,2.2133885136278653
2024-12-10,80.78868074741708,3.3200827704417977,2.2133885136278653,6.640165540883595,2.2133885136278653,5.533471284069663,0.0,17.707108109022922,2.2133885136278653
2024-12-11,73.04182094971955,3.3200827704417977,3.3200827704417977,6.640165540883595,2.2133885136278653,4.4267770272557305,0.0,17.707108109022922,2.2133885136278653
2024-12-12,70.82843243609169,3.3200827704417977,2.2133885136278653,6.640165540883595,2.2133885136278653,4.4267770272557305,0.0,16.60041385220899,2.2133885136278653
2024-12-13,68.61504392246383,3.3200827704417977,3.3200827704417977,6.640165540883595,2.2133885136278653,4.4267770272557305,1.1066942568139326,17.707108109022922,2.2133885136278653
2024-12-14,68.61504392246383,3.3200827704417977,3.3200827704417977,5.533471284069663,2.2133885136278653,4.4267770272557305,0.0,21.02719087946472,3.3200827704417977
2024-12-15,70.82843243609169,3.3200827704417977,2.2133885136278653,5.533471284069663,2.2133885136278653,4.4267770272557305,1.1066942568139326,25.45396790672045,3.3200827704417977
2024-12-16,71.93512669290563,3.3200827704417977,3.3200827704417977,6.640165540883595,2.2133885136278653,4.4267770272557305,0.0,19.920496622650788,2.2133885136278653
2024-12-17,70.82843243609169,3.3200827704417977,4.4267770272557305,6.640165540883595,2.2133885136278653,4.4267770272557305,0.0,19.920496622650788,2.2133885136278653
2024-12-18,70.82843243609169,3.3200827704417977,5.533471284069663,6.640165540883595,2.2133885136278653,4.4267770272557305,1.1066942568139326,18.813802365836853,2.2133885136278653
2024-12-19,70.82843243609169,3.3200827704417977,5.533471284069663,6.640165540883595,2.2133885136278653,4.4267770272557305,1.1066942568139326,21.02719087946472,3.3200827704417977
2024-12-20,70.82843243609169,4.4267770272557305,4.4267770272557305,7.746859797697528,2.2133885136278653,4.4267770272557305,1.1066942568139326,23.240579393092585,3.3200827704417977
2024-12-21,71.93512669290563,4.4267770272557305,3.3200827704417977,7.746859797697528,2.2133885136278653,4.4267770272557305,1.1066942568139326,23.240579393092585,4.4267770272557305
2024-12-22,71.93512669290563,4.4267770272557305,3.3200827704417977,6.640165540883595,2.2133885136278653,4.4267770272557305,1.1066942568139326,27.667356420348316,4.4267770272557305
2024-12-23,68.61504392246383,4.4267770272557305,3.3200827704417977,6.640165540883595,2.2133885136278653,4.4267770272557305,1.1066942568139326,27.667356420348316,3.3200827704417977
2024-12-24,79.68198649060315,3.3200827704417977,3.3200827704417977,6.640165540883595,2.2133885136278653,4.4267770272557305,1.1066942568139326,33.20082770441798,3.3200827704417977
2024-12-25,73.04182094971955,3.3200827704417977,2.2133885136278653,5.533471284069663,2.2133885136278653,4.4267770272557305,1.1066942568139326,58.65479561113843,3.3200827704417977
2024-12-26,84.10876351785888,3.3200827704417977,3.3200827704417977,7.746859797697528,2.2133885136278653,5.533471284069663,1.1066942568139326,30.987439190790113,3.3200827704417977
2024-12-27,89.64223480192854,3.3200827704417977,3.3200827704417977,7.746859797697528,3.3200827704417977,5.533471284069663,1.1066942568139326,25.45396790672045,3.3200827704417977
2024-12-28,84.10876351785888,3.3200827704417977,3.3200827704417977,7.746859797697528,2.2133885136278653,5.533471284069663,1.1066942568139326,23.240579393092585,3.3200827704417977
2024-12-29,89.64223480192854,3.3200827704417977,3.3200827704417977,8.853554054511461,2.2133885136278653,5.533471284069663,1.1066942568139326,24.34727364990652,3.3200827704417977
2024-12-30,92.96231757237034,3.3200827704417977,3.3200827704417977,7.746859797697528,2.2133885136278653,5.533471284069663,0.0,21.02719087946472,3.3200827704417977
2024-12-31,79.68198649060315,2.2133885136278653,3.3200827704417977,7.746859797697528,2.2133885136278653,4.4267770272557305,0.0,18.813802365836853,2.2133885136278653
2025-01-01,78.57529223378921,2.2133885136278653,3.3200827704417977,6.640165540883595,2.2133885136278653,4.4267770272557305,0.0,17.707108109022922,2.2133885136278653
2025-01-02,91.85562331555641,3.3200827704417977,3.3200827704417977,7.746859797697528,3.3200827704417977,5.533471284069663,0.0,21.02719087946472,2.2133885136278653
2025-01-03,91.85562331555641,3.3200827704417977,3.3200827704417977,7.746859797697528,2.2133885136278653,6.640165540883595,1.1066942568139326,19.920496622650788,2.2133885136278653
2025-01-04,95.1757060859982,2.2133885136278653,3.3200827704417977,7.746859797697528,2.2133885136278653,5.533471284069663,1.1066942568139326,22.133885136278654,3.3200827704417977
2025-01-05,94.06901182918428,3.3200827704417977,3.3200827704417977,8.853554054511461,2.2133885136278653,5.533471284069663,1.1066942568139326,21.02719087946472,3.3200827704417977
2025-01-06,98.49578885644,3.3200827704417977,3.3200827704417977,7.746859797697528,2.2133885136278653,5.533471284069663,0.0,18.813802365836853,3.3200827704417977
2025-01-07,101.8158716268818,2.2133885136278653,3.3200827704417977,8.853554054511461,2.2133885136278653,5.533471284069663,0.0,17.707108109022922,2.2133885136278653
2025-01-08,94.06901182918428,2.2133885136278653,3.3200827704417977,7.746859797697528,2.2133885136278653,5.533471284069663,0.0,15.493719595395056,2.2133885136278653
2025-01-09,90.74892905874248,2.2133885136278653,3.3200827704417977,7.746859797697528,2.2133885136278653,5.533471284069663,0.0,15.493719595395056,2.2133885136278653
2025-01-10,91.85562331555641,2.2133885136278653,3.3200827704417977,7.746859797697528,2.2133885136278653,5.533471284069663,0.0,15.493719595395056,3.3200827704417977
2025-01-11,92.96231757237034,2.2133885136278653,3.3200827704417977,7.746859797697528,2.2133885136278653,5.533471284069663,0.0,16.60041385220899,3.3200827704417977
2025-01-12,96.28240034281214,3.3200827704417977,3.3200827704417977,7.746859797697528,2.2133885136278653,5.533471284069663,0.0,22.133885136278654,3.3200827704417977
2025-01-13,90.74892905874248,3.3200827704417977,3.3200827704417977,7.746859797697528,2.2133885136278653,5.533471284069663,0.0,17.707108109022922,2.2133885136278653
2025-01-14,91.85562331555641,3.3200827704417977,3.3200827704417977,6.640165540883595,2.2133885136278653,5.533471284069663,0.0,16.60041385220899,2.2133885136278653
2025-01-15,89.64223480192854,3.3200827704417977,3.3200827704417977,7.746859797697528,2.2133885136278653,5.533471284069663,0.0,15.493719595395056,2.2133885136278653
2025-01-16,89.64223480192854,3.3200827704417977,3.3200827704417977,7.746859797697528,2.2133885136278653,5.533471284069663,0.0,16.60041385220899,2.2133885136278653
2025-01-17,84.10876351785888,3.3200827704417977,3.3200827704417977,7.746859797697528,2.2133885136278653,5.533471284069663,0.0,16.60041385220899,2.2133885136278653
2025-01-18,83.00206926104495,3.3200827704417977,3.3200827704417977,6.640165540883595,2.2133885136278653,5.533471284069663,0.0,16.60041385220899,2.2133885136278653
2025-01-19,85.21545777467281,2.2133885136278653,3.3200827704417977,6.640165540883595,2.2133885136278653,5.533471284069663,0.0,19.920496622650788,2.2133885136278653
2025-01-20,88.53554054511461,2.2133885136278653,3.3200827704417977,6.640165540883595,2.2133885136278653,5.533471284069663,0.0,16.60041385220899,2.2133885136278653
2025-01-21,83.00206926104495,2.2133885136278653,3.3200827704417977,7.746859797697528,2.2133885136278653,4.4267770272557305,0.0,14.387025338581124,2.2133885136278653
2025-01-22,85.21545777467281,3.3200827704417977,3.3200827704417977,7.746859797697528,2.2133885136278653,4.4267770272557305,0.0,14.387025338581124,2.2133885136278653
2025-01-23,83.00206926104495,3.3200827704417977,3.3200827704417977,6.640165540883595,2.2133885136278653,4.4267770272557305,0.0,18.813802365836853,2.2133885136278653
2025-01-24,77.46859797697529,2.2133885136278653,3.3200827704417977,6.640165540883595,2.2133885136278653,4.4267770272557305,0.0,13.28033108176719,2.2133885136278653
2025-01-25,79.68198649060315,2.2133885136278653,3.3200827704417977,6.640165540883595,2.2133885136278653,4.4267770272557305,0.0,16.60041385220899,2.2133885136278653
2025-01-26,83.00206926104495,2.2133885136278653,3.3200827704417977,6.640165540883595,2.2133885136278653,4.4267770272557305,0.0,19.920496622650788,2.2133885136278653
2025-01-27,79.68198649060315,2.2133885136278653,3.3200827704417977,6.640165540883595,2.2133885136278653,4.4267770272557305,0.0,15.493719595395056,1.1066942568139326
2025-01-28,81.89537500423101,2.2133885136278653,3.3200827704417977,6.640165540883595,2.2133885136278653,4.4267770272557305,0.0,15.493719595395056,1.1066942568139326
2025-01-29,77.46859797697529,2.2133885136278653,3.3200827704417977,7.746859797697528,2.2133885136278653,5.533471284069663,0.0,13.28033108176719,1.1066942568139326
2025-01-30,80.78868074741708,2.2133885136278653,3.3200827704417977,6.640165540883595,2.2133885136278653,4.4267770272557305,0.0,12.17363682495326,3.3200827704417977
2025-01-31,73.04182094971955,2.2133885136278653,3.3200827704417977,6.640165540883595,2.2133885136278653,4.4267770272557305,0.0,13.28033108176719,2.2133885136278653
2025-02-01,77.46859797697529,2.2133885136278653,3.3200827704417977,6.640165540883595,2.2133885136278653,4.4267770272557305,0.0,14.387025338581124,2.2133885136278653
2025-02-02,80.78868074741708,3.3200827704417977,3.3200827704417977,7.746859797697528,2.2133885136278653,5.533471284069663,0.0,18.813802365836853,2.2133885136278653
2025-02-03,75.25520946334741,3.3200827704417977,3.3200827704417977,6.640165540883595,2.2133885136278653,4.4267770272557305,0.0,15.493719595395056,2.2133885136278653
2025-02-04,77.46859797697529,2.2133885136278653,3.3200827704417977,6.640165540883595,2.2133885136278653,4.4267770272557305,0.0,14.387025338581124,2.2133885136278653
2025-02-05,77.46859797697529,3.3200827704417977,3.3200827704417977,6.640165540883595,2.2133885136278653,4.4267770272557305,0.0,14.387025338581124,2.2133885136278653
2025-02-06,83.00206926104495,3.3200827704417977,3.3200827704417977,7.746859797697528,2.2133885136278653,4.4267770272557305,0.0,12.17363682495326,2.2133885136278653
2025-02-07,74.14851520653349,3.3200827704417977,3.3200827704417977,6.640165540883595,2.2133885136278653,4.4267770272557305,0.0,12.17363682495326,2.2133885136278653
2025-02-08,70.82843243609169,2.2133885136278653,2.2133885136278653,6.640165540883595,2.2133885136278653,4.4267770272557305,0.0,14.387025338581124,2.2133885136278653
2025-02-09,74.14851520653349,2.2133885136278653,2.2133885136278653,6.640165540883595,2.2133885136278653,4.4267770272557305,0.0,17.707108109022922,2.2133885136278653
2025-02-10,69.72173817927775,3.3200827704417977,2.2133885136278653,6.640165540883595,2.2133885136278653,4.4267770272557305,0.0,13.28033108176719,2.2133885136278653
2025-02-11,76.36190372016135,3.3200827704417977,3.3200827704417977,7.746859797697528,2.2133885136278653,4.4267770272557305,0.0,13.28033108176719,2.2133885136278653
2025-02-12,78.57529223378921,3.3200827704417977,3.3200827704417977,7.746859797697528,2.2133885136278653,4.4267770272557305,0.0,13.28033108176719,2.2133885136278653
2025-02-13,71.93512669290563,3.3200827704417977,3.3200827704417977,7.746859797697528,2.2133885136278653,4.4267770272557305,1.1066942568139326,13.28033108176719,3.3200827704417977
2025-02-14,69.72173817927775,3.3200827704417977,3.3200827704417977,7.746859797697528,2.2133885136278653,4.4267770272557305,0.0,15.493719595395056,3.3200827704417977
2025-02-15,76.36190372016135,3.3200827704417977,3.3200827704417977,6.640165540883595,2.2133885136278653,4.4267770272557305,0.0,15.493719595395056,3.3200827704417977
2025-02-16,87.42884628830068,3.3200827704417977,3.3200827704417977,7.746859797697528,2.2133885136278653,4.4267770272557305,0.0,21.02719087946472,3.3200827704417977
2025-02-17,89.64223480192854,3.3200827704417977,3.3200827704417977,9.960248311325394,2.2133885136278653,5.533471284069663,0.0,18.813802365836853,3.3200827704417977
2025-02-18,85.21545777467281,3.3200827704417977,3.3200827704417977,13.28033108176719,2.2133885136278653,4.4267770272557305,0.0,15.493719595395056,3.3200827704417977
2025-02-19,84.10876351785888,3.3200827704417977,3.3200827704417977,8.853554054511461,2.2133885136278653,4.4267770272557305,0.0,15.493719595395056,2.2133885136278653
2025-02-20,76.36190372016135,3.3200827704417977,3.3200827704417977,7.746859797697528,2.2133885136278653,4.4267770272557305,0.0,16.60041385220899,3.3200827704417977
2025-02-21,70.82843243609169,3.3200827704417977,3.3200827704417977,7.746859797697528,2.2133885136278653,4.4267770272557305,0.0,14.387025338581124,3.3200827704417977
2025-02-22,76.36190372016135,3.3200827704417977,3.3200827704417977,6.640165540883595,2.2133885136278653,4.4267770272557305,0.0,16.60041385220899,2.2133885136278653
2025-02-23,79.68198649060315,3.3200827704417977,3.3200827704417977,7.746859797697528,2.2133885136278653,4.4267770272557305,0.0,19.920496622650788,2.2133885136278653
2025-02-24,84.10876351785888,3.3200827704417977,3.3200827704417977,7.746859797697528,2.2133885136278653,4.4267770272557305,0.0,16.60041385220899,2.2133885136278653
2025-02-25,80.78868074741708,3.3200827704417977,3.3200827704417977,7.746859797697528,2.2133885136278653,5.533471284069663,0.0,15.493719595395056,2.2133885136278653
2025-02-26,75.25520946334741,3.3200827704417977,3.3200827704417977,8.853554054511461,2.2133885136278653,5.533471284069663,0.0,14.387025338581124,2.2133885136278653
2025-02-27,76.36190372016135,3.3200827704417977,3.3200827704417977,7.746859797697528,2.2133885136278653,4.4267770272557305,0.0,16.60041385220899,2.2133885136278653
2025-02-28,69.72173817927775,3.3200827704417977,3.3200827704417977,6.640165540883595,2.2133885136278653,4.4267770272557305,1.1066942568139326,14.387025338581124,3.3200827704417977
2025-03-01,75.25520946334741,3.3200827704417977,3.3200827704417977,6.640165540883595,2.2133885136278653,4.4267770272557305,0.0,15.493719595395056,3.3200827704417977
2025-03-02,81.89537500423101,3.3200827704417977,3.3200827704417977,7.746859797697528,2.2133885136278653,5.533471284069663,1.1066942568139326,21.02719087946472,2.2133885136278653
2025-03-03,81.89537500423101,3.3200827704417977,3.3200827704417977,7.746859797697528,2.2133885136278653,4.4267770272557305,0.0,16.60041385220899,2.2133885136278653
2025-03-04,83.00206926104495,3.3200827704417977,3.3200827704417977,7.746859797697528,2.2133885136278653,5.533471284069663,0.0,16.60041385220899,2.2133885136278653
2025-03-05,78.57529223378921,3.3200827704417977,3.3200827704417977,7.746859797697528,2.2133885136278653,5.533471284069663,0.0,15.493719595395056,2.2133885136278653
2025-03-06,78.57529223378921,3.3200827704417977,3.3200827704417977,8.853554054511461,2.2133885136278653,5.533471284069663,1.1066942568139326,14.387025338581124,2.2133885136278653
2025-03-07,76.36190372016135,3.3200827704417977,3.3200827704417977,7.746859797697528,2.2133885136278653,4.4267770272557305,1.1066942568139326,15.493719595395056,3.3200827704417977
2025-03-08,76.36190372016135,3.3200827704417977,3.3200827704417977,7.746859797697528,2.2133885136278653,5.533471284069663,1.1066942568139326,17.707108109022922,3.3200827704417977
2025-03-09,81.89537500423101,3.3200827704417977,3.3200827704417977,7.746859797697528,2.2133885136278653,4.4267770272557305,1.1066942568139326,19.920496622650788,3.3200827704417977
2025-03-10,81.89537500423101,3.3200827704417977,3.3200827704417977,7.746859797697528,2.2133885136278653,4.4267770272557305,0.0,17.707108109022922,2.2133885136278653
2025-03-11,81.89537500423101,3.3200827704417977,3.3200827704417977,19.920496622650788,2.2133885136278653,5.533471284069663,0.0,16.60041385220899,2.2133885136278653
2025-03-12,79.68198649060315,3.3200827704417977,3.3200827704417977,13.28033108176719,2.2133885136278653,5.533471284069663,1.1066942568139326,15.493719595395056,2.2133885136278653
2025-03-13,75.25520946334741,3.3200827704417977,3.3200827704417977,9.960248311325394,2.2133885136278653,4.4267770272557305,1.1066942568139326,15.493719595395056,2.2133885136278653
2025-03-14,75.25520946334741,3.3200827704417977,3.3200827704417977,7.746859797697528,2.2133885136278653,4.4267770272557305,1.1066942568139326,14.387025338581124,3.3200827704417977
2025-03-15,74.14851520653349,3.3200827704417977,3.3200827704417977,7.746859797697528,2.2133885136278653,4.4267770272557305,1.1066942568139326,15.493719595395056,3.3200827704417977
2025-03-16,87.42884628830068,3.3200827704417977,3.3200827704417977,8.853554054511461,2.2133885136278653,4.4267770272557305,0.0,19.920496622650788,4.4267770272557305
2025-03-17,84.10876351785888,3.3200827704417977,3.3200827704417977,7.746859797697528,2.2133885136278653,4.4267770272557305,1.1066942568139326,16.60041385220899,3.3200827704417977
2025-03-18,80.78868074741708,3.3200827704417977,3.3200827704417977,7.746859797697528,2.2133885136278653,4.4267770272557305,0.0,16.60041385220899,2.2133885136278653
2025-03-19,81.89537500423101,3.3200827704417977,4.4267770272557305,7.746859797697528,2.2133885136278653,5.533471284069663,0.0,15.493719595395056,2.2133885136278653
2025-03-20,70.82843243609169,3.3200827704417977,3.3200827704417977,8.853554054511461,2.2133885136278653,4.4267770272557305,1.1066942568139326,14.387025338581124,2.2133885136278653
2025-03-21,74.14851520653349,3.3200827704417977,3.3200827704417977,6.640165540883595,2.2133885136278653,4.4267770272557305,1.1066942568139326,14.387025338581124,3.3200827704417977
2025-03-22,71.93512669290563,3.3200827704417977,3.3200827704417977,6.640165540883595,2.2133885136278653,4.4267770272557305,0.0,15.493719595395056,3.3200827704417977
2025-03-23,83.00206926104495,3.3200827704417977,3.3200827704417977,7.746859797697528,2.2133885136278653,5.533471284069663,1.1066942568139326,24.34727364990652,3.3200827704417977
2025-03-24,77.46859797697529,3.3200827704417977,3.3200827704417977,6.640165540883595,2.2133885136278653,4.4267770272557305,0.0,18.813802365836853,2.2133885136278653
2025-03-25,77.46859797697529,3.3200827704417977,3.3200827704417977,6.640165540883595,2.2133885136278653,4.4267770272557305,0.0,17.707108109022922,2.2133885136278653
2025-03-26,75.25520946334741,3.3200827704417977,3.3200827704417977,6.640165540883595,2.2133885136278653,4.4267770272557305,0.0,17.707108109022922,2.2133885136278653
2025-03-27,74.14851520653349,3.3200827704417977,3.3200827704417977,7.746859797697528,2.2133885136278653,4.4267770272557305,0.0,14.387025338581124,2.2133885136278653
2025-03-28,69.72173817927775,3.3200827704417977,3.3200827704417977,6.640165540883595,2.2133885136278653,4.4267770272557305,0.0,13.28033108176719,2.2133885136278653
2025-03-29,70.82843243609169,3.3200827704417977,2.2133885136278653,5.533471284069663,2.2133885136278653,4.4267770272557305,0.0,15.493719595395056,2.2133885136278653
2025-03-30,79.68198649060315,3.3200827704417977,3.3200827704417977,6.640165540883595,2.2133885136278653,4.4267770272557305,1.1066942568139326,22.133885136278654,3.3200827704417977
2025-03-31,81.89537500423101,3.3200827704417977,3.3200827704417977,7.746859797697528,2.2133885136278653,4.4267770272557305,0.0,18.813802365836853,3.3200827704417977
2025-04-01,79.68198649060315,3.3200827704417977,3.3200827704417977,7.746859797697528,2.2133885136278653,4.4267770272557305,0.0,15.493719595395056,2.2133885136278653
2025-04-02,74.14851520653349,3.3200827704417977,3.3200827704417977,6.640165540883595,2.2133885136278653,4.4267770272557305,0.0,15.493719595395056,2.2133885136278653
2025-04-03,74.14851520653349,3.3200827704417977,3.3200827704417977,7.746859797697528,2.2133885136278653,4.4267770272557305,0.0,13.28033108176719,3.3200827704417977
2025-04-04,71.93512669290563,3.3200827704417977,3.3200827704417977,6.640165540883595,2.2133885136278653,4.4267770272557305,0.0,13.28033108176719,2.2133885136278653
2025-04-05,71.93512669290563,3.3200827704417977,3.3200827704417977,6.640165540883595,2.2133885136278653,4.4267770272557305,0.0,14.387025338581124,2.2133885136278653
2025-04-06,77.46859797697529,3.3200827704417977,3.3200827704417977,6.640165540883595,2.2133885136278653,4.4267770272557305,0.0,17.707108109022922,2.2133885136278653
2025-04-07,74.14851520653349,3.3200827704417977,2.2133885136278653,6.640165540883595,2.2133885136278653,4.4267770272557305,0.0,15.493719595395056,2.2133885136278653
2025-04-08,75.25520946334741,3.3200827704417977,2.2133885136278653,6.640165540883595,2.2133885136278653,4.4267770272557305,0.0,15.493719595395056,2.2133885136278653
2025-04-09,76.36190372016135,3.3200827704417977,3.3200827704417977,7.746859797697528,2.2133885136278653,4.4267770272557305,0.0,14.387025338581124,2.2133885136278653
2025-04-10,70.82843243609169,3.3200827704417977,3.3200827704417977,6.640165540883595,2.2133885136278653,4.4267770272557305,1.1066942568139326,14.387025338581124,2.2133885136278653
2025-04-11,69.72173817927775,3.3200827704417977,3.3200827704417977,6.640165540883595,2.2133885136278653,4.4267770272557305,1.1066942568139326,13.28033108176719,3.3200827704417977
2025-04-12,68.61504392246383,3.3200827704417977,2.2133885136278653,6.640165540883595,2.2133885136278653,4.4267770272557305,1.1066942568139326,14.387025338581124,2.2133885136278653
2025-04-13,71.93512669290563,3.3200827704417977,2.2133885136278653,6.640165540883595,2.2133885136278653,4.4267770272557305,1.1066942568139326,15.493719595395056,2.2133885136278653
2025-04-14,69.72173817927775,3.3200827704417977,3.3200827704417977,6.640165540883595,2.2133885136278653,4.4267770272557305,0.0,16.60041385220899,2.2133885136278653
2025-04-15,75.25520946334741,3.3200827704417977,2.2133885136278653,7.746859797697528,2.2133885136278653,4.4267770272557305,0.0,17.707108109022922,2.2133885136278653
2025-04-16,76.36190372016135,3.3200827704417977,2.2133885136278653,7.746859797697528,2.2133885136278653,4.4267770272557305,1.1066942568139326,14.387025338581124,2.2133885136278653
2025-04-17,70.82843243609169,3.3200827704417977,3.3200827704417977,6.640165540883595,2.2133885136278653,4.4267770272557305,0.0,14.387025338581124,2.2133885136278653
2025-04-18,65.29496115202203,3.3200827704417977,3.3200827704417977,6.640165540883595,2.2133885136278653,4.4267770272557305,1.1066942568139326,13.28033108176719,3.3200827704417977
2025-04-19,65.29496115202203,2.2133885136278653,2.2133885136278653,5.533471284069663,2.2133885136278653,3.3200827704417977,0.0,13.28033108176719,2.2133885136278653
2025-04-20,69.72173817927775,3.3200827704417977,2.2133885136278653,5.533471284069663,2.2133885136278653,4.4267770272557305,0.0,16.60041385220899,2.2133885136278653
2025-04-21,76.36190372016135,3.3200827704417977,2.2133885136278653,6.640165540883595,2.2133885136278653,4.4267770272557305,0.0,16.60041385220899,2.2133885136278653
2025-04-22,73.04182094971955,3.3200827704417977,2.2133885136278653,7.746859797697528,2.2133885136278653,4.4267770272557305,0.0,15.493719595395056,2.2133885136278653
2025-04-23,74.14851520653349,3.3200827704417977,2.2133885136278653,7.746859797697528,2.2133885136278653,4.4267770272557305,1.1066942568139326,14.387025338581124,2.2133885136278653
2025-04-24,69.72173817927775,3.3200827704417977,2.2133885136278653,7.746859797697528,2.2133885136278653,4.4267770272557305,0.0,14.387025338581124,2.2133885136278653
2025-04-25,66.40165540883596,3.3200827704417977,2.2133885136278653,6.640165540883595,2.2133885136278653,4.4267770272557305,1.1066942568139326,12.17363682495326,2.2133885136278653
2025-04-26,60.868184124766294,2.2133885136278653,2.2133885136278653,5.533471284069663,2.2133885136278653,4.4267770272557305,0.0,13.28033108176719,2.2133885136278653
2025-04-27,73.04182094971955,3.3200827704417977,2.2133885136278653,6.640165540883595,2.2133885136278653,4.4267770272557305,0.0,17.707108109022922,2.2133885136278653
2025-04-28,73.04182094971955,3.3200827704417977,2.2133885136278653,7.746859797697528,2.2133885136278653,4.4267770272557305,0.0,16.60041385220899,2.2133885136278653
2025-04-29,73.04182094971955,3.3200827704417977,2.2133885136278653,7.746859797697528,2.2133885136278653,4.4267770272557305,0.0,14.387025338581124,2.2133885136278653
2025-04-30,73.04182094971955,3.3200827704417977,2.2133885136278653,6.640165540883595,2.2133885136278653,4.4267770272557305,0.0,15.493719595395056,2.2133885136278653
2025-05-01,77.46859797697529,4.4267770272557305,3.3200827704417977,7.746859797697528,2.2133885136278653,4.4267770272557305,1.1066942568139326,14.387025338581124,2.2133885136278653
2025-05-02,71.93512669290563,3.3200827704417977,2.2133885136278653,6.640165540883595,2.2133885136278653,4.4267770272557305,1.1066942568139326,14.387025338581124,2.2133885136278653
2025-05-03,70.82843243609169,3.3200827704417977,2.2133885136278653,5.533471284069663,2.2133885136278653,4.4267770272557305,0.0,14.387025338581124,2.2133885136278653
2025-05-04,84.10876351785888,3.3200827704417977,2.2133885136278653,6.640165540883595,2.2133885136278653,5.533471284069663,1.1066942568139326,19.920496622650788,3.3200827704417977
2025-05-05,81.89537500423101,3.3200827704417977,2.2133885136278653,8.853554054511461,2.2133885136278653,5.533471284069663,0.0,16.60041385220899,2.2133885136278653
2025-05-06,83.00206926104495,3.3200827704417977,2.2133885136278653,6.640165540883595,2.2133885136278653,4.4267770272557305,0.0,14.387025338581124,2.2133885136278653
2025-05-07,83.00206926104495,3.3200827704417977,3.3200827704417977,6.640165540883595,2.2133885136278653,5.533471284069663,1.1066942568139326,15.493719595395056,2.2133885136278653
2025-05-08,77.46859797697529,3.3200827704417977,3.3200827704417977,6.640165540883595,2.2133885136278653,4.4267770272557305,1.1066942568139326,13.28033108176719,3.3200827704417977
2025-05-09,78.57529223378921,3.3200827704417977,3.3200827704417977,6.640165540883595,2.2133885136278653,4.4267770272557305,1.1066942568139326,14.387025338581124,3.3200827704417977
2025-05-10,71.93512669290563,3.3200827704417977,3.3200827704417977,5.533471284069663,2.2133885136278653,4.4267770272557305,0.0,14.387025338581124,3.3200827704417977
2025-05-11,79.68198649060315,3.3200827704417977,2.2133885136278653,6.640165540883595,2.2133885136278653,4.4267770272557305,1.1066942568139326,18.813802365836853,3.3200827704417977
2025-05-12,86.32215203148675,3.3200827704417977,3.3200827704417977,7.746859797697528,2.2133885136278653,5.533471284069663,1.1066942568139326,18.813802365836853,2.2133885136278653
2025-05-13,85.21545777467281,3.3200827704417977,2.2133885136278653,7.746859797697528,2.2133885136278653,5.533471284069663,1.1066942568139326,17.707108109022922,2.2133885136278653
2025-05-14,81.89537500423101,3.3200827704417977,2.2133885136278653,6.640165540883595,2.2133885136278653,4.4267770272557305,1.1066942568139326,16.60041385220899,2.2133885136278653
2025-05-15,80.78868074741708,3.3200827704417977,3.3200827704417977,7.746859797697528,2.2133885136278653,4.4267770272557305,1.1066942568139326,14.387025338581124,3.3200827704417977
2025-05-16,75.25520946334741,4.4267770272557305,3.3200827704417977,6.640165540883595,2.2133885136278653,4.4267770272557305,1.1066942568139326,13.28033108176719,3.3200827704417977
2025-05-17,77.46859797697529,4.4267770272557305,3.3200827704417977,6.640165540883595,2.2133885136278653,4.4267770272557305,1.1066942568139326,14.387025338581124,3.3200827704417977
2025-05-18,81.89537500423101,4.4267770272557305,3.3200827704417977,7.746859797697528,2.2133885136278653,4.4267770272557305,1.1066942568139326,17.707108109022922,3.3200827704417977
2025-05-19,81.89537500423101,3.3200827704417977,3.3200827704417977,7.746859797697528,2.2133885136278653,4.4267770272557305,1.1066942568139326,16.60041385220899,3.3200827704417977
2025-05-20,81.89537500423101,3.3200827704417977,3.3200827704417977,7.746859797697528,2.2133885136278653,4.4267770272557305,0.0,16.60041385220899,2.2133885136278653
2025-05-21,80.78868074741708,3.3200827704417977,3.3200827704417977,7.746859797697528,2.2133885136278653,4.4267770272557305,1.1066942568139326,15.493719595395056,2.2133885136278653
2025-05-22,83.00206926104495,4.4267770272557305,3.3200827704417977,7.746859797697528,2.2133885136278653,5.533471284069663,1.1066942568139326,19.920496622650788,3.3200827704417977
2025-05-23,75.25520946334741,4.4267770272557305,3.3200827704417977,6.640165540883595,2.2133885136278653,4.4267770272557305,1.1066942568139326,13.28033108176719,3.3200827704417977
2025-05-24,75.25520946334741,3.3200827704417977,3.3200827704417977,6.640165540883595,2.2133885136278653,4.4267770272557305,1.1066942568139326,15.493719595395056,3.3200827704417977
2025-05-25,74.14851520653349,3.3200827704417977,3.3200827704417977,6.640165540883595,2.2133885136278653,4.4267770272557305,1.1066942568139326,17.707108109022922,2.2133885136278653
2025-05-26,88.53554054511461,3.3200827704417977,3.3200827704417977,8.853554054511461,2.2133885136278653,4.4267770272557305,1.1066942568139326,18.813802365836853,3.3200827704417977
2025-05-27,89.64223480192854,3.3200827704417977,3.3200827704417977,9.960248311325394,2.2133885136278653,4.4267770272557305,1.1066942568139326,19.920496622650788,2.2133885136278653
2025-05-28,86.32215203148675,3.3200827704417977,3.3200827704417977,8.853554054511461,2.2133885136278653,4.4267770272557305,1.1066942568139326,18.813802365836853,2.2133885136278653
2025-05-29,81.11170353152312,3.6868956150692327,3.6868956150692327,7.373791230138465,2.457930410046155,4.91586082009231,1.2289652050230775,17.205512870323084,2.457930410046155
2025-05-30,78.65377312147696,3.6868956150692327,2.457930410046155,7.373791230138465,2.457930410046155,4.91586082009231,1.2289652050230775,17.205512870323084,2.457930410046155
2025-05-31,78.65377312147696,3.6868956150692327,2.457930410046155,6.144826025115387,2.457930410046155,4.91586082009231,1.2289652050230775,17.205512870323084,2.457930410046155
2025-06-01,82.34066873654619,3.6868956150692327,2.457930410046155,7.373791230138465,2.457930410046155,4.91586082009231,1.2289652050230775,22.121373690415396,2.457930410046155
2025-06-02,88.48549476166158,3.6868956150692327,2.457930410046155,8.602756435161542,2.457930410046155,4.91586082009231,0.0,20.892408485392316,2.457930410046155
2025-06-03,93.40135558175389,3.6868956150692327,2.457930410046155,8.602756435161542,2.457930410046155,6.144826025115387,1.2289652050230775,18.434478075346163,2.457930410046155
2025-06-04,88.48549476166158,3.6868956150692327,2.457930410046155,8.602756435161542,2.457930410046155,4.91586082009231,1.2289652050230775,19.66344328036924,2.457930410046155
2025-06-05,87.2565295566385,3.6868956150692327,2.457930410046155,8.602756435161542,2.457930410046155,4.91586082009231,1.2289652050230775,18.434478075346163,2.457930410046155
2025-06-06,84.79859914659235,3.6868956150692327,2.457930410046155,9.83172164018462,2.457930410046155,4.91586082009231,1.2289652050230775,18.434478075346163,2.457930410046155
2025-06-07,79.88273832650003,3.6868956150692327,2.457930410046155,7.373791230138465,2.457930410046155,4.91586082009231,1.2289652050230775,18.434478075346163,2.457930410046155
2025-06-08,87.2565295566385,3.6868956150692327,2.457930410046155,7.373791230138465,2.457930410046155,4.91586082009231,1.2289652050230775,20.892408485392316,2.457930410046155
2025-06-09,87.2565295566385,3.6868956150692327,2.457930410046155,7.373791230138465,2.457930410046155,4.91586082009231,1.2289652050230775,19.66344328036924,2.457930410046155
2025-06-10,86.02756435161542,3.6868956150692327,2.457930410046155,7.373791230138465,2.457930410046155,4.91586082009231,1.2289652050230775,19.66344328036924,2.457930410046155
2025-06-11,86.02756435161542,3.6868956150692327,2.457930410046155,7.373791230138465,2.457930410046155,4.91586082009231,1.2289652050230775,19.66344328036924,2.457930410046155
2025-06-12,83.56963394156926,3.6868956150692327,2.457930410046155,7.373791230138465,2.457930410046155,4.91586082009231,1.2289652050230775,18.434478075346163,2.457930410046155
2025-06-13,82.34066873654619,3.6868956150692327,2.457930410046155,7.373791230138465,2.457930410046155,4.91586082009231,1.2289652050230775,17.205512870323084,3.6868956150692327
2025-06-14,74.96687750640773,3.6868956150692327,2.457930410046155,6.144826025115387,2.457930410046155,4.91586082009231,1.2289652050230775,18.434478075346163,3.6868956150692327
2025-06-15,83.56963394156926,3.6868956150692327,2.457930410046155,6.144826025115387,2.457930410046155,4.91586082009231,1.2289652050230775,22.121373690415396,3.6868956150692327
2025-06-16,87.2565295566385,3.6868956150692327,3.6868956150692327,7.373791230138465,2.457930410046155,4.91586082009231,1.2289652050230775,20.892408485392316,3.6868956150692327
2025-06-17,89.71445996668466,3.6868956150692327,2.457930410046155,8.602756435161542,2.457930410046155,4.91586082009231,1.2289652050230775,19.66344328036924,3.6868956150692327
2025-06-18,88.48549476166158,3.6868956150692327,2.457930410046155,8.602756435161542,2.457930410046155,4.91586082009231,1.2289652050230775,19.66344328036924,3.6868956150692327
2025-06-19,83.56963394156926,3.6868956150692327,2.457930410046155,7.373791230138465,2.457930410046155,4.91586082009231,1.2289652050230775,18.434478075346163,3.6868956150692327
2025-06-20,83.56963394156926,3.6868956150692327,2.457930410046155,7.373791230138465,2.457930410046155,4.91586082009231,1.2289652050230775,18.434478075346163,3.6868956150692327
2025-06-21,76.1958427114308,3.6868956150692327,2.457930410046155,6.144826025115387,2.457930410046155,4.91586082009231,1.2289652050230775,19.66344328036924,3.6868956150692327
2025-06-22,82.34066873654619,3.6868956150692327,2.457930410046155,6.144826025115387,2.457930410046155,4.91586082009231,0.0,22.121373690415396,3.6868956150692327
2025-06-23,87.2565295566385,3.6868956150692327,2.457930410046155,7.373791230138465,2.457930410046155,4.91586082009231,1.2289652050230775,20.892408485392316,3.6868956150692327
2025-06-24,84.79859914659235,3.6868956150692327,2.457930410046155,7.373791230138465,2.457930410046155,4.91586082009231,0.0,19.66344328036924,2.457930410046155
2025-06-25,79.88273832650003,3.6868956150692327,2.457930410046155,7.373791230138465,2.457930410046155,4.91586082009231,0.0,20.892408485392316,2.457930410046155
2025-06-26,82.34066873654619,4.91586082009231,2.457930410046155,9.83172164018462,2.457930410046155,4.91586082009231,1.2289652050230775,19.66344328036924,3.6868956150692327
2025-06-27,82.34066873654619,3.6868956150692327,3.6868956150692327,8.602756435161542,2.457930410046155,4.91586082009231,1.2289652050230775,18.434478075346163,3.6868956150692327
2025-06-28,82.34066873654619,3.6868956150692327,2.457930410046155,7.373791230138465,2.457930410046155,4.91586082009231,1.2289652050230775,18.434478075346163,3.6868956150692327
2025-06-29,86.02756435161542,3.6868956150692327,3.6868956150692327,7.373791230138465,2.457930410046155,4.91586082009231,0.0,23.350338895438473,3.6868956150692327
2025-06-30,84.79859914659235,3.6868956150692327,2.457930410046155,8.602756435161542,2.457930410046155,4.91586082009231,1.2289652050230775,20.892408485392316,3.6868956150692327
2025-07-01,86.02756435161542,3.6868956150692327,2.457930410046155,8.602756435161542,2.457930410046155,4.91586082009231,1.2289652050230775,20.892408485392316,3.6868956150692327
2025-07-02,86.02756435161542,4.91586082009231,2.457930410046155,7.373791230138465,2.457930410046155,6.144826025115387,1.2289652050230775,19.66344328036924,3.6868956150692327
2025-07-03,81.11170353152312,4.91586082009231,3.6868956150692327,7.373791230138465,2.457930410046155,4.91586082009231,1.2289652050230775,17.205512870323084,3.6868956150692327
2025-07-04,68.82205148129233,3.6868956150692327,2.457930410046155,6.144826025115387,2.457930410046155,3.6868956150692327,1.2289652050230775,18.434478075346163,3.6868956150692327
2025-07-05,67.59308627626926,3.6868956150692327,2.457930410046155,6.144826025115387,2.457930410046155,3.6868956150692327,1.2289652050230775,17.205512870323084,2.457930410046155
2025-07-06,87.2565295566385,3.6868956150692327,2.457930410046155,7.373791230138465,2.457930410046155,4.91586082009231,1.2289652050230775,23.350338895438473,3.6868956150692327
2025-07-07,83.56963394156926,3.6868956150692327,3.6868956150692327,9.83172164018462,2.457930410046155,4.91586082009231,1.2289652050230775,20.892408485392316,3.6868956150692327
2025-07-08,92.17239037673082,3.6868956150692327,2.457930410046155,9.83172164018462,3.6868956150692327,4.91586082009231,1.2289652050230775,23.350338895438473,3.6868956150692327
2025-07-09,92.17239037673082,3.6868956150692327,2.457930410046155,9.83172164018462,3.6868956150692327,4.91586082009231,1.2289652050230775,20.892408485392316,3.6868956150692327
2025-07-10,84.79859914659235,4.91586082009231,3.6868956150692327,9.83172164018462,2.457930410046155,4.91586082009231,1.2289652050230775,18.434478075346163,3.6868956150692327
2025-07-11,83.56963394156926,4.91586082009231,3.6868956150692327,8.602756435161542,2.457930410046155,4.91586082009231,1.2289652050230775,19.66344328036924,3.6868956150692327
2025-07-12,77.42480791645389,3.6868956150692327,2.457930410046155,7.373791230138465,2.457930410046155,4.91586082009231,1.2289652050230775,22.121373690415396,3.6868956150692327
2025-07-13,89.71445996668466,3.6868956150692327,3.6868956150692327,7.373791230138465,2.457930410046155,4.91586082009231,1.2289652050230775,22.121373690415396,3.6868956150692327
2025-07-14,92.17239037673082,4.91586082009231,3.6868956150692327,8.602756435161542,2.457930410046155,4.91586082009231,1.2289652050230775,22.121373690415396,3.6868956150692327
2025-07-15,92.17239037673082,3.6868956150692327,3.6868956150692327,8.602756435161542,2.457930410046155,6.144826025115387,0.0,19.66344328036924,3.6868956150692327
2025-07-16,86.02756435161542,3.6868956150692327,2.457930410046155,8.602756435161542,2.457930410046155,4.91586082009231,1.2289652050230775,18.434478075346163,3.6868956150692327
2025-07-17,94.63032078677696,4.91586082009231,3.6868956150692327,8.602756435161542,2.457930410046155,7.373791230138465,1.2289652050230775,19.66344328036924,3.6868956150692327
2025-07-18,81.11170353152312,3.6868956150692327,3.6868956150692327,7.373791230138465,2.457930410046155,4.91586082009231,1.2289652050230775,18.434478075346163,3.6868956150692327
2025-07-19,88.48549476166158,3.6868956150692327,2.457930410046155,7.373791230138465,2.457930410046155,6.144826025115387,1.2289652050230775,20.892408485392316,3.6868956150692327
2025-07-20,98.3172164018462,4.91586082009231,2.457930410046155,8.602756435161542,2.457930410046155,7.373791230138465,1.2289652050230775,22.121373690415396,3.6868956150692327
2025-07-21,103.23307722193852,4.91586082009231,2.457930410046155,7.373791230138465,2.457930410046155,7.373791230138465,1.2289652050230775,23.350338895438473,3.6868956150692327
2025-07-22,95.85928599180005,3.6868956150692327,2.457930410046155,8.602756435161542,2.457930410046155,6.144826025115387,1.2289652050230775,19.66344328036924,2.457930410046155
2025-07-23,93.40135558175389,3.6868956150692327,2.457930410046155,8.602756435161542,2.457930410046155,6.144826025115387,1.2289652050230775,18.434478075346163,2.457930410046155
2025-07-24,86.02756435161542,4.91586082009231,2.457930410046155,8.602756435161542,2.457930410046155,6.144826025115387,1.2289652050230775,18.434478075346163,3.6868956150692327
2025-07-25,86.02756435161542,4.91586082009231,2.457930410046155,8.602756435161542,2.457930410046155,4.91586082009231,1.2289652050230775,18.434478075346163,3.6868956150692327
2025-07-26,84.79859914659235,3.6868956150692327,2.457930410046155,9.83172164018462,2.457930410046155,6.144826025115387,1.2289652050230775,18.434478075346163,3.6868956150692327
2025-07-27,95.85928599180005,3.6868956150692327,2.457930410046155,8.602756435161542,2.457930410046155,6.144826025115387,1.2289652050230775,20.892408485392316,3.6868956150692327
2025-07-28,94.63032078677696,3.6868956150692327,3.6868956150692327,8.602756435161542,2.457930410046155,6.144826025115387,1.2289652050230775,20.892408485392316,3.6868956150692327
2025-07-29,100.77514681189236,4.91586082009231,2.457930410046155,8.602756435161542,2.457930410046155,8.602756435161542,1.2289652050230775,19.66344328036924,2.457930410046155
2025-07-30,110.60686845207698,4.91586082009231,2.457930410046155,9.83172164018462,2.457930410046155,9.83172164018462,1.2289652050230775,19.66344328036924,3.6868956150692327
2025-07-31,103.23307722193852,4.91586082009231,3.6868956150692327,8.602756435161542,2.457930410046155,8.602756435161542,1.2289652050230775,18.434478075346163,3.6868956150692327
2025-08-01,92.17239037673082,4.91586082009231,3.6868956150692327,8.602756435161542,2.457930410046155,6.144826025115387,1.2289652050230775,18.434478075346163,3.6868956150692327
2025-08-02,78.65377312147696,3.6868956150692327,2.457930410046155,7.373791230138465,2.457930410046155,4.91586082009231,1.2289652050230775,18.434478075346163,3.6868956150692327
2025-08-03,81.11170353152312,3.6868956150692327,2.457930410046155,7.373791230138465,2.457930410046155,4.91586082009231,1.2289652050230775,19.66344328036924,3.6868956150692327
2025-08-04,82.34066873654619,3.6868956150692327,2.457930410046155,7.373791230138465,2.457930410046155,4.91586082009231,0.0,17.205512870323084,3.6868956150692327
2025-08-05,86.02756435161542,3.6868956150692327,2.457930410046155,8.602756435161542,2.457930410046155,4.91586082009231,0.0,18.434478075346163,2.457930410046155
2025-08-06,86.02756435161542,3.6868956150692327,2.457930410046155,8.602756435161542,2.457930410046155,6.144826025115387,0.0,18.434478075346163,2.457930410046155
2025-08-07,93.40135558175389,4.91586082009231,2.457930410046155,8.602756435161542,2.457930410046155,6.144826025115387,1.2289652050230775,15.976547665300007,3.6868956150692327
2025-08-08,83.56963394156926,3.6868956150692327,2.457930410046155,7.373791230138465,2.457930410046155,6.144826025115387,1.2289652050230775,17.205512870323084,3.6868956150692327
2025-08-09,102.00411201691543,3.6868956150692327,8.602756435161542,6.144826025115387,2.457930410046155,9.83172164018462,0.0,15.976547665300007,3.6868956150692327
2025-08-10,109.3779032470539,3.6868956150692327,3.6868956150692327,8.602756435161542,2.457930410046155,11.060686845207698,1.2289652050230775,19.66344328036924,3.6868956150692327
2025-08-11,106.91997283700775,3.6868956150692327,2.457930410046155,8.602756435161542,2.457930410046155,9.83172164018462,1.2289652050230775,18.434478075346163,3.6868956150692327
2025-08-12,86.02756435161542,3.6868956150692327,2.457930410046155,8.602756435161542,2.457930410046155,6.144826025115387,0.0,17.205512870323084,2.457930410046155
2025-08-13,86.02756435161542,3.6868956150692327,2.457930410046155,7.373791230138465,2.457930410046155,4.91586082009231,0.0,15.976547665300007,2.457930410046155
2025-08-14,82.34066873654619,3.6868956150692327,2.457930410046155,8.602756435161542,2.457930410046155,4.91586082009231,1.2289652050230775,15.976547665300007,3.6868956150692327
2025-08-15,77.42480791645389,3.6868956150692327,2.457930410046155,7.373791230138465,2.457930410046155,4.91586082009231,1.2289652050230775,15.976547665300007,3.6868956150692327
2025-08-16,73.73791230138465,3.6868956150692327,2.457930410046155,6.144826025115387,2.457930410046155,4.91586082009231,1.2289652050230775,15.976547665300007,3.6868956150692327
2025-08-17,81.11170353152312,3.6868956150692327,2.457930410046155,7.373791230138465,2.457930410046155,4.91586082009231,0.0,17.205512870323084,3.6868956150692327
2025-08-18,82.34066873654619,3.6868956150692327,2.457930410046155,7.373791230138465,2.457930410046155,4.91586082009231,0.0,15.976547665300007,2.457930410046155
2025-08-19,81.11170353152312,3.6868956150692327,2.457930410046155,7.373791230138465,2.457930410046155,4.91586082009231,0.0,15.976547665300007,2.457930410046155
2025-08-20,78.65377312147696,3.6868956150692327,2.457930410046155,7.373791230138465,2.457930410046155,3.6868956150692327,0.0,14.74758246027693,2.457930410046155
2025-08-21,76.1958427114308,3.6868956150692327,2.457930410046155,7.373791230138465,2.457930410046155,4.91586082009231,0.0,14.74758246027693,2.457930410046155
2025-08-22,71.2799818913385,3.6868956150692327,2.457930410046155,6.144826025115387,2.457930410046155,3.6868956150692327,0.0,13.518617255253853,3.6868956150692327
2025-08-23,77.42480791645389,3.6868956150692327,2.457930410046155,6.144826025115387,1.2289652050230775,4.91586082009231,0.0,14.74758246027693,3.6868956150692327
2025-08-24,77.42480791645389,3.6868956150692327,2.457930410046155,6.144826025115387,2.457930410046155,4.91586082009231,0.0,15.976547665300007,2.457930410046155
2025-08-25,78.65377312147696,3.6868956150692327,2.457930410046155,7.373791230138465,2.457930410046155,4.91586082009231,0.0,15.976547665300007,2.457930410046155
2025-08-26,74.96687750640773,3.6868956150692327,2.457930410046155,8.602756435161542,1.2289652050230775,4.91586082009231,0.0,13.518617255253853,2.457930410046155
2025-08-27,74.96687750640773,3.6868956150692327,2.457930410046155,7.373791230138465,2.457930410046155,3.6868956150692327,0.0,13.518617255253853,2.457930410046155
2025-08-28,74.96687750640773,3.6868956150692327,2.457930410046155,8.602756435161542,2.457930410046155,4.91586082009231,1.2289652050230775,13.518617255253853,2.457930410046155
2025-08-29,71.2799818913385,3.6868956150692327,2.457930410046155,7.373791230138465,2.457930410046155,3.6868956150692327,1.2289652050230775,13.518617255253853,2.457930410046155
2025-08-30,67.59308627626926,3.6868956150692327,2.457930410046155,6.144826025115387,1.2289652050230775,3.6868956150692327,1.2289652050230775,12.289652050230774,2.457930410046155
2025-08-31,70.05101668631542,2.457930410046155,2.457930410046155,6.144826025115387,1.2289652050230775,3.6868956150692327,0.0,13.518617255253853,2.457930410046155
2025-09-01,82.34066873654619,3.6868956150692327,2.457930410046155,7.373791230138465,2.457930410046155,4.91586082009231,0.0,18.434478075346163,2.457930410046155
2025-09-02,81.11170353152312,3.6868956150692327,2.457930410046155,7.373791230138465,2.457930410046155,4.91586082009231,0.0,17.205512870323084,2.457930410046155
2025-09-03,78.65377312147696,3.6868956150692327,3.6868956150692327,7.373791230138465,1.2289652050230775,4.91586082009231,0.0,17.205512870323084,2.457930410046155
2025-09-04,73.73791230138465,3.6868956150692327,4.91586082009231,7.373791230138465,1.2289652050230775,3.6868956150692327,0.0,12.289652050230774,2.457930410046155
2025-09-05,68.82205148129233,3.6868956150692327,4.91586082009231,6.144826025115387,1.2289652050230775,3.6868956150692327,0.0,12.289652050230774,2.457930410046155
2025-09-06,71.2799818913385,2.457930410046155,3.6868956150692327,6.144826025115387,1.2289652050230775,3.6868956150692327,0.0,12.289652050230774,2.457930410046155
2025-09-07,71.2799818913385,2.457930410046155,3.6868956150692327,6.144826025115387,1.2289652050230775,3.6868956150692327,0.0,12.289652050230774,2.457930410046155
2025-09-08,76.1958427114308,3.6868956150692327,3.6868956150692327,7.373791230138465,2.457930410046155,3.6868956150692327,0.0,12.289652050230774,2.457930410046155
2025-09-09,74.96687750640773,2.457930410046155,2.457930410046155,7.373791230138465,1.2289652050230775,4.91586082009231,0.0,12.289652050230774,1.2289652050230775
2025-09-10,73.73791230138465,3.6868956150692327,2.457930410046155,6.144826025115387,1.2289652050230775,3.6868956150692327,0.0,12.289652050230774,2.457930410046155
2025-09-11,68.82205148129233,3.6868956150692327,2.457930410046155,6.144826025115387,1.2289652050230775,3.6868956150692327,0.0,11.060686845207698,2.457930410046155
2025-09-12,67.59308627626926,3.6868956150692327,3.6868956150692327,6.144826025115387,1.2289652050230775,3.6868956150692327,0.0,11.060686845207698,2.457930410046155
2025-09-13,68.82205148129233,2.457930410046155,2.457930410046155,6.144826025115387,1.2289652050230775,3.6868956150692327,0.0,12.289652050230774,2.457930410046155
2025-09-14,68.82205148129233,2.457930410046155,2.457930410046155,6.144826025115387,1.2289652050230775,3.6868956150692327,0.0,12.289652050230774,2.457930410046155
2025-09-15,72.50894709636157,3.6868956150692327,2.457930410046155,6.144826025115387,2.457930410046155,3.6868956150692327,0.0,11.060686845207698,2.457930410046155
2025-09-16,77.42480791645389,3.6868956150692327,2.457930410046155,7.373791230138465,1.2289652050230775,4.91586082009231,0.0,13.518617255253853,1.2289652050230775
2025-09-17,74.96687750640773,3.6868956150692327,2.457930410046155,7.373791230138465,2.457930410046155,4.91586082009231,0.0,13.518617255253853,2.457930410046155
2025-09-18,70.05101668631542,3.6868956150692327,3.6868956150692327,7.373791230138465,2.457930410046155,3.6868956150692327,1.2289652050230775,13.518617255253853,2.457930410046155
2025-09-19,70.05101668631542,3.6868956150692327,3.6868956150692327,6.144826025115387,1.2289652050230775,3.6868956150692327,0.0,12.289652050230774,2.457930410046155
2025-09-20,71.2799818913385,3.6868956150692327,2.457930410046155,6.144826025115387,1.2289652050230775,3.6868956150692327,0.0,12.289652050230774,2.457930410046155
2025-09-21,73.73791230138465,2.457930410046155,2.457930410046155,6.144826025115387,2.457930410046155,4.91586082009231,0.0,15.976547665300007,2.457930410046155
2025-09-22,73.73791230138465,3.6868956150692327,2.457930410046155,6.144826025115387,2.457930410046155,3.6868956150692327,0.0,14.74758246027693,2.457930410046155
2025-09-23,72.50894709636157,3.6868956150692327,2.457930410046155,6.144826025115387,1.2289652050230775,4.91586082009231,0.0,13.518617255253853,2.457930410046155
2025-09-24,76.1958427114308,3.6868956150692327,2.457930410046155,6.144826025115387,2.457930410046155,4.91586082009231,0.0,13.518617255253853,2.457930410046155
2025-09-25,72.50894709636157,3.6868956150692327,2.457930410046155,6.144826025115387,1.2289652050230775,3.6868956150692327,0.0,13.518617255253853,2.457930410046155
2025-09-26,71.2799818913385,3.6868956150692327,2.457930410046155,6.144826025115387,1.2289652050230775,3.6868956150692327,0.0,13.518617255253853,2.457930410046155
2025-09-27,68.82205148129233,3.6868956150692327,2.457930410046155,6.144826025115387,1.2289652050230775,3.6868956150692327,0.0,13.518617255253853,2.457930410046155
2025-09-28,73.73791230138465,3.6868956150692327,3.6868956150692327,6.144826025115387,1.2289652050230775,3.6868956150692327,0.0,13.518617255253853,2.457930410046155
2025-09-29,73.73791230138465,3.6868956150692327,2.457930410046155,6.144826025115387,1.2289652050230775,3.6868956150692327,0.0,13.518617255253853,2.457930410046155
2025-09-30,76.1958427114308,3.6868956150692327,2.457930410046155,7.373791230138465,1.2289652050230775,4.91586082009231,0.0,15.976547665300007,2.457930410046155
2025-10-01,74.96687750640773,3.6868956150692327,2.457930410046155,7.373791230138465,2.457930410046155,3.6868956150692327,0.0,14.74758246027693,2.457930410046155
2025-10-02,72.50894709636157,3.6868956150692327,2.457930410046155,7.373791230138465,2.457930410046155,4.91586082009231,0.0,13.518617255253853,2.457930410046155
2025-10-03,71.2799818913385,3.6868956150692327,2.457930410046155,6.144826025115387,1.2289652050230775,3.6868956150692327,0.0,11.060686845207698,2.457930410046155
2025-10-04,63.90619066120003,2.457930410046155,2.457930410046155,6.144826025115387,1.2289652050230775,3.6868956150692327,0.0,11.060686845207698,2.457930410046155
2025-10-05,71.2799818913385,3.6868956150692327,2.457930410046155,6.144826025115387,1.2289652050230775,3.6868956150692327,0.0,11.060686845207698,2.457930410046155
2025-10-06,73.73791230138465,3.6868956150692327,2.457930410046155,6.144826025115387,2.457930410046155,3.6868956150692327,0.0,12.289652050230774,2.457930410046155
2025-10-07,77.42480791645389,3.6868956150692327,2.457930410046155,7.373791230138465,2.457930410046155,4.91586082009231,0.0,12.289652050230774,2.457930410046155
2025-10-08,74.96687750640773,3.6868956150692327,2.457930410046155,7.373791230138465,2.457930410046155,4.91586082009231,0.0,12.289652050230774,2.457930410046155
2025-10-09,74.96687750640773,3.6868956150692327,2.457930410046155,7.373791230138465,2.457930410046155,4.91586082009231,1.2289652050230775,13.518617255253853,3.6868956150692327
2025-10-10,76.1958427114308,3.6868956150692327,3.6868956150692327,8.602756435161542,2.457930410046155,4.91586082009231,1.2289652050230775,11.060686845207698,3.6868956150692327
2025-10-11,70.05101668631542,3.6868956150692327,2.457930410046155,6.144826025115387,2.457930410046155,3.6868956150692327,1.2289652050230775,13.518617255253853,3.6868956150692327
2025-10-12,74.96687750640773,3.6868956150692327,2.457930410046155,6.144826025115387,2.457930410046155,3.6868956150692327,0.0,13.518617255253853,3.6868956150692327
2025-10-13,81.11170353152312,3.6868956150692327,2.457930410046155,7.373791230138465,2.457930410046155,4.91586082009231,0.0,15.976547665300007,3.6868956150692327
2025-10-14,81.11170353152312,3.6868956150692327,2.457930410046155,7.373791230138465,2.457930410046155,4.91586082009231,0.0,15.976547665300007,2.457930410046155
2025-10-15,87.2565295566385,3.6868956150692327,3.6868956150692327,7.373791230138465,2.457930410046155,4.91586082009231,0.0,13.518617255253853,2.457930410046155
2025-10-16,73.73791230138465,3.6868956150692327,2.457930410046155,7.373791230138465,2.457930410046155,3.6868956150692327,1.2289652050230775,13.518617255253853,2.457930410046155
2025-10-17,66.36412107124619,3.6868956150692327,2.457930410046155,6.144826025115387,2.457930410046155,3.6868956150692327,1.2289652050230775,12.289652050230774,2.457930410046155
2025-10-18,66.36412107124619,2.457930410046155,2.457930410046155,6.144826025115387,1.2289652050230775,3.6868956150692327,0.0,12.289652050230774,2.457930410046155
2025-10-19,74.96687750640773,3.6868956150692327,2.457930410046155,6.144826025115387,2.457930410046155,3.6868956150692327,1.2289652050230775,14.74758246027693,3.6868956150692327
2025-10-20,78.65377312147696,3.6868956150692327,2.457930410046155,7.373791230138465,2.457930410046155,3.6868956150692327,0.0,13.518617255253853,2.457930410046155
2025-10-21,73.73791230138465,3.6868956150692327,2.457930410046155,7.373791230138465,2.457930410046155,4.91586082009231,0.0,14.74758246027693,2.457930410046155
2025-10-22,74.96687750640773,3.6868956150692327,2.457930410046155,7.373791230138465,2.457930410046155,3.6868956150692327,0.0,13.518617255253853,2.457930410046155
2025-10-23,71.2799818913385,3.6868956150692327,2.457930410046155,7.373791230138465,2.457930410046155,3.6868956150692327,1.2289652050230775,12.289652050230774,2.457930410046155
2025-10-24,74.96687750640773,3.6868956150692327,2.457930410046155,7.373791230138465,2.457930410046155,3.6868956150692327,0.0,11.060686845207698,2.457930410046155
2025-10-25,63.90619066120003,2.457930410046155,2.457930410046155,6.144826025115387,1.2289652050230775,3.6868956150692327,0.0,11.060686845207698,2.457930410046155
2025-10-26,72.50894709636157,2.457930410046155,2.457930410046155,6.144826025115387,2.457930410046155,3.6868956150692327,0.0,13.518617255253853,2.457930410046155
2025-10-27,73.73791230138465,3.6868956150692327,2.457930410046155,6.144826025115387,2.457930410046155,3.6868956150692327,0.0,13.518617255253853,2.457930410046155
2025-10-28,73.73791230138465,2.457930410046155,2.457930410046155,6.144826025115387,1.2289652050230775,3.6868956150692327,0.0,13.518617255253853,2.457930410046155
2025-10-29,73.73791230138465,2.457930410046155,2.457930410046155,6.144826025115387,2.457930410046155,4.91586082009231,0.0,12.289652050230774,2.457930410046155
2025-10-30,81.11170353152312,3.6868956150692327,2.457930410046155,6.144826025115387,1.2289652050230775,4.91586082009231,0.0,12.289652050230774,2.457930410046155
2025-10-31,71.2799818913385,3.6868956150692327,2.457930410046155,6.144826025115387,1.2289652050230775,4.91586082009231,0.0,12.289652050230774,3.6868956150692327
2025-11-01,68.82205148129233,3.6868956150692327,2.457930410046155,6.144826025115387,1.2289652050230775,4.91586082009231,0.0,12.289652050230774,2.457930410046155
2025-11-02,81.11170353152312,3.6868956150692327,2.457930410046155,6.144826025115387,2.457930410046155,4.91586082009231,1.2289652050230775,14.74758246027693,2.457930410046155
2025-11-03,87.2565295566385,3.6868956150692327,2.457930410046155,7.373791230138465,3.6868956150692327,6.144826025115387,1.2289652050230775,15.976547665300007,2.457930410046155
2025-11-04,86.02756435161542,3.6868956150692327,2.457930410046155,7.373791230138465,3.6868956150692327,6.144826025115387,0.0,14.74758246027693,2.457930410046155
2025-11-05,87.2565295566385,3.6868956150692327,2.457930410046155,6.144826025115387,2.457930410046155,6.144826025115387,0.0,14.74758246027693,2.457930410046155
2025-11-06,122.89652050230775,3.6868956150692327,3.6868956150692327,8.602756435161542,3.6868956150692327,4.91586082009231,1.2289652050230775,13.518617255253853,3.6868956150692327
2025-11-07,110.60686845207698,3.6868956150692327,3.6868956150692327,8.602756435161542,3.6868956150692327,4.91586082009231,1.2289652050230775,13.518617255253853,3.6868956150692327
2025-11-08,94.63032078677696,3.6868956150692327,2.457930410046155,7.373791230138465,2.457930410046155,4.91586082009231,1.2289652050230775,13.518617255253853,3.6868956150692327
2025-11-09,100.77514681189236,2.457930410046155,2.457930410046155,6.144826025115387,2.457930410046155,4.91586082009231,1.2289652050230775,14.74758246027693,3.6868956150692327
2025-11-10,97.08825119682312,3.6868956150692327,2.457930410046155,7.373791230138465,2.457930410046155,4.91586082009231,0.0,15.976547665300007,3.6868956150692327
2025-11-11,88.48549476166158,3.6868956150692327,2.457930410046155,6.144826025115387,2.457930410046155,4.91586082009231,0.0,14.74758246027693,3.6868956150692327
2025-11-12,83.56963394156926,3.6868956150692327,2.457930410046155,6.144826025115387,2.457930410046155,4.91586082009231,0.0,13.518617255253853,2.457930410046155
2025-11-13,81.11170353152312,3.6868956150692327,2.457930410046155,6.144826025115387,2.457930410046155,4.91586082009231,0.0,13.518617255253853,2.457930410046155
2025-11-14,73.73791230138465,3.6868956150692327,2.457930410046155,6.144826025115387,2.457930410046155,4.91586082009231,0.0,13.518617255253853,2.457930410046155
2025-11-15,71.2799818913385,2.457930410046155,2.457930410046155,4.91586082009231,1.2289652050230775,4.91586082009231,0.0,14.74758246027693,2.457930410046155
2025-11-16,79.88273832650003,3.6868956150692327,2.457930410046155,6.144826025115387,2.457930410046155,4.91586082009231,0.0,15.976547665300007,2.457930410046155
2025-11-17,79.88273832650003,3.6868956150692327,2.457930410046155,6.144826025115387,2.457930410046155,4.91586082009231,0.0,15.976547665300007,2.457930410046155
2025-11-18,81.11170353152312,3.6868956150692327,2.457930410046155,6.144826025115387,2.457930410046155,6.144826025115387,0.0,14.74758246027693,2.457930410046155
2025-11-19,82.34066873654619,3.6868956150692327,2.457930410046155,6.144826025115387,2.457930410046155,6.144826025115387,0.0,13.518617255253853,1.2289652050230775
2025-11-20,81.11170353152312,3.6868956150692327,2.457930410046155,6.144826025115387,2.457930410046155,6.144826025115387,1.2289652050230775,13.518617255253853,2.457930410046155
2025-11-21,74.96687750640773,3.6868956150692327,2.457930410046155,6.144826025115387,2.457930410046155,6.144826025115387,1.2289652050230775,13.518617255253853,3.6868956150692327
2025-11-22,74.96687750640773,3.6868956150692327,2.457930410046155,4.91586082009231,1.2289652050230775,4.91586082009231,1.2289652050230775,17.205512870323084,3.6868956150692327
2025-11-23,79.88273832650003,3.6868956150692327,2.457930410046155,4.91586082009231,1.2289652050230775,6.144826025115387,0.0,15.976547665300007,2.457930410046155
2025-11-24,79.88273832650003,4.91586082009231,2.457930410046155,6.144826025115387,2.457930410046155,4.91586082009231,0.0,14.74758246027693,2.457930410046155
2025-11-25,82.34066873654619,4.91586082009231,2.457930410046155,6.144826025115387,2.457930410046155,6.144826025115387,1.2289652050230775,14.74758246027693,3.6868956150692327
2025-11-26,81.11170353152312,4.91586082009231,2.457930410046155,6.144826025115387,2.457930410046155,6.144826025115387,1.2289652050230775,14.74758246027693,3.6868956150692327
2025-11-27,72.50894709636157,3.6868956150692327,2.457930410046155,4.91586082009231,1.2289652050230775,4.91586082009231,1.2289652050230775,17.205512870323084,2.457930410046155
2025-11-28,78.65377312147696,2.457930410046155,2.457930410046155,6.144826025115387,1.2289652050230775,6.144826025115387,0.0,20.892408485392316,2.457930410046155
2025-11-29,93.40135558175389,2.457930410046155,3.6868956150692327,6.144826025115387,1.2289652050230775,6.144826025115387,0.0,19.66344328036924,3.6868956150692327
2025-11-30,103.23307722193852,3.6868956150692327,3.6868956150692327,7.373791230138465,2.457930410046155,7.373791230138465,1.2289652050230775,27.037234510507705,4.91586082009231
2025-12-01,103.23307722193852,3.6868956150692327,3.6868956150692327,7.373791230138465,2.457930410046155,7.373791230138465,1.2289652050230775,19.66344328036924,3.6868956150692327
2025-12-02,115.52272927216929,3.6868956150692327,3.6868956150692327,8.602756435161542,2.457930410046155,7.373791230138465,0.0,19.66344328036924,3.6868956150692327
2025-12-03,93.40135558175389,3.6868956150692327,2.457930410046155,7.373791230138465,2.457930410046155,7.373791230138465,0.0,18.434478075346163,2.457930410046155
2025-12-04,83.56963394156926,3.6868956150692327,2.457930410046155,6.144826025115387,1.2289652050230775,6.144826025115387,0.0,17.205512870323084,2.457930410046155
2025-12-05,78.65377312147696,3.6868956150692327,2.457930410046155,6.144826025115387,1.2289652050230775,6.144826025115387,1.2289652050230775,15.976547665300007,2.457930410046155
2025-12-06,82.34066873654619,3.6868956150692327,2.457930410046155,4.91586082009231,1.2289652050230775,6.144826025115387,0.0,22.121373690415396,2.457930410046155
2025-12-07,82.34066873654619,3.6868956150692327,2.457930410046155,6.144826025115387,1.2289652050230775,7.373791230138465,0.0,22.121373690415396,2.457930410046155
2025-12-08,86.02756435161542,3.6868956150692327,2.457930410046155,6.144826025115387,1.2289652050230775,6.144826025115387,0.0,18.434478075346163,2.457930410046155
2025-12-09,87.2565295566385,3.6868956150692327,2.457930410046155,6.144826025115387,1.2289652050230775,7.373791230138465,0.0,18.434478075346163,2.457930410046155
2025-12-10,78.65377312147696,3.6868956150692327,2.457930410046155,6.144826025115387,2.457930410046155,6.144826025115387,1.2289652050230775,19.66344328036924,2.457930410046155
2025-12-11,76.1958427114308,3.6868956150692327,2.457930410046155,6.144826025115387,1.2289652050230775,6.144826025115387,1.2289652050230775,19.66344328036924,2.457930410046155
2025-12-12,77.42480791645389,3.6868956150692327,2.457930410046155,6.144826025115387,1.2289652050230775,6.144826025115387,1.2289652050230775,18.434478075346163,2.457930410046155
2025-12-13,81.11170353152312,3.6868956150692327,2.457930410046155,6.144826025115387,1.2289652050230775,6.144826025115387,1.2289652050230775,20.892408485392316,2.457930410046155
2025-12-14,86.02756435161542,3.6868956150692327,3.6868956150692327,6.144826025115387,1.2289652050230775,6.144826025115387,1.2289652050230775,23.350338895438473,3.6868956150692327
2025-12-15,82.34066873654619,3.6868956150692327,2.457930410046155,6.144826025115387,2.457930410046155,6.144826025115387,1.2289652050230775,19.66344328036924,2.457930410046155
2025-12-16,78.65377312147696,3.6868956150692327,2.457930410046155,6.144826025115387,1.2289652050230775,6.144826025115387,1.2289652050230775,18.434478075346163,2.457930410046155
2025-12-17,82.34066873654619,3.6868956150692327,2.457930410046155,6.144826025115387,1.2289652050230775,6.144826025115387,1.2289652050230775,20.892408485392316,2.457930410046155
2025-12-18,79.88273832650003,3.6868956150692327,2.457930410046155,7.373791230138465,2.457930410046155,6.144826025115387,1.2289652050230775,19.66344328036924,3.6868956150692327
2025-12-19,76.1958427114308,3.6868956150692327,3.6868956150692327,6.144826025115387,2.457930410046155,4.91586082009231,1.2289652050230775,20.892408485392316,3.6868956150692327
2025-12-20,77.42480791645389,4.91586082009231,3.6868956150692327,6.144826025115387,2.457930410046155,4.91586082009231,1.2289652050230775,22.121373690415396,4.91586082009231
2025-12-21,77.42480791645389,4.91586082009231,3.6868956150692327,6.144826025115387,2.457930410046155,4.91586082009231,1.2289652050230775,23.350338895438473,3.6868956150692327
2025-12-22,81.11170353152312,4.91586082009231,3.6868956150692327,7.373791230138465,2.457930410046155,4.91586082009231,1.2289652050230775,24.57930410046155,3.6868956150692327
2025-12-23,76.1958427114308,4.91586082009231,3.6868956150692327,6.144826025115387,2.457930410046155,4.91586082009231,1.2289652050230775,25.80826930548463,3.6868956150692327
2025-12-24,67.59308627626926,3.6868956150692327,2.457930410046155,6.144826025115387,2.457930410046155,3.6868956150692327,1.2289652050230775,33.182060535623094,4.91586082009231
2025-12-25,68.84137266362849,4.214777918181336,2.809851945454224,4.214777918181336,1.404925972727112,4.214777918181336,0.0,53.387186963630256,4.214777918181336
2025-12-26,92.72511419998939,4.214777918181336,4.214777918181336,7.0246298636355595,1.404925972727112,5.619703890908448,1.404925972727112,30.90837139999646,4.214777918181336
2025-12-27,96.93989211817072,4.214777918181336,4.214777918181336,7.0246298636355595,2.809851945454224,5.619703890908448,1.404925972727112,25.288667509088015,4.214777918181336
2025-12-28,96.93989211817072,2.809851945454224,4.214777918181336,7.0246298636355595,2.809851945454224,5.619703890908448,1.404925972727112,22.47881556363379,4.214777918181336
2025-12-29,99.74974406362495,2.809851945454224,4.214777918181336,7.0246298636355595,2.809851945454224,5.619703890908448,0.0,22.47881556363379,4.214777918181336
2025-12-30,94.1300401727165,2.809851945454224,4.214777918181336,7.0246298636355595,2.809851945454224,5.619703890908448,1.404925972727112,22.47881556363379,4.214777918181336
2025-12-31,82.89063239089961,2.809851945454224,2.809851945454224,7.0246298636355595,1.404925972727112,4.214777918181336,0.0,18.264037645452454,2.809851945454224
2026-01-01,85.70048433635382,2.809851945454224,2.809851945454224,5.619703890908448,1.404925972727112,4.214777918181336,0.0,19.668963618179568,2.809851945454224
2026-01-02,96.93989211817072,2.809851945454224,4.214777918181336,7.0246298636355595,2.809851945454224,5.619703890908448,0.0,23.883741536360905,2.809851945454224
2026-01-03,118.0137817090774,2.809851945454224,4.214777918181336,7.0246298636355595,1.404925972727112,5.619703890908448,0.0,22.47881556363379,4.214777918181336
2026-01-04,118.0137817090774,2.809851945454224,4.214777918181336,7.0246298636355595,2.809851945454224,5.619703890908448,1.404925972727112,23.883741536360905,4.214777918181336
2026-01-05,106.77437392726051,2.809851945454224,4.214777918181336,7.0246298636355595,2.809851945454224,5.619703890908448,0.0,22.47881556363379,2.809851945454224
2026-01-06,103.96452198180629,2.809851945454224,4.214777918181336,8.429555836362672,1.404925972727112,5.619703890908448,0.0,21.073889590906678,2.809851945454224
2026-01-07,96.93989211817072,2.809851945454224,2.809851945454224,7.0246298636355595,1.404925972727112,5.619703890908448,0.0,21.073889590906678,2.809851945454224
2026-01-08,92.72511419998939,2.809851945454224,2.809851945454224,7.0246298636355595,1.404925972727112,5.619703890908448,0.0,21.073889590906678,1.404925972727112
2026-01-09,91.32018822726228,2.809851945454224,2.809851945454224,7.0246298636355595,1.404925972727112,5.619703890908448,0.0,28.098519454542238,2.809851945454224
2026-01-10,95.53496614544362,2.809851945454224,2.809851945454224,7.0246298636355595,1.404925972727112,5.619703890908448,0.0,49.172409045448916,2.809851945454224
2026-01-11,98.34481809089783,2.809851945454224,2.809851945454224,7.0246298636355595,2.809851945454224,5.619703890908448,0.0,49.172409045448916,2.809851945454224
2026-01-12,95.53496614544362,2.809851945454224,2.809851945454224,7.0246298636355595,1.404925972727112,5.619703890908448,0.0,36.52807529090491,2.809851945454224
2026-01-13,99.74974406362495,2.809851945454224,2.809851945454224,7.0246298636355595,1.404925972727112,7.0246298636355595,0.0,32.313297372723575,1.404925972727112
2026-01-14,96.93989211817072,2.809851945454224,2.809851945454224,7.0246298636355595,1.404925972727112,7.0246298636355595,0.0,26.693593481815128,2.809851945454224
2026-01-15,95.53496614544362,4.214777918181336,2.809851945454224,7.0246298636355595,2.809851945454224,8.429555836362672,0.0,26.693593481815128,2.809851945454224
2026-01-16,91.32018822726228,4.214777918181336,2.809851945454224,7.0246298636355595,2.809851945454224,5.619703890908448,0.0,25.288667509088015,2.809851945454224
2026-01-17,96.93989211817072,2.809851945454224,2.809851945454224,7.0246298636355595,2.809851945454224,5.619703890908448,0.0,30.90837139999646,2.809851945454224
2026-01-18,95.53496614544362,2.809851945454224,2.809851945454224,5.619703890908448,2.809851945454224,5.619703890908448,1.404925972727112,29.50344542726935,2.809851945454224
2026-01-19,103.96452198180629,4.214777918181336,4.214777918181336,7.0246298636355595,2.809851945454224,5.619703890908448,1.404925972727112,26.693593481815128,2.809851945454224
2026-01-20,94.1300401727165,2.809851945454224,2.809851945454224,7.0246298636355595,1.404925972727112,5.619703890908448,0.0,22.47881556363379,1.404925972727112
2026-01-21,95.53496614544362,2.809851945454224,2.809851945454224,7.0246298636355595,1.404925972727112,5.619703890908448,0.0,21.073889590906678,1.404925972727112
2026-01-22,99.74974406362495,2.809851945454224,2.809851945454224,7.0246298636355595,1.404925972727112,5.619703890908448,0.0,19.668963618179568,2.809851945454224
2026-01-23,92.72511419998939,2.809851945454224,2.809851945454224,7.0246298636355595,1.404925972727112,5.619703890908448,0.0,19.668963618179568,2.809851945454224
2026-01-24,102.55959600907917,2.809851945454224,2.809851945454224,7.0246298636355595,1.404925972727112,5.619703890908448,0.0,22.47881556363379,4.214777918181336
2026-01-25,115.20392976362318,2.809851945454224,2.809851945454224,7.0246298636355595,1.404925972727112,7.0246298636355595,0.0,26.693593481815128,4.214777918181336
2026-01-26,116.60885573635029,2.809851945454224,2.809851945454224,8.429555836362672,1.404925972727112,7.0246298636355595,0.0,22.47881556363379,4.214777918181336
2026-01-27,102.55959600907917,2.809851945454224,2.809851945454224,8.429555836362672,1.404925972727112,5.619703890908448,0.0,19.668963618179568,2.809851945454224
2026-01-28,92.72511419998939,2.809851945454224,2.809851945454224,7.0246298636355595,1.404925972727112,5.619703890908448,0.0,18.264037645452454,2.809851945454224
2026-01-29,94.1300401727165,2.809851945454224,2.809851945454224,7.0246298636355595,1.404925972727112,5.619703890908448,0.0,18.264037645452454,2.809851945454224
2026-01-30,91.32018822726228,2.809851945454224,2.809851945454224,7.0246298636355595,1.404925972727112,5.619703890908448,0.0,18.264037645452454,2.809851945454224
2026-01-31,94.1300401727165,2.809851945454224,2.809851945454224,7.0246298636355595,1.404925972727112,5.619703890908448,0.0,21.073889590906678,2.809851945454224
2026-02-01,106.77437392726051,2.809851945454224,2.809851945454224,7.0246298636355595,2.809851945454224,7.0246298636355595,0.0,23.883741536360905,2.809851945454224
2026-02-02,95.53496614544362,2.809851945454224,2.809851945454224,8.429555836362672,1.404925972727112,7.0246298636355595,0.0,19.668963618179568,1.404925972727112
2026-02-03,94.1300401727165,2.809851945454224,2.809851945454224,7.0246298636355595,1.404925972727112,7.0246298636355595,0.0,19.668963618179568,1.404925972727112
2026-02-04,94.1300401727165,2.809851945454224,2.809851945454224,7.0246298636355595,1.404925972727112,7.0246298636355595,0.0,19.668963618179568,1.404925972727112
2026-02-05,88.51033628180805,2.809851945454224,2.809851945454224,7.0246298636355595,1.404925972727112,7.0246298636355595,0.0,18.264037645452454,2.809851945454224
2026-02-06,82.89063239089961,2.809851945454224,2.809851945454224,7.0246298636355595,1.404925972727112,5.619703890908448,0.0,18.264037645452454,2.809851945454224
2026-02-07,94.1300401727165,2.809851945454224,2.809851945454224,5.619703890908448,1.404925972727112,5.619703890908448,0.0,19.668963618179568,2.809851945454224
2026-02-08,89.91526225453516,2.809851945454224,2.809851945454224,5.619703890908448,1.404925972727112,7.0246298636355595,0.0,22.47881556363379,2.809851945454224
2026-02-09,85.70048433635382,2.809851945454224,2.809851945454224,5.619703890908448,1.404925972727112,7.0246298636355595,0.0,19.668963618179568,2.809851945454224
2026-02-10,101.15467003635206,2.809851945454224,2.809851945454224,7.0246298636355595,1.404925972727112,8.429555836362672,0.0,22.47881556363379,2.809851945454224
2026-02-11,102.55959600907917,4.214777918181336,4.214777918181336,7.0246298636355595,2.809851945454224,7.0246298636355595,0.0,18.264037645452454,2.809851945454224
2026-02-12,113.79900379089607,4.214777918181336,2.809851945454224,7.0246298636355595,2.809851945454224,7.0246298636355595,0.0,18.264037645452454,2.809851945454224
2026-02-13,99.74974406362495,4.214777918181336,2.809851945454224,7.0246298636355595,2.809851945454224,7.0246298636355595,0.0,19.668963618179568,2.809851945454224
2026-02-14,99.74974406362495,2.809851945454224,2.809851945454224,5.619703890908448,1.404925972727112,7.0246298636355595,0.0,22.47881556363379,2.809851945454224
2026-02-15,122.22855962725873,2.809851945454224,2.809851945454224,7.0246298636355595,1.404925972727112,8.429555836362672,0.0,26.693593481815128,2.809851945454224
2026-02-16,118.0137817090774,4.214777918181336,4.214777918181336,7.0246298636355595,2.809851945454224,8.429555836362672,0.0,26.693593481815128,2.809851945454224
2026-02-17,113.79900379089607,2.809851945454224,2.809851945454224,7.0246298636355595,1.404925972727112,9.834481809089784,0.0,22.47881556363379,2.809851945454224
2026-02-18,113.79900379089607,2.809851945454224,2.809851945454224,7.0246298636355595,2.809851945454224,8.429555836362672,0.0,21.073889590906678,2.809851945454224
2026-02-19,110.98915184544184,4.214777918181336,2.809851945454224,7.0246298636355595,1.404925972727112,8.429555836362672,0.0,21.073889590906678,2.809851945454224
2026-02-20,99.74974406362495,2.809851945454224,4.214777918181336,7.0246298636355595,1.404925972727112,7.0246298636355595,0.0,19.668963618179568,2.809851945454224
2026-02-21,123.63348559998585,2.809851945454224,2.809851945454224,7.0246298636355595,1.404925972727112,8.429555836362672,0.0,22.47881556363379,2.809851945454224
2026-02-22,140.4925972727112,2.809851945454224,4.214777918181336,8.429555836362672,29.50344542726935,8.429555836362672,0.0,23.883741536360905,4.214777918181336
2026-02-23,133.46796740907564,2.809851945454224,4.214777918181336,8.429555836362672,8.429555836362672,7.0246298636355595,0.0,23.883741536360905,2.809851945454224
2026-02-24,110.98915184544184,4.214777918181336,4.214777918181336,8.429555836362672,4.214777918181336,7.0246298636355595,0.0,21.073889590906678,2.809851945454224
2026-02-25,108.17929989998763,4.214777918181336,4.214777918181336,7.0246298636355595,2.809851945454224,7.0246298636355595,0.0,19.668963618179568,2.809851945454224
2026-02-26,103.96452198180629,4.214777918181336,4.214777918181336,7.0246298636355595,2.809851945454224,7.0246298636355595,0.0,22.47881556363379,2.809851945454224
2026-02-27,101.15467003635206,4.214777918181336,4.214777918181336,7.0246298636355595,2.809851945454224,7.0246298636355595,0.0,21.073889590906678,2.809851945454224
2026-02-28,102.55959600907917,2.809851945454224,2.809851945454224,7.0246298636355595,2.809851945454224,7.0246298636355595,0.0,18.264037645452454,4.214777918181336
2026-03-01,112.39407781816895,4.214777918181336,4.214777918181336,7.0246298636355595,2.809851945454224,7.0246298636355595,0.0,22.47881556363379,2.809851945454224
2026-03-02,109.58422587271473,4.214777918181336,4.214777918181336,8.429555836362672,2.809851945454224,7.0246298636355595,0.0,21.073889590906678,2.809851945454224
2026-03-03,113.79900379089607,4.214777918181336,4.214777918181336,8.429555836362672,2.809851945454224,8.429555836362672,0.0,21.073889590906678,2.809851945454224
2026-03-04,110.98915184544184,4.214777918181336,4.214777918181336,8.429555836362672,2.809851945454224,7.0246298636355595,0.0,18.264037645452454,2.809851945454224
2026-03-05,109.58422587271473,4.214777918181336,4.214777918181336,7.0246298636355595,2.809851945454224,7.0246298636355595,1.404925972727112,19.668963618179568,2.809851945454224
2026-03-06,106.77437392726051,4.214777918181336,4.214777918181336,7.0246298636355595,2.809851945454224,7.0246298636355595,1.404925972727112,18.264037645452454,4.214777918181336
2026-03-07,109.58422587271473,4.214777918181336,4.214777918181336,9.834481809089784,2.809851945454224,7.0246298636355595,1.404925972727112,19.668963618179568,4.214777918181336
2026-03-08,118.0137817090774,4.214777918181336,4.214777918181336,11.239407781816896,2.809851945454224,7.0246298636355595,1.404925972727112,21.073889590906678,4.214777918181336
2026-03-09,115.20392976362318,4.214777918181336,4.214777918181336,8.429555836362672,5.619703890908448,8.429555836362672,1.404925972727112,19.668963618179568,2.809851945454224
2026-03-10,116.60885573635029,4.214777918181336,4.214777918181336,8.429555836362672,5.619703890908448,7.0246298636355595,0.0,18.264037645452454,2.809851945454224
2026-03-11,110.98915184544184,4.214777918181336,4.214777918181336,8.429555836362672,5.619703890908448,7.0246298636355595,0.0,18.264037645452454,2.809851945454224
2026-03-12,113.79900379089607,4.214777918181336,4.214777918181336,8.429555836362672,5.619703890908448,7.0246298636355595,1.404925972727112,18.264037645452454,4.214777918181336
2026-03-13,106.77437392726051,4.214777918181336,4.214777918181336,8.429555836362672,4.214777918181336,7.0246298636355595,1.404925972727112,18.264037645452454,4.214777918181336
2026-03-14,106.77437392726051,4.214777918181336,4.214777918181336,8.429555836362672,5.619703890908448,7.0246298636355595,1.404925972727112,18.264037645452454,4.214777918181336
2026-03-15,120.82363365453163,4.214777918181336,4.214777918181336,9.834481809089784,7.0246298636355595,7.0246298636355595,1.404925972727112,21.073889590906678,4.214777918181336
2026-03-16,134.87289338180275,4.214777918181336,5.619703890908448,9.834481809089784,7.0246298636355595,7.0246298636355595,1.404925972727112,19.668963618179568,5.619703890908448
2026-03-17,120.82363365453163,4.214777918181336,4.214777918181336,9.834481809089784,7.0246298636355595,7.0246298636355595,1.404925972727112,18.264037645452454,4.214777918181336
2026-03-18,108.17929989998763,4.214777918181336,4.214777918181336,8.429555836362672,7.0246298636355595,7.0246298636355595,1.404925972727112,18.264037645452454,2.809851945454224
2026-03-19,98.34481809089783,4.214777918181336,4.214777918181336,7.0246298636355595,8.429555836362672,7.0246298636355595,1.404925972727112,18.264037645452454,2.809851945454224
2026-03-20,95.53496614544362,4.214777918181336,4.214777918181336,7.0246298636355595,7.0246298636355595,7.0246298636355595,1.404925972727112,18.264037645452454,2.809851945454224
2026-03-21,98.34481809089783,4.214777918181336,2.809851945454224,7.0246298636355595,7.0246298636355595,7.0246298636355595,1.404925972727112,19.668963618179568,2.809851945454224
2026-03-22,102.55959600907917,4.214777918181336,4.214777918181336,7.0246298636355595,8.429555836362672,7.0246298636355595,1.404925972727112,21.073889590906678,2.809851945454224
2026-03-23,105.3694479545334,4.214777918181336,4.214777918181336,7.0246298636355595,12.644333754544007,7.0246298636355595,1.404925972727112,19.668963618179568,2.809851945454224
2026-03-24,95.53496614544362,4.214777918181336,2.809851945454224,7.0246298636355595,11.239407781816896,5.619703890908448,1.404925972727112,18.264037645452454,2.809851945454224
2026-03-25,94.1300401727165,4.214777918181336,2.809851945454224,8.429555836362672,8.429555836362672,5.619703890908448,1.404925972727112,18.264037645452454,2.809851945454224
2026-03-26,87.10541030908094,4.214777918181336,2.809851945454224,7.0246298636355595,8.429555836362672,5.619703890908448,1.404925972727112,16.859111672725344,2.809851945454224
2026-03-27,82.89063239089961,2.809851945454224,2.809851945454224,7.0246298636355595,7.0246298636355595,5.619703890908448,1.404925972727112,15.45418569999823,2.809851945454224
2026-03-28,82.89063239089961,2.809851945454224,2.809851945454224,5.619703890908448,5.619703890908448,5.619703890908448,1.404925972727112,18.264037645452454,2.809851945454224
2026-03-29,94.1300401727165,4.214777918181336,4.214777918181336,7.0246298636355595,5.619703890908448,5.619703890908448,1.404925972727112,19.668963618179568,2.809851945454224
2026-03-30,95.53496614544362,4.214777918181336,4.214777918181336,7.0246298636355595,5.619703890908448,11.239407781816896,1.404925972727112,18.264037645452454,2.809851945454224
2026-03-31,94.1300401727165,4.214777918181336,2.809851945454224,7.0246298636355595,4.214777918181336,9.834481809089784,1.404925972727112,18.264037645452454,2.809851945454224
2026-04-01,91.32018822726228,2.809851945454224,2.809851945454224,7.0246298636355595,4.214777918181336,5.619703890908448,1.404925972727112,18.264037645452454,2.809851945454224
2026-04-02,82.89063239089961,4.214777918181336,4.214777918181336,7.0246298636355595,4.214777918181336,5.619703890908448,1.404925972727112,18.264037645452454,2.809851945454224
2026-04-03,84.29555836362671,4.214777918181336,2.809851945454224,7.0246298636355595,2.809851945454224,5.619703890908448,1.404925972727112,18.264037645452454,2.809851945454224
2026-04-04,77.27092849999116,2.809851945454224,2.809851945454224,5.619703890908448,2.809851945454224,5.619703890908448,0.0,18.264037645452454,2.809851945454224
2026-04-05,94.1300401727165,2.809851945454224,2.809851945454224,5.619703890908448,2.809851945454224,11.239407781816896,0.0,21.073889590906678,2.809851945454224
2026-04-06,102.55959600907917,4.214777918181336,2.809851945454224,7.0246298636355595,4.214777918181336,11.239407781816896,0.0,21.073889590906678,2.809851945454224
2026-04-07,96.93989211817072,4.214777918181336,2.809851945454224,7.0246298636355595,2.809851945454224,9.834481809089784,0.0,19.668963618179568,2.809851945454224
2026-04-08,92.72511419998939,4.214777918181336,2.809851945454224,7.0246298636355595,2.809851945454224,5.619703890908448,1.404925972727112,19.668963618179568,2.809851945454224
2026-04-09,88.51033628180805,4.214777918181336,2.809851945454224,7.0246298636355595,2.809851945454224,7.0246298636355595,1.404925972727112,18.264037645452454,2.809851945454224
2026-04-10,81.4857064181725,4.214777918181336,2.809851945454224,7.0246298636355595,2.809851945454224,5.619703890908448,1.404925972727112,18.264037645452454,2.809851945454224
2026-04-11,82.89063239089961,2.809851945454224,2.809851945454224,5.619703890908448,2.809851945454224,5.619703890908448,0.0,18.264037645452454,2.809851945454224
2026-04-12,85.70048433635382,2.809851945454224,2.809851945454224,7.0246298636355595,2.809851945454224,5.619703890908448,1.404925972727112,19.668963618179568,2.809851945454224
2026-04-13,88.51033628180805,4.214777918181336,2.809851945454224,7.0246298636355595,2.809851945454224,5.619703890908448,1.404925972727112,18.264037645452454,2.809851945454224
2026-04-14,92.72511419998939,2.809851945454224,2.809851945454224,7.0246298636355595,2.809851945454224,8.429555836362672,0.0,18.264037645452454,1.404925972727112
2026-04-15,84.29555836362671,4.214777918181336,2.809851945454224,7.0246298636355595,2.809851945454224,5.619703890908448,0.0,16.859111672725344,1.404925972727112
2026-04-16,92.72511419998939,4.214777918181336,2.809851945454224,7.0246298636355595,2.809851945454224,5.619703890908448,1.404925972727112,18.264037645452454,2.809851945454224
2026-04-17,89.91526225453516,4.214777918181336,2.809851945454224,8.429555836362672,2.809851945454224,5.619703890908448,1.404925972727112,21.073889590906678,2.809851945454224
2026-04-18,80.08078044544538,2.809851945454224,2.809851945454224,5.619703890908448,2.809851945454224,5.619703890908448,0.0,19.668963618179568,2.809851945454224
2026-04-19,87.10541030908094,4.214777918181336,2.809851945454224,5.619703890908448,2.809851945454224,5.619703890908448,1.404925972727112,22.47881556363379,2.809851945454224
2026-04-20,92.72511419998939,2.809851945454224,2.809851945454224,7.0246298636355595,2.809851945454224,5.619703890908448,0.0,19.668963618179568,2.809851945454224
2026-04-21,91.32018822726228,2.809851945454224,2.809851945454224,7.0246298636355595,2.809851945454224,5.619703890908448,0.0,16.859111672725344,1.404925972727112
2026-04-22,96.93989211817072,4.214777918181336,2.809851945454224,7.0246298636355595,2.809851945454224,5.619703890908448,0.0,18.264037645452454,1.404925972727112
2026-04-23,92.72511419998939,4.214777918181336,4.214777918181336,8.429555836362672,2.809851945454224,5.619703890908448,1.404925972727112,18.264037645452454,2.809851945454224
2026-04-24,81.4857064181725,4.214777918181336,4.214777918181336,7.0246298636355595,2.809851945454224,5.619703890908448,1.404925972727112,16.859111672725344,2.809851945454224
2026-04-25,80.08078044544538,2.809851945454224,2.809851945454224,5.619703890908448,1.404925972727112,5.619703890908448,0.0,18.264037645452454,2.809851945454224
2026-04-26,89.91526225453516,2.809851945454224,2.809851945454224,7.0246298636355595,2.809851945454224,5.619703890908448,1.404925972727112,19.668963618179568,2.809851945454224
2026-04-27,91.32018822726228,2.809851945454224,2.809851945454224,7.0246298636355595,2.809851945454224,5.619703890908448,0.0,18.264037645452454,2.809851945454224
2026-04-28,98.34481809089783,2.809851945454224,2.809851945454224,7.0246298636355595,2.809851945454224,7.0246298636355595,0.0,18.264037645452454,2.809851945454224
2026-04-29,98.34481809089783,4.214777918181336,2.809851945454224,7.0246298636355595,2.809851945454224,7.0246298636355595,0.0,19.668963618179568,2.809851945454224
2026-04-30,101.15467003635206,4.214777918181336,2.809851945454224,7.0246298636355595,2.809851945454224,8.429555836362672,1.404925972727112,18.264037645452454,2.809851945454224
2026-05-01,98.34481809089783,4.214777918181336,4.214777918181336,7.0246298636355595,2.809851945454224,7.0246298636355595,0.0,18.264037645452454,2.809851945454224
2026-05-02,126.44333754544007,2.809851945454224,9.834481809089784,9.834481809089784,2.809851945454224,9.834481809089784,0.0,19.668963618179568,2.809851945454224
2026-05-03,119.41870768180452,4.214777918181336,7.0246298636355595,9.834481809089784,2.809851945454224,8.429555836362672,1.404925972727112,23.883741536360905,2.809851945454224
2026-05-04,108.17929989998763,4.214777918181336,5.619703890908448,8.429555836362672,2.809851945454224,8.429555836362672,0.0,19.668963618179568,2.809851945454224
2026-05-05,102.55959600907917,2.809851945454224,4.214777918181336,8.429555836362672,2.809851945454224,7.0246298636355595,0.0,19.668963618179568,1.404925972727112
2026-05-06,108.17929989998763,4.214777918181336,4.214777918181336,7.0246298636355595,2.809851945454224,8.429555836362672,1.404925972727112,21.073889590906678,2.809851945454224
2026-05-07,113.79900379089607,4.214777918181336,4.214777918181336,7.0246298636355595,2.809851945454224,8.429555836362672,1.404925972727112,22.47881556363379,2.809851945454224
2026-05-08,102.55959600907917,4.214777918181336,4.214777918181336,9.834481809089784,2.809851945454224,8.429555836362672,0.0,21.073889590906678,2.809851945454224
2026-05-09,101.15467003635206,4.214777918181336,9.834481809089784,7.0246298636355595,1.404925972727112,8.429555836362672,0.0,19.668963618179568,2.809851945454224
2026-05-10,103.96452198180629,4.214777918181336,7.0246298636355595,7.0246298636355595,2.809851945454224,8.429555836362672,1.404925972727112,21.073889590906678,2.809851945454224
2026-05-11,108.17929989998763,4.214777918181336,5.619703890908448,7.0246298636355595,2.809851945454224,8.429555836362672,0.0,22.47881556363379,2.809851945454224
2026-05-12,115.20392976362318,4.214777918181336,4.214777918181336,8.429555836362672,2.809851945454224,8.429555836362672,0.0,21.073889590906678,2.809851945454224
2026-05-13,106.77437392726051,4.214777918181336,4.214777918181336,7.0246298636355595,2.809851945454224,8.429555836362672,1.404925972727112,22.47881556363379,2.809851945454224
2026-05-14,109.58422587271473,4.214777918181336,4.214777918181336,7.0246298636355595,2.809851945454224,8.429555836362672,1.404925972727112,22.47881556363379,2.809851945454224
2026-05-15,110.98915184544184,4.214777918181336,4.214777918181336,7.0246298636355595,2.809851945454224,8.429555836362672,1.404925972727112,23.883741536360905,2.809851945454224
2026-05-16,84.29555836362671,2.809851945454224,2.809851945454224,7.0246298636355595,2.809851945454224,5.619703890908448,1.404925972727112,19.668963618179568,2.809851945454224
2026-05-17,92.72511419998939,4.214777918181336,2.809851945454224,7.0246298636355595,2.809851945454224,5.619703890908448,1.404925972727112,21.073889590906678,2.809851945454224
2026-05-18,91.32018822726228,4.214777918181336,2.809851945454224,7.0246298636355595,2.809851945454224,5.619703890908448,1.404925972727112,21.073889590906678,2.809851945454224
2026-05-19,84.29555836362671,4.214777918181336,2.809851945454224,7.0246298636355595,2.809851945454224,5.619703890908448,1.404925972727112,16.859111672725344,2.809851945454224
2026-05-20,87.10541030908094,4.214777918181336,4.214777918181336,8.429555836362672,2.809851945454224,5.619703890908448,1.404925972727112,16.859111672725344,2.809851945454224
2026-05-21,87.10541030908094,4.214777918181336,4.214777918181336,7.0246298636355595,2.809851945454224,5.619703890908448,1.404925972727112,16.859111672725344,2.809851945454224
2026-05-22,80.08078044544538,4.214777918181336,4.214777918181336,7.0246298636355595,2.809851945454224,5.619703890908448,1.404925972727112,16.859111672725344,2.809851945454224
2026-05-23,81.4857064181725,4.214777918181336,2.809851945454224,5.619703890908448,2.809851945454224,4.214777918181336,1.404925972727112,16.859111672725344,2.809851945454224
2026-05-24,77.27092849999116,2.809851945454224,2.809851945454224,5.619703890908448,1.404925972727112,4.214777918181336,0.0,18.264037645452454,2.809851945454224
2026-05-25,88.51033628180805,4.214777918181336,2.809851945454224,7.0246298636355595,2.809851945454224,5.619703890908448,1.404925972727112,19.668963618179568,2.809851945454224
2026-05-26,89.91526225453516,4.214777918181336,2.809851945454224,7.0246298636355595,2.809851945454224,5.619703890908448,0.0,18.264037645452454,2.809851945454224
2026-05-27,88.51033628180805,4.214777918181336,2.809851945454224,7.0246298636355595,2.809851945454224,5.619703890908448,0.0,18.264037645452454,2.809851945454224
2026-05-28,80.08078044544538,4.214777918181336,2.809851945454224,7.0246298636355595,2.809851945454224,5.619703890908448,1.404925972727112,16.859111672725344,2.809851945454224
2026-05-29,82.89063239089961,4.214777918181336,2.809851945454224,7.0246298636355595,2.809851945454224,5.619703890908448,0.0,18.264037645452454,2.809851945454224
2026-05-30,78.67585447271827,2.809851945454224,2.809851945454224,7.0246298636355595,2.809851945454224,5.619703890908448,0.0,18.264037645452454,2.809851945454224
2026-05-31,85.70048433635382,2.809851945454224,2.809851945454224,7.0246298636355595,2.809851945454224,5.619703890908448,1.404925972727112,21.073889590906678,2.809851945454224
2026-06-01,89.91526225453516,4.214777918181336,2.809851945454224,7.0246298636355595,2.809851945454224,5.619703890908448,1.404925972727112,19.668963618179568,2.809851945454224
