date,wt_avg_snow_depth_max,p90_snowfall_sum,wt_avg_snowfall_sum,n_hubs_snowing,top3_hubs_snowfall_mean,vol_wtd_storm_impact,wt_avg_snow_depth_max_lead1,wt_avg_snow_depth_max_lag1,wt_avg_snow_depth_max_lag2,p90_snowfall_sum_lead1,wt_avg_snowfall_sum_lead1,n_hubs_snowing_lag1,top3_hubs_snowfall_mean_lag1,vol_wtd_storm_impact_lag1
2022-01-01,0.021837837837837836,1.715,0.7677297297297297,2,3.1733333333333333,0.7101500000000001,0.023027027027027025,,,1.26,0.6897837837837838,,,
2022-01-02,0.023027027027027025,1.26,0.6897837837837838,2,3.7566666666666673,0.6223000000000001,0.027135135135135133,0.021837837837837836,,1.54,1.1094054054054054,2.0,3.1733333333333333,0.7101500000000001
2022-01-03,0.027135135135135133,1.54,1.1094054054054054,3,6.556666666666666,0.9793000000000001,0.023783783783783784,0.023027027027027025,0.021837837837837836,0.0,0.1589189189189189,2.0,3.7566666666666673,0.6223000000000001
2022-01-04,0.023783783783783784,0.0,0.1589189189189189,1,0.98,0.147,0.02491891891891892,0.027135135135135133,0.023027027027027025,2.205,0.3783783783783784,3.0,6.556666666666666,0.9793000000000001
2022-01-05,0.02491891891891892,2.205,0.3783783783783784,3,2.3333333333333335,0.35000000000000003,0.0267027027027027,0.023783783783783784,0.027135135135135133,1.155,0.25616216216216214,1.0,0.98,0.147
2022-01-06,0.0267027027027027,1.155,0.25616216216216214,2,1.4466666666666665,0.2198,0.030918918918918917,0.02491891891891892,0.023783783783783784,7.3149999999999995,1.289135135135135,3.0,2.3333333333333335,0.35000000000000003
2022-01-07,0.030918918918918917,7.3149999999999995,1.289135135135135,3,8.75,1.1850999999999998,0.027567567567567564,0.0267027027027027,0.02491891891891892,0.0,0.034432432432432436,2.0,1.4466666666666665,0.2198
2022-01-08,0.027567567567567564,0.0,0.034432432432432436,0,0.16333333333333333,0.0,0.026864864864864862,0.030918918918918917,0.0267027027027027,0.0,0.007945945945945946,3.0,8.75,1.1850999999999998
2022-01-09,0.026864864864864862,0.0,0.007945945945945946,0,0.06999999999999999,0.0,0.022864864864864862,0.027567567567567564,0.030918918918918917,0.0,0.012108108108108109,0.0,0.16333333333333333,0.0
2022-01-10,0.022864864864864862,0.0,0.012108108108108109,0,0.04666666666666667,0.0,0.02216216216216216,0.026864864864864862,0.027567567567567564,0.0,0.003027027027027027,0.0,0.06999999999999999,0.0
2022-01-11,0.02216216216216216,0.0,0.003027027027027027,0,0.023333333333333334,0.0,0.019405405405405404,0.022864864864864862,0.026864864864864862,0.0,0.005297297297297298,0.0,0.04666666666666667,0.0
2022-01-12,0.019405405405405404,0.0,0.005297297297297298,0,0.04666666666666667,0.0,0.018054054054054053,0.02216216216216216,0.022864864864864862,0.0,0.026486486486486487,0.0,0.023333333333333334,0.0
2022-01-13,0.018054054054054053,0.0,0.026486486486486487,0,0.2333333333333333,0.0,0.017945945945945944,0.019405405405405404,0.02216216216216216,0.21000000000000002,0.23535135135135138,0.0,0.04666666666666667,0.0
2022-01-14,0.017945945945945944,0.21000000000000002,0.23535135135135138,1,1.9133333333333333,0.18620000000000003,0.017783783783783785,0.018054054054054053,0.019405405405405404,0.0,0.10291891891891891,0.0,0.2333333333333333,0.0
2022-01-15,0.017783783783783785,0.0,0.10291891891891891,1,0.39666666666666667,0.09519999999999999,0.021297297297297298,0.017945945945945944,0.018054054054054053,3.36,0.9822702702702701,1.0,1.9133333333333333,0.18620000000000003
2022-01-16,0.021297297297297298,3.36,0.9822702702702701,3,4.386666666666667,0.86625,0.021027027027027027,0.017783783783783785,0.017945945945945944,0.21000000000000002,0.05221621621621622,1.0,0.39666666666666667,0.09519999999999999
2022-01-17,0.021027027027027027,0.21000000000000002,0.05221621621621622,0,0.35000000000000003,0.0,0.018270270270270266,0.021297297297297298,0.017783783783783785,0.0,0.01854054054054054,3.0,4.386666666666667,0.86625
2022-01-18,0.018270270270270266,0.0,0.01854054054054054,0,0.16333333333333333,0.0,0.015351351351351352,0.021027027027027027,0.021297297297297298,0.0,0.019675675675675675,0.0,0.35000000000000003,0.0
2022-01-19,0.015351351351351352,0.0,0.019675675675675675,0,0.09333333333333334,0.0,0.01481081081081081,0.018270270270270266,0.021027027027027027,1.365,0.21302702702702703,0.0,0.16333333333333333,0.0
2022-01-20,0.01481081081081081,1.365,0.21302702702702703,3,1.4466666666666665,0.19355,0.015297297297297296,0.015351351351351352,0.018270270270270266,0.455,0.1241081081081081,0.0,0.09333333333333334,0.0
2022-01-21,0.015297297297297296,0.455,0.1241081081081081,1,0.84,0.07245,0.016054054054054055,0.01481081081081081,0.015351351351351352,0.5599999999999999,0.1347027027027027,3.0,1.4466666666666665,0.19355
2022-01-22,0.016054054054054055,0.5599999999999999,0.1347027027027027,1,0.8866666666666667,0.0539,0.02075675675675676,0.015297297297297296,0.01481081081081081,0.56,0.46691891891891896,1.0,0.84,0.07245
2022-01-23,0.02075675675675676,0.56,0.46691891891891896,1,1.9366666666666668,0.37520000000000003,0.021675675675675677,0.016054054054054055,0.015297297297297296,0.27999999999999997,0.22854054054054057,1.0,0.8866666666666667,0.0539
2022-01-24,0.021675675675675677,0.27999999999999997,0.22854054054054057,1,0.9333333333333335,0.17920000000000003,0.024540540540540546,0.02075675675675676,0.016054054054054055,0.56,0.3337297297297297,1.0,1.9366666666666668,0.37520000000000003
2022-01-25,0.024540540540540546,0.56,0.3337297297297297,2,1.7266666666666666,0.3087,0.02216216216216216,0.021675675675675677,0.02075675675675676,0.0,0.0,1.0,0.9333333333333335,0.17920000000000003
2022-01-26,0.02216216216216216,0.0,0.0,0,0.0,0.0,0.023567567567567567,0.024540540540540546,0.021675675675675677,0.385,0.28908108108108105,2.0,1.7266666666666666,0.3087
2022-01-27,0.023567567567567567,0.385,0.28908108108108105,1,1.26,0.19565,0.026324324324324324,0.02216216216216216,0.024540540540540546,1.75,0.3950270270270271,0.0,0.0,0.0
2022-01-28,0.026324324324324324,1.75,0.3950270270270271,3,1.9366666666666665,0.35280000000000006,0.04805405405405406,0.023567567567567567,0.02216216216216216,14.42,2.8249729729729727,1.0,1.26,0.19565
2022-01-29,0.04805405405405406,14.42,2.8249729729729727,3,19.25,2.5753,0.04686486486486486,0.026324324324324324,0.023567567567567567,0.0,0.0,3.0,1.9366666666666665,0.35280000000000006
2022-01-30,0.04686486486486486,0.0,0.0,0,0.0,0.0,0.044864864864864865,0.04805405405405406,0.026324324324324324,0.0,0.007567567567567568,3.0,19.25,2.5753
2022-01-31,0.044864864864864865,0.0,0.007567567567567568,0,0.04666666666666667,0.0,0.04448648648648649,0.04686486486486486,0.04805405405405406,0.0,0.1278918918918919,0.0,0.0,0.0
2022-02-01,0.04448648648648649,0.0,0.1278918918918919,1,0.6066666666666667,0.1183,0.04756756756756756,0.044864864864864865,0.04686486486486486,1.715,0.9554054054054053,0.0,0.04666666666666667,0.0
2022-02-02,0.04756756756756756,1.715,0.9554054054054053,2,3.8966666666666665,0.8837499999999999,0.046270270270270274,0.04448648648648649,0.044864864864864865,1.085,0.4033513513513513,1.0,0.6066666666666667,0.1183
2022-02-03,0.046270270270270274,1.085,0.4033513513513513,2,1.61,0.3731,0.038432432432432426,0.04756756756756756,0.04448648648648649,0.245,0.05637837837837838,2.0,3.8966666666666665,0.8837499999999999
2022-02-04,0.038432432432432426,0.245,0.05637837837837838,0,0.3033333333333333,0.0,0.034540540540540544,0.046270270270270274,0.04756756756756756,0.595,0.13697297297297295,2.0,1.61,0.3731
2022-02-05,0.034540540540540544,0.595,0.13697297297297295,1,0.8633333333333333,0.055999999999999994,0.03410810810810811,0.038432432432432426,0.046270270270270274,0.28,0.06583783783783784,0.0,0.3033333333333333,0.0
2022-02-06,0.03410810810810811,0.28,0.06583783783783784,0,0.42,0.0,0.031783783783783784,0.034540540540540544,0.038432432432432426,0.07,0.014756756756756759,1.0,0.8633333333333333,0.055999999999999994
2022-02-07,0.031783783783783784,0.07,0.014756756756756759,0,0.09333333333333334,0.0,0.027891891891891896,0.03410810810810811,0.034540540540540544,0.0,0.0,0.0,0.42,0.0
2022-02-08,0.027891891891891896,0.0,0.0,0,0.0,0.0,0.022324324324324324,0.031783783783783784,0.03410810810810811,0.0,0.010594594594594596,0.0,0.09333333333333334,0.0
2022-02-09,0.022324324324324324,0.0,0.010594594594594596,0,0.09333333333333334,0.0,0.019459459459459462,0.027891891891891896,0.031783783783783784,0.17500000000000002,0.06621621621621622,0.0,0.0,0.0
2022-02-10,0.019459459459459462,0.17500000000000002,0.06621621621621622,0,0.42,0.0,0.01864864864864865,0.022324324324324324,0.027891891891891896,1.4,0.3927567567567568,0.0,0.09333333333333334,0.0
2022-02-11,0.01864864864864865,1.4,0.3927567567567568,3,1.89,0.3633,0.012702702702702701,0.019459459459459462,0.022324324324324324,0.27999999999999997,0.07378378378378378,0.0,0.42,0.0
2022-02-12,0.012702702702702701,0.27999999999999997,0.07378378378378378,0,0.3033333333333333,0.0,0.016594594594594596,0.01864864864864865,0.019459459459459462,4.654999999999999,0.7631891891891892,3.0,1.89,0.3633
2022-02-13,0.016594594594594596,4.654999999999999,0.7631891891891892,3,4.8999999999999995,0.6741,0.01713513513513514,0.012702702702702701,0.01864864864864865,0.21,0.10972972972972973,0.0,0.3033333333333333,0.0
2022-02-14,0.01713513513513514,0.21,0.10972972972972973,1,0.8633333333333333,0.0868,0.016486486486486488,0.016594594594594596,0.012702702702702701,0.0,0.0,3.0,4.8999999999999995,0.6741
2022-02-15,0.016486486486486488,0.0,0.0,0,0.0,0.0,0.01681081081081081,0.01713513513513514,0.016594594594594596,0.0,0.18691891891891893,1.0,0.8633333333333333,0.0868
2022-02-16,0.01681081081081081,0.0,0.18691891891891893,1,0.8866666666666667,0.17290000000000003,0.015891891891891892,0.016486486486486488,0.01713513513513514,0.77,0.4472432432432432,0.0,0.0,0.0
2022-02-17,0.015891891891891892,0.77,0.4472432432432432,2,1.82,0.4137,0.012756756756756757,0.01681081081081081,0.016486486486486488,0.0,0.026486486486486487,1.0,0.8866666666666667,0.17290000000000003
2022-02-18,0.012756756756756757,0.0,0.026486486486486487,0,0.2333333333333333,0.0,0.011243243243243242,0.015891891891891892,0.01681081081081081,0.315,0.08589189189189189,2.0,1.82,0.4137
2022-02-19,0.011243243243243242,0.315,0.08589189189189189,0,0.5133333333333333,0.0,0.008972972972972972,0.012756756756756757,0.015891891891891892,0.0,0.2724324324324324,0.0,0.2333333333333333,0.0
2022-02-20,0.008972972972972972,0.0,0.2724324324324324,1,1.68,0.252,0.0073513513513513516,0.011243243243243242,0.012756756756756757,0.245,0.13205405405405407,0.0,0.5133333333333333,0.0
2022-02-21,0.0073513513513513516,0.245,0.13205405405405407,1,0.8633333333333333,0.10500000000000001,0.00945945945945946,0.008972972972972972,0.011243243243243242,1.225,0.4211351351351352,1.0,1.68,0.252
2022-02-22,0.00945945945945946,1.225,0.4211351351351352,2,3.22,0.32585000000000003,0.010162162162162163,0.0073513513513513516,0.008972972972972972,0.035,0.042,1.0,0.8633333333333333,0.10500000000000001
2022-02-23,0.010162162162162163,0.035,0.042,0,0.21000000000000005,0.0,0.013729729729729733,0.00945945945945946,0.0073513513513513516,1.365,0.34205405405405404,2.0,3.22,0.32585000000000003
2022-02-24,0.013729729729729733,1.365,0.34205405405405404,2,1.656666666666667,0.252,0.021621621621621626,0.010162162162162163,0.00945945945945946,1.61,0.941027027027027,0.0,0.21000000000000005,0.0
2022-02-25,0.021621621621621626,1.61,0.941027027027027,3,6.393333333333334,0.8456000000000001,0.020540540540540542,0.013729729729729733,0.010162162162162163,0.0,0.0,2.0,1.656666666666667,0.252
2022-02-26,0.020540540540540542,0.0,0.0,0,0.0,0.0,0.0192972972972973,0.021621621621621626,0.013729729729729733,0.0,0.003027027027027027,3.0,6.393333333333334,0.8456000000000001
2022-02-27,0.0192972972972973,0.0,0.003027027027027027,0,0.023333333333333334,0.0,0.016540540540540542,0.020540540540540542,0.021621621621621626,0.0,0.0,0.0,0.0,0.0
2022-02-28,0.016540540540540542,0.0,0.0,0,0.0,0.0,0.014162162162162163,0.0192972972972973,0.020540540540540542,0.0,0.03632432432432432,0.0,0.023333333333333334,0.0
2022-03-01,0.014162162162162163,0.0,0.03632432432432432,0,0.27999999999999997,0.0,0.012486486486486488,0.016540540540540542,0.0192972972972973,0.0,0.002648648648648649,0.0,0.0,0.0
2022-03-02,0.012486486486486488,0.0,0.002648648648648649,0,0.023333333333333334,0.0,0.010756756756756757,0.014162162162162163,0.016540540540540542,0.0,0.003027027027027027,0.0,0.27999999999999997,0.0
2022-03-03,0.010756756756756757,0.0,0.003027027027027027,0,0.023333333333333334,0.0,0.010756756756756757,0.012486486486486488,0.014162162162162163,0.0,0.0,0.0,0.023333333333333334,0.0
2022-03-04,0.010756756756756757,0.0,0.0,0,0.0,0.0,0.010648648648648649,0.010756756756756757,0.012486486486486488,0.0,0.3246486486486486,0.0,0.023333333333333334,0.0
2022-03-05,0.010648648648648649,0.0,0.3246486486486486,1,1.54,0.3003,0.011729729729729731,0.010756756756756757,0.010756756756756757,1.54,0.35983783783783785,0.0,0.0,0.0
2022-03-06,0.011729729729729731,1.54,0.35983783783783785,2,2.17,0.32585000000000003,0.011351351351351352,0.010648648648648649,0.010756756756756757,0.315,0.7896756756756755,1.0,1.54,0.3003
2022-03-07,0.011351351351351352,0.315,0.7896756756756755,1,3.0566666666666666,0.6831999999999999,0.01091891891891892,0.011729729729729731,0.010648648648648649,0.0,0.07378378378378378,2.0,2.17,0.32585000000000003
2022-03-08,0.01091891891891892,0.0,0.07378378378378378,0,0.30333333333333334,0.0,0.017027027027027027,0.011351351351351352,0.011729729729729731,4.2,0.9387567567567566,1.0,3.0566666666666666,0.6831999999999999
2022-03-09,0.017027027027027027,4.2,0.9387567567567566,4,6.136666666666667,0.86835,0.018432432432432432,0.01091891891891892,0.011351351351351352,0.21,0.10821621621621622,0.0,0.30333333333333334,0.0
2022-03-10,0.018432432432432432,0.21,0.10821621621621622,0,0.44333333333333336,0.0,0.016324324324324326,0.017027027027027027,0.01091891891891892,0.0,0.06659459459459459,4.0,6.136666666666667,0.86835
2022-03-11,0.016324324324324326,0.0,0.06659459459459459,0,0.25666666666666665,0.0,0.016648648648648647,0.018432432432432432,0.017027027027027027,2.17,0.46010810810810815,0.0,0.44333333333333336,0.0
2022-03-12,0.016648648648648647,2.17,0.46010810810810815,3,3.1266666666666665,0.41300000000000003,0.015189189189189189,0.016324324324324326,0.018432432432432432,0.10500000000000001,0.023459459459459462,0.0,0.25666666666666665,0.0
2022-03-13,0.015189189189189189,0.10500000000000001,0.023459459459459462,0,0.11666666666666668,0.0,0.013243243243243243,0.016648648648648647,0.016324324324324326,0.0,0.11389189189189189,3.0,3.1266666666666665,0.41300000000000003
2022-03-14,0.013243243243243243,0.0,0.11389189189189189,1,1.0033333333333332,0.10535,0.009081081081081082,0.015189189189189189,0.016648648648648647,0.0,0.0,0.0,0.11666666666666668,0.0
2022-03-15,0.009081081081081082,0.0,0.0,0,0.0,0.0,0.00345945945945946,0.013243243243243243,0.015189189189189189,0.0,0.0,1.0,1.0033333333333332,0.10535
2022-03-16,0.00345945945945946,0.0,0.0,0,0.0,0.0,0.006756756756756757,0.009081081081081082,0.013243243243243243,0.0,0.7673513513513514,0.0,0.0,0.0
2022-03-17,0.006756756756756757,0.0,0.7673513513513514,1,3.64,0.7098,0.006378378378378379,0.00345945945945946,0.009081081081081082,0.0,0.014756756756756757,0.0,0.0,0.0
2022-03-18,0.006378378378378379,0.0,0.014756756756756757,0,0.06999999999999999,0.0,0.0045945945945945945,0.006756756756756757,0.00345945945945946,0.0,0.0,1.0,3.64,0.7098
2022-03-19,0.0045945945945945945,0.0,0.0,0,0.0,0.0,0.0024864864864864865,0.006378378378378379,0.006756756756756757,0.0,0.018918918918918916,0.0,0.06999999999999999,0.0
2022-03-20,0.0024864864864864865,0.0,0.018918918918918916,0,0.11666666666666665,0.0,0.0007027027027027027,0.0045945945945945945,0.006378378378378379,0.0,0.019675675675675675,0.0,0.0,0.0
2022-03-21,0.0007027027027027027,0.0,0.019675675675675675,0,0.09333333333333334,0.0,0.0007027027027027027,0.0024864864864864865,0.0045945945945945945,0.0,0.03935135135135135,0.0,0.11666666666666665,0.0
2022-03-22,0.0007027027027027027,0.0,0.03935135135135135,0,0.18666666666666668,0.0,0.0014594594594594594,0.0007027027027027027,0.0024864864864864865,0.035,0.13735135135135138,0.0,0.09333333333333334,0.0
2022-03-23,0.0014594594594594594,0.035,0.13735135135135138,1,1.19,0.12250000000000001,0.0007567567567567568,0.0007027027027027027,0.0007027027027027027,0.0,0.013243243243243243,0.0,0.18666666666666668,0.0
2022-03-24,0.0007567567567567568,0.0,0.013243243243243243,0,0.11666666666666665,0.0,0.0003783783783783784,0.0014594594594594594,0.0007027027027027027,0.0,0.015891891891891892,1.0,1.19,0.12250000000000001
2022-03-25,0.0003783783783783784,0.0,0.015891891891891892,0,0.13999999999999999,0.0,0.0003783783783783784,0.0007567567567567568,0.0014594594594594594,0.035,0.017783783783783782,0.0,0.11666666666666665,0.0
2022-03-26,0.0003783783783783784,0.035,0.017783783783783782,0,0.13999999999999999,0.0,0.0003783783783783784,0.0003783783783783784,0.0007567567567567568,0.0,0.005297297297297298,0.0,0.13999999999999999,0.0
2022-03-27,0.0003783783783783784,0.0,0.005297297297297298,0,0.04666666666666667,0.0,0.0003783783783783784,0.0003783783783783784,0.0003783783783783784,0.0,0.005297297297297298,0.0,0.13999999999999999,0.0
2022-03-28,0.0003783783783783784,0.0,0.005297297297297298,0,0.04666666666666667,0.0,0.0003783783783783784,0.0003783783783783784,0.0003783783783783784,0.0,0.06394594594594595,0.0,0.04666666666666667,0.0
2022-03-29,0.0003783783783783784,0.0,0.06394594594594595,0,0.30333333333333334,0.0,0.0003783783783783784,0.0003783783783783784,0.0003783783783783784,0.14,0.1362162162162162,0.0,0.04666666666666667,0.0
2022-03-30,0.0003783783783783784,0.14,0.1362162162162162,1,1.12,0.1078,0.0003783783783783784,0.0003783783783783784,0.0003783783783783784,0.0,0.04237837837837837,0.0,0.30333333333333334,0.0
2022-03-31,0.0003783783783783784,0.0,0.04237837837837837,0,0.16333333333333333,0.0,0.0003783783783783784,0.0003783783783783784,0.0003783783783783784,0.07,0.035567567567567564,1.0,1.12,0.1078
2022-04-01,0.0003783783783783784,0.07,0.035567567567567564,0,0.16333333333333333,0.0,0.0012432432432432433,0.0003783783783783784,0.0003783783783783784,0.07,0.15664864864864864,0.0,0.16333333333333333,0.0
2022-04-02,0.0012432432432432433,0.07,0.15664864864864864,1,0.63,0.14,0.0012432432432432433,0.0003783783783783784,0.0003783783783783784,0.0,0.021189189189189193,0.0,0.16333333333333333,0.0
2022-04-03,0.0012432432432432433,0.0,0.021189189189189193,0,0.18666666666666668,0.0,0.0007567567567567568,0.0012432432432432433,0.0003783783783783784,0.07,0.17708108108108112,1.0,0.63,0.14
2022-04-04,0.0007567567567567568,0.07,0.17708108108108112,1,1.54,0.15680000000000002,0.0003783783783783784,0.0012432432432432433,0.0012432432432432433,0.0,0.18691891891891893,0.0,0.18666666666666668,0.0
2022-04-05,0.0003783783783783784,0.0,0.18691891891891893,1,0.8866666666666667,0.17290000000000003,0.0003783783783783784,0.0007567567567567568,0.0012432432432432433,0.035,0.007567567567567568,1.0,1.54,0.15680000000000002
2022-04-06,0.0003783783783783784,0.035,0.007567567567567568,0,0.04666666666666667,0.0,0.0003783783783783784,0.0003783783783783784,0.0007567567567567568,0.0,0.034432432432432436,1.0,0.8866666666666667,0.17290000000000003
2022-04-07,0.0003783783783783784,0.0,0.034432432432432436,0,0.30333333333333334,0.0,0.0003783783783783784,0.0003783783783783784,0.0003783783783783784,0.175,0.04956756756756757,0.0,0.04666666666666667,0.0
2022-04-08,0.0003783783783783784,0.175,0.04956756756756757,0,0.25666666666666665,0.0,0.0003783783783783784,0.0003783783783783784,0.0003783783783783784,0.035,0.11956756756756756,0.0,0.30333333333333334,0.0
2022-04-09,0.0003783783783783784,0.035,0.11956756756756756,1,0.7233333333333333,0.10500000000000001,0.0003783783783783784,0.0003783783783783784,0.0003783783783783784,0.0,0.04918918918918919,0.0,0.25666666666666665,0.0
2022-04-10,0.0003783783783783784,0.0,0.04918918918918919,0,0.30333333333333334,0.0,0.0,0.0003783783783783784,0.0003783783783783784,0.0,0.0,1.0,0.7233333333333333,0.10500000000000001
2022-04-11,0.0,0.0,0.0,0,0.0,0.0,0.0,0.0003783783783783784,0.0003783783783783784,0.105,0.2607027027027027,0.0,0.30333333333333334,0.0
2022-04-12,0.0,0.105,0.2607027027027027,1,1.5866666666666667,0.2275,0.0,0.0,0.0003783783783783784,0.14,0.027999999999999997,0.0,0.0,0.0
2022-04-13,0.0,0.14,0.027999999999999997,0,0.18666666666666668,0.0,0.0003783783783783784,0.0,0.0,0.315,0.1941081081081081,1.0,1.5866666666666667,0.2275
2022-04-14,0.0003783783783783784,0.315,0.1941081081081081,1,1.26,0.1575,0.0003783783783783784,0.0,0.0,0.0,0.0681081081081081,0.0,0.18666666666666668,0.0
2022-04-15,0.0003783783783783784,0.0,0.0681081081081081,1,0.42,0.063,0.0003783783783783784,0.0003783783783783784,0.0,0.0,0.04918918918918919,1.0,1.26,0.1575
2022-04-16,0.0003783783783783784,0.0,0.04918918918918919,0,0.30333333333333334,0.0,0.0003783783783783784,0.0003783783783783784,0.0003783783783783784,0.14,0.041243243243243244,1.0,0.42,0.063
2022-04-17,0.0003783783783783784,0.14,0.041243243243243244,0,0.35000000000000003,0.0,0.0024864864864864865,0.0003783783783783784,0.0003783783783783784,0.105,0.3227567567567568,0.0,0.30333333333333334,0.0
2022-04-18,0.0024864864864864865,0.105,0.3227567567567568,1,1.2833333333333334,0.2912,0.0012432432432432433,0.0003783783783783784,0.0003783783783783784,0.0,0.0,0.0,0.35000000000000003,0.0
2022-04-19,0.0012432432432432433,0.0,0.0,0,0.0,0.0,0.0012432432432432433,0.0024864864864864865,0.0003783783783783784,0.0,0.0,1.0,1.2833333333333334,0.2912
2022-04-20,0.0012432432432432433,0.0,0.0,0,0.0,0.0,0.0,0.0012432432432432433,0.0024864864864864865,0.0,0.0,0.0,0.0,0.0
2022-04-21,0.0,0.0,0.0,0,0.0,0.0,0.0,0.0012432432432432433,0.0012432432432432433,0.0,0.0,0.0,0.0,0.0
2022-04-22,0.0,0.0,0.0,0,0.0,0.0,0.0,0.0,0.0012432432432432433,0.0,0.0,0.0,0.0,0.0
2022-04-23,0.0,0.0,0.0,0,0.0,0.0,0.0,0.0,0.0,0.0,0.0,0.0,0.0,0.0
2022-04-24,0.0,0.0,0.0,0,0.0,0.0,0.0,0.0,0.0,0.105,0.030648648648648646,0.0,0.0,0.0
2022-04-25,0.0,0.105,0.030648648648648646,0,0.21,0.0,0.0,0.0,0.0,0.0,0.007567567567567568,0.0,0.0,0.0
2022-04-26,0.0,0.0,0.007567567567567568,0,0.04666666666666667,0.0,0.0,0.0,0.0,0.0,0.006054054054054054,0.0,0.21,0.0
2022-04-27,0.0,0.0,0.006054054054054054,0,0.023333333333333334,0.0,0.0,0.0,0.0,0.0,0.04237837837837837,0.0,0.04666666666666667,0.0
2022-04-28,0.0,0.0,0.04237837837837837,0,0.16333333333333333,0.0,0.0,0.0,0.0,0.0,0.0,0.0,0.023333333333333334,0.0
2022-04-29,0.0,0.0,0.0,0,0.0,0.0,0.0,0.0,0.0,0.0,0.0,0.0,0.16333333333333333,0.0
2022-04-30,0.0,0.0,0.0,0,0.0,0.0,0.0,0.0,0.0,0.0,0.0,0.0,0.0,0.0
2022-05-01,0.0,0.0,0.0,0,0.0,0.0,0.0,0.0,0.0,0.0,0.19183783783783784,0.0,0.0,0.0
2022-05-02,0.0,0.0,0.19183783783783784,1,0.91,0.17745,0.0,0.0,0.0,0.0,0.0,0.0,0.0,0.0
2022-05-03,0.0,0.0,0.0,0,0.0,0.0,0.0,0.0,0.0,0.0,0.009837837837837838,1.0,0.91,0.17745
2022-05-04,0.0,0.0,0.009837837837837838,0,0.04666666666666667,0.0,0.0,0.0,0.0,0.0,0.0,0.0,0.0,0.0
2022-05-05,0.0,0.0,0.0,0,0.0,0.0,0.0,0.0,0.0,0.0,0.0,0.0,0.04666666666666667,0.0
2022-05-06,0.0,0.0,0.0,0,0.0,0.0,0.0,0.0,0.0,0.0,0.0,0.0,0.0,0.0
2022-05-07,0.0,0.0,0.0,0,0.0,0.0,0.0,0.0,0.0,0.0,0.0,0.0,0.0,0.0
2022-05-08,0.0,0.0,0.0,0,0.0,0.0,0.0,0.0,0.0,0.0,0.0,0.0,0.0,0.0
2022-05-09,0.0,0.0,0.0,0,0.0,0.0,0.0,0.0,0.0,0.0,0.0,0.0,0.0,0.0
2022-05-10,0.0,0.0,0.0,0,0.0,0.0,0.0,0.0,0.0,0.0,0.0,0.0,0.0,0.0
2022-05-11,0.0,0.0,0.0,0,0.0,0.0,0.0,0.0,0.0,0.0,0.0,0.0,0.0,0.0
2022-05-12,0.0,0.0,0.0,0,0.0,0.0,0.0,0.0,0.0,0.0,0.0,0.0,0.0,0.0
2022-05-13,0.0,0.0,0.0,0,0.0,0.0,0.0,0.0,0.0,0.0,0.0,0.0,0.0,0.0
2022-05-14,0.0,0.0,0.0,0,0.0,0.0,0.0,0.0,0.0,0.0,0.0,0.0,0.0,0.0
2022-05-15,0.0,0.0,0.0,0,0.0,0.0,0.0,0.0,0.0,0.0,0.0,0.0,0.0,0.0
2022-05-16,0.0,0.0,0.0,0,0.0,0.0,0.0,0.0,0.0,0.0,0.0,0.0,0.0,0.0
2022-05-17,0.0,0.0,0.0,0,0.0,0.0,0.0,0.0,0.0,0.0,0.0,0.0,0.0,0.0
2022-05-18,0.0,0.0,0.0,0,0.0,0.0,0.0,0.0,0.0,0.0,0.0,0.0,0.0,0.0
2022-05-19,0.0,0.0,0.0,0,0.0,0.0,0.0014054054054054054,0.0,0.0,0.0,0.364,0.0,0.0,0.0
2022-05-20,0.0014054054054054054,0.0,0.364,1,1.7266666666666666,0.3367,0.0035135135135135136,0.0,0.0,0.0,0.3885945945945946,0.0,0.0,0.0
2022-05-21,0.0035135135135135136,0.0,0.3885945945945946,1,1.8433333333333335,0.35945000000000005,0.002108108108108108,0.0014054054054054054,0.0,0.0,0.0,1.0,1.7266666666666666,0.3367
2022-05-22,0.002108108108108108,0.0,0.0,0,0.0,0.0,0.0,0.0035135135135135136,0.0014054054054054054,0.0,0.0,1.0,1.8433333333333335,0.35945000000000005
2022-05-23,0.0,0.0,0.0,0,0.0,0.0,0.0,0.002108108108108108,0.0035135135135135136,0.0,0.0,0.0,0.0,0.0
2022-05-24,0.0,0.0,0.0,0,0.0,0.0,0.0,0.0,0.002108108108108108,0.0,0.0,0.0,0.0,0.0
2022-05-25,0.0,0.0,0.0,0,0.0,0.0,0.0,0.0,0.0,0.0,0.0,0.0,0.0,0.0
2022-05-26,0.0,0.0,0.0,0,0.0,0.0,0.0,0.0,0.0,0.0,0.0,0.0,0.0,0.0
2022-05-27,0.0,0.0,0.0,0,0.0,0.0,0.0,0.0,0.0,0.0,0.0,0.0,0.0,0.0
2022-05-28,0.0,0.0,0.0,0,0.0,0.0,0.0,0.0,0.0,0.0,0.0,0.0,0.0,0.0
2022-05-29,0.0,0.0,0.0,0,0.0,0.0,0.0,0.0,0.0,0.0,0.0,0.0,0.0,0.0
2022-05-30,0.0,0.0,0.0,0,0.0,0.0,0.0,0.0,0.0,0.0,0.0,0.0,0.0,0.0
2022-05-31,0.0,0.0,0.0,0,0.0,0.0,0.0,0.0,0.0,0.0,0.0,0.0,0.0,0.0
2022-06-01,0.0,0.0,0.0,0,0.0,0.0,0.0,0.0,0.0,0.0,0.0,0.0,0.0,0.0
2022-06-02,0.0,0.0,0.0,0,0.0,0.0,0.0,0.0,0.0,0.0,0.0,0.0,0.0,0.0
2022-06-03,0.0,0.0,0.0,0,0.0,0.0,0.0,0.0,0.0,0.0,0.0,0.0,0.0,0.0
2022-06-04,0.0,0.0,0.0,0,0.0,0.0,0.0,0.0,0.0,0.0,0.0,0.0,0.0,0.0
2022-06-05,0.0,0.0,0.0,0,0.0,0.0,0.0,0.0,0.0,0.0,0.0,0.0,0.0,0.0
2022-06-06,0.0,0.0,0.0,0,0.0,0.0,0.0,0.0,0.0,0.0,0.0,0.0,0.0,0.0
2022-06-07,0.0,0.0,0.0,0,0.0,0.0,0.0,0.0,0.0,0.0,0.0,0.0,0.0,0.0
2022-06-08,0.0,0.0,0.0,0,0.0,0.0,0.0,0.0,0.0,0.0,0.0,0.0,0.0,0.0
2022-06-09,0.0,0.0,0.0,0,0.0,0.0,0.0,0.0,0.0,0.0,0.0,0.0,0.0,0.0
2022-06-10,0.0,0.0,0.0,0,0.0,0.0,0.0,0.0,0.0,0.0,0.0,0.0,0.0,0.0
2022-06-11,0.0,0.0,0.0,0,0.0,0.0,0.0,0.0,0.0,0.0,0.0,0.0,0.0,0.0
2022-06-12,0.0,0.0,0.0,0,0.0,0.0,0.0,0.0,0.0,0.0,0.0,0.0,0.0,0.0
2022-06-13,0.0,0.0,0.0,0,0.0,0.0,0.0,0.0,0.0,0.0,0.0,0.0,0.0,0.0
2022-06-14,0.0,0.0,0.0,0,0.0,0.0,0.0,0.0,0.0,0.0,0.0,0.0,0.0,0.0
2022-06-15,0.0,0.0,0.0,0,0.0,0.0,0.0,0.0,0.0,0.0,0.0,0.0,0.0,0.0
2022-06-16,0.0,0.0,0.0,0,0.0,0.0,0.0,0.0,0.0,0.0,0.0,0.0,0.0,0.0
2022-06-17,0.0,0.0,0.0,0,0.0,0.0,0.0,0.0,0.0,0.0,0.0,0.0,0.0,0.0
2022-06-18,0.0,0.0,0.0,0,0.0,0.0,0.0,0.0,0.0,0.0,0.0,0.0,0.0,0.0
2022-06-19,0.0,0.0,0.0,0,0.0,0.0,0.0,0.0,0.0,0.0,0.0,0.0,0.0,0.0
2022-06-20,0.0,0.0,0.0,0,0.0,0.0,0.0,0.0,0.0,0.0,0.0,0.0,0.0,0.0
2022-06-21,0.0,0.0,0.0,0,0.0,0.0,0.0,0.0,0.0,0.0,0.0,0.0,0.0,0.0
2022-06-22,0.0,0.0,0.0,0,0.0,0.0,0.0,0.0,0.0,0.0,0.0,0.0,0.0,0.0
2022-06-23,0.0,0.0,0.0,0,0.0,0.0,0.0,0.0,0.0,0.0,0.0,0.0,0.0,0.0
2022-06-24,0.0,0.0,0.0,0,0.0,0.0,0.0,0.0,0.0,0.0,0.0,0.0,0.0,0.0
2022-06-25,0.0,0.0,0.0,0,0.0,0.0,0.0,0.0,0.0,0.0,0.0,0.0,0.0,0.0
2022-06-26,0.0,0.0,0.0,0,0.0,0.0,0.0,0.0,0.0,0.0,0.0,0.0,0.0,0.0
2022-06-27,0.0,0.0,0.0,0,0.0,0.0,0.0,0.0,0.0,0.0,0.0,0.0,0.0,0.0
2022-06-28,0.0,0.0,0.0,0,0.0,0.0,0.0,0.0,0.0,0.0,0.0,0.0,0.0,0.0
2022-06-29,0.0,0.0,0.0,0,0.0,0.0,0.0,0.0,0.0,0.0,0.0,0.0,0.0,0.0
2022-06-30,0.0,0.0,0.0,0,0.0,0.0,0.0,0.0,0.0,0.0,0.0,0.0,0.0,0.0
2022-07-01,0.0,0.0,0.0,0,0.0,0.0,0.0,0.0,0.0,0.0,0.0,0.0,0.0,0.0
2022-07-02,0.0,0.0,0.0,0,0.0,0.0,0.0,0.0,0.0,0.0,0.0,0.0,0.0,0.0
2022-07-03,0.0,0.0,0.0,0,0.0,0.0,0.0,0.0,0.0,0.0,0.0,0.0,0.0,0.0
2022-07-04,0.0,0.0,0.0,0,0.0,0.0,0.0,0.0,0.0,0.0,0.0,0.0,0.0,0.0
2022-07-05,0.0,0.0,0.0,0,0.0,0.0,0.0,0.0,0.0,0.0,0.0,0.0,0.0,0.0
2022-07-06,0.0,0.0,0.0,0,0.0,0.0,0.0,0.0,0.0,0.0,0.0,0.0,0.0,0.0
2022-07-07,0.0,0.0,0.0,0,0.0,0.0,0.0,0.0,0.0,0.0,0.0,0.0,0.0,0.0
2022-07-08,0.0,0.0,0.0,0,0.0,0.0,0.0,0.0,0.0,0.0,0.0,0.0,0.0,0.0
2022-07-09,0.0,0.0,0.0,0,0.0,0.0,0.0,0.0,0.0,0.0,0.0,0.0,0.0,0.0
2022-07-10,0.0,0.0,0.0,0,0.0,0.0,0.0,0.0,0.0,0.0,0.0,0.0,0.0,0.0
2022-07-11,0.0,0.0,0.0,0,0.0,0.0,0.0,0.0,0.0,0.0,0.0,0.0,0.0,0.0
2022-07-12,0.0,0.0,0.0,0,0.0,0.0,0.0,0.0,0.0,0.0,0.0,0.0,0.0,0.0
2022-07-13,0.0,0.0,0.0,0,0.0,0.0,0.0,0.0,0.0,0.0,0.0,0.0,0.0,0.0
2022-07-14,0.0,0.0,0.0,0,0.0,0.0,0.0,0.0,0.0,0.0,0.0,0.0,0.0,0.0
2022-07-15,0.0,0.0,0.0,0,0.0,0.0,0.0,0.0,0.0,0.0,0.0,0.0,0.0,0.0
2022-07-16,0.0,0.0,0.0,0,0.0,0.0,0.0,0.0,0.0,0.0,0.0,0.0,0.0,0.0
2022-07-17,0.0,0.0,0.0,0,0.0,0.0,0.0,0.0,0.0,0.0,0.0,0.0,0.0,0.0
2022-07-18,0.0,0.0,0.0,0,0.0,0.0,0.0,0.0,0.0,0.0,0.0,0.0,0.0,0.0
2022-07-19,0.0,0.0,0.0,0,0.0,0.0,0.0,0.0,0.0,0.0,0.0,0.0,0.0,0.0
2022-07-20,0.0,0.0,0.0,0,0.0,0.0,0.0,0.0,0.0,0.0,0.0,0.0,0.0,0.0
2022-07-21,0.0,0.0,0.0,0,0.0,0.0,0.0,0.0,0.0,0.0,0.0,0.0,0.0,0.0
2022-07-22,0.0,0.0,0.0,0,0.0,0.0,0.0,0.0,0.0,0.0,0.0,0.0,0.0,0.0
2022-07-23,0.0,0.0,0.0,0,0.0,0.0,0.0,0.0,0.0,0.0,0.0,0.0,0.0,0.0
2022-07-24,0.0,0.0,0.0,0,0.0,0.0,0.0,0.0,0.0,0.0,0.0,0.0,0.0,0.0
2022-07-25,0.0,0.0,0.0,0,0.0,0.0,0.0,0.0,0.0,0.0,0.0,0.0,0.0,0.0
2022-07-26,0.0,0.0,0.0,0,0.0,0.0,0.0,0.0,0.0,0.0,0.0,0.0,0.0,0.0
2022-07-27,0.0,0.0,0.0,0,0.0,0.0,0.0,0.0,0.0,0.0,0.0,0.0,0.0,0.0
2022-07-28,0.0,0.0,0.0,0,0.0,0.0,0.0,0.0,0.0,0.0,0.0,0.0,0.0,0.0
2022-07-29,0.0,0.0,0.0,0,0.0,0.0,0.0,0.0,0.0,0.0,0.0,0.0,0.0,0.0
2022-07-30,0.0,0.0,0.0,0,0.0,0.0,0.0,0.0,0.0,0.0,0.0,0.0,0.0,0.0
2022-07-31,0.0,0.0,0.0,0,0.0,0.0,0.0,0.0,0.0,0.0,0.0,0.0,0.0,0.0
2022-08-01,0.0,0.0,0.0,0,0.0,0.0,0.0,0.0,0.0,0.0,0.0,0.0,0.0,0.0
2022-08-02,0.0,0.0,0.0,0,0.0,0.0,0.0,0.0,0.0,0.0,0.0,0.0,0.0,0.0
2022-08-03,0.0,0.0,0.0,0,0.0,0.0,0.0,0.0,0.0,0.0,0.0,0.0,0.0,0.0
2022-08-04,0.0,0.0,0.0,0,0.0,0.0,0.0,0.0,0.0,0.0,0.0,0.0,0.0,0.0
2022-08-05,0.0,0.0,0.0,0,0.0,0.0,0.0,0.0,0.0,0.0,0.0,0.0,0.0,0.0
2022-08-06,0.0,0.0,0.0,0,0.0,0.0,0.0,0.0,0.0,0.0,0.0,0.0,0.0,0.0
2022-08-07,0.0,0.0,0.0,0,0.0,0.0,0.0,0.0,0.0,0.0,0.0,0.0,0.0,0.0
2022-08-08,0.0,0.0,0.0,0,0.0,0.0,0.0,0.0,0.0,0.0,0.0,0.0,0.0,0.0
2022-08-09,0.0,0.0,0.0,0,0.0,0.0,0.0,0.0,0.0,0.0,0.0,0.0,0.0,0.0
2022-08-10,0.0,0.0,0.0,0,0.0,0.0,0.0,0.0,0.0,0.0,0.0,0.0,0.0,0.0
2022-08-11,0.0,0.0,0.0,0,0.0,0.0,0.0,0.0,0.0,0.0,0.0,0.0,0.0,0.0
2022-08-12,0.0,0.0,0.0,0,0.0,0.0,0.0,0.0,0.0,0.0,0.0,0.0,0.0,0.0
2022-08-13,0.0,0.0,0.0,0,0.0,0.0,0.0,0.0,0.0,0.0,0.0,0.0,0.0,0.0
2022-08-14,0.0,0.0,0.0,0,0.0,0.0,0.0,0.0,0.0,0.0,0.0,0.0,0.0,0.0
2022-08-15,0.0,0.0,0.0,0,0.0,0.0,0.0,0.0,0.0,0.0,0.0,0.0,0.0,0.0
2022-08-16,0.0,0.0,0.0,0,0.0,0.0,0.0,0.0,0.0,0.0,0.0,0.0,0.0,0.0
2022-08-17,0.0,0.0,0.0,0,0.0,0.0,0.0,0.0,0.0,0.0,0.0,0.0,0.0,0.0
2022-08-18,0.0,0.0,0.0,0,0.0,0.0,0.0,0.0,0.0,0.0,0.0,0.0,0.0,0.0
2022-08-19,0.0,0.0,0.0,0,0.0,0.0,0.0,0.0,0.0,0.0,0.0,0.0,0.0,0.0
2022-08-20,0.0,0.0,0.0,0,0.0,0.0,0.0,0.0,0.0,0.0,0.0,0.0,0.0,0.0
2022-08-21,0.0,0.0,0.0,0,0.0,0.0,0.0,0.0,0.0,0.0,0.0,0.0,0.0,0.0
2022-08-22,0.0,0.0,0.0,0,0.0,0.0,0.0,0.0,0.0,0.0,0.0,0.0,0.0,0.0
2022-08-23,0.0,0.0,0.0,0,0.0,0.0,0.0,0.0,0.0,0.0,0.0,0.0,0.0,0.0
2022-08-24,0.0,0.0,0.0,0,0.0,0.0,0.0,0.0,0.0,0.0,0.0,0.0,0.0,0.0
2022-08-25,0.0,0.0,0.0,0,0.0,0.0,0.0,0.0,0.0,0.0,0.0,0.0,0.0,0.0
2022-08-26,0.0,0.0,0.0,0,0.0,0.0,0.0,0.0,0.0,0.0,0.0,0.0,0.0,0.0
2022-08-27,0.0,0.0,0.0,0,0.0,0.0,0.0,0.0,0.0,0.0,0.0,0.0,0.0,0.0
2022-08-28,0.0,0.0,0.0,0,0.0,0.0,0.0,0.0,0.0,0.0,0.0,0.0,0.0,0.0
2022-08-29,0.0,0.0,0.0,0,0.0,0.0,0.0,0.0,0.0,0.0,0.0,0.0,0.0,0.0
2022-08-30,0.0,0.0,0.0,0,0.0,0.0,0.0,0.0,0.0,0.0,0.0,0.0,0.0,0.0
2022-08-31,0.0,0.0,0.0,0,0.0,0.0,0.0,0.0,0.0,0.0,0.0,0.0,0.0,0.0
2022-09-01,0.0,0.0,0.0,0,0.0,0.0,0.0,0.0,0.0,0.0,0.0,0.0,0.0,0.0
2022-09-02,0.0,0.0,0.0,0,0.0,0.0,0.0,0.0,0.0,0.0,0.0,0.0,0.0,0.0
2022-09-03,0.0,0.0,0.0,0,0.0,0.0,0.0,0.0,0.0,0.0,0.0,0.0,0.0,0.0
2022-09-04,0.0,0.0,0.0,0,0.0,0.0,0.0,0.0,0.0,0.0,0.0,0.0,0.0,0.0
2022-09-05,0.0,0.0,0.0,0,0.0,0.0,0.0,0.0,0.0,0.0,0.0,0.0,0.0,0.0
2022-09-06,0.0,0.0,0.0,0,0.0,0.0,0.0,0.0,0.0,0.0,0.0,0.0,0.0,0.0
2022-09-07,0.0,0.0,0.0,0,0.0,0.0,0.0,0.0,0.0,0.0,0.0,0.0,0.0,0.0
2022-09-08,0.0,0.0,0.0,0,0.0,0.0,0.0,0.0,0.0,0.0,0.0,0.0,0.0,0.0
2022-09-09,0.0,0.0,0.0,0,0.0,0.0,0.0,0.0,0.0,0.0,0.0,0.0,0.0,0.0
2022-09-10,0.0,0.0,0.0,0,0.0,0.0,0.0,0.0,0.0,0.0,0.0,0.0,0.0,0.0
2022-09-11,0.0,0.0,0.0,0,0.0,0.0,0.0,0.0,0.0,0.0,0.0,0.0,0.0,0.0
2022-09-12,0.0,0.0,0.0,0,0.0,0.0,0.0,0.0,0.0,0.0,0.0,0.0,0.0,0.0
2022-09-13,0.0,0.0,0.0,0,0.0,0.0,0.0,0.0,0.0,0.0,0.0,0.0,0.0,0.0
2022-09-14,0.0,0.0,0.0,0,0.0,0.0,0.0,0.0,0.0,0.0,0.0,0.0,0.0,0.0
2022-09-15,0.0,0.0,0.0,0,0.0,0.0,0.0,0.0,0.0,0.0,0.0,0.0,0.0,0.0
2022-09-16,0.0,0.0,0.0,0,0.0,0.0,0.0,0.0,0.0,0.0,0.0,0.0,0.0,0.0
2022-09-17,0.0,0.0,0.0,0,0.0,0.0,0.0,0.0,0.0,0.0,0.0,0.0,0.0,0.0
2022-09-18,0.0,0.0,0.0,0,0.0,0.0,0.0,0.0,0.0,0.0,0.0,0.0,0.0,0.0
2022-09-19,0.0,0.0,0.0,0,0.0,0.0,0.0,0.0,0.0,0.0,0.0,0.0,0.0,0.0
2022-09-20,0.0,0.0,0.0,0,0.0,0.0,0.0,0.0,0.0,0.0,0.0,0.0,0.0,0.0
2022-09-21,0.0,0.0,0.0,0,0.0,0.0,0.0,0.0,0.0,0.0,0.0,0.0,0.0,0.0
2022-09-22,0.0,0.0,0.0,0,0.0,0.0,0.0,0.0,0.0,0.0,0.0,0.0,0.0,0.0
2022-09-23,0.0,0.0,0.0,0,0.0,0.0,0.0,0.0,0.0,0.0,0.0,0.0,0.0,0.0
2022-09-24,0.0,0.0,0.0,0,0.0,0.0,0.0,0.0,0.0,0.0,0.0,0.0,0.0,0.0
2022-09-25,0.0,0.0,0.0,0,0.0,0.0,0.0,0.0,0.0,0.0,0.0,0.0,0.0,0.0
2022-09-26,0.0,0.0,0.0,0,0.0,0.0,0.0,0.0,0.0,0.0,0.0,0.0,0.0,0.0
2022-09-27,0.0,0.0,0.0,0,0.0,0.0,0.0,0.0,0.0,0.0,0.0,0.0,0.0,0.0
2022-09-28,0.0,0.0,0.0,0,0.0,0.0,0.0,0.0,0.0,0.0,0.0,0.0,0.0,0.0
2022-09-29,0.0,0.0,0.0,0,0.0,0.0,0.0,0.0,0.0,0.0,0.0,0.0,0.0,0.0
2022-09-30,0.0,0.0,0.0,0,0.0,0.0,0.0,0.0,0.0,0.0,0.0,0.0,0.0,0.0
2022-10-01,0.0,0.0,0.0,0,0.0,0.0,0.0,0.0,0.0,0.0,0.0,0.0,0.0,0.0
2022-10-02,0.0,0.0,0.0,0,0.0,0.0,0.0,0.0,0.0,0.0,0.0,0.0,0.0,0.0
2022-10-03,0.0,0.0,0.0,0,0.0,0.0,0.0,0.0,0.0,0.0,0.0,0.0,0.0,0.0
2022-10-04,0.0,0.0,0.0,0,0.0,0.0,0.0,0.0,0.0,0.0,0.0,0.0,0.0,0.0
2022-10-05,0.0,0.0,0.0,0,0.0,0.0,0.0,0.0,0.0,0.0,0.0,0.0,0.0,0.0
2022-10-06,0.0,0.0,0.0,0,0.0,0.0,0.0,0.0,0.0,0.0,0.0,0.0,0.0,0.0
2022-10-07,0.0,0.0,0.0,0,0.0,0.0,0.0,0.0,0.0,0.0,0.0,0.0,0.0,0.0
2022-10-08,0.0,0.0,0.0,0,0.0,0.0,0.0,0.0,0.0,0.0,0.0,0.0,0.0,0.0
2022-10-09,0.0,0.0,0.0,0,0.0,0.0,0.0,0.0,0.0,0.0,0.0,0.0,0.0,0.0
2022-10-10,0.0,0.0,0.0,0,0.0,0.0,0.0,0.0,0.0,0.0,0.0,0.0,0.0,0.0
2022-10-11,0.0,0.0,0.0,0,0.0,0.0,0.0,0.0,0.0,0.0,0.0,0.0,0.0,0.0
2022-10-12,0.0,0.0,0.0,0,0.0,0.0,0.0,0.0,0.0,0.0,0.0,0.0,0.0,0.0
2022-10-13,0.0,0.0,0.0,0,0.0,0.0,0.0003783783783783784,0.0,0.0,0.0,0.01854054054054054,0.0,0.0,0.0
2022-10-14,0.0003783783783783784,0.0,0.01854054054054054,0,0.16333333333333333,0.0,0.0,0.0,0.0,0.0,0.0,0.0,0.0,0.0
2022-10-15,0.0,0.0,0.0,0,0.0,0.0,0.0,0.0003783783783783784,0.0,0.0,0.0,0.0,0.16333333333333333,0.0
2022-10-16,0.0,0.0,0.0,0,0.0,0.0,0.0,0.0,0.0003783783783783784,0.0,0.012108108108108109,0.0,0.0,0.0
2022-10-17,0.0,0.0,0.012108108108108109,0,0.04666666666666667,0.0,0.0,0.0,0.0,0.0,0.0,0.0,0.0,0.0
2022-10-18,0.0,0.0,0.0,0,0.0,0.0,0.0,0.0,0.0,0.0,0.0,0.0,0.04666666666666667,0.0
2022-10-19,0.0,0.0,0.0,0,0.0,0.0,0.0,0.0,0.0,0.0,0.0,0.0,0.0,0.0
2022-10-20,0.0,0.0,0.0,0,0.0,0.0,0.0,0.0,0.0,0.0,0.0,0.0,0.0,0.0
2022-10-21,0.0,0.0,0.0,0,0.0,0.0,0.0,0.0,0.0,0.0,0.0,0.0,0.0,0.0
2022-10-22,0.0,0.0,0.0,0,0.0,0.0,0.0,0.0,0.0,0.0,0.11805405405405406,0.0,0.0,0.0
2022-10-23,0.0,0.0,0.11805405405405406,1,0.5599999999999999,0.1092,0.0,0.0,0.0,0.0,0.0,0.0,0.0,0.0
2022-10-24,0.0,0.0,0.0,0,0.0,0.0,0.0,0.0,0.0,0.0,0.0,1.0,0.5599999999999999,0.1092
2022-10-25,0.0,0.0,0.0,0,0.0,0.0,0.0,0.0,0.0,0.0,0.0,0.0,0.0,0.0
2022-10-26,0.0,0.0,0.0,0,0.0,0.0,0.0,0.0,0.0,0.0,0.11805405405405406,0.0,0.0,0.0
2022-10-27,0.0,0.0,0.11805405405405406,1,0.5599999999999999,0.1092,0.0,0.0,0.0,0.0,0.0,0.0,0.0,0.0
2022-10-28,0.0,0.0,0.0,0,0.0,0.0,0.0,0.0,0.0,0.0,0.0,1.0,0.5599999999999999,0.1092
2022-10-29,0.0,0.0,0.0,0,0.0,0.0,0.0,0.0,0.0,0.0,0.0,0.0,0.0,0.0
2022-10-30,0.0,0.0,0.0,0,0.0,0.0,0.0,0.0,0.0,0.0,0.0,0.0,0.0,0.0
2022-10-31,0.0,0.0,0.0,0,0.0,0.0,0.0,0.0,0.0,0.0,0.0,0.0,0.0,0.0
2022-11-01,0.0,0.0,0.0,0,0.0,0.0,0.0,0.0,0.0,0.0,0.0,0.0,0.0,0.0
2022-11-02,0.0,0.0,0.0,0,0.0,0.0,0.0007027027027027027,0.0,0.0,0.0,0.08362162162162162,0.0,0.0,0.0
2022-11-03,0.0007027027027027027,0.0,0.08362162162162162,1,0.39666666666666667,0.07735,0.0007027027027027027,0.0,0.0,0.0,0.009837837837837838,0.0,0.0,0.0
2022-11-04,0.0007027027027027027,0.0,0.009837837837837838,0,0.04666666666666667,0.0,0.0007027027027027027,0.0007027027027027027,0.0,0.0,0.0,1.0,0.39666666666666667,0.07735
2022-11-05,0.0007027027027027027,0.0,0.0,0,0.0,0.0,0.0,0.0007027027027027027,0.0007027027027027027,0.0,0.03405405405405405,0.0,0.04666666666666667,0.0
2022-11-06,0.0,0.0,0.03405405405405405,0,0.21,0.0,0.0,0.0007027027027027027,0.0007027027027027027,0.0,0.0,0.0,0.0,0.0
2022-11-07,0.0,0.0,0.0,0,0.0,0.0,0.0,0.0,0.0007027027027027027,0.0,0.0,0.0,0.21,0.0
2022-11-08,0.0,0.0,0.0,0,0.0,0.0,0.0,0.0,0.0,0.0,0.0,0.0,0.0,0.0
2022-11-09,0.0,0.0,0.0,0,0.0,0.0,0.0,0.0,0.0,0.0,0.0,0.0,0.0,0.0
2022-11-10,0.0,0.0,0.0,0,0.0,0.0,0.0,0.0,0.0,0.105,0.022702702702702703,0.0,0.0,0.0
2022-11-11,0.0,0.105,0.022702702702702703,0,0.13999999999999999,0.0,0.0,0.0,0.0,0.07,0.020054054054054058,0.0,0.0,0.0
2022-11-12,0.0,0.07,0.020054054054054058,0,0.11666666666666665,0.0,0.0,0.0,0.0,0.0,0.002648648648648649,0.0,0.13999999999999999,0.0
2022-11-13,0.0,0.0,0.002648648648648649,0,0.023333333333333334,0.0,0.0011351351351351353,0.0,0.0,0.0,0.11124324324324325,0.0,0.11666666666666665,0.0
2022-11-14,0.0011351351351351353,0.0,0.11124324324324325,1,0.98,0.1029,0.005027027027027027,0.0,0.0,2.03,0.5282162162162163,0.0,0.023333333333333334,0.0
2022-11-15,0.005027027027027027,2.03,0.5282162162162163,3,2.613333333333333,0.48860000000000003,0.006270270270270269,0.0011351351351351353,0.0,0.56,0.23005405405405407,1.0,0.98,0.1029
2022-11-16,0.006270270270270269,0.56,0.23005405405405407,2,1.0966666666666667,0.21280000000000002,0.00664864864864865,0.005027027027027027,0.0011351351351351353,0.8049999999999999,0.1611891891891892,3.0,2.613333333333333,0.48860000000000003
2022-11-17,0.00664864864864865,0.8049999999999999,0.1611891891891892,1,1.0733333333333333,0.05635000000000001,0.008054054054054054,0.006270270270270269,0.005027027027027027,0.14,0.13205405405405407,2.0,1.0966666666666667,0.21280000000000002
2022-11-18,0.008054054054054054,0.14,0.13205405405405407,1,0.6066666666666668,0.10010000000000001,0.0073513513513513516,0.00664864864864865,0.006270270270270269,0.105,0.03632432432432432,1.0,1.0733333333333333,0.05635000000000001
2022-11-19,0.0073513513513513516,0.105,0.03632432432432432,0,0.18666666666666665,0.0,0.0073513513513513516,0.008054054054054054,0.00664864864864865,0.035,0.036702702702702705,1.0,0.6066666666666668,0.10010000000000001
2022-11-20,0.0073513513513513516,0.035,0.036702702702702705,0,0.16333333333333333,0.0,0.00664864864864865,0.0073513513513513516,0.008054054054054054,0.0,0.005675675675675676,0.0,0.18666666666666665,0.0
2022-11-21,0.00664864864864865,0.0,0.005675675675675676,0,0.023333333333333334,0.0,0.005783783783783784,0.0073513513513513516,0.0073513513513513516,0.0,0.0,0.0,0.16333333333333333,0.0
2022-11-22,0.005783783783783784,0.0,0.0,0,0.0,0.0,0.004702702702702703,0.00664864864864865,0.0073513513513513516,0.0,0.0,0.0,0.023333333333333334,0.0
2022-11-23,0.004702702702702703,0.0,0.0,0,0.0,0.0,0.003837837837837838,0.005783783783783784,0.00664864864864865,0.0,0.009837837837837838,0.0,0.0,0.0
2022-11-24,0.003837837837837838,0.0,0.009837837837837838,0,0.04666666666666667,0.0,0.0022162162162162164,0.004702702702702703,0.005783783783783784,0.0,0.0,0.0,0.0,0.0
2022-11-25,0.0022162162162162164,0.0,0.0,0,0.0,0.0,0.0011351351351351353,0.003837837837837838,0.004702702702702703,0.0,0.0,0.0,0.04666666666666667,0.0
2022-11-26,0.0011351351351351353,0.0,0.0,0,0.0,0.0,0.0007567567567567568,0.0022162162162162164,0.003837837837837838,0.0,0.019675675675675675,0.0,0.0,0.0
2022-11-27,0.0007567567567567568,0.0,0.019675675675675675,0,0.09333333333333334,0.0,0.0007567567567567568,0.0011351351351351353,0.0022162162162162164,0.0,0.015135135135135137,0.0,0.0,0.0
2022-11-28,0.0007567567567567568,0.0,0.015135135135135137,0,0.09333333333333334,0.0,0.004972972972972974,0.0007567567567567568,0.0011351351351351353,2.9050000000000002,0.6553513513513514,0.0,0.09333333333333334,0.0
2022-11-29,0.004972972972972974,2.9050000000000002,0.6553513513513514,3,4.573333333333333,0.6062000000000001,0.0060540540540540535,0.0007567567567567568,0.0007567567567567568,0.0,0.5070270270270271,0.0,0.09333333333333334,0.0
2022-11-30,0.0060540540540540535,0.0,0.5070270270270271,1,3.126666666666667,0.4690000000000001,0.0065945945945945945,0.004972972972972974,0.0007567567567567568,0.0,0.15513513513513513,3.0,4.573333333333333,0.6062000000000001
2022-12-01,0.0065945945945945945,0.0,0.15513513513513513,1,0.9566666666666667,0.14350000000000002,0.006432432432432434,0.0060540540540540535,0.004972972972972974,0.21,0.06886486486486486,1.0,3.126666666666667,0.4690000000000001
2022-12-02,0.006432432432432434,0.21,0.06886486486486486,1,0.5366666666666667,0.04165,0.008216216216216215,0.0065945945945945945,0.0060540540540540535,0.035,0.24481081081081085,1.0,0.9566666666666667,0.14350000000000002
2022-12-03,0.008216216216216215,0.035,0.24481081081081085,1,1.5166666666666668,0.22400000000000003,0.007513513513513512,0.006432432432432434,0.0065945945945945945,0.0,0.022702702702702703,1.0,0.5366666666666667,0.04165
2022-12-04,0.007513513513513512,0.0,0.022702702702702703,0,0.13999999999999999,0.0,0.007513513513513512,0.008216216216216215,0.006432432432432434,0.0,0.0,1.0,1.5166666666666668,0.22400000000000003
2022-12-05,0.007513513513513512,0.0,0.0,0,0.0,0.0,0.006972972972972974,0.007513513513513512,0.008216216216216215,0.0,0.0,0.0,0.13999999999999999,0.0
2022-12-06,0.006972972972972974,0.0,0.0,0,0.0,0.0,0.005891891891891892,0.007513513513513512,0.007513513513513512,0.0,0.029135135135135135,0.0,0.0,0.0
2022-12-07,0.005891891891891892,0.0,0.029135135135135135,0,0.25666666666666665,0.0,0.004810810810810811,0.006972972972972974,0.007513513513513512,0.0,0.007567567567567568,0.0,0.0,0.0
2022-12-08,0.004810810810810811,0.0,0.007567567567567568,0,0.04666666666666667,0.0,0.006702702702702703,0.005891891891891892,0.006972972972972974,0.63,0.5755135135135134,0.0,0.25666666666666665,0.0
2022-12-09,0.006702702702702703,0.63,0.5755135135135134,2,2.3800000000000003,0.5299,0.006702702702702703,0.004810810810810811,0.005891891891891892,0.10500000000000001,0.017783783783783785,0.0,0.04666666666666667,0.0
2022-12-10,0.006702702702702703,0.10500000000000001,0.017783783783783785,0,0.13999999999999999,0.0,0.0061081081081081085,0.006702702702702703,0.004810810810810811,0.42000000000000004,0.1032972972972973,2.0,2.3800000000000003,0.5299
2022-12-11,0.0061081081081081085,0.42000000000000004,0.1032972972972973,1,0.8166666666666665,0.0644,0.005243243243243244,0.006702702702702703,0.006702702702702703,0.42,0.12145945945945945,0.0,0.13999999999999999,0.0
2022-12-12,0.005243243243243244,0.42,0.12145945945945945,1,0.7233333333333333,0.0798,0.009135135135135137,0.0061081081081081085,0.006702702702702703,0.945,0.36664864864864866,1.0,0.8166666666666665,0.0644
2022-12-13,0.009135135135135137,0.945,0.36664864864864866,2,2.03,0.33915,0.009783783783783783,0.005243243243243244,0.0061081081081081085,0.28,0.1487027027027027,1.0,0.7233333333333333,0.0798
2022-12-14,0.009783783783783783,0.28,0.1487027027027027,1,1.1666666666666665,0.1029,0.010810810810810813,0.009135135135135137,0.005243243243243244,0.455,0.4449729729729729,2.0,2.03,0.33915
2022-12-15,0.010810810810810813,0.455,0.4449729729729729,1,3.4766666666666666,0.3332,0.01237837837837838,0.009783783783783783,0.009135135135135137,0.28,0.1941081081081081,1.0,1.1666666666666665,0.1029
2022-12-16,0.01237837837837838,0.28,0.1941081081081081,1,1.47,0.13475,0.011567567567567568,0.010810810810810813,0.009783783783783783,0.175,0.03897297297297297,1.0,3.4766666666666666,0.3332
2022-12-17,0.011567567567567568,0.175,0.03897297297297297,0,0.32666666666666666,0.0,0.012108108108108107,0.01237837837837838,0.010810810810810813,0.0,0.03405405405405405,1.0,1.47,0.13475
2022-12-18,0.012108108108108107,0.0,0.03405405405405405,0,0.21,0.0,0.013621621621621623,0.011567567567567568,0.01237837837837838,0.385,0.10783783783783783,0.0,0.32666666666666666,0.0
2022-12-19,0.013621621621621623,0.385,0.10783783783783783,1,0.84,0.061250000000000006,0.014162162162162163,0.012108108108108107,0.011567567567567568,0.0,0.06432432432432432,0.0,0.21,0.0
2022-12-20,0.014162162162162163,0.0,0.06432432432432432,1,0.39666666666666667,0.0595,0.018324324324324324,0.013621621621621623,0.012108108108108107,0.595,0.2951351351351351,1.0,0.84,0.061250000000000006
2022-12-21,0.018324324324324324,0.595,0.2951351351351351,1,2.31,0.20090000000000002,0.026054054054054056,0.014162162162162163,0.013621621621621623,1.995,0.5338918918918919,1.0,0.39666666666666667,0.0595
2022-12-22,0.026054054054054056,1.995,0.5338918918918919,3,2.473333333333333,0.49385,0.02545945945945946,0.018324324324324324,0.014162162162162163,0.27999999999999997,0.08097297297297296,1.0,2.31,0.20090000000000002
2022-12-23,0.02545945945945946,0.27999999999999997,0.08097297297297296,0,0.44333333333333336,0.0,0.022540540540540544,0.026054054054054056,0.018324324324324324,0.0,0.0,3.0,2.473333333333333,0.49385
2022-12-24,0.022540540540540544,0.0,0.0,0,0.0,0.0,0.01810810810810811,0.02545945945945946,0.026054054054054056,0.0,0.042378378378378385,0.0,0.44333333333333336,0.0
2022-12-25,0.01810810810810811,0.0,0.042378378378378385,1,0.37333333333333335,0.039200000000000006,0.016162162162162163,0.022540540540540544,0.02545945945945946,0.035,0.07529729729729728,0.0,0.0,0.0
2022-12-26,0.016162162162162163,0.035,0.07529729729729728,0,0.3033333333333333,0.0,0.015081081081081082,0.01810810810810811,0.022540540540540544,0.0,0.0,1.0,0.37333333333333335,0.039200000000000006
2022-12-27,0.015081081081081082,0.0,0.0,0,0.0,0.0,0.014702702702702703,0.016162162162162163,0.01810810810810811,0.0,0.17216216216216218,0.0,0.3033333333333333,0.0
2022-12-28,0.014702702702702703,0.0,0.17216216216216218,1,0.8166666666666668,0.15925000000000003,0.016432432432432434,0.015081081081081082,0.016162162162162163,0.0,0.8263783783783784,0.0,0.0,0.0
2022-12-29,0.016432432432432434,0.0,0.8263783783783784,1,3.92,0.7644,0.014324324324324325,0.014702702702702703,0.015081081081081082,0.0,0.01854054054054054,1.0,0.8166666666666668,0.15925000000000003
2022-12-30,0.014324324324324325,0.0,0.01854054054054054,0,0.16333333333333333,0.0,0.014324324324324325,0.016432432432432434,0.014702702702702703,0.0,0.0,1.0,3.92,0.7644
2022-12-31,0.014324324324324325,0.0,0.0,0,0.0,0.0,0.013243243243243243,0.014324324324324325,0.016432432432432434,0.0,0.0,0.0,0.16333333333333333,0.0
2023-01-01,0.013243243243243243,0.0,0.0,0,0.0,0.0,0.014648648648648649,0.014324324324324325,0.014324324324324325,0.175,0.1804864864864865,0.0,0.0,0.0
2023-01-02,0.014648648648648649,0.175,0.1804864864864865,1,0.91,0.1547,0.017675675675675673,0.013243243243243243,0.014324324324324325,0.315,0.33335135135135135,0.0,0.0,0.0
2023-01-03,0.017675675675675673,0.315,0.33335135135135135,1,2.776666666666667,0.2695,0.020324324324324326,0.014648648648648649,0.013243243243243243,0.0,0.43702702702702706,1.0,0.91,0.1547
2023-01-04,0.020324324324324326,0.0,0.43702702702702706,1,3.85,0.40425000000000005,0.021567567567567565,0.017675675675675673,0.014648648648648649,0.455,0.12902702702702704,1.0,2.776666666666667,0.2695
2023-01-05,0.021567567567567565,0.455,0.12902702702702704,1,0.7466666666666667,0.04655000000000001,0.020486486486486488,0.020324324324324326,0.017675675675675673,0.14,0.08854054054054054,1.0,3.85,0.40425000000000005
2023-01-06,0.020486486486486488,0.14,0.08854054054054054,1,0.6066666666666668,0.0616,0.020486486486486488,0.021567567567567565,0.020324324324324326,0.0,0.0,1.0,0.7466666666666667,0.04655000000000001
2023-01-07,0.020486486486486488,0.0,0.0,0,0.0,0.0,0.0194054054054054,0.020486486486486488,0.021567567567567565,0.0,0.0,1.0,0.6066666666666668,0.0616
2023-01-08,0.0194054054054054,0.0,0.0,0,0.0,0.0,0.0187027027027027,0.020486486486486488,0.020486486486486488,0.035,0.01627027027027027,0.0,0.0,0.0
2023-01-09,0.0187027027027027,0.035,0.01627027027027027,0,0.13999999999999999,0.0,0.01762162162162162,0.0194054054054054,0.020486486486486488,0.0,0.012108108108108109,0.0,0.0,0.0
2023-01-10,0.01762162162162162,0.0,0.012108108108108109,0,0.04666666666666667,0.0,0.017135135135135135,0.0187027027027027,0.0194054054054054,0.28,0.17405405405405405,0.0,0.13999999999999999,0.0
2023-01-11,0.017135135135135135,0.28,0.17405405405405405,1,0.91,0.14105,0.016756756756756756,0.01762162162162162,0.0187027027027027,0.0,0.006054054054054054,0.0,0.04666666666666667,0.0
2023-01-12,0.016756756756756756,0.0,0.006054054054054054,0,0.023333333333333334,0.0,0.016378378378378383,0.017135135135135135,0.01762162162162162,0.0,0.006054054054054054,1.0,0.91,0.14105
2023-01-13,0.016378378378378383,0.0,0.006054054054054054,0,0.023333333333333334,0.0,0.014972972972972976,0.016756756756756756,0.017135135135135135,0.0,0.015135135135135133,0.0,0.023333333333333334,0.0
2023-01-14,0.014972972972972976,0.0,0.015135135135135133,0,0.11666666666666665,0.0,0.016054054054054055,0.016378378378378383,0.016756756756756756,0.035,0.17443243243243242,0.0,0.023333333333333334,0.0
2023-01-15,0.016054054054054055,0.035,0.17443243243243242,1,1.3299999999999998,0.1568,0.016972972972972976,0.014972972972972976,0.016378378378378383,0.875,0.1555135135135135,0.0,0.11666666666666665,0.0
2023-01-16,0.016972972972972976,0.875,0.1555135135135135,2,1.2366666666666666,0.1302,0.016972972972972976,0.016054054054054055,0.014972972972972976,0.385,0.11767567567567568,1.0,1.3299999999999998,0.1568
2023-01-17,0.016972972972972976,0.385,0.11767567567567568,1,0.8166666666666668,0.058800000000000005,0.023189189189189188,0.016972972972972976,0.016054054054054055,0.385,0.9421621621621622,2.0,1.2366666666666666,0.1302
2023-01-18,0.023189189189189188,0.385,0.9421621621621622,1,4.41,0.8099000000000001,0.023405405405405408,0.016972972972972976,0.016972972972972976,0.385,0.25464864864864867,1.0,0.8166666666666668,0.058800000000000005
2023-01-19,0.023405405405405408,0.385,0.25464864864864867,1,2.1,0.19355000000000003,0.024270270270270268,0.023189189189189188,0.016972972972972976,0.245,0.24178378378378376,1.0,4.41,0.8099000000000001
2023-01-20,0.024270270270270268,0.245,0.24178378378378376,1,1.7966666666666666,0.196,0.024972972972972976,0.023405405405405408,0.023189189189189188,0.56,0.14113513513513512,1.0,2.1,0.19355000000000003
2023-01-21,0.024972972972972976,0.56,0.14113513513513512,2,0.77,0.12775,0.026324324324324327,0.024270270270270268,0.023405405405405408,0.45499999999999996,0.22362162162162158,1.0,1.7966666666666666,0.196
2023-01-22,0.026324324324324327,0.45499999999999996,0.22362162162162158,1,0.9566666666666667,0.1568,0.028054054054054058,0.024972972972972976,0.024270270270270268,0.27999999999999997,0.3185945945945946,2.0,0.77,0.12775
2023-01-23,0.028054054054054058,0.27999999999999997,0.3185945945945946,1,2.2866666666666666,0.252,0.028054054054054058,0.026324324324324327,0.024972972972972976,0.0,0.11918918918918918,1.0,0.9566666666666667,0.1568
2023-01-24,0.028054054054054058,0.0,0.11918918918918918,1,0.49,0.11025,0.033891891891891894,0.028054054054054058,0.026324324324324327,1.19,0.6685945945945945,1.0,2.2866666666666666,0.252
2023-01-25,0.033891891891891894,1.19,0.6685945945945945,3,2.73,0.5859,0.034702702702702704,0.028054054054054058,0.028054054054054058,0.035,0.1237297297297297,1.0,0.49,0.11025
2023-01-26,0.034702702702702704,0.035,0.1237297297297297,1,0.49,0.11199999999999999,0.03135135135135135,0.033891891891891894,0.028054054054054058,0.07,0.1524864864864865,3.0,2.73,0.5859
2023-01-27,0.03135135135135135,0.07,0.1524864864864865,1,1.2833333333333334,0.12985000000000002,0.03356756756756757,0.034702702702702704,0.033891891891891894,0.035,0.2168108108108108,1.0,0.49,0.11199999999999999
2023-01-28,0.03356756756756757,0.035,0.2168108108108108,1,0.84,0.196,0.0347027027027027,0.03135135135135135,0.034702702702702704,0.385,0.16913513513513515,1.0,1.2833333333333334,0.12985000000000002
2023-01-29,0.0347027027027027,0.385,0.16913513513513515,1,0.7000000000000001,0.10640000000000001,0.03583783783783784,0.03356756756756757,0.03135135135135135,0.385,0.10178378378378378,1.0,0.84,0.196
2023-01-30,0.03583783783783784,0.385,0.10178378378378378,0,0.46666666666666673,0.0,0.03627027027027027,0.0347027027027027,0.03356756756756757,0.56,0.17481081081081082,1.0,0.7000000000000001,0.10640000000000001
2023-01-31,0.03627027027027027,0.56,0.17481081081081082,1,0.8866666666666667,0.0616,0.03502702702702702,0.03583783783783784,0.0347027027027027,0.56,0.09686486486486486,0.0,0.46666666666666673,0.0
2023-02-01,0.03502702702702702,0.56,0.09686486486486486,0,0.6533333333333333,0.0,0.03432432432432432,0.03627027027027027,0.03583783783783784,0.0,0.0,1.0,0.8866666666666667,0.0616
2023-02-02,0.03432432432432432,0.0,0.0,0,0.0,0.0,0.03345945945945946,0.03502702702702702,0.03627027027027027,0.0,0.003027027027027027,0.0,0.6533333333333333,0.0
2023-02-03,0.03345945945945946,0.0,0.003027027027027027,0,0.023333333333333334,0.0,0.03135135135135136,0.03432432432432432,0.03502702702702702,0.0,0.0,0.0,0.0,0.0
2023-02-04,0.03135135135135136,0.0,0.0,0,0.0,0.0,0.027837837837837838,0.03345945945945946,0.03432432432432432,0.0,0.0,0.0,0.023333333333333334,0.0
2023-02-05,0.027837837837837838,0.0,0.0,0,0.0,0.0,0.024702702702702705,0.03135135135135136,0.03345945945945946,0.385,0.10972972972972973,0.0,0.0,0.0
2023-02-06,0.024702702702702705,0.385,0.10972972972972973,1,0.7466666666666667,0.05145,0.02075675675675676,0.027837837837837838,0.03135135135135136,0.42,0.10745945945945945,0.0,0.0,0.0
2023-02-07,0.02075675675675676,0.42,0.10745945945945945,1,0.63,0.063,0.01708108108108108,0.024702702702702705,0.027837837837837838,0.14,0.0525945945945946,1.0,0.7466666666666667,0.05145
2023-02-08,0.01708108108108108,0.14,0.0525945945945946,0,0.25666666666666665,0.0,0.015837837837837838,0.02075675675675676,0.024702702702702705,0.035,0.07983783783783784,1.0,0.63,0.063
2023-02-09,0.015837837837837838,0.035,0.07983783783783784,1,0.37333333333333335,0.06825,0.015027027027027027,0.01708108108108108,0.02075675675675676,0.0,0.0,0.0,0.25666666666666665,0.0
2023-02-10,0.015027027027027027,0.0,0.0,0,0.0,0.0,0.013945945945945948,0.015837837837837838,0.01708108108108108,0.0,0.0,1.0,0.37333333333333335,0.06825
2023-02-11,0.013945945945945948,0.0,0.0,0,0.0,0.0,0.01237837837837838,0.015027027027027027,0.015837837837837838,0.14,0.028756756756756763,0.0,0.0,0.0
2023-02-12,0.01237837837837838,0.14,0.028756756756756763,0,0.18666666666666668,0.0,0.01091891891891892,0.013945945945945948,0.015027027027027027,0.0,0.026486486486486487,0.0,0.0,0.0
2023-02-13,0.01091891891891892,0.0,0.026486486486486487,0,0.16333333333333333,0.0,0.01037837837837838,0.01237837837837838,0.013945945945945948,0.35,0.1116216216216216,0.0,0.18666666666666668,0.0
2023-02-14,0.01037837837837838,0.35,0.1116216216216216,1,0.6533333333333333,0.063,0.012756756756756757,0.01091891891891892,0.01237837837837838,0.42,0.3564324324324324,0.0,0.16333333333333333,0.0
2023-02-15,0.012756756756756757,0.42,0.3564324324324324,1,1.82,0.3003,0.016702702702702705,0.01037837837837838,0.01091891891891892,0.28,0.7174054054054053,1.0,0.6533333333333333,0.063
2023-02-16,0.016702702702702705,0.28,0.7174054054054053,1,2.8000000000000003,0.6272,0.01718918918918919,0.012756756756756757,0.01037837837837838,0.385,0.08362162162162162,1.0,1.82,0.3003
2023-02-17,0.01718918918918919,0.385,0.08362162162162162,0,0.49,0.0,0.015783783783783784,0.016702702702702705,0.012756756756756757,0.0,0.0,1.0,2.8000000000000003,0.6272
2023-02-18,0.015783783783783784,0.0,0.0,0,0.0,0.0,0.0132972972972973,0.01718918918918919,0.016702702702702705,0.0,0.0,0.0,0.49,0.0
2023-02-19,0.0132972972972973,0.0,0.0,0,0.0,0.0,0.01,0.015783783783783784,0.01718918918918919,0.0,0.021189189189189193,0.0,0.0,0.0
2023-02-20,0.01,0.0,0.021189189189189193,0,0.18666666666666668,0.0,0.012000000000000002,0.0132972972972973,0.015783783783783784,2.065,0.31594594594594594,0.0,0.0,0.0
2023-02-21,0.012000000000000002,2.065,0.31594594594594594,3,2.2866666666666666,0.27755,0.01567567567567568,0.01,0.0132972972972973,1.19,0.4805405405405405,0.0,0.18666666666666668,0.0
2023-02-22,0.01567567567567568,1.19,0.4805405405405405,2,2.6833333333333336,0.28945,0.020918918918918922,0.012000000000000002,0.01,3.6050000000000004,0.6421081081081081,3.0,2.2866666666666666,0.27755
2023-02-23,0.020918918918918922,3.6050000000000004,0.6421081081081081,2,4.83,0.5208,0.020432432432432434,0.01567567567567568,0.012000000000000002,0.45499999999999996,0.13394594594594592,2.0,2.6833333333333336,0.28945
2023-02-24,0.020432432432432434,0.45499999999999996,0.13394594594594592,1,0.7000000000000001,0.06545,0.02113513513513513,0.020918918918918922,0.01567567567567568,0.63,0.16459459459459458,2.0,4.83,0.5208
2023-02-25,0.02113513513513513,0.63,0.16459459459459458,0,0.7233333333333333,0.0,0.020486486486486488,0.020432432432432434,0.020918918918918922,0.27999999999999997,0.24178378378378376,1.0,0.7000000000000001,0.06545
2023-02-26,0.020486486486486488,0.27999999999999997,0.24178378378378376,1,1.4233333333333331,0.1855,0.021297297297297294,0.02113513513513513,0.020432432432432434,2.0300000000000002,0.3416756756756757,0.0,0.7233333333333333,0.0
2023-02-27,0.021297297297297294,2.0300000000000002,0.3416756756756757,3,2.216666666666667,0.31605000000000005,0.02664864864864865,0.020486486486486488,0.02113513513513513,6.055,1.199081081081081,1.0,1.4233333333333331,0.1855
2023-02-28,0.02664864864864865,6.055,1.199081081081081,4,6.463333333333334,1.0654,0.025621621621621623,0.021297297297297294,0.020486486486486488,1.26,0.31783783783783787,3.0,2.216666666666667,0.31605000000000005
2023-03-01,0.025621621621621623,1.26,0.31783783783783787,2,1.7966666666666669,0.24780000000000002,0.02356756756756757,0.02664864864864865,0.021297297297297294,0.0,0.0,4.0,6.463333333333334,1.0654
2023-03-02,0.02356756756756757,0.0,0.0,0,0.0,0.0,0.019891891891891895,0.025621621621621623,0.02664864864864865,1.4,0.33410810810810815,2.0,1.7966666666666669,0.24780000000000002
2023-03-03,0.019891891891891895,1.4,0.33410810810810815,3,1.5866666666666667,0.30625,0.02302702702702703,0.02356756756756757,0.025621621621621623,1.855,0.6750270270270271,0.0,0.0,0.0
2023-03-04,0.02302702702702703,1.855,0.6750270270270271,2,4.876666666666667,0.6153,0.02108108108108108,0.019891891891891895,0.02356756756756757,0.28,0.18351351351351353,3.0,1.5866666666666667,0.30625
2023-03-05,0.02108108108108108,0.28,0.18351351351351353,1,1.3766666666666667,0.12495,0.021351351351351352,0.02302702702702703,0.019891891891891895,0.595,0.22778378378378378,2.0,4.876666666666667,0.6153
2023-03-06,0.021351351351351352,0.595,0.22778378378378378,1,1.656666666666667,0.1323,0.02010810810810811,0.02108108108108108,0.02302702702702703,0.805,0.1903243243243243,1.0,1.3766666666666667,0.12495
2023-03-07,0.02010810810810811,0.805,0.1903243243243243,2,1.3066666666666666,0.17325000000000002,0.018540540540540537,0.021351351351351352,0.02108108108108108,0.21,0.06583783783783784,1.0,1.656666666666667,0.1323
2023-03-08,0.018540540540540537,0.21,0.06583783783783784,0,0.42,0.0,0.021027027027027027,0.02010810810810811,0.021351351351351352,1.925,0.6912972972972974,2.0,1.3066666666666666,0.17325000000000002
2023-03-09,0.021027027027027027,1.925,0.6912972972972974,2,3.313333333333333,0.6097,0.022918918918918917,0.018540540540540537,0.02010810810810811,1.12,0.5308648648648648,0.0,0.42,0.0
2023-03-10,0.022918918918918917,1.12,0.5308648648648648,2,2.4266666666666667,0.45955,0.023513513513513516,0.021027027027027027,0.018540540540540537,1.225,0.3227567567567568,2.0,3.313333333333333,0.6097
2023-03-11,0.023513513513513516,1.225,0.3227567567567568,2,1.8433333333333335,0.16415000000000002,0.023567567567567567,0.022918918918918917,0.021027027027027027,1.295,0.3515135135135135,2.0,2.4266666666666667,0.45955
2023-03-12,0.023567567567567567,1.295,0.3515135135135135,3,1.7966666666666666,0.32515,0.022270270270270273,0.023513513513513516,0.022918918918918917,0.105,0.09875675675675676,2.0,1.8433333333333335,0.16415000000000002
2023-03-13,0.022270270270270273,0.105,0.09875675675675676,1,0.42,0.084,0.028270270270270268,0.023567567567567567,0.023513513513513516,2.695,0.8997837837837838,3.0,1.7966666666666666,0.32515
2023-03-14,0.028270270270270268,2.695,0.8997837837837838,3,6.533333333333332,0.8323,0.027405405405405404,0.022270270270270273,0.023567567567567567,0.0,0.03632432432432432,1.0,0.42,0.084
2023-03-15,0.027405405405405404,0.0,0.03632432432432432,0,0.27999999999999997,0.0,0.02427027027027027,0.028270270270270268,0.022270270270270273,0.42,0.12524324324324324,3.0,6.533333333333332,0.8323
2023-03-16,0.02427027027027027,0.42,0.12524324324324324,1,0.8633333333333333,0.061250000000000006,0.020864864864864864,0.027405405405405404,0.028270270270270268,0.0,0.0,0.0,0.27999999999999997,0.0
2023-03-17,0.020864864864864864,0.0,0.0,0,0.0,0.0,0.016540540540540542,0.02427027027027027,0.027405405405405404,0.0,0.013243243243243243,1.0,0.8633333333333333,0.061250000000000006
2023-03-18,0.016540540540540542,0.0,0.013243243243243243,0,0.11666666666666665,0.0,0.015297297297297298,0.020864864864864864,0.02427027027027027,0.0,0.0,0.0,0.0,0.0
2023-03-19,0.015297297297297298,0.0,0.0,0,0.0,0.0,0.014864864864864866,0.016540540540540542,0.020864864864864864,0.0,0.004918918918918919,0.0,0.11666666666666665,0.0
2023-03-20,0.014864864864864866,0.0,0.004918918918918919,0,0.023333333333333334,0.0,0.014486486486486486,0.015297297297297298,0.016540540540540542,0.0,0.01854054054054054,0.0,0.0,0.0
2023-03-21,0.014486486486486486,0.0,0.01854054054054054,0,0.16333333333333333,0.0,0.012918918918918918,0.014864864864864866,0.015297297297297298,0.035,0.012864864864864866,0.0,0.023333333333333334,0.0
2023-03-22,0.012918918918918918,0.035,0.012864864864864866,0,0.09333333333333334,0.0,0.01172972972972973,0.014486486486486486,0.014864864864864866,0.105,0.06545945945945947,0.0,0.16333333333333333,0.0
2023-03-23,0.01172972972972973,0.105,0.06545945945945947,0,0.32666666666666666,0.0,0.011351351351351352,0.012918918918918918,0.014486486486486486,0.07,0.05637837837837838,0.0,0.09333333333333334,0.0
2023-03-24,0.011351351351351352,0.07,0.05637837837837838,0,0.25666666666666665,0.0,0.01545945945945946,0.01172972972972973,0.012918918918918918,0.875,0.2625945945945946,0.0,0.32666666666666666,0.0
2023-03-25,0.01545945945945946,0.875,0.2625945945945946,2,1.1433333333333333,0.2324,0.013837837837837838,0.011351351351351352,0.01172972972972973,0.035,0.03518918918918918,0.0,0.25666666666666665,0.0
2023-03-26,0.013837837837837838,0.035,0.03518918918918918,0,0.13999999999999999,0.0,0.012918918918918922,0.01545945945945946,0.011351351351351352,0.035,0.27016216216216216,2.0,1.1433333333333333,0.2324
2023-03-27,0.012918918918918922,0.035,0.27016216216216216,1,1.2833333333333332,0.2457,0.010972972972972976,0.013837837837837838,0.01545945945945946,0.0,0.0,0.0,0.13999999999999999,0.0
2023-03-28,0.010972972972972976,0.0,0.0,0,0.0,0.0,0.010270270270270271,0.012918918918918922,0.013837837837837838,0.035,0.01627027027027027,1.0,1.2833333333333332,0.2457
2023-03-29,0.010270270270270271,0.035,0.01627027027027027,0,0.07,0.0,0.009567567567567568,0.010972972972972976,0.012918918918918922,0.0,0.045027027027027024,0.0,0.0,0.0
2023-03-30,0.009567567567567568,0.0,0.045027027027027024,1,0.39666666666666667,0.04165,0.008702702702702705,0.010270270270270271,0.010972972972972976,0.0,0.24102702702702705,0.0,0.07,0.0
2023-03-31,0.008702702702702705,0.0,0.24102702702702705,1,2.1233333333333335,0.22295000000000004,0.012486486486486488,0.009567567567567568,0.010270270270270271,0.0,0.648918918918919,1.0,0.39666666666666667,0.04165
2023-04-01,0.012486486486486488,0.0,0.648918918918919,1,5.716666666666666,0.6002500000000001,0.012486486486486488,0.008702702702702705,0.009567567567567568,0.07,0.08097297297297296,1.0,2.1233333333333335,0.22295000000000004
2023-04-02,0.012486486486486488,0.07,0.08097297297297296,1,0.5133333333333333,0.06999999999999999,0.010972972972972974,0.012486486486486488,0.008702702702702705,0.0,0.1210810810810811,1.0,5.716666666666666,0.6002500000000001
2023-04-03,0.010972972972972974,0.0,0.1210810810810811,1,0.7466666666666667,0.11200000000000002,0.01054054054054054,0.012486486486486488,0.012486486486486488,1.54,0.2875675675675676,1.0,0.5133333333333333,0.06999999999999999
2023-04-04,0.01054054054054054,1.54,0.2875675675675676,3,1.843333333333333,0.266,0.009405405405405406,0.010972972972972974,0.012486486486486488,0.07,0.03972972972972973,1.0,0.7466666666666667,0.11200000000000002
2023-04-05,0.009405405405405406,0.07,0.03972972972972973,0,0.21,0.0,0.009027027027027028,0.01054054054054054,0.010972972972972974,0.0,0.0,3.0,1.843333333333333,0.266
2023-04-06,0.009027027027027028,0.0,0.0,0,0.0,0.0,0.007945945945945946,0.009405405405405406,0.01054054054054054,0.0,0.0,0.0,0.21,0.0
2023-04-07,0.007945945945945946,0.0,0.0,0,0.0,0.0,0.0068108108108108105,0.009027027027027028,0.009405405405405406,0.0,0.031783783783783784,0.0,0.0,0.0
2023-04-08,0.0068108108108108105,0.0,0.031783783783783784,0,0.27999999999999997,0.0,0.003783783783783784,0.007945945945945946,0.009027027027027028,0.0,0.0,0.0,0.0,0.0
2023-04-09,0.003783783783783784,0.0,0.0,0,0.0,0.0,0.0015135135135135136,0.0068108108108108105,0.007945945945945946,0.0,0.0,0.0,0.27999999999999997,0.0
2023-04-10,0.0015135135135135136,0.0,0.0,0,0.0,0.0,0.0003783783783783784,0.003783783783783784,0.0068108108108108105,0.0,0.011351351351351352,0.0,0.0,0.0
2023-04-11,0.0003783783783783784,0.0,0.011351351351351352,0,0.06999999999999999,0.0,0.0,0.0015135135135135136,0.003783783783783784,0.0,0.0,0.0,0.0,0.0
2023-04-12,0.0,0.0,0.0,0,0.0,0.0,0.0,0.0003783783783783784,0.0015135135135135136,0.0,0.0,0.0,0.06999999999999999,0.0
2023-04-13,0.0,0.0,0.0,0,0.0,0.0,0.0,0.0,0.0003783783783783784,0.0,0.05410810810810811,0.0,0.0,0.0
2023-04-14,0.0,0.0,0.05410810810810811,0,0.25666666666666665,0.0,0.0007027027027027027,0.0,0.0,0.0,0.1623243243243243,0.0,0.0,0.0
2023-04-15,0.0007027027027027027,0.0,0.1623243243243243,1,0.77,0.15015,0.0022702702702702706,0.0,0.0,0.035,0.45632432432432435,0.0,0.25666666666666665,0.0
2023-04-16,0.0022702702702702706,0.035,0.45632432432432435,1,3.99,0.41650000000000004,0.003135135135135135,0.0007027027027027027,0.0,0.035,0.20243243243243245,1.0,0.77,0.15015
2023-04-17,0.003135135135135135,0.035,0.20243243243243245,1,0.7933333333333333,0.18480000000000002,0.0023783783783783785,0.0022702702702702706,0.0007027027027027027,0.0,0.17405405405405408,1.0,3.99,0.41650000000000004
2023-04-18,0.0023783783783783785,0.0,0.17405405405405408,1,1.0733333333333335,0.16100000000000003,0.0007567567567567568,0.003135135135135135,0.0022702702702702706,0.735,0.23194594594594595,1.0,0.7933333333333333,0.18480000000000002
2023-04-19,0.0007567567567567568,0.735,0.23194594594594595,2,1.2133333333333332,0.21455000000000002,0.0003783783783783784,0.0023783783783783785,0.003135135135135135,0.0,0.0,1.0,1.0733333333333335,0.16100000000000003
2023-04-20,0.0003783783783783784,0.0,0.0,0,0.0,0.0,0.0,0.0007567567567567568,0.0023783783783783785,0.07,0.03367567567567568,2.0,1.2133333333333332,0.21455000000000002
2023-04-21,0.0,0.07,0.03367567567567568,0,0.25666666666666665,0.0,0.001081081081081081,0.0003783783783783784,0.0007567567567567568,0.49,0.18048648648648646,0.0,0.0,0.0
2023-04-22,0.001081081081081081,0.49,0.18048648648648646,1,0.91,0.11375,0.0003783783783783784,0.0,0.0003783783783783784,0.035,0.008702702702702705,0.0,0.25666666666666665,0.0
2023-04-23,0.0003783783783783784,0.035,0.008702702702702705,0,0.04666666666666667,0.0,0.0003783783783783784,0.001081081081081081,0.0,0.0,0.013243243243243243,1.0,0.91,0.11375
2023-04-24,0.0003783783783783784,0.0,0.013243243243243243,0,0.11666666666666665,0.0,0.0,0.0003783783783783784,0.001081081081081081,0.0,0.0787027027027027,0.0,0.04666666666666667,0.0
2023-04-25,0.0,0.0,0.0787027027027027,0,0.30333333333333334,0.0,0.0,0.0003783783783783784,0.0003783783783783784,0.0,0.0,0.0,0.11666666666666665,0.0
2023-04-26,0.0,0.0,0.0,0,0.0,0.0,0.0,0.0,0.0003783783783783784,0.0,0.0,0.0,0.30333333333333334,0.0
2023-04-27,0.0,0.0,0.0,0,0.0,0.0,0.0,0.0,0.0,0.0,0.0,0.0,0.0,0.0
2023-04-28,0.0,0.0,0.0,0,0.0,0.0,0.0,0.0,0.0,0.0,0.0,0.0,0.0,0.0
2023-04-29,0.0,0.0,0.0,0,0.0,0.0,0.0,0.0,0.0,0.0,0.002648648648648649,0.0,0.0,0.0
2023-04-30,0.0,0.0,0.002648648648648649,0,0.023333333333333334,0.0,0.0,0.0,0.0,0.0,0.0,0.0,0.0,0.0
2023-05-01,0.0,0.0,0.0,0,0.0,0.0,0.0,0.0,0.0,0.0,0.0,0.0,0.023333333333333334,0.0
2023-05-02,0.0,0.0,0.0,0,0.0,0.0,0.0,0.0,0.0,0.0,0.0,0.0,0.0,0.0
2023-05-03,0.0,0.0,0.0,0,0.0,0.0,0.0,0.0,0.0,0.0,0.0,0.0,0.0,0.0
2023-05-04,0.0,0.0,0.0,0,0.0,0.0,0.0,0.0,0.0,0.0,0.0,0.0,0.0,0.0
2023-05-05,0.0,0.0,0.0,0,0.0,0.0,0.0,0.0,0.0,0.0,0.0,0.0,0.0,0.0
2023-05-06,0.0,0.0,0.0,0,0.0,0.0,0.0,0.0,0.0,0.0,0.0,0.0,0.0,0.0
2023-05-07,0.0,0.0,0.0,0,0.0,0.0,0.0,0.0,0.0,0.0,0.0,0.0,0.0,0.0
2023-05-08,0.0,0.0,0.0,0,0.0,0.0,0.0,0.0,0.0,0.0,0.0,0.0,0.0,0.0
2023-05-09,0.0,0.0,0.0,0,0.0,0.0,0.0,0.0,0.0,0.0,0.0,0.0,0.0,0.0
2023-05-10,0.0,0.0,0.0,0,0.0,0.0,0.0,0.0,0.0,0.0,0.0,0.0,0.0,0.0
2023-05-11,0.0,0.0,0.0,0,0.0,0.0,0.0,0.0,0.0,0.0,0.0,0.0,0.0,0.0
2023-05-12,0.0,0.0,0.0,0,0.0,0.0,0.0,0.0,0.0,0.0,0.0,0.0,0.0,0.0
2023-05-13,0.0,0.0,0.0,0,0.0,0.0,0.0,0.0,0.0,0.0,0.0,0.0,0.0,0.0
2023-05-14,0.0,0.0,0.0,0,0.0,0.0,0.0,0.0,0.0,0.0,0.0,0.0,0.0,0.0
2023-05-15,0.0,0.0,0.0,0,0.0,0.0,0.0,0.0,0.0,0.0,0.0,0.0,0.0,0.0
2023-05-16,0.0,0.0,0.0,0,0.0,0.0,0.0,0.0,0.0,0.0,0.0,0.0,0.0,0.0
2023-05-17,0.0,0.0,0.0,0,0.0,0.0,0.0,0.0,0.0,0.0,0.0,0.0,0.0,0.0
2023-05-18,0.0,0.0,0.0,0,0.0,0.0,0.0,0.0,0.0,0.0,0.0,0.0,0.0,0.0
2023-05-19,0.0,0.0,0.0,0,0.0,0.0,0.0,0.0,0.0,0.0,0.0,0.0,0.0,0.0
2023-05-20,0.0,0.0,0.0,0,0.0,0.0,0.0,0.0,0.0,0.0,0.0,0.0,0.0,0.0
2023-05-21,0.0,0.0,0.0,0,0.0,0.0,0.0,0.0,0.0,0.0,0.0,0.0,0.0,0.0
2023-05-22,0.0,0.0,0.0,0,0.0,0.0,0.0,0.0,0.0,0.0,0.0,0.0,0.0,0.0
2023-05-23,0.0,0.0,0.0,0,0.0,0.0,0.0,0.0,0.0,0.0,0.0,0.0,0.0,0.0
2023-05-24,0.0,0.0,0.0,0,0.0,0.0,0.0,0.0,0.0,0.0,0.0,0.0,0.0,0.0
2023-05-25,0.0,0.0,0.0,0,0.0,0.0,0.0,0.0,0.0,0.0,0.0,0.0,0.0,0.0
2023-05-26,0.0,0.0,0.0,0,0.0,0.0,0.0,0.0,0.0,0.0,0.0,0.0,0.0,0.0
2023-05-27,0.0,0.0,0.0,0,0.0,0.0,0.0,0.0,0.0,0.0,0.0,0.0,0.0,0.0
2023-05-28,0.0,0.0,0.0,0,0.0,0.0,0.0,0.0,0.0,0.0,0.0,0.0,0.0,0.0
2023-05-29,0.0,0.0,0.0,0,0.0,0.0,0.0,0.0,0.0,0.0,0.0,0.0,0.0,0.0
2023-05-30,0.0,0.0,0.0,0,0.0,0.0,0.0,0.0,0.0,0.0,0.0,0.0,0.0,0.0
2023-05-31,0.0,0.0,0.0,0,0.0,0.0,0.0,0.0,0.0,0.0,0.0,0.0,0.0,0.0
2023-06-01,0.0,0.0,0.0,0,0.0,0.0,0.0,0.0,0.0,0.0,0.0,0.0,0.0,0.0
2023-06-02,0.0,0.0,0.0,0,0.0,0.0,0.0,0.0,0.0,0.0,0.0,0.0,0.0,0.0
2023-06-03,0.0,0.0,0.0,0,0.0,0.0,0.0,0.0,0.0,0.0,0.0,0.0,0.0,0.0
2023-06-04,0.0,0.0,0.0,0,0.0,0.0,0.0,0.0,0.0,0.0,0.0,0.0,0.0,0.0
2023-06-05,0.0,0.0,0.0,0,0.0,0.0,0.0,0.0,0.0,0.0,0.0,0.0,0.0,0.0
2023-06-06,0.0,0.0,0.0,0,0.0,0.0,0.0,0.0,0.0,0.0,0.0,0.0,0.0,0.0
2023-06-07,0.0,0.0,0.0,0,0.0,0.0,0.0,0.0,0.0,0.0,0.0,0.0,0.0,0.0
2023-06-08,0.0,0.0,0.0,0,0.0,0.0,0.0,0.0,0.0,0.0,0.0,0.0,0.0,0.0
2023-06-09,0.0,0.0,0.0,0,0.0,0.0,0.0,0.0,0.0,0.0,0.0,0.0,0.0,0.0
2023-06-10,0.0,0.0,0.0,0,0.0,0.0,0.0,0.0,0.0,0.0,0.0,0.0,0.0,0.0
2023-06-11,0.0,0.0,0.0,0,0.0,0.0,0.0,0.0,0.0,0.0,0.0,0.0,0.0,0.0
2023-06-12,0.0,0.0,0.0,0,0.0,0.0,0.0,0.0,0.0,0.0,0.0,0.0,0.0,0.0
2023-06-13,0.0,0.0,0.0,0,0.0,0.0,0.0,0.0,0.0,0.0,0.0,0.0,0.0,0.0
2023-06-14,0.0,0.0,0.0,0,0.0,0.0,0.0,0.0,0.0,0.0,0.0,0.0,0.0,0.0
2023-06-15,0.0,0.0,0.0,0,0.0,0.0,0.0,0.0,0.0,0.0,0.0,0.0,0.0,0.0
2023-06-16,0.0,0.0,0.0,0,0.0,0.0,0.0,0.0,0.0,0.0,0.0,0.0,0.0,0.0
2023-06-17,0.0,0.0,0.0,0,0.0,0.0,0.0,0.0,0.0,0.0,0.0,0.0,0.0,0.0
2023-06-18,0.0,0.0,0.0,0,0.0,0.0,0.0,0.0,0.0,0.0,0.0,0.0,0.0,0.0
2023-06-19,0.0,0.0,0.0,0,0.0,0.0,0.0,0.0,0.0,0.0,0.0,0.0,0.0,0.0
2023-06-20,0.0,0.0,0.0,0,0.0,0.0,0.0,0.0,0.0,0.0,0.0,0.0,0.0,0.0
2023-06-21,0.0,0.0,0.0,0,0.0,0.0,0.0,0.0,0.0,0.0,0.0,0.0,0.0,0.0
2023-06-22,0.0,0.0,0.0,0,0.0,0.0,0.0,0.0,0.0,0.0,0.0,0.0,0.0,0.0
2023-06-23,0.0,0.0,0.0,0,0.0,0.0,0.0,0.0,0.0,0.0,0.0,0.0,0.0,0.0
2023-06-24,0.0,0.0,0.0,0,0.0,0.0,0.0,0.0,0.0,0.0,0.0,0.0,0.0,0.0
2023-06-25,0.0,0.0,0.0,0,0.0,0.0,0.0,0.0,0.0,0.0,0.0,0.0,0.0,0.0
2023-06-26,0.0,0.0,0.0,0,0.0,0.0,0.0,0.0,0.0,0.0,0.0,0.0,0.0,0.0
2023-06-27,0.0,0.0,0.0,0,0.0,0.0,0.0,0.0,0.0,0.0,0.0,0.0,0.0,0.0
2023-06-28,0.0,0.0,0.0,0,0.0,0.0,0.0,0.0,0.0,0.0,0.0,0.0,0.0,0.0
2023-06-29,0.0,0.0,0.0,0,0.0,0.0,0.0,0.0,0.0,0.0,0.0,0.0,0.0,0.0
2023-06-30,0.0,0.0,0.0,0,0.0,0.0,0.0,0.0,0.0,0.0,0.0,0.0,0.0,0.0
2023-07-01,0.0,0.0,0.0,0,0.0,0.0,0.0,0.0,0.0,0.0,0.0,0.0,0.0,0.0
2023-07-02,0.0,0.0,0.0,0,0.0,0.0,0.0,0.0,0.0,0.0,0.0,0.0,0.0,0.0
2023-07-03,0.0,0.0,0.0,0,0.0,0.0,0.0,0.0,0.0,0.0,0.0,0.0,0.0,0.0
2023-07-04,0.0,0.0,0.0,0,0.0,0.0,0.0,0.0,0.0,0.0,0.0,0.0,0.0,0.0
2023-07-05,0.0,0.0,0.0,0,0.0,0.0,0.0,0.0,0.0,0.0,0.0,0.0,0.0,0.0
2023-07-06,0.0,0.0,0.0,0,0.0,0.0,0.0,0.0,0.0,0.0,0.0,0.0,0.0,0.0
2023-07-07,0.0,0.0,0.0,0,0.0,0.0,0.0,0.0,0.0,0.0,0.0,0.0,0.0,0.0
2023-07-08,0.0,0.0,0.0,0,0.0,0.0,0.0,0.0,0.0,0.0,0.0,0.0,0.0,0.0
2023-07-09,0.0,0.0,0.0,0,0.0,0.0,0.0,0.0,0.0,0.0,0.0,0.0,0.0,0.0
2023-07-10,0.0,0.0,0.0,0,0.0,0.0,0.0,0.0,0.0,0.0,0.0,0.0,0.0,0.0
2023-07-11,0.0,0.0,0.0,0,0.0,0.0,0.0,0.0,0.0,0.0,0.0,0.0,0.0,0.0
2023-07-12,0.0,0.0,0.0,0,0.0,0.0,0.0,0.0,0.0,0.0,0.0,0.0,0.0,0.0
2023-07-13,0.0,0.0,0.0,0,0.0,0.0,0.0,0.0,0.0,0.0,0.0,0.0,0.0,0.0
2023-07-14,0.0,0.0,0.0,0,0.0,0.0,0.0,0.0,0.0,0.0,0.0,0.0,0.0,0.0
2023-07-15,0.0,0.0,0.0,0,0.0,0.0,0.0,0.0,0.0,0.0,0.0,0.0,0.0,0.0
2023-07-16,0.0,0.0,0.0,0,0.0,0.0,0.0,0.0,0.0,0.0,0.0,0.0,0.0,0.0
2023-07-17,0.0,0.0,0.0,0,0.0,0.0,0.0,0.0,0.0,0.0,0.0,0.0,0.0,0.0
2023-07-18,0.0,0.0,0.0,0,0.0,0.0,0.0,0.0,0.0,0.0,0.0,0.0,0.0,0.0
2023-07-19,0.0,0.0,0.0,0,0.0,0.0,0.0,0.0,0.0,0.0,0.0,0.0,0.0,0.0
2023-07-20,0.0,0.0,0.0,0,0.0,0.0,0.0,0.0,0.0,0.0,0.0,0.0,0.0,0.0
2023-07-21,0.0,0.0,0.0,0,0.0,0.0,0.0,0.0,0.0,0.0,0.0,0.0,0.0,0.0
2023-07-22,0.0,0.0,0.0,0,0.0,0.0,0.0,0.0,0.0,0.0,0.0,0.0,0.0,0.0
2023-07-23,0.0,0.0,0.0,0,0.0,0.0,0.0,0.0,0.0,0.0,0.0,0.0,0.0,0.0
2023-07-24,0.0,0.0,0.0,0,0.0,0.0,0.0,0.0,0.0,0.0,0.0,0.0,0.0,0.0
2023-07-25,0.0,0.0,0.0,0,0.0,0.0,0.0,0.0,0.0,0.0,0.0,0.0,0.0,0.0
2023-07-26,0.0,0.0,0.0,0,0.0,0.0,0.0,0.0,0.0,0.0,0.0,0.0,0.0,0.0
2023-07-27,0.0,0.0,0.0,0,0.0,0.0,0.0,0.0,0.0,0.0,0.0,0.0,0.0,0.0
2023-07-28,0.0,0.0,0.0,0,0.0,0.0,0.0,0.0,0.0,0.0,0.0,0.0,0.0,0.0
2023-07-29,0.0,0.0,0.0,0,0.0,0.0,0.0,0.0,0.0,0.0,0.0,0.0,0.0,0.0
2023-07-30,0.0,0.0,0.0,0,0.0,0.0,0.0,0.0,0.0,0.0,0.0,0.0,0.0,0.0
2023-07-31,0.0,0.0,0.0,0,0.0,0.0,0.0,0.0,0.0,0.0,0.0,0.0,0.0,0.0
2023-08-01,0.0,0.0,0.0,0,0.0,0.0,0.0,0.0,0.0,0.0,0.0,0.0,0.0,0.0
2023-08-02,0.0,0.0,0.0,0,0.0,0.0,0.0,0.0,0.0,0.0,0.0,0.0,0.0,0.0
2023-08-03,0.0,0.0,0.0,0,0.0,0.0,0.0,0.0,0.0,0.0,0.0,0.0,0.0,0.0
2023-08-04,0.0,0.0,0.0,0,0.0,0.0,0.0,0.0,0.0,0.0,0.0,0.0,0.0,0.0
2023-08-05,0.0,0.0,0.0,0,0.0,0.0,0.0,0.0,0.0,0.0,0.0,0.0,0.0,0.0
2023-08-06,0.0,0.0,0.0,0,0.0,0.0,0.0,0.0,0.0,0.0,0.0,0.0,0.0,0.0
2023-08-07,0.0,0.0,0.0,0,0.0,0.0,0.0,0.0,0.0,0.0,0.0,0.0,0.0,0.0
2023-08-08,0.0,0.0,0.0,0,0.0,0.0,0.0,0.0,0.0,0.0,0.0,0.0,0.0,0.0
2023-08-09,0.0,0.0,0.0,0,0.0,0.0,0.0,0.0,0.0,0.0,0.0,0.0,0.0,0.0
2023-08-10,0.0,0.0,0.0,0,0.0,0.0,0.0,0.0,0.0,0.0,0.0,0.0,0.0,0.0
2023-08-11,0.0,0.0,0.0,0,0.0,0.0,0.0,0.0,0.0,0.0,0.0,0.0,0.0,0.0
2023-08-12,0.0,0.0,0.0,0,0.0,0.0,0.0,0.0,0.0,0.0,0.0,0.0,0.0,0.0
2023-08-13,0.0,0.0,0.0,0,0.0,0.0,0.0,0.0,0.0,0.0,0.0,0.0,0.0,0.0
2023-08-14,0.0,0.0,0.0,0,0.0,0.0,0.0,0.0,0.0,0.0,0.0,0.0,0.0,0.0
2023-08-15,0.0,0.0,0.0,0,0.0,0.0,0.0,0.0,0.0,0.0,0.0,0.0,0.0,0.0
2023-08-16,0.0,0.0,0.0,0,0.0,0.0,0.0,0.0,0.0,0.0,0.0,0.0,0.0,0.0
2023-08-17,0.0,0.0,0.0,0,0.0,0.0,0.0,0.0,0.0,0.0,0.0,0.0,0.0,0.0
2023-08-18,0.0,0.0,0.0,0,0.0,0.0,0.0,0.0,0.0,0.0,0.0,0.0,0.0,0.0
2023-08-19,0.0,0.0,0.0,0,0.0,0.0,0.0,0.0,0.0,0.0,0.0,0.0,0.0,0.0
2023-08-20,0.0,0.0,0.0,0,0.0,0.0,0.0,0.0,0.0,0.0,0.0,0.0,0.0,0.0
2023-08-21,0.0,0.0,0.0,0,0.0,0.0,0.0,0.0,0.0,0.0,0.0,0.0,0.0,0.0
2023-08-22,0.0,0.0,0.0,0,0.0,0.0,0.0,0.0,0.0,0.0,0.0,0.0,0.0,0.0
2023-08-23,0.0,0.0,0.0,0,0.0,0.0,0.0,0.0,0.0,0.0,0.0,0.0,0.0,0.0
2023-08-24,0.0,0.0,0.0,0,0.0,0.0,0.0,0.0,0.0,0.0,0.0,0.0,0.0,0.0
2023-08-25,0.0,0.0,0.0,0,0.0,0.0,0.0,0.0,0.0,0.0,0.0,0.0,0.0,0.0
2023-08-26,0.0,0.0,0.0,0,0.0,0.0,0.0,0.0,0.0,0.0,0.0,0.0,0.0,0.0
2023-08-27,0.0,0.0,0.0,0,0.0,0.0,0.0,0.0,0.0,0.0,0.0,0.0,0.0,0.0
2023-08-28,0.0,0.0,0.0,0,0.0,0.0,0.0,0.0,0.0,0.0,0.0,0.0,0.0,0.0
2023-08-29,0.0,0.0,0.0,0,0.0,0.0,0.0,0.0,0.0,0.0,0.0,0.0,0.0,0.0
2023-08-30,0.0,0.0,0.0,0,0.0,0.0,0.0,0.0,0.0,0.0,0.0,0.0,0.0,0.0
2023-08-31,0.0,0.0,0.0,0,0.0,0.0,0.0,0.0,0.0,0.0,0.0,0.0,0.0,0.0
2023-09-01,0.0,0.0,0.0,0,0.0,0.0,0.0,0.0,0.0,0.0,0.0,0.0,0.0,0.0
2023-09-02,0.0,0.0,0.0,0,0.0,0.0,0.0,0.0,0.0,0.0,0.0,0.0,0.0,0.0
2023-09-03,0.0,0.0,0.0,0,0.0,0.0,0.0,0.0,0.0,0.0,0.0,0.0,0.0,0.0
2023-09-04,0.0,0.0,0.0,0,0.0,0.0,0.0,0.0,0.0,0.0,0.0,0.0,0.0,0.0
2023-09-05,0.0,0.0,0.0,0,0.0,0.0,0.0,0.0,0.0,0.0,0.0,0.0,0.0,0.0
2023-09-06,0.0,0.0,0.0,0,0.0,0.0,0.0,0.0,0.0,0.0,0.0,0.0,0.0,0.0
2023-09-07,0.0,0.0,0.0,0,0.0,0.0,0.0,0.0,0.0,0.0,0.0,0.0,0.0,0.0
2023-09-08,0.0,0.0,0.0,0,0.0,0.0,0.0,0.0,0.0,0.0,0.0,0.0,0.0,0.0
2023-09-09,0.0,0.0,0.0,0,0.0,0.0,0.0,0.0,0.0,0.0,0.0,0.0,0.0,0.0
2023-09-10,0.0,0.0,0.0,0,0.0,0.0,0.0,0.0,0.0,0.0,0.0,0.0,0.0,0.0
2023-09-11,0.0,0.0,0.0,0,0.0,0.0,0.0,0.0,0.0,0.0,0.0,0.0,0.0,0.0
2023-09-12,0.0,0.0,0.0,0,0.0,0.0,0.0,0.0,0.0,0.0,0.0,0.0,0.0,0.0
2023-09-13,0.0,0.0,0.0,0,0.0,0.0,0.0,0.0,0.0,0.0,0.0,0.0,0.0,0.0
2023-09-14,0.0,0.0,0.0,0,0.0,0.0,0.0,0.0,0.0,0.0,0.0,0.0,0.0,0.0
2023-09-15,0.0,0.0,0.0,0,0.0,0.0,0.0,0.0,0.0,0.0,0.0,0.0,0.0,0.0
2023-09-16,0.0,0.0,0.0,0,0.0,0.0,0.0,0.0,0.0,0.0,0.0,0.0,0.0,0.0
2023-09-17,0.0,0.0,0.0,0,0.0,0.0,0.0,0.0,0.0,0.0,0.0,0.0,0.0,0.0
2023-09-18,0.0,0.0,0.0,0,0.0,0.0,0.0,0.0,0.0,0.0,0.0,0.0,0.0,0.0
2023-09-19,0.0,0.0,0.0,0,0.0,0.0,0.0,0.0,0.0,0.0,0.0,0.0,0.0,0.0
2023-09-20,0.0,0.0,0.0,0,0.0,0.0,0.0,0.0,0.0,0.0,0.0,0.0,0.0,0.0
2023-09-21,0.0,0.0,0.0,0,0.0,0.0,0.0,0.0,0.0,0.0,0.0,0.0,0.0,0.0
2023-09-22,0.0,0.0,0.0,0,0.0,0.0,0.0,0.0,0.0,0.0,0.0,0.0,0.0,0.0
2023-09-23,0.0,0.0,0.0,0,0.0,0.0,0.0,0.0,0.0,0.0,0.0,0.0,0.0,0.0
2023-09-24,0.0,0.0,0.0,0,0.0,0.0,0.0,0.0,0.0,0.0,0.0,0.0,0.0,0.0
2023-09-25,0.0,0.0,0.0,0,0.0,0.0,0.0,0.0,0.0,0.0,0.0,0.0,0.0,0.0
2023-09-26,0.0,0.0,0.0,0,0.0,0.0,0.0,0.0,0.0,0.0,0.0,0.0,0.0,0.0
2023-09-27,0.0,0.0,0.0,0,0.0,0.0,0.0,0.0,0.0,0.0,0.0,0.0,0.0,0.0
2023-09-28,0.0,0.0,0.0,0,0.0,0.0,0.0,0.0,0.0,0.0,0.0,0.0,0.0,0.0
2023-09-29,0.0,0.0,0.0,0,0.0,0.0,0.0,0.0,0.0,0.0,0.0,0.0,0.0,0.0
2023-09-30,0.0,0.0,0.0,0,0.0,0.0,0.0,0.0,0.0,0.0,0.0,0.0,0.0,0.0
2023-10-01,0.0,0.0,0.0,0,0.0,0.0,0.0,0.0,0.0,0.0,0.0,0.0,0.0,0.0
2023-10-02,0.0,0.0,0.0,0,0.0,0.0,0.0,0.0,0.0,0.0,0.0,0.0,0.0,0.0
2023-10-03,0.0,0.0,0.0,0,0.0,0.0,0.0,0.0,0.0,0.0,0.0,0.0,0.0,0.0
2023-10-04,0.0,0.0,0.0,0,0.0,0.0,0.0,0.0,0.0,0.0,0.0,0.0,0.0,0.0
2023-10-05,0.0,0.0,0.0,0,0.0,0.0,0.0,0.0,0.0,0.0,0.0,0.0,0.0,0.0
2023-10-06,0.0,0.0,0.0,0,0.0,0.0,0.0,0.0,0.0,0.0,0.0,0.0,0.0,0.0
2023-10-07,0.0,0.0,0.0,0,0.0,0.0,0.0,0.0,0.0,0.0,0.0,0.0,0.0,0.0
2023-10-08,0.0,0.0,0.0,0,0.0,0.0,0.0,0.0,0.0,0.0,0.0,0.0,0.0,0.0
2023-10-09,0.0,0.0,0.0,0,0.0,0.0,0.0,0.0,0.0,0.0,0.0,0.0,0.0,0.0
2023-10-10,0.0,0.0,0.0,0,0.0,0.0,0.0,0.0,0.0,0.0,0.0,0.0,0.0,0.0
2023-10-11,0.0,0.0,0.0,0,0.0,0.0,0.0,0.0,0.0,0.0,0.0,0.0,0.0,0.0
2023-10-12,0.0,0.0,0.0,0,0.0,0.0,0.0,0.0,0.0,0.0,0.0,0.0,0.0,0.0
2023-10-13,0.0,0.0,0.0,0,0.0,0.0,0.0,0.0,0.0,0.0,0.0,0.0,0.0,0.0
2023-10-14,0.0,0.0,0.0,0,0.0,0.0,0.0,0.0,0.0,0.0,0.0,0.0,0.0,0.0
2023-10-15,0.0,0.0,0.0,0,0.0,0.0,0.0,0.0,0.0,0.0,0.0,0.0,0.0,0.0
2023-10-16,0.0,0.0,0.0,0,0.0,0.0,0.0,0.0,0.0,0.0,0.0,0.0,0.0,0.0
2023-10-17,0.0,0.0,0.0,0,0.0,0.0,0.0,0.0,0.0,0.0,0.0,0.0,0.0,0.0
2023-10-18,0.0,0.0,0.0,0,0.0,0.0,0.0,0.0,0.0,0.0,0.0,0.0,0.0,0.0
2023-10-19,0.0,0.0,0.0,0,0.0,0.0,0.0,0.0,0.0,0.0,0.0,0.0,0.0,0.0
2023-10-20,0.0,0.0,0.0,0,0.0,0.0,0.0,0.0,0.0,0.0,0.0,0.0,0.0,0.0
2023-10-21,0.0,0.0,0.0,0,0.0,0.0,0.0,0.0,0.0,0.0,0.0,0.0,0.0,0.0
2023-10-22,0.0,0.0,0.0,0,0.0,0.0,0.0,0.0,0.0,0.0,0.0,0.0,0.0,0.0
2023-10-23,0.0,0.0,0.0,0,0.0,0.0,0.0,0.0,0.0,0.0,0.0,0.0,0.0,0.0
2023-10-24,0.0,0.0,0.0,0,0.0,0.0,0.0,0.0,0.0,0.0,0.030270270270270273,0.0,0.0,0.0
2023-10-25,0.0,0.0,0.030270270270270273,0,0.18666666666666668,0.0,0.0,0.0,0.0,0.0,0.0,0.0,0.0,0.0
2023-10-26,0.0,0.0,0.0,0,0.0,0.0,0.0,0.0,0.0,0.0,0.0,0.0,0.18666666666666668,0.0
2023-10-27,0.0,0.0,0.0,0,0.0,0.0,0.002108108108108108,0.0,0.0,0.14,0.4631351351351351,0.0,0.0,0.0
2023-10-28,0.002108108108108108,0.14,0.4631351351351351,1,2.24,0.4186,0.0035135135135135136,0.0,0.0,0.0,0.182,0.0,0.0,0.0
2023-10-29,0.0035135135135135136,0.0,0.182,1,0.8633333333333333,0.16835,0.0035135135135135136,0.002108108108108108,0.0,0.0,0.013243243243243243,1.0,2.24,0.4186
2023-10-30,0.0035135135135135136,0.0,0.013243243243243243,0,0.11666666666666665,0.0,0.00427027027027027,0.0035135135135135136,0.002108108108108108,0.945,0.24027027027027026,1.0,0.8633333333333333,0.16835
2023-10-31,0.00427027027027027,0.945,0.24027027027027026,2,1.3066666666666666,0.22225,0.003567567567567568,0.0035135135135135136,0.0035135135135135136,0.0,0.0,0.0,0.11666666666666665,0.0
2023-11-01,0.003567567567567568,0.0,0.0,0,0.0,0.0,0.0028648648648648646,0.00427027027027027,0.0035135135135135136,0.0,0.0,2.0,1.3066666666666666,0.22225
2023-11-02,0.0028648648648648646,0.0,0.0,0,0.0,0.0,0.002162162162162162,0.003567567567567568,0.00427027027027027,0.0,0.0,0.0,0.0,0.0
2023-11-03,0.002162162162162162,0.0,0.0,0,0.0,0.0,0.001081081081081081,0.0028648648648648646,0.003567567567567568,0.0,0.0,0.0,0.0,0.0
2023-11-04,0.001081081081081081,0.0,0.0,0,0.0,0.0,0.0003783783783783784,0.002162162162162162,0.0028648648648648646,0.0,0.0,0.0,0.0,0.0
2023-11-05,0.0003783783783783784,0.0,0.0,0,0.0,0.0,0.0,0.001081081081081081,0.002162162162162162,0.0,0.0,0.0,0.0,0.0
2023-11-06,0.0,0.0,0.0,0,0.0,0.0,0.0,0.0003783783783783784,0.001081081081081081,0.0,0.0,0.0,0.0,0.0
2023-11-07,0.0,0.0,0.0,0,0.0,0.0,0.0,0.0,0.0003783783783783784,0.0,0.0,0.0,0.0,0.0
2023-11-08,0.0,0.0,0.0,0,0.0,0.0,0.0,0.0,0.0,0.0,0.0,0.0,0.0,0.0
2023-11-09,0.0,0.0,0.0,0,0.0,0.0,0.0,0.0,0.0,0.0,0.0,0.0,0.0,0.0
2023-11-10,0.0,0.0,0.0,0,0.0,0.0,0.0,0.0,0.0,0.0,0.013243243243243243,0.0,0.0,0.0
2023-11-11,0.0,0.0,0.013243243243243243,0,0.11666666666666665,0.0,0.0,0.0,0.0,0.0,0.0,0.0,0.0,0.0
2023-11-12,0.0,0.0,0.0,0,0.0,0.0,0.0,0.0,0.0,0.035,0.005675675675675677,0.0,0.11666666666666665,0.0
2023-11-13,0.0,0.035,0.005675675675675677,0,0.04666666666666667,0.0,0.0,0.0,0.0,0.0,0.00908108108108108,0.0,0.0,0.0
2023-11-14,0.0,0.0,0.00908108108108108,0,0.06999999999999999,0.0,0.0,0.0,0.0,0.0,0.0,0.0,0.04666666666666667,0.0
2023-11-15,0.0,0.0,0.0,0,0.0,0.0,0.0,0.0,0.0,0.0,0.0,0.0,0.06999999999999999,0.0
2023-11-16,0.0,0.0,0.0,0,0.0,0.0,0.0,0.0,0.0,0.0,0.0,0.0,0.0,0.0
2023-11-17,0.0,0.0,0.0,0,0.0,0.0,0.0,0.0,0.0,0.0,0.0,0.0,0.0,0.0
2023-11-18,0.0,0.0,0.0,0,0.0,0.0,0.0,0.0,0.0,0.0,0.004918918918918919,0.0,0.0,0.0
2023-11-19,0.0,0.0,0.004918918918918919,0,0.023333333333333334,0.0,0.0,0.0,0.0,0.0,0.014756756756756757,0.0,0.0,0.0
2023-11-20,0.0,0.0,0.014756756756756757,0,0.06999999999999999,0.0,0.0,0.0,0.0,0.0,0.0,0.0,0.023333333333333334,0.0
2023-11-21,0.0,0.0,0.0,0,0.0,0.0,0.0,0.0,0.0,0.0,0.0,0.0,0.06999999999999999,0.0
2023-11-22,0.0,0.0,0.0,0,0.0,0.0,0.0,0.0,0.0,0.0,0.0,0.0,0.0,0.0
2023-11-23,0.0,0.0,0.0,0,0.0,0.0,0.0014054054054054054,0.0,0.0,0.0,0.1032972972972973,0.0,0.0,0.0
2023-11-24,0.0014054054054054054,0.0,0.1032972972972973,1,0.49,0.09555,0.002108108108108108,0.0,0.0,0.105,0.1751891891891892,0.0,0.0,0.0
2023-11-25,0.002108108108108108,0.105,0.1751891891891892,1,0.8633333333333333,0.1547,0.004216216216216216,0.0014054054054054054,0.0,0.105,0.3348648648648649,1.0,0.49,0.09555
2023-11-26,0.004216216216216216,0.105,0.3348648648648649,1,1.3299999999999998,0.3024,0.004216216216216216,0.002108108108108108,0.0014054054054054054,0.0,0.0,1.0,0.8633333333333333,0.1547
2023-11-27,0.004216216216216216,0.0,0.0,0,0.0,0.0,0.004216216216216216,0.004216216216216216,0.002108108108108108,0.0,0.0,1.0,1.3299999999999998,0.3024
2023-11-28,0.004216216216216216,0.0,0.0,0,0.0,0.0,0.003135135135135135,0.004216216216216216,0.004216216216216216,0.0,0.0,0.0,0.0,0.0
2023-11-29,0.003135135135135135,0.0,0.0,0,0.0,0.0,0.003135135135135135,0.004216216216216216,0.004216216216216216,0.0,0.0,0.0,0.0,0.0
2023-11-30,0.003135135135135135,0.0,0.0,0,0.0,0.0,0.0022702702702702706,0.003135135135135135,0.004216216216216216,0.0,0.0,0.0,0.0,0.0
2023-12-01,0.0022702702702702706,0.0,0.0,0,0.0,0.0,0.0014054054054054054,0.003135135135135135,0.003135135135135135,0.0,0.0,0.0,0.0,0.0
2023-12-02,0.0014054054054054054,0.0,0.0,0,0.0,0.0,0.001783783783783784,0.0022702702702702706,0.003135135135135135,0.035,0.13394594594594594,0.0,0.0,0.0
2023-12-03,0.001783783783783784,0.035,0.13394594594594594,1,0.63,0.1183,0.001783783783783784,0.0014054054054054054,0.0022702702702702706,0.0,0.005297297297297298,0.0,0.0,0.0
2023-12-04,0.001783783783783784,0.0,0.005297297297297298,0,0.04666666666666667,0.0,0.0028108108108108104,0.001783783783783784,0.0014054054054054054,0.175,0.1343243243243243,1.0,0.63,0.1183
2023-12-05,0.0028108108108108104,0.175,0.1343243243243243,1,0.5833333333333334,0.11199999999999999,0.0019459459459459458,0.001783783783783784,0.001783783783783784,0.0,0.012108108108108109,0.0,0.04666666666666667,0.0
2023-12-06,0.0019459459459459458,0.0,0.012108108108108109,0,0.09333333333333334,0.0,0.0012432432432432433,0.0028108108108108104,0.001783783783783784,0.0,0.003783783783783784,1.0,0.5833333333333334,0.11199999999999999
2023-12-07,0.0012432432432432433,0.0,0.003783783783783784,0,0.023333333333333334,0.0,0.001081081081081081,0.0019459459459459458,0.0028108108108108104,0.0,0.06886486486486487,0.0,0.09333333333333334,0.0
2023-12-08,0.001081081081081081,0.0,0.06886486486486487,0,0.32666666666666666,0.0,0.001783783783783784,0.0012432432432432433,0.0019459459459459458,1.05,0.3617297297297297,0.0,0.023333333333333334,0.0
2023-12-09,0.001783783783783784,1.05,0.3617297297297297,2,2.216666666666667,0.3003,0.001783783783783784,0.001081081081081081,0.0012432432432432433,0.0,0.0,0.0,0.32666666666666666,0.0
2023-12-10,0.001783783783783784,0.0,0.0,0,0.0,0.0,0.001081081081081081,0.001783783783783784,0.001081081081081081,0.0,0.009837837837837838,2.0,2.216666666666667,0.3003
2023-12-11,0.001081081081081081,0.0,0.009837837837837838,0,0.04666666666666667,0.0,0.001081081081081081,0.001783783783783784,0.001783783783783784,0.0,0.0,0.0,0.0,0.0
2023-12-12,0.001081081081081081,0.0,0.0,0,0.0,0.0,0.001783783783783784,0.001081081081081081,0.001783783783783784,0.0,0.13772972972972974,0.0,0.04666666666666667,0.0
2023-12-13,0.001783783783783784,0.0,0.13772972972972974,1,0.6533333333333333,0.1274,0.001783783783783784,0.001081081081081081,0.001081081081081081,0.0,0.05410810810810811,0.0,0.0,0.0
2023-12-14,0.001783783783783784,0.0,0.05410810810810811,0,0.25666666666666665,0.0,0.001783783783783784,0.001783783783783784,0.001081081081081081,0.0,0.0,1.0,0.6533333333333333,0.1274
2023-12-15,0.001783783783783784,0.0,0.0,0,0.0,0.0,0.001081081081081081,0.001783783783783784,0.001783783783783784,0.0,0.0,0.0,0.25666666666666665,0.0
2023-12-16,0.001081081081081081,0.0,0.0,0,0.0,0.0,0.0007027027027027027,0.001783783783783784,0.001783783783783784,0.0,0.002648648648648649,0.0,0.0,0.0
2023-12-17,0.0007027027027027027,0.0,0.002648648648648649,0,0.023333333333333334,0.0,0.0007027027027027027,0.001081081081081081,0.001783783783783784,0.0,0.0,0.0,0.0,0.0
2023-12-18,0.0007027027027027027,0.0,0.0,0,0.0,0.0,0.0,0.0007027027027027027,0.001081081081081081,0.0,0.0,0.0,0.023333333333333334,0.0
2023-12-19,0.0,0.0,0.0,0,0.0,0.0,0.0,0.0007027027027027027,0.0007027027027027027,0.0,0.0,0.0,0.0,0.0
2023-12-20,0.0,0.0,0.0,0,0.0,0.0,0.0,0.0,0.0007027027027027027,0.0,0.0,0.0,0.0,0.0
2023-12-21,0.0,0.0,0.0,0,0.0,0.0,0.0,0.0,0.0,0.0,0.0,0.0,0.0,0.0
2023-12-22,0.0,0.0,0.0,0,0.0,0.0,0.0,0.0,0.0,0.0,0.0,0.0,0.0,0.0
2023-12-23,0.0,0.0,0.0,0,0.0,0.0,0.0007027027027027027,0.0,0.0,0.0,0.034432432432432436,0.0,0.0,0.0
2023-12-24,0.0007027027027027027,0.0,0.034432432432432436,0,0.16333333333333333,0.0,0.0007027027027027027,0.0,0.0,0.0,0.0,0.0,0.0,0.0
2023-12-25,0.0007027027027027027,0.0,0.0,0,0.0,0.0,0.0014054054054054054,0.0007027027027027027,0.0,0.0,0.14756756756756756,0.0,0.16333333333333333,0.0
2023-12-26,0.0014054054054054054,0.0,0.14756756756756756,1,0.7000000000000001,0.1365,0.002108108108108108,0.0007027027027027027,0.0007027027027027027,0.0,0.0,0.0,0.0,0.0
2023-12-27,0.002108108108108108,0.0,0.0,0,0.0,0.0,0.0014054054054054054,0.0014054054054054054,0.0007027027027027027,0.0,0.0,1.0,0.7000000000000001,0.1365
2023-12-28,0.0014054054054054054,0.0,0.0,0,0.0,0.0,0.0014054054054054054,0.002108108108108108,0.0014054054054054054,0.0,0.0,0.0,0.0,0.0
2023-12-29,0.0014054054054054054,0.0,0.0,0,0.0,0.0,0.0007027027027027027,0.0014054054054054054,0.002108108108108108,0.0,0.007945945945945946,0.0,0.0,0.0
2023-12-30,0.0007027027027027027,0.0,0.007945945945945946,0,0.06999999999999999,0.0,0.0019459459459459458,0.0014054054054054054,0.0014054054054054054,0.455,0.16762162162162164,0.0,0.0,0.0
2023-12-31,0.0019459459459459458,0.455,0.16762162162162164,1,0.8166666666666668,0.1232,0.0019459459459459458,0.0007027027027027027,0.0014054054054054054,0.0,0.0,0.0,0.06999999999999999,0.0
2024-01-01,0.0019459459459459458,0.0,0.0,0,0.0,0.0,0.0012432432432432433,0.0019459459459459458,0.0007027027027027027,0.0,0.0,1.0,0.8166666666666668,0.1232
2024-01-02,0.0012432432432432433,0.0,0.0,0,0.0,0.0,0.0012432432432432433,0.0019459459459459458,0.0019459459459459458,0.0,0.0,0.0,0.0,0.0
2024-01-03,0.0012432432432432433,0.0,0.0,0,0.0,0.0,0.0012432432432432433,0.0012432432432432433,0.0019459459459459458,0.0,0.003027027027027027,0.0,0.0,0.0
2024-01-04,0.0012432432432432433,0.0,0.003027027027027027,0,0.023333333333333334,0.0,0.0019459459459459458,0.0012432432432432433,0.0012432432432432433,0.035,0.017405405405405406,0.0,0.0,0.0
2024-01-05,0.0019459459459459458,0.035,0.017405405405405406,0,0.09333333333333334,0.0,0.006702702702702703,0.0012432432432432433,0.0012432432432432433,2.555,0.7147567567567568,0.0,0.023333333333333334,0.0
2024-01-06,0.006702702702702703,2.555,0.7147567567567568,2,4.036666666666666,0.5978,0.013135135135135135,0.0019459459459459458,0.0012432432432432433,0.875,0.8668648648648648,0.0,0.09333333333333334,0.0
2024-01-07,0.013135135135135135,0.875,0.8668648648648648,2,6.113333333333333,0.7028,0.013135135135135135,0.006702702702702703,0.0019459459459459458,0.14,0.03518918918918919,2.0,4.036666666666666,0.5978
2024-01-08,0.013135135135135135,0.14,0.03518918918918919,0,0.21,0.0,0.021783783783783785,0.013135135135135135,0.006702702702702703,0.595,1.6671351351351351,2.0,6.113333333333333,0.7028
2024-01-09,0.021783783783783785,0.595,1.6671351351351351,1,6.626666666666668,1.4952,0.019891891891891892,0.013135135135135135,0.013135135135135135,0.35000000000000003,0.09762162162162162,0.0,0.21,0.0
2024-01-10,0.019891891891891892,0.35000000000000003,0.09762162162162162,0,0.49000000000000005,0.0,0.016054054054054055,0.021783783783783785,0.013135135135135135,0.8049999999999999,0.1664864864864865,1.0,6.626666666666668,1.4952
2024-01-11,0.016054054054054055,0.8049999999999999,0.1664864864864865,1,0.8866666666666667,0.052500000000000005,0.02562162162162162,0.019891891891891892,0.021783783783783785,0.595,1.0832972972972974,0.0,0.49000000000000005,0.0
2024-01-12,0.02562162162162162,0.595,1.0832972972972974,1,4.363333333333334,0.9520000000000001,0.02827027027027027,0.016054054054054055,0.019891891891891892,0.665,0.27054054054054055,1.0,0.8866666666666667,0.052500000000000005
2024-01-13,0.02827027027027027,0.665,0.27054054054054055,2,1.1433333333333333,0.24535,0.028972972972972973,0.02562162162162162,0.016054054054054055,0.595,0.17670270270270272,1.0,4.363333333333334,0.9520000000000001
2024-01-14,0.028972972972972973,0.595,0.17670270270270272,1,0.8166666666666668,0.0504,0.030702702702702703,0.02827027027027027,0.02562162162162162,0.665,0.19221621621621623,2.0,1.1433333333333333,0.24535
2024-01-15,0.030702702702702703,0.665,0.19221621621621623,1,1.0266666666666666,0.11375,0.039783783783783784,0.028972972972972973,0.02827027027027027,3.815,0.7370810810810811,1.0,0.8166666666666668,0.0504
2024-01-16,0.039783783783783784,3.815,0.7370810810810811,3,5.226666666666667,0.6818,0.038756756756756765,0.030702702702702703,0.028972972972972973,0.0,0.0,1.0,1.0266666666666666,0.11375
2024-01-17,0.038756756756756765,0.0,0.0,0,0.0,0.0,0.0372972972972973,0.039783783783783784,0.030702702702702703,0.245,0.08664864864864864,3.0,5.226666666666667,0.6818
2024-01-18,0.0372972972972973,0.245,0.08664864864864864,0,0.37333333333333335,0.0,0.041297297297297295,0.038756756756756765,0.039783783783783784,2.0999999999999996,0.4249189189189189,0.0,0.0,0.0
2024-01-19,0.041297297297297295,2.0999999999999996,0.4249189189189189,3,2.123333333333333,0.37135,0.041297297297297295,0.0372972972972973,0.038756756756756765,0.0,0.006054054054054054,0.0,0.37333333333333335,0.0
2024-01-20,0.041297297297297295,0.0,0.006054054054054054,0,0.04666666666666667,0.0,0.040594594594594594,0.041297297297297295,0.0372972972972973,0.0,0.0,3.0,2.123333333333333,0.37135
2024-01-21,0.040594594594594594,0.0,0.0,0,0.0,0.0,0.03745945945945946,0.041297297297297295,0.041297297297297295,0.0,0.006054054054054054,0.0,0.04666666666666667,0.0
2024-01-22,0.03745945945945946,0.0,0.006054054054054054,0,0.023333333333333334,0.0,0.036756756756756756,0.040594594594594594,0.041297297297297295,0.07,0.033297297297297294,0.0,0.0,0.0
2024-01-23,0.036756756756756756,0.07,0.033297297297297294,0,0.21,0.0,0.03572972972972973,0.03745945945945946,0.040594594594594594,0.0,0.06962162162162162,0.0,0.023333333333333334,0.0
2024-01-24,0.03572972972972973,0.0,0.06962162162162162,1,0.5366666666666667,0.0644,0.029945945945945948,0.036756756756756756,0.03745945945945946,0.0,0.0,0.0,0.21,0.0
2024-01-25,0.029945945945945948,0.0,0.0,0,0.0,0.0,0.020054054054054055,0.03572972972972973,0.036756756756756756,0.0,0.2656216216216216,1.0,0.5366666666666667,0.0644
2024-01-26,0.020054054054054055,0.0,0.2656216216216216,1,1.26,0.2457,0.014918918918918918,0.029945945945945948,0.03572972972972973,0.0,0.0,0.0,0.0,0.0
2024-01-27,0.014918918918918918,0.0,0.0,0,0.0,0.0,0.012,0.020054054054054055,0.029945945945945948,0.0,0.1543783783783784,1.0,1.26,0.2457
2024-01-28,0.012,0.0,0.1543783783783784,1,1.19,0.1428,0.009405405405405406,0.014918918918918918,0.020054054054054055,0.0,0.08778378378378378,0.0,0.0,0.0
2024-01-29,0.009405405405405406,0.0,0.08778378378378378,1,0.6766666666666666,0.0812,0.0072972972972972965,0.012,0.014918918918918918,0.0,0.0,1.0,1.19,0.1428
2024-01-30,0.0072972972972972965,0.0,0.0,0,0.0,0.0,0.005567567567567567,0.009405405405405406,0.012,0.0,0.0,1.0,0.6766666666666666,0.0812
2024-01-31,0.005567567567567567,0.0,0.0,0,0.0,0.0,0.004324324324324324,0.0072972972972972965,0.009405405405405406,0.0,0.0,0.0,0.0,0.0
2024-02-01,0.004324324324324324,0.0,0.0,0,0.0,0.0,0.0030270270270270267,0.005567567567567567,0.0072972972972972965,0.0,0.00908108108108108,0.0,0.0,0.0
2024-02-02,0.0030270270270270267,0.0,0.00908108108108108,0,0.06999999999999999,0.0,0.0068108108108108105,0.004324324324324324,0.005567567567567567,0.0,0.46237837837837836,0.0,0.0,0.0
2024-02-03,0.0068108108108108105,0.0,0.46237837837837836,1,2.1933333333333334,0.4277,0.007513513513513513,0.0030270270270270267,0.004324324324324324,0.0,0.0,0.0,0.06999999999999999,0.0
2024-02-04,0.007513513513513513,0.0,0.0,0,0.0,0.0,0.005513513513513512,0.0068108108108108105,0.0030270270270270267,0.0,0.0,1.0,2.1933333333333334,0.4277
2024-02-05,0.005513513513513512,0.0,0.0,0,0.0,0.0,0.00481081081081081,0.007513513513513513,0.0068108108108108105,0.0,0.0,0.0,0.0,0.0
2024-02-06,0.00481081081081081,0.0,0.0,0,0.0,0.0,0.0041081081081081085,0.005513513513513512,0.007513513513513513,0.0,0.0,0.0,0.0,0.0
2024-02-07,0.0041081081081081085,0.0,0.0,0,0.0,0.0,0.0027027027027027024,0.00481081081081081,0.005513513513513512,0.0,0.0,0.0,0.0,0.0
2024-02-08,0.0027027027027027024,0.0,0.0,0,0.0,0.0,0.0022702702702702706,0.0041081081081081085,0.00481081081081081,0.0,0.11313513513513514,0.0,0.0,0.0
2024-02-09,0.0022702702702702706,0.0,0.11313513513513514,1,0.5366666666666667,0.10465,0.0029729729729729725,0.0027027027027027024,0.0041081081081081085,0.21,0.20735135135135138,0.0,0.0,0.0
2024-02-10,0.0029729729729729725,0.21,0.20735135135135138,1,1.0266666666666666,0.17290000000000003,0.0025405405405405407,0.0022702702702702706,0.0027027027027027024,0.0,0.014756756756756757,1.0,0.5366666666666667,0.10465
2024-02-11,0.0025405405405405407,0.0,0.014756756756756757,0,0.06999999999999999,0.0,0.002108108108108108,0.0029729729729729725,0.0022702702702702706,0.0,0.0,1.0,1.0266666666666666,0.17290000000000003
2024-02-12,0.002108108108108108,0.0,0.0,0,0.0,0.0,0.0167027027027027,0.0025405405405405407,0.0029729729729729725,11.69,2.1745405405405402,0.0,0.06999999999999999,0.0
2024-02-13,0.0167027027027027,11.69,2.1745405405405402,3,14.420000000000002,2.009,0.016486486486486485,0.002108108108108108,0.0025405405405405407,0.945,0.28227027027027024,0.0,0.0,0.0
2024-02-14,0.016486486486486485,0.945,0.28227027027027024,2,2.2166666666666663,0.2611,0.017297297297297298,0.0167027027027027,0.002108108108108108,3.5700000000000003,0.8021621621621621,3.0,14.420000000000002,2.009
2024-02-15,0.017297297297297298,3.5700000000000003,0.8021621621621621,3,3.896666666666667,0.6811,0.018054054054054053,0.016486486486486485,0.0167027027027027,0.245,0.1032972972972973,2.0,2.2166666666666663,0.2611
2024-02-16,0.018054054054054053,0.245,0.1032972972972973,0,0.46666666666666673,0.0,0.020810810810810813,0.017297297297297298,0.016486486486486485,2.975,0.6004864864864865,3.0,3.896666666666667,0.6811
2024-02-17,0.020810810810810813,2.975,0.6004864864864865,3,3.4766666666666666,0.52185,0.01962162162162162,0.018054054054054053,0.017297297297297298,0.0,0.0,0.0,0.46666666666666673,0.0
2024-02-18,0.01962162162162162,0.0,0.0,0,0.0,0.0,0.017513513513513514,0.020810810810810813,0.018054054054054053,0.0,0.0,3.0,3.4766666666666666,0.52185
2024-02-19,0.017513513513513514,0.0,0.0,0,0.0,0.0,0.015351351351351352,0.01962162162162162,0.020810810810810813,0.0,0.0,0.0,0.0,0.0
2024-02-20,0.015351351351351352,0.0,0.0,0,0.0,0.0,0.012972972972972972,0.017513513513513514,0.01962162162162162,0.0,0.0,0.0,0.0,0.0
2024-02-21,0.012972972972972972,0.0,0.0,0,0.0,0.0,0.011621621621621623,0.015351351351351352,0.017513513513513514,0.0,0.0227027027027027,0.0,0.0,0.0
2024-02-22,0.011621621621621623,0.0,0.0227027027027027,0,0.11666666666666665,0.0,0.008594594594594595,0.012972972972972972,0.015351351351351352,0.07,0.14454054054054052,0.0,0.0,0.0
2024-02-23,0.008594594594594595,0.07,0.14454054054054052,1,0.5833333333333334,0.1288,0.006432432432432433,0.011621621621621623,0.012972972972972972,0.0,0.024216216216216217,0.0,0.11666666666666665,0.0
2024-02-24,0.006432432432432433,0.0,0.024216216216216217,0,0.09333333333333334,0.0,0.004972972972972973,0.008594594594594595,0.011621621621621623,0.0,0.0,1.0,0.5833333333333334,0.1288
2024-02-25,0.004972972972972973,0.0,0.0,0,0.0,0.0,0.00481081081081081,0.006432432432432433,0.008594594594594595,0.455,0.16497297297297298,0.0,0.09333333333333334,0.0
2024-02-26,0.00481081081081081,0.455,0.16497297297297298,1,1.05,0.11200000000000002,0.0045945945945945945,0.004972972972972973,0.006432432432432433,0.35,0.20848648648648646,0.0,0.0,0.0
2024-02-27,0.0045945945945945945,0.35,0.20848648648648646,1,1.0966666666666667,0.16835,0.002594594594594595,0.00481081081081081,0.004972972972972973,0.0,0.006054054054054054,1.0,1.05,0.11200000000000002
2024-02-28,0.002594594594594595,0.0,0.006054054054054054,0,0.023333333333333334,0.0,0.0015135135135135136,0.0045945945945945945,0.00481081081081081,0.245,0.08097297297297296,1.0,1.0966666666666667,0.16835
2024-02-29,0.0015135135135135136,0.245,0.08097297297297296,1,0.5833333333333334,0.0504,0.0008108108108108108,0.002594594594594595,0.0045945945945945945,0.105,0.24518918918918922,0.0,0.023333333333333334,0.0
2024-03-01,0.0008108108108108108,0.105,0.24518918918918922,1,1.47,0.21000000000000002,0.00043243243243243243,0.0015135135135135136,0.002594594594594595,0.105,0.08816216216216216,1.0,0.5833333333333334,0.0504
2024-03-02,0.00043243243243243243,0.105,0.08816216216216216,1,0.5366666666666666,0.06999999999999999,0.0,0.0008108108108108108,0.0015135135135135136,0.175,0.20243243243243242,1.0,1.47,0.21000000000000002
2024-03-03,0.0,0.175,0.20243243243243242,1,1.2133333333333334,0.1645,0.0005405405405405405,0.00043243243243243243,0.0008108108108108108,0.035,0.029135135135135135,1.0,0.5366666666666666,0.06999999999999999
2024-03-04,0.0005405405405405405,0.035,0.029135135135135135,0,0.18666666666666668,0.0,0.0,0.0,0.00043243243243243243,0.0,0.0,1.0,1.2133333333333334,0.1645
2024-03-05,0.0,0.0,0.0,0,0.0,0.0,0.0,0.0005405405405405405,0.0,0.0,0.0,0.0,0.18666666666666668,0.0
2024-03-06,0.0,0.0,0.0,0,0.0,0.0,0.0,0.0,0.0005405405405405405,0.0,0.03935135135135135,0.0,0.0,0.0
2024-03-07,0.0,0.0,0.03935135135135135,0,0.18666666666666668,0.0,0.0007027027027027027,0.0,0.0,0.0,0.1032972972972973,0.0,0.0,0.0
2024-03-08,0.0007027027027027027,0.0,0.1032972972972973,1,0.49,0.09555,0.0007027027027027027,0.0,0.0,0.0,0.012108108108108109,0.0,0.18666666666666668,0.0
2024-03-09,0.0007027027027027027,0.0,0.012108108108108109,0,0.09333333333333334,0.0,0.0007027027027027027,0.0007027027027027027,0.0,0.0,0.005297297297297298,1.0,0.49,0.09555
2024-03-10,0.0007027027027027027,0.0,0.005297297297297298,0,0.04666666666666667,0.0,0.0,0.0007027027027027027,0.0007027027027027027,0.0,0.015135135135135133,0.0,0.09333333333333334,0.0
2024-03-11,0.0,0.0,0.015135135135135133,0,0.11666666666666665,0.0,0.0,0.0007027027027027027,0.0007027027027027027,0.0,0.0,0.0,0.04666666666666667,0.0
2024-03-12,0.0,0.0,0.0,0,0.0,0.0,0.0,0.0,0.0007027027027027027,0.0,0.08362162162162162,0.0,0.11666666666666665,0.0
2024-03-13,0.0,0.0,0.08362162162162162,1,0.39666666666666667,0.07735,0.007729729729729729,0.0,0.0,0.0,0.6837297297297298,0.0,0.0,0.0
2024-03-14,0.007729729729729729,0.0,0.6837297297297298,1,3.2433333333333336,0.6324500000000001,0.01054054054054054,0.0,0.0,0.0,0.13772972972972974,1.0,0.39666666666666667,0.07735
2024-03-15,0.01054054054054054,0.0,0.13772972972972974,1,0.6533333333333333,0.1274,0.008432432432432432,0.007729729729729729,0.0,0.0,0.0,1.0,3.2433333333333336,0.6324500000000001
2024-03-16,0.008432432432432432,0.0,0.0,0,0.0,0.0,0.005621621621621622,0.01054054054054054,0.007729729729729729,0.0,0.0,1.0,0.6533333333333333,0.1274
2024-03-17,0.005621621621621622,0.0,0.0,0,0.0,0.0,0.0035135135135135136,0.008432432432432432,0.01054054054054054,0.0,0.0,0.0,0.0,0.0
2024-03-18,0.0035135135135135136,0.0,0.0,0,0.0,0.0,0.0014054054054054054,0.005621621621621622,0.008432432432432432,0.035,0.009837837837837838,0.0,0.0,0.0
2024-03-19,0.0014054054054054054,0.035,0.009837837837837838,0,0.07,0.0,0.0007027027027027027,0.0035135135135135136,0.005621621621621622,0.0,0.003027027027027027,0.0,0.0,0.0
2024-03-20,0.0007027027027027027,0.0,0.003027027027027027,0,0.023333333333333334,0.0,0.0003783783783783784,0.0014054054054054054,0.0035135135135135136,0.21,0.07340540540540541,0.0,0.07,0.0
2024-03-21,0.0003783783783783784,0.21,0.07340540540540541,0,0.4666666666666666,0.0,0.004972972972972973,0.0007027027027027027,0.0014054054054054054,1.33,0.693945945945946,0.0,0.023333333333333334,0.0
2024-03-22,0.004972972972972973,1.33,0.693945945945946,2,3.1733333333333333,0.6419000000000001,0.005027027027027027,0.0003783783783783784,0.0007027027027027027,0.10500000000000001,0.026864864864864862,0.0,0.4666666666666666,0.0
2024-03-23,0.005027027027027027,0.10500000000000001,0.026864864864864862,0,0.13999999999999999,0.0,0.006756756756756757,0.004972972972972973,0.0003783783783783784,0.455,0.4135675675675676,2.0,3.1733333333333333,0.6419000000000001
2024-03-24,0.006756756756756757,0.455,0.4135675675675676,1,3.3833333333333333,0.3234,0.010648648648648649,0.005027027027027027,0.004972972972972973,1.54,0.483945945945946,0.0,0.13999999999999999,0.0
2024-03-25,0.010648648648648649,1.54,0.483945945945946,2,3.3833333333333333,0.44765000000000005,0.009675675675675677,0.006756756756756757,0.005027027027027027,0.14,0.23421621621621622,1.0,3.3833333333333333,0.3234
2024-03-26,0.009675675675675677,0.14,0.23421621621621622,1,1.9833333333333334,0.19845000000000002,0.008270270270270271,0.010648648648648649,0.006756756756756757,0.0,0.009837837837837838,2.0,3.3833333333333333,0.44765000000000005
2024-03-27,0.008270270270270271,0.0,0.009837837837837838,0,0.04666666666666667,0.0,0.008270270270270271,0.009675675675675677,0.010648648648648649,0.0,0.0681081081081081,1.0,1.9833333333333334,0.19845000000000002
2024-03-28,0.008270270270270271,0.0,0.0681081081081081,1,0.42,0.063,0.007621621621621622,0.008270270270270271,0.009675675675675677,0.0,0.04427027027027027,0.0,0.04666666666666667,0.0
2024-03-29,0.007621621621621622,0.0,0.04427027027027027,0,0.21,0.0,0.006054054054054054,0.008270270270270271,0.008270270270270271,0.0,0.0,1.0,0.42,0.063
2024-03-30,0.006054054054054054,0.0,0.0,0,0.0,0.0,0.004540540540540541,0.007621621621621622,0.008270270270270271,0.0,0.0,0.0,0.21,0.0
2024-03-31,0.004540540540540541,0.0,0.0,0,0.0,0.0,0.0034054054054054052,0.006054054054054054,0.007621621621621622,0.0,0.4968108108108108,0.0,0.0,0.0
2024-04-01,0.0034054054054054052,0.0,0.4968108108108108,1,2.356666666666667,0.45955,0.0022702702702702706,0.004540540540540541,0.006054054054054054,0.0,0.0821081081081081,0.0,0.0,0.0
2024-04-02,0.0022702702702702706,0.0,0.0821081081081081,1,0.7233333333333333,0.07595,0.003621621621621622,0.0034054054054054052,0.004540540540540541,0.35,0.3908648648648649,1.0,2.356666666666667,0.45955
2024-04-03,0.003621621621621622,0.35,0.3908648648648649,1,1.6333333333333335,0.336,0.004162162162162162,0.0022702702702702706,0.0034054054054054052,0.7,0.29627027027027025,1.0,0.7233333333333333,0.07595
2024-04-04,0.004162162162162162,0.7,0.29627027027027025,1,1.9366666666666668,0.1764,0.0037837837837837837,0.003621621621621622,0.0022702702702702706,0.0,0.002648648648648649,1.0,1.6333333333333335,0.336
2024-04-05,0.0037837837837837837,0.0,0.002648648648648649,0,0.023333333333333334,0.0,0.002108108108108108,0.004162162162162162,0.003621621621621622,0.0,0.00908108108108108,1.0,1.9366666666666668,0.1764
2024-04-06,0.002108108108108108,0.0,0.00908108108108108,0,0.06999999999999999,0.0,0.00043243243243243243,0.0037837837837837837,0.004162162162162162,0.0,0.005297297297297298,0.0,0.023333333333333334,0.0
2024-04-07,0.00043243243243243243,0.0,0.005297297297297298,0,0.04666666666666667,0.0,0.00043243243243243243,0.002108108108108108,0.0037837837837837837,0.0,0.0,0.0,0.06999999999999999,0.0
2024-04-08,0.00043243243243243243,0.0,0.0,0,0.0,0.0,0.0,0.00043243243243243243,0.002108108108108108,0.0,0.0,0.0,0.04666666666666667,0.0
2024-04-09,0.0,0.0,0.0,0,0.0,0.0,0.0,0.00043243243243243243,0.00043243243243243243,0.0,0.0,0.0,0.0,0.0
2024-04-10,0.0,0.0,0.0,0,0.0,0.0,0.0,0.0,0.00043243243243243243,0.0,0.0,0.0,0.0,0.0
2024-04-11,0.0,0.0,0.0,0,0.0,0.0,0.0,0.0,0.0,0.0,0.0,0.0,0.0,0.0
2024-04-12,0.0,0.0,0.0,0,0.0,0.0,0.0,0.0,0.0,0.0,0.0,0.0,0.0,0.0
2024-04-13,0.0,0.0,0.0,0,0.0,0.0,0.0,0.0,0.0,0.0,0.0,0.0,0.0,0.0
2024-04-14,0.0,0.0,0.0,0,0.0,0.0,0.0,0.0,0.0,0.0,0.0,0.0,0.0,0.0
2024-04-15,0.0,0.0,0.0,0,0.0,0.0,0.0,0.0,0.0,0.0,0.182,0.0,0.0,0.0
2024-04-16,0.0,0.0,0.182,1,0.8633333333333333,0.16835,0.0,0.0,0.0,0.0,0.0,0.0,0.0,0.0
2024-04-17,0.0,0.0,0.0,0,0.0,0.0,0.0,0.0,0.0,0.0,0.0,1.0,0.8633333333333333,0.16835
2024-04-18,0.0,0.0,0.0,0,0.0,0.0,0.0007027027027027027,0.0,0.0,0.0,0.0787027027027027,0.0,0.0,0.0
2024-04-19,0.0007027027027027027,0.0,0.0787027027027027,1,0.37333333333333335,0.0728,0.0035135135135135136,0.0,0.0,0.0,0.1770810810810811,0.0,0.0,0.0
2024-04-20,0.0035135135135135136,0.0,0.1770810810810811,1,0.84,0.1638,0.002108108108108108,0.0007027027027027027,0.0,0.0,0.0,1.0,0.37333333333333335,0.0728
2024-04-21,0.002108108108108108,0.0,0.0,0,0.0,0.0,0.0007027027027027027,0.0035135135135135136,0.0007027027027027027,0.0,0.0,1.0,0.84,0.1638
2024-04-22,0.0007027027027027027,0.0,0.0,0,0.0,0.0,0.0,0.002108108108108108,0.0035135135135135136,0.0,0.0,0.0,0.0,0.0
2024-04-23,0.0,0.0,0.0,0,0.0,0.0,0.0,0.0007027027027027027,0.002108108108108108,0.0,0.0,0.0,0.0,0.0
2024-04-24,0.0,0.0,0.0,0,0.0,0.0,0.0,0.0,0.0007027027027027027,0.0,0.0,0.0,0.0,0.0
2024-04-25,0.0,0.0,0.0,0,0.0,0.0,0.0,0.0,0.0,0.0,0.0,0.0,0.0,0.0
2024-04-26,0.0,0.0,0.0,0,0.0,0.0,0.0014054054054054054,0.0,0.0,0.0,0.22627027027027027,0.0,0.0,0.0
2024-04-27,0.0014054054054054054,0.0,0.22627027027027027,1,1.0733333333333335,0.2093,0.0014054054054054054,0.0,0.0,0.0,0.0,0.0,0.0,0.0
2024-04-28,0.0014054054054054054,0.0,0.0,0,0.0,0.0,0.0007027027027027027,0.0014054054054054054,0.0,0.0,0.0,1.0,1.0733333333333335,0.2093
2024-04-29,0.0007027027027027027,0.0,0.0,0,0.0,0.0,0.0,0.0014054054054054054,0.0014054054054054054,0.0,0.0,0.0,0.0,0.0
2024-04-30,0.0,0.0,0.0,0,0.0,0.0,0.0,0.0007027027027027027,0.0014054054054054054,0.0,0.0,0.0,0.0,0.0
2024-05-01,0.0,0.0,0.0,0,0.0,0.0,0.0,0.0,0.0007027027027027027,0.0,0.0,0.0,0.0,0.0
2024-05-02,0.0,0.0,0.0,0,0.0,0.0,0.0,0.0,0.0,0.0,0.0,0.0,0.0,0.0
2024-05-03,0.0,0.0,0.0,0,0.0,0.0,0.0,0.0,0.0,0.0,0.0,0.0,0.0,0.0
2024-05-04,0.0,0.0,0.0,0,0.0,0.0,0.0,0.0,0.0,0.0,0.0,0.0,0.0,0.0
2024-05-05,0.0,0.0,0.0,0,0.0,0.0,0.0,0.0,0.0,0.0,0.0,0.0,0.0,0.0
2024-05-06,0.0,0.0,0.0,0,0.0,0.0,0.0,0.0,0.0,0.0,0.0,0.0,0.0,0.0
2024-05-07,0.0,0.0,0.0,0,0.0,0.0,0.0,0.0,0.0,0.0,0.0,0.0,0.0,0.0
2024-05-08,0.0,0.0,0.0,0,0.0,0.0,0.0,0.0,0.0,0.0,0.0,0.0,0.0,0.0
2024-05-09,0.0,0.0,0.0,0,0.0,0.0,0.0,0.0,0.0,0.0,0.0,0.0,0.0,0.0
2024-05-10,0.0,0.0,0.0,0,0.0,0.0,0.0,0.0,0.0,0.0,0.0,0.0,0.0,0.0
2024-05-11,0.0,0.0,0.0,0,0.0,0.0,0.0,0.0,0.0,0.0,0.024594594594594593,0.0,0.0,0.0
2024-05-12,0.0,0.0,0.024594594594594593,0,0.11666666666666665,0.0,0.0,0.0,0.0,0.0,0.0,0.0,0.0,0.0
2024-05-13,0.0,0.0,0.0,0,0.0,0.0,0.0,0.0,0.0,0.0,0.0,0.0,0.11666666666666665,0.0
2024-05-14,0.0,0.0,0.0,0,0.0,0.0,0.0,0.0,0.0,0.0,0.0,0.0,0.0,0.0
2024-05-15,0.0,0.0,0.0,0,0.0,0.0,0.0,0.0,0.0,0.0,0.0,0.0,0.0,0.0
2024-05-16,0.0,0.0,0.0,0,0.0,0.0,0.0,0.0,0.0,0.0,0.0,0.0,0.0,0.0
2024-05-17,0.0,0.0,0.0,0,0.0,0.0,0.0,0.0,0.0,0.0,0.0,0.0,0.0,0.0
2024-05-18,0.0,0.0,0.0,0,0.0,0.0,0.0,0.0,0.0,0.0,0.0,0.0,0.0,0.0
2024-05-19,0.0,0.0,0.0,0,0.0,0.0,0.0,0.0,0.0,0.0,0.0,0.0,0.0,0.0
2024-05-20,0.0,0.0,0.0,0,0.0,0.0,0.0,0.0,0.0,0.0,0.0,0.0,0.0,0.0
2024-05-21,0.0,0.0,0.0,0,0.0,0.0,0.0,0.0,0.0,0.0,0.0,0.0,0.0,0.0
2024-05-22,0.0,0.0,0.0,0,0.0,0.0,0.0,0.0,0.0,0.0,0.0,0.0,0.0,0.0
2024-05-23,0.0,0.0,0.0,0,0.0,0.0,0.0,0.0,0.0,0.0,0.0,0.0,0.0,0.0
2024-05-24,0.0,0.0,0.0,0,0.0,0.0,0.0,0.0,0.0,0.0,0.0,0.0,0.0,0.0
2024-05-25,0.0,0.0,0.0,0,0.0,0.0,0.0,0.0,0.0,0.0,0.0,0.0,0.0,0.0
2024-05-26,0.0,0.0,0.0,0,0.0,0.0,0.0,0.0,0.0,0.0,0.0,0.0,0.0,0.0
2024-05-27,0.0,0.0,0.0,0,0.0,0.0,0.0,0.0,0.0,0.0,0.0,0.0,0.0,0.0
2024-05-28,0.0,0.0,0.0,0,0.0,0.0,0.0,0.0,0.0,0.0,0.0,0.0,0.0,0.0
2024-05-29,0.0,0.0,0.0,0,0.0,0.0,0.0,0.0,0.0,0.0,0.0,0.0,0.0,0.0
2024-05-30,0.0,0.0,0.0,0,0.0,0.0,0.0,0.0,0.0,0.0,0.0,0.0,0.0,0.0
2024-05-31,0.0,0.0,0.0,0,0.0,0.0,0.0,0.0,0.0,0.0,0.0,0.0,0.0,0.0
2024-06-01,0.0,0.0,0.0,0,0.0,0.0,0.0,0.0,0.0,0.0,0.0,0.0,0.0,0.0
2024-06-02,0.0,0.0,0.0,0,0.0,0.0,0.0,0.0,0.0,0.0,0.0,0.0,0.0,0.0
2024-06-03,0.0,0.0,0.0,0,0.0,0.0,0.0,0.0,0.0,0.0,0.0,0.0,0.0,0.0
2024-06-04,0.0,0.0,0.0,0,0.0,0.0,0.0,0.0,0.0,0.0,0.0,0.0,0.0,0.0
2024-06-05,0.0,0.0,0.0,0,0.0,0.0,0.0,0.0,0.0,0.0,0.0,0.0,0.0,0.0
2024-06-06,0.0,0.0,0.0,0,0.0,0.0,0.0,0.0,0.0,0.0,0.0,0.0,0.0,0.0
2024-06-07,0.0,0.0,0.0,0,0.0,0.0,0.0,0.0,0.0,0.0,0.0,0.0,0.0,0.0
2024-06-08,0.0,0.0,0.0,0,0.0,0.0,0.0,0.0,0.0,0.0,0.0,0.0,0.0,0.0
2024-06-09,0.0,0.0,0.0,0,0.0,0.0,0.0,0.0,0.0,0.0,0.0,0.0,0.0,0.0
2024-06-10,0.0,0.0,0.0,0,0.0,0.0,0.0,0.0,0.0,0.0,0.0,0.0,0.0,0.0
2024-06-11,0.0,0.0,0.0,0,0.0,0.0,0.0,0.0,0.0,0.0,0.0,0.0,0.0,0.0
2024-06-12,0.0,0.0,0.0,0,0.0,0.0,0.0,0.0,0.0,0.0,0.0,0.0,0.0,0.0
2024-06-13,0.0,0.0,0.0,0,0.0,0.0,0.0,0.0,0.0,0.0,0.0,0.0,0.0,0.0
2024-06-14,0.0,0.0,0.0,0,0.0,0.0,0.0,0.0,0.0,0.0,0.0,0.0,0.0,0.0
2024-06-15,0.0,0.0,0.0,0,0.0,0.0,0.0,0.0,0.0,0.0,0.0,0.0,0.0,0.0
2024-06-16,0.0,0.0,0.0,0,0.0,0.0,0.0,0.0,0.0,0.0,0.0,0.0,0.0,0.0
2024-06-17,0.0,0.0,0.0,0,0.0,0.0,0.0,0.0,0.0,0.0,0.0,0.0,0.0,0.0
2024-06-18,0.0,0.0,0.0,0,0.0,0.0,0.0,0.0,0.0,0.0,0.0,0.0,0.0,0.0
2024-06-19,0.0,0.0,0.0,0,0.0,0.0,0.0,0.0,0.0,0.0,0.0,0.0,0.0,0.0
2024-06-20,0.0,0.0,0.0,0,0.0,0.0,0.0,0.0,0.0,0.0,0.0,0.0,0.0,0.0
2024-06-21,0.0,0.0,0.0,0,0.0,0.0,0.0,0.0,0.0,0.0,0.0,0.0,0.0,0.0
2024-06-22,0.0,0.0,0.0,0,0.0,0.0,0.0,0.0,0.0,0.0,0.0,0.0,0.0,0.0
2024-06-23,0.0,0.0,0.0,0,0.0,0.0,0.0,0.0,0.0,0.0,0.0,0.0,0.0,0.0
2024-06-24,0.0,0.0,0.0,0,0.0,0.0,0.0,0.0,0.0,0.0,0.0,0.0,0.0,0.0
2024-06-25,0.0,0.0,0.0,0,0.0,0.0,0.0,0.0,0.0,0.0,0.0,0.0,0.0,0.0
2024-06-26,0.0,0.0,0.0,0,0.0,0.0,0.0,0.0,0.0,0.0,0.0,0.0,0.0,0.0
2024-06-27,0.0,0.0,0.0,0,0.0,0.0,0.0,0.0,0.0,0.0,0.0,0.0,0.0,0.0
2024-06-28,0.0,0.0,0.0,0,0.0,0.0,0.0,0.0,0.0,0.0,0.0,0.0,0.0,0.0
2024-06-29,0.0,0.0,0.0,0,0.0,0.0,0.0,0.0,0.0,0.0,0.0,0.0,0.0,0.0
2024-06-30,0.0,0.0,0.0,0,0.0,0.0,0.0,0.0,0.0,0.0,0.0,0.0,0.0,0.0
2024-07-01,0.0,0.0,0.0,0,0.0,0.0,0.0,0.0,0.0,0.0,0.0,0.0,0.0,0.0
2024-07-02,0.0,0.0,0.0,0,0.0,0.0,0.0,0.0,0.0,0.0,0.0,0.0,0.0,0.0
2024-07-03,0.0,0.0,0.0,0,0.0,0.0,0.0,0.0,0.0,0.0,0.0,0.0,0.0,0.0
2024-07-04,0.0,0.0,0.0,0,0.0,0.0,0.0,0.0,0.0,0.0,0.0,0.0,0.0,0.0
2024-07-05,0.0,0.0,0.0,0,0.0,0.0,0.0,0.0,0.0,0.0,0.0,0.0,0.0,0.0
2024-07-06,0.0,0.0,0.0,0,0.0,0.0,0.0,0.0,0.0,0.0,0.0,0.0,0.0,0.0
2024-07-07,0.0,0.0,0.0,0,0.0,0.0,0.0,0.0,0.0,0.0,0.0,0.0,0.0,0.0
2024-07-08,0.0,0.0,0.0,0,0.0,0.0,0.0,0.0,0.0,0.0,0.0,0.0,0.0,0.0
2024-07-09,0.0,0.0,0.0,0,0.0,0.0,0.0,0.0,0.0,0.0,0.0,0.0,0.0,0.0
2024-07-10,0.0,0.0,0.0,0,0.0,0.0,0.0,0.0,0.0,0.0,0.0,0.0,0.0,0.0
2024-07-11,0.0,0.0,0.0,0,0.0,0.0,0.0,0.0,0.0,0.0,0.0,0.0,0.0,0.0
2024-07-12,0.0,0.0,0.0,0,0.0,0.0,0.0,0.0,0.0,0.0,0.0,0.0,0.0,0.0
2024-07-13,0.0,0.0,0.0,0,0.0,0.0,0.0,0.0,0.0,0.0,0.0,0.0,0.0,0.0
2024-07-14,0.0,0.0,0.0,0,0.0,0.0,0.0,0.0,0.0,0.0,0.0,0.0,0.0,0.0
2024-07-15,0.0,0.0,0.0,0,0.0,0.0,0.0,0.0,0.0,0.0,0.0,0.0,0.0,0.0
2024-07-16,0.0,0.0,0.0,0,0.0,0.0,0.0,0.0,0.0,0.0,0.0,0.0,0.0,0.0
2024-07-17,0.0,0.0,0.0,0,0.0,0.0,0.0,0.0,0.0,0.0,0.0,0.0,0.0,0.0
2024-07-18,0.0,0.0,0.0,0,0.0,0.0,0.0,0.0,0.0,0.0,0.0,0.0,0.0,0.0
2024-07-19,0.0,0.0,0.0,0,0.0,0.0,0.0,0.0,0.0,0.0,0.0,0.0,0.0,0.0
2024-07-20,0.0,0.0,0.0,0,0.0,0.0,0.0,0.0,0.0,0.0,0.0,0.0,0.0,0.0
2024-07-21,0.0,0.0,0.0,0,0.0,0.0,0.0,0.0,0.0,0.0,0.0,0.0,0.0,0.0
2024-07-22,0.0,0.0,0.0,0,0.0,0.0,0.0,0.0,0.0,0.0,0.0,0.0,0.0,0.0
2024-07-23,0.0,0.0,0.0,0,0.0,0.0,0.0,0.0,0.0,0.0,0.0,0.0,0.0,0.0
2024-07-24,0.0,0.0,0.0,0,0.0,0.0,0.0,0.0,0.0,0.0,0.0,0.0,0.0,0.0
2024-07-25,0.0,0.0,0.0,0,0.0,0.0,0.0,0.0,0.0,0.0,0.0,0.0,0.0,0.0
2024-07-26,0.0,0.0,0.0,0,0.0,0.0,0.0,0.0,0.0,0.0,0.0,0.0,0.0,0.0
2024-07-27,0.0,0.0,0.0,0,0.0,0.0,0.0,0.0,0.0,0.0,0.0,0.0,0.0,0.0
2024-07-28,0.0,0.0,0.0,0,0.0,0.0,0.0,0.0,0.0,0.0,0.0,0.0,0.0,0.0
2024-07-29,0.0,0.0,0.0,0,0.0,0.0,0.0,0.0,0.0,0.0,0.0,0.0,0.0,0.0
2024-07-30,0.0,0.0,0.0,0,0.0,0.0,0.0,0.0,0.0,0.0,0.0,0.0,0.0,0.0
2024-07-31,0.0,0.0,0.0,0,0.0,0.0,0.0,0.0,0.0,0.0,0.0,0.0,0.0,0.0
2024-08-01,0.0,0.0,0.0,0,0.0,0.0,0.0,0.0,0.0,0.0,0.0,0.0,0.0,0.0
2024-08-02,0.0,0.0,0.0,0,0.0,0.0,0.0,0.0,0.0,0.0,0.0,0.0,0.0,0.0
2024-08-03,0.0,0.0,0.0,0,0.0,0.0,0.0,0.0,0.0,0.0,0.0,0.0,0.0,0.0
2024-08-04,0.0,0.0,0.0,0,0.0,0.0,0.0,0.0,0.0,0.0,0.0,0.0,0.0,0.0
2024-08-05,0.0,0.0,0.0,0,0.0,0.0,0.0,0.0,0.0,0.0,0.0,0.0,0.0,0.0
2024-08-06,0.0,0.0,0.0,0,0.0,0.0,0.0,0.0,0.0,0.0,0.0,0.0,0.0,0.0
2024-08-07,0.0,0.0,0.0,0,0.0,0.0,0.0,0.0,0.0,0.0,0.0,0.0,0.0,0.0
2024-08-08,0.0,0.0,0.0,0,0.0,0.0,0.0,0.0,0.0,0.0,0.0,0.0,0.0,0.0
2024-08-09,0.0,0.0,0.0,0,0.0,0.0,0.0,0.0,0.0,0.0,0.0,0.0,0.0,0.0
2024-08-10,0.0,0.0,0.0,0,0.0,0.0,0.0,0.0,0.0,0.0,0.0,0.0,0.0,0.0
2024-08-11,0.0,0.0,0.0,0,0.0,0.0,0.0,0.0,0.0,0.0,0.0,0.0,0.0,0.0
2024-08-12,0.0,0.0,0.0,0,0.0,0.0,0.0,0.0,0.0,0.0,0.0,0.0,0.0,0.0
2024-08-13,0.0,0.0,0.0,0,0.0,0.0,0.0,0.0,0.0,0.0,0.0,0.0,0.0,0.0
2024-08-14,0.0,0.0,0.0,0,0.0,0.0,0.0,0.0,0.0,0.0,0.0,0.0,0.0,0.0
2024-08-15,0.0,0.0,0.0,0,0.0,0.0,0.0,0.0,0.0,0.0,0.0,0.0,0.0,0.0
2024-08-16,0.0,0.0,0.0,0,0.0,0.0,0.0,0.0,0.0,0.0,0.0,0.0,0.0,0.0
2024-08-17,0.0,0.0,0.0,0,0.0,0.0,0.0,0.0,0.0,0.0,0.0,0.0,0.0,0.0
2024-08-18,0.0,0.0,0.0,0,0.0,0.0,0.0,0.0,0.0,0.0,0.0,0.0,0.0,0.0
2024-08-19,0.0,0.0,0.0,0,0.0,0.0,0.0,0.0,0.0,0.0,0.0,0.0,0.0,0.0
2024-08-20,0.0,0.0,0.0,0,0.0,0.0,0.0,0.0,0.0,0.0,0.0,0.0,0.0,0.0
2024-08-21,0.0,0.0,0.0,0,0.0,0.0,0.0,0.0,0.0,0.0,0.0,0.0,0.0,0.0
2024-08-22,0.0,0.0,0.0,0,0.0,0.0,0.0,0.0,0.0,0.0,0.0,0.0,0.0,0.0
2024-08-23,0.0,0.0,0.0,0,0.0,0.0,0.0,0.0,0.0,0.0,0.0,0.0,0.0,0.0
2024-08-24,0.0,0.0,0.0,0,0.0,0.0,0.0,0.0,0.0,0.0,0.0,0.0,0.0,0.0
2024-08-25,0.0,0.0,0.0,0,0.0,0.0,0.0,0.0,0.0,0.0,0.0,0.0,0.0,0.0
2024-08-26,0.0,0.0,0.0,0,0.0,0.0,0.0,0.0,0.0,0.0,0.0,0.0,0.0,0.0
2024-08-27,0.0,0.0,0.0,0,0.0,0.0,0.0,0.0,0.0,0.0,0.0,0.0,0.0,0.0
2024-08-28,0.0,0.0,0.0,0,0.0,0.0,0.0,0.0,0.0,0.0,0.0,0.0,0.0,0.0
2024-08-29,0.0,0.0,0.0,0,0.0,0.0,0.0,0.0,0.0,0.0,0.0,0.0,0.0,0.0
2024-08-30,0.0,0.0,0.0,0,0.0,0.0,0.0,0.0,0.0,0.0,0.0,0.0,0.0,0.0
2024-08-31,0.0,0.0,0.0,0,0.0,0.0,0.0,0.0,0.0,0.0,0.0,0.0,0.0,0.0
2024-09-01,0.0,0.0,0.0,0,0.0,0.0,0.0,0.0,0.0,0.0,0.0,0.0,0.0,0.0
2024-09-02,0.0,0.0,0.0,0,0.0,0.0,0.0,0.0,0.0,0.0,0.0,0.0,0.0,0.0
2024-09-03,0.0,0.0,0.0,0,0.0,0.0,0.0,0.0,0.0,0.0,0.0,0.0,0.0,0.0
2024-09-04,0.0,0.0,0.0,0,0.0,0.0,0.0,0.0,0.0,0.0,0.0,0.0,0.0,0.0
2024-09-05,0.0,0.0,0.0,0,0.0,0.0,0.0,0.0,0.0,0.0,0.0,0.0,0.0,0.0
2024-09-06,0.0,0.0,0.0,0,0.0,0.0,0.0,0.0,0.0,0.0,0.0,0.0,0.0,0.0
2024-09-07,0.0,0.0,0.0,0,0.0,0.0,0.0,0.0,0.0,0.0,0.0,0.0,0.0,0.0
2024-09-08,0.0,0.0,0.0,0,0.0,0.0,0.0,0.0,0.0,0.0,0.0,0.0,0.0,0.0
2024-09-09,0.0,0.0,0.0,0,0.0,0.0,0.0,0.0,0.0,0.0,0.0,0.0,0.0,0.0
2024-09-10,0.0,0.0,0.0,0,0.0,0.0,0.0,0.0,0.0,0.0,0.0,0.0,0.0,0.0
2024-09-11,0.0,0.0,0.0,0,0.0,0.0,0.0,0.0,0.0,0.0,0.0,0.0,0.0,0.0
2024-09-12,0.0,0.0,0.0,0,0.0,0.0,0.0,0.0,0.0,0.0,0.0,0.0,0.0,0.0
2024-09-13,0.0,0.0,0.0,0,0.0,0.0,0.0,0.0,0.0,0.0,0.0,0.0,0.0,0.0
2024-09-14,0.0,0.0,0.0,0,0.0,0.0,0.0,0.0,0.0,0.0,0.0,0.0,0.0,0.0
2024-09-15,0.0,0.0,0.0,0,0.0,0.0,0.0,0.0,0.0,0.0,0.0,0.0,0.0,0.0
2024-09-16,0.0,0.0,0.0,0,0.0,0.0,0.0,0.0,0.0,0.0,0.0,0.0,0.0,0.0
2024-09-17,0.0,0.0,0.0,0,0.0,0.0,0.0,0.0,0.0,0.0,0.0,0.0,0.0,0.0
2024-09-18,0.0,0.0,0.0,0,0.0,0.0,0.0,0.0,0.0,0.0,0.0,0.0,0.0,0.0
2024-09-19,0.0,0.0,0.0,0,0.0,0.0,0.0,0.0,0.0,0.0,0.0,0.0,0.0,0.0
2024-09-20,0.0,0.0,0.0,0,0.0,0.0,0.0,0.0,0.0,0.0,0.0,0.0,0.0,0.0
2024-09-21,0.0,0.0,0.0,0,0.0,0.0,0.0,0.0,0.0,0.0,0.0,0.0,0.0,0.0
2024-09-22,0.0,0.0,0.0,0,0.0,0.0,0.0,0.0,0.0,0.0,0.0,0.0,0.0,0.0
2024-09-23,0.0,0.0,0.0,0,0.0,0.0,0.0,0.0,0.0,0.0,0.0,0.0,0.0,0.0
2024-09-24,0.0,0.0,0.0,0,0.0,0.0,0.0,0.0,0.0,0.0,0.0,0.0,0.0,0.0
2024-09-25,0.0,0.0,0.0,0,0.0,0.0,0.0,0.0,0.0,0.0,0.0,0.0,0.0,0.0
2024-09-26,0.0,0.0,0.0,0,0.0,0.0,0.0,0.0,0.0,0.0,0.0,0.0,0.0,0.0
2024-09-27,0.0,0.0,0.0,0,0.0,0.0,0.0,0.0,0.0,0.0,0.0,0.0,0.0,0.0
2024-09-28,0.0,0.0,0.0,0,0.0,0.0,0.0,0.0,0.0,0.0,0.0,0.0,0.0,0.0
2024-09-29,0.0,0.0,0.0,0,0.0,0.0,0.0,0.0,0.0,0.0,0.0,0.0,0.0,0.0
2024-09-30,0.0,0.0,0.0,0,0.0,0.0,0.0,0.0,0.0,0.0,0.0,0.0,0.0,0.0
2024-10-01,0.0,0.0,0.0,0,0.0,0.0,0.0,0.0,0.0,0.0,0.0,0.0,0.0,0.0
2024-10-02,0.0,0.0,0.0,0,0.0,0.0,0.0,0.0,0.0,0.0,0.0,0.0,0.0,0.0
2024-10-03,0.0,0.0,0.0,0,0.0,0.0,0.0,0.0,0.0,0.0,0.0,0.0,0.0,0.0
2024-10-04,0.0,0.0,0.0,0,0.0,0.0,0.0,0.0,0.0,0.0,0.0,0.0,0.0,0.0
2024-10-05,0.0,0.0,0.0,0,0.0,0.0,0.0,0.0,0.0,0.0,0.0,0.0,0.0,0.0
2024-10-06,0.0,0.0,0.0,0,0.0,0.0,0.0,0.0,0.0,0.0,0.0,0.0,0.0,0.0
2024-10-07,0.0,0.0,0.0,0,0.0,0.0,0.0,0.0,0.0,0.0,0.0,0.0,0.0,0.0
2024-10-08,0.0,0.0,0.0,0,0.0,0.0,0.0,0.0,0.0,0.0,0.0,0.0,0.0,0.0
2024-10-09,0.0,0.0,0.0,0,0.0,0.0,0.0,0.0,0.0,0.0,0.0,0.0,0.0,0.0
2024-10-10,0.0,0.0,0.0,0,0.0,0.0,0.0,0.0,0.0,0.0,0.0,0.0,0.0,0.0
2024-10-11,0.0,0.0,0.0,0,0.0,0.0,0.0,0.0,0.0,0.0,0.0,0.0,0.0,0.0
2024-10-12,0.0,0.0,0.0,0,0.0,0.0,0.0,0.0,0.0,0.0,0.0,0.0,0.0,0.0
2024-10-13,0.0,0.0,0.0,0,0.0,0.0,0.0,0.0,0.0,0.0,0.0,0.0,0.0,0.0
2024-10-14,0.0,0.0,0.0,0,0.0,0.0,0.0,0.0,0.0,0.0,0.0,0.0,0.0,0.0
2024-10-15,0.0,0.0,0.0,0,0.0,0.0,0.0,0.0,0.0,0.0,0.0,0.0,0.0,0.0
2024-10-16,0.0,0.0,0.0,0,0.0,0.0,0.0,0.0,0.0,0.0,0.0,0.0,0.0,0.0
2024-10-17,0.0,0.0,0.0,0,0.0,0.0,0.0,0.0,0.0,0.0,0.0,0.0,0.0,0.0
2024-10-18,0.0,0.0,0.0,0,0.0,0.0,0.0,0.0,0.0,0.0,0.0,0.0,0.0,0.0
2024-10-19,0.0,0.0,0.0,0,0.0,0.0,0.0,0.0,0.0,0.0,0.0,0.0,0.0,0.0
2024-10-20,0.0,0.0,0.0,0,0.0,0.0,0.0,0.0,0.0,0.0,0.014756756756756757,0.0,0.0,0.0
2024-10-21,0.0,0.0,0.014756756756756757,0,0.06999999999999999,0.0,0.0,0.0,0.0,0.0,0.0,0.0,0.0,0.0
2024-10-22,0.0,0.0,0.0,0,0.0,0.0,0.0,0.0,0.0,0.0,0.0,0.0,0.06999999999999999,0.0
2024-10-23,0.0,0.0,0.0,0,0.0,0.0,0.0,0.0,0.0,0.0,0.0,0.0,0.0,0.0
2024-10-24,0.0,0.0,0.0,0,0.0,0.0,0.0,0.0,0.0,0.0,0.0,0.0,0.0,0.0
2024-10-25,0.0,0.0,0.0,0,0.0,0.0,0.0,0.0,0.0,0.0,0.0,0.0,0.0,0.0
2024-10-26,0.0,0.0,0.0,0,0.0,0.0,0.0,0.0,0.0,0.0,0.0,0.0,0.0,0.0
2024-10-27,0.0,0.0,0.0,0,0.0,0.0,0.0,0.0,0.0,0.0,0.0,0.0,0.0,0.0
2024-10-28,0.0,0.0,0.0,0,0.0,0.0,0.0,0.0,0.0,0.0,0.0,0.0,0.0,0.0
2024-10-29,0.0,0.0,0.0,0,0.0,0.0,0.0,0.0,0.0,0.0,0.0,0.0,0.0,0.0
2024-10-30,0.0,0.0,0.0,0,0.0,0.0,0.0011351351351351353,0.0,0.0,0.0,0.19335135135135137,0.0,0.0,0.0
2024-10-31,0.0011351351351351353,0.0,0.19335135135135137,1,1.7033333333333334,0.17885000000000004,0.0007567567567567568,0.0,0.0,0.0,0.0,0.0,0.0,0.0
2024-11-01,0.0007567567567567568,0.0,0.0,0,0.0,0.0,0.0007567567567567568,0.0011351351351351353,0.0,0.0,0.0,1.0,1.7033333333333334,0.17885000000000004
2024-11-02,0.0007567567567567568,0.0,0.0,0,0.0,0.0,0.0003783783783783784,0.0007567567567567568,0.0011351351351351353,0.0,0.009837837837837838,0.0,0.0,0.0
2024-11-03,0.0003783783783783784,0.0,0.009837837837837838,0,0.04666666666666667,0.0,0.0,0.0007567567567567568,0.0007567567567567568,0.0,0.009837837837837838,0.0,0.0,0.0
2024-11-04,0.0,0.0,0.009837837837837838,0,0.04666666666666667,0.0,0.0,0.0003783783783783784,0.0007567567567567568,0.07,0.06924324324324324,0.0,0.04666666666666667,0.0
2024-11-05,0.0,0.07,0.06924324324324324,0,0.35000000000000003,0.0,0.002810810810810811,0.0,0.0003783783783783784,0.0,0.4476216216216216,0.0,0.04666666666666667,0.0
2024-11-06,0.002810810810810811,0.0,0.4476216216216216,1,2.1233333333333335,0.41405000000000003,0.004216216216216216,0.0,0.0,0.0,0.20167567567567568,0.0,0.35000000000000003,0.0
2024-11-07,0.004216216216216216,0.0,0.20167567567567568,1,0.9566666666666667,0.18655000000000002,0.01054054054054054,0.002810810810810811,0.0,0.0,0.846054054054054,1.0,2.1233333333333335,0.41405000000000003
2024-11-08,0.01054054054054054,0.0,0.846054054054054,1,4.013333333333333,0.7826,0.015459459459459458,0.004216216216216216,0.002810810810810811,0.0,0.45254054054054055,1.0,0.9566666666666667,0.18655000000000002
2024-11-09,0.015459459459459458,0.0,0.45254054054054055,1,2.146666666666667,0.4186,0.014756756756756757,0.01054054054054054,0.004216216216216216,0.0,0.0,1.0,4.013333333333333,0.7826
2024-11-10,0.014756756756756757,0.0,0.0,0,0.0,0.0,0.012648648648648649,0.015459459459459458,0.01054054054054054,0.0,0.0,1.0,2.146666666666667,0.4186
2024-11-11,0.012648648648648649,0.0,0.0,0,0.0,0.0,0.011243243243243243,0.014756756756756757,0.015459459459459458,0.0,0.029513513513513515,0.0,0.0,0.0
2024-11-12,0.011243243243243243,0.0,0.029513513513513515,0,0.13999999999999999,0.0,0.009135135135135137,0.012648648648648649,0.014756756756756757,0.0,0.0,0.0,0.0,0.0
2024-11-13,0.009135135135135137,0.0,0.0,0,0.0,0.0,0.007027027027027027,0.011243243243243243,0.012648648648648649,0.0,0.0,0.0,0.13999999999999999,0.0
2024-11-14,0.007027027027027027,0.0,0.0,0,0.0,0.0,0.004918918918918919,0.009135135135135137,0.011243243243243243,0.0,0.0,0.0,0.0,0.0
2024-11-15,0.004918918918918919,0.0,0.0,0,0.0,0.0,0.0035135135135135136,0.007027027027027027,0.009135135135135137,0.0,0.0,0.0,0.0,0.0
2024-11-16,0.0035135135135135136,0.0,0.0,0,0.0,0.0,0.002108108108108108,0.004918918918918919,0.007027027027027027,0.0,0.0,0.0,0.0,0.0
2024-11-17,0.002108108108108108,0.0,0.0,0,0.0,0.0,0.0014054054054054054,0.0035135135135135136,0.004918918918918919,0.0,0.022702702702702703,0.0,0.0,0.0
2024-11-18,0.0014054054054054054,0.0,0.022702702702702703,0,0.13999999999999999,0.0,0.0007027027027027027,0.002108108108108108,0.0035135135135135136,0.0,0.04540540540540541,0.0,0.0,0.0
2024-11-19,0.0007027027027027027,0.0,0.04540540540540541,0,0.27999999999999997,0.0,0.001081081081081081,0.0014054054054054054,0.002108108108108108,0.525,0.1384864864864865,0.0,0.13999999999999999,0.0
2024-11-20,0.001081081081081081,0.525,0.1384864864864865,1,1.05,0.07350000000000001,0.004540540540540541,0.0007027027027027027,0.0014054054054054054,0.0,0.33297297297297296,0.0,0.27999999999999997,0.0
2024-11-21,0.004540540540540541,0.0,0.33297297297297296,1,1.2833333333333334,0.308,0.004054054054054053,0.001081081081081081,0.0007027027027027027,0.0,0.0,1.0,1.05,0.07350000000000001
2024-11-22,0.004054054054054053,0.0,0.0,0,0.0,0.0,0.0016216216216216215,0.004540540540540541,0.001081081081081081,0.0,0.0,1.0,1.2833333333333334,0.308
2024-11-23,0.0016216216216216215,0.0,0.0,0,0.0,0.0,0.0003783783783783784,0.004054054054054053,0.004540540540540541,0.0,0.029513513513513515,0.0,0.0,0.0
2024-11-24,0.0003783783783783784,0.0,0.029513513513513515,0,0.13999999999999999,0.0,0.001081081081081081,0.0016216216216216215,0.004054054054054053,0.0,0.029513513513513515,0.0,0.0,0.0
2024-11-25,0.001081081081081081,0.0,0.029513513513513515,0,0.13999999999999999,0.0,0.001081081081081081,0.0003783783783783784,0.0016216216216216215,0.0,0.0,0.0,0.13999999999999999,0.0
2024-11-26,0.001081081081081081,0.0,0.0,0,0.0,0.0,0.003891891891891892,0.001081081081081081,0.0003783783783783784,0.0,0.4476216216216216,0.0,0.13999999999999999,0.0
2024-11-27,0.003891891891891892,0.0,0.4476216216216216,1,2.1233333333333335,0.41405000000000003,0.003891891891891892,0.001081081081081081,0.001081081081081081,0.0,0.007945945945945946,0.0,0.0,0.0
2024-11-28,0.003891891891891892,0.0,0.007945945945945946,0,0.06999999999999999,0.0,0.003891891891891892,0.003891891891891892,0.001081081081081081,0.0,0.0,1.0,2.1233333333333335,0.41405000000000003
2024-11-29,0.003891891891891892,0.0,0.0,0,0.0,0.0,0.0031891891891891893,0.003891891891891892,0.003891891891891892,0.0,0.0,0.0,0.06999999999999999,0.0
2024-11-30,0.0031891891891891893,0.0,0.0,0,0.0,0.0,0.0031891891891891893,0.003891891891891892,0.003891891891891892,0.0,0.0,0.0,0.0,0.0
2024-12-01,0.0031891891891891893,0.0,0.0,0,0.0,0.0,0.0024864864864864865,0.0031891891891891893,0.003891891891891892,0.0,0.01854054054054054,0.0,0.0,0.0
2024-12-02,0.0024864864864864865,0.0,0.01854054054054054,0,0.16333333333333333,0.0,0.001783783783783784,0.0031891891891891893,0.0031891891891891893,0.035,0.01627027027027027,0.0,0.0,0.0
2024-12-03,0.001783783783783784,0.035,0.01627027027027027,0,0.11666666666666668,0.0,0.002162162162162162,0.0024864864864864865,0.0031891891891891893,0.0,0.024216216216216217,0.0,0.16333333333333333,0.0
2024-12-04,0.002162162162162162,0.0,0.024216216216216217,0,0.09333333333333334,0.0,0.0029189189189189188,0.001783783783783784,0.0024864864864864865,0.9450000000000001,0.15172972972972973,0.0,0.11666666666666668,0.0
2024-12-05,0.0029189189189189188,0.9450000000000001,0.15172972972972973,1,1.0733333333333335,0.04655000000000001,0.0022702702702702706,0.002162162162162162,0.001783783783783784,0.0,0.0,0.0,0.09333333333333334,0.0
2024-12-06,0.0022702702702702706,0.0,0.0,0,0.0,0.0,0.0011891891891891893,0.0029189189189189188,0.002162162162162162,0.0,0.0,1.0,1.0733333333333335,0.04655000000000001
2024-12-07,0.0011891891891891893,0.0,0.0,0,0.0,0.0,0.0011891891891891893,0.0022702702702702706,0.0029189189189189188,0.0,0.033297297297297294,0.0,0.0,0.0
2024-12-08,0.0011891891891891893,0.0,0.033297297297297294,0,0.25666666666666665,0.0,0.0011891891891891893,0.0011891891891891893,0.0022702702702702706,0.0,0.014756756756756757,0.0,0.0,0.0
2024-12-09,0.0011891891891891893,0.0,0.014756756756756757,0,0.06999999999999999,0.0,0.0015135135135135136,0.0011891891891891893,0.0011891891891891893,0.0,0.0,0.0,0.25666666666666665,0.0
2024-12-10,0.0015135135135135136,0.0,0.0,0,0.0,0.0,0.001081081081081081,0.0011891891891891893,0.0011891891891891893,0.21,0.054864864864864867,0.0,0.06999999999999999,0.0
2024-12-11,0.001081081081081081,0.21,0.054864864864864867,0,0.3033333333333333,0.0,0.0003783783783783784,0.0015135135135135136,0.0011891891891891893,0.0,0.0,0.0,0.0,0.0
2024-12-12,0.0003783783783783784,0.0,0.0,0,0.0,0.0,0.0003783783783783784,0.001081081081081081,0.0015135135135135136,0.0,0.0,0.0,0.3033333333333333,0.0
2024-12-13,0.0003783783783783784,0.0,0.0,0,0.0,0.0,0.0011351351351351353,0.0003783783783783784,0.001081081081081081,0.385,0.10102702702702702,0.0,0.0,0.0
2024-12-14,0.0011351351351351353,0.385,0.10102702702702702,0,0.56,0.0,0.0011351351351351353,0.0003783783783783784,0.0003783783783783784,0.0,0.004540540540540541,0.0,0.0,0.0
2024-12-15,0.0011351351351351353,0.0,0.004540540540540541,0,0.023333333333333334,0.0,0.0007567567567567568,0.0011351351351351353,0.0003783783783783784,0.175,0.03140540540540541,0.0,0.56,0.0
2024-12-16,0.0007567567567567568,0.175,0.03140540540540541,0,0.2333333333333333,0.0,0.0007567567567567568,0.0011351351351351353,0.0011351351351351353,0.0,0.005297297297297298,0.0,0.023333333333333334,0.0
2024-12-17,0.0007567567567567568,0.0,0.005297297297297298,0,0.04666666666666667,0.0,0.0007567567567567568,0.0007567567567567568,0.0011351351351351353,0.0,0.04237837837837837,0.0,0.2333333333333333,0.0
2024-12-18,0.0007567567567567568,0.0,0.04237837837837837,0,0.16333333333333333,0.0,0.004378378378378379,0.0007567567567567568,0.0007567567567567568,0.63,0.30762162162162165,0.0,0.04666666666666667,0.0
2024-12-19,0.004378378378378379,0.63,0.30762162162162165,2,2.17,0.28455,0.00654054054054054,0.0007567567567567568,0.0007567567567567568,0.945,0.42529729729729726,0.0,0.16333333333333333,0.0
2024-12-20,0.00654054054054054,0.945,0.42529729729729726,2,2.6366666666666663,0.33599999999999997,0.008972972972972972,0.004378378378378379,0.0007567567567567568,1.33,0.3023243243243243,2.0,2.17,0.28455
2024-12-21,0.008972972972972972,1.33,0.3023243243243243,2,2.03,0.27965,0.008594594594594595,0.00654054054054054,0.004378378378378379,0.0,0.0,2.0,2.6366666666666663,0.33599999999999997
2024-12-22,0.008594594594594595,0.0,0.0,0,0.0,0.0,0.007945945945945946,0.008972972972972972,0.00654054054054054,0.0,0.10594594594594595,2.0,2.03,0.27965
2024-12-23,0.007945945945945946,0.0,0.10594594594594595,1,0.9333333333333332,0.098,0.00854054054054054,0.008594594594594595,0.008972972972972972,0.8049999999999999,0.14567567567567566,0.0,0.0,0.0
2024-12-24,0.00854054054054054,0.8049999999999999,0.14567567567567566,2,0.98,0.11795,0.00854054054054054,0.007945945945945946,0.008594594594594595,0.0,0.0,1.0,0.9333333333333332,0.098
2024-12-25,0.00854054054054054,0.0,0.0,0,0.0,0.0,0.00854054054054054,0.00854054054054054,0.007945945945945946,0.0,0.0,2.0,0.98,0.11795
2024-12-26,0.00854054054054054,0.0,0.0,0,0.0,0.0,0.006486486486486486,0.00854054054054054,0.00854054054054054,0.0,0.0,0.0,0.0,0.0
2024-12-27,0.006486486486486486,0.0,0.0,0,0.0,0.0,0.004486486486486486,0.00854054054054054,0.00854054054054054,0.0,0.0,0.0,0.0,0.0
2024-12-28,0.004486486486486486,0.0,0.0,0,0.0,0.0,0.0026486486486486482,0.006486486486486486,0.00854054054054054,0.0,0.0,0.0,0.0,0.0
2024-12-29,0.0026486486486486482,0.0,0.0,0,0.0,0.0,0.0011891891891891893,0.004486486486486486,0.006486486486486486,0.0,0.0,0.0,0.0,0.0
2024-12-30,0.0011891891891891893,0.0,0.0,0,0.0,0.0,0.0007567567567567568,0.0026486486486486482,0.004486486486486486,0.0,0.0,0.0,0.0,0.0
2024-12-31,0.0007567567567567568,0.0,0.0,0,0.0,0.0,0.0007567567567567568,0.0011891891891891893,0.0026486486486486482,0.07,0.048810810810810804,0.0,0.0,0.0
2025-01-01,0.0007567567567567568,0.07,0.048810810810810804,0,0.28,0.0,0.0007567567567567568,0.0007567567567567568,0.0011891891891891893,0.0,0.012108108108108109,0.0,0.0,0.0
2025-01-02,0.0007567567567567568,0.0,0.012108108108108109,0,0.04666666666666667,0.0,0.0003783783783783784,0.0007567567567567568,0.0007567567567567568,0.0,0.0,0.0,0.28,0.0
2025-01-03,0.0003783783783783784,0.0,0.0,0,0.0,0.0,0.001081081081081081,0.0007567567567567568,0.0007567567567567568,0.0,0.07378378378378378,0.0,0.04666666666666667,0.0
2025-01-04,0.001081081081081081,0.0,0.07378378378378378,1,0.35000000000000003,0.06825,0.003351351351351351,0.0003783783783783784,0.0007567567567567568,0.105,0.05259459459459459,0.0,0.0,0.0
2025-01-05,0.003351351351351351,0.105,0.05259459459459459,0,0.2333333333333333,0.0,0.006432432432432433,0.001081081081081081,0.0003783783783783784,1.295,0.3738378378378378,1.0,0.35000000000000003,0.06825
2025-01-06,0.006432432432432433,1.295,0.3738378378378378,3,1.7266666666666666,0.32759999999999995,0.009243243243243241,0.003351351351351351,0.001081081081081081,0.07,0.2137837837837838,0.0,0.2333333333333333,0.0
2025-01-07,0.009243243243243241,0.07,0.2137837837837838,1,1.0266666666666666,0.1911,0.008216216216216215,0.006432432432432433,0.003351351351351351,0.0,0.0,3.0,1.7266666666666666,0.32759999999999995
2025-01-08,0.008216216216216215,0.0,0.0,0,0.0,0.0,0.0019459459459459458,0.009243243243243241,0.006432432432432433,1.2950000000000002,1.0795135135135134,1.0,1.0266666666666666,0.1911
2025-01-09,0.0019459459459459458,1.2950000000000002,1.0795135135135134,2,4.55,0.9751000000000001,0.004756756756756757,0.008216216216216215,0.009243243243243241,2.6950000000000003,1.2652972972972971,0.0,0.0,0.0
2025-01-10,0.004756756756756757,2.6950000000000003,1.2652972972972971,4,3.7566666666666664,1.15325,0.004756756756756757,0.0019459459459459458,0.008216216216216215,1.085,0.2943783783783783,2.0,4.55,0.9751000000000001
2025-01-11,0.004756756756756757,1.085,0.2943783783783783,3,1.5866666666666667,0.20755,0.003351351351351351,0.004756756756756757,0.0019459459459459458,0.595,0.17972972972972973,4.0,3.7566666666666664,1.15325
2025-01-12,0.003351351351351351,0.595,0.17972972972972973,2,1.0733333333333333,0.16625,0.002648648648648649,0.004756756756756757,0.004756756756756757,0.0,0.0,3.0,1.5866666666666667,0.20755
2025-01-13,0.002648648648648649,0.0,0.0,0,0.0,0.0,0.009837837837837838,0.003351351351351351,0.004756756756756757,0.0,0.07264864864864864,2.0,1.0733333333333333,0.16625
2025-01-14,0.009837837837837838,0.0,0.07264864864864864,0,0.27999999999999997,0.0,0.01745945945945946,0.002648648648648649,0.003351351351351351,0.035,0.007945945945945946,0.0,0.0,0.0
2025-01-15,0.01745945945945946,0.035,0.007945945945945946,0,0.07,0.0,0.012918918918918922,0.009837837837837838,0.002648648648648649,0.28,0.05297297297297298,0.0,0.27999999999999997,0.0
2025-01-16,0.012918918918918922,0.28,0.05297297297297298,0,0.28,0.0,0.009837837837837838,0.01745945945945946,0.009837837837837838,0.07,0.02572972972972973,0.0,0.07,0.0
2025-01-17,0.009837837837837838,0.07,0.02572972972972973,0,0.14,0.0,0.01,0.012918918918918922,0.01745945945945946,0.0,0.19675675675675675,0.0,0.28,0.0
2025-01-18,0.01,0.0,0.19675675675675675,1,0.9333333333333332,0.182,0.01254054054054054,0.009837837837837838,0.012918918918918922,3.92,0.6583783783783783,0.0,0.14,0.0
2025-01-19,0.01254054054054054,3.92,0.6583783783783783,3,4.503333333333333,0.60445,0.01454054054054054,0.01,0.009837837837837838,0.525,0.17140540540540541,1.0,0.9333333333333332,0.182
2025-01-20,0.01454054054054054,0.525,0.17140540540540541,1,1.1199999999999999,0.09240000000000001,0.016216216216216214,0.01254054054054054,0.01,0.8049999999999999,0.2694054054054054,3.0,4.503333333333333,0.60445
2025-01-21,0.016216216216216214,0.8049999999999999,0.2694054054054054,2,1.0033333333333334,0.2107,0.016378378378378376,0.01454054054054054,0.01254054054054054,0.10500000000000001,0.0681081081081081,1.0,1.1199999999999999,0.09240000000000001
2025-01-22,0.016378378378378376,0.10500000000000001,0.0681081081081081,0,0.28,0.0,0.016378378378378376,0.016216216216216214,0.01454054054054054,0.0,0.06659459459459459,2.0,1.0033333333333334,0.2107
2025-01-23,0.016378378378378376,0.0,0.06659459459459459,0,0.25666666666666665,0.0,0.015567567567567567,0.016378378378378376,0.016216216216216214,0.0,0.002648648648648649,0.0,0.28,0.0
2025-01-24,0.015567567567567567,0.0,0.002648648648648649,0,0.023333333333333334,0.0,0.015081081081081079,0.016378378378378376,0.016378378378378376,0.21,0.12902702702702704,0.0,0.25666666666666665,0.0
2025-01-25,0.015081081081081079,0.21,0.12902702702702704,1,0.6766666666666667,0.10465,0.01237837837837838,0.015567567567567567,0.016378378378378376,0.0,0.0,0.0,0.023333333333333334,0.0
2025-01-26,0.01237837837837838,0.0,0.0,0,0.0,0.0,0.012000000000000002,0.015081081081081079,0.015567567567567567,0.0,0.010594594594594596,1.0,0.6766666666666667,0.10465
2025-01-27,0.012000000000000002,0.0,0.010594594594594596,0,0.09333333333333334,0.0,0.01118918918918919,0.01237837837837838,0.015081081081081079,0.0,0.0,0.0,0.0,0.0
2025-01-28,0.01118918918918919,0.0,0.0,0,0.0,0.0,0.009027027027027026,0.012000000000000002,0.01237837837837838,0.0,0.09383783783783783,0.0,0.09333333333333334,0.0
2025-01-29,0.009027027027027026,0.0,0.09383783783783783,1,0.7233333333333333,0.0868,0.007297297297297298,0.01118918918918919,0.012000000000000002,0.07,0.07491891891891891,0.0,0.0,0.0
2025-01-30,0.007297297297297298,0.07,0.07491891891891891,0,0.37333333333333335,0.0,0.005297297297297298,0.009027027027027026,0.01118918918918919,0.0,0.0,1.0,0.7233333333333333,0.0868
2025-01-31,0.005297297297297298,0.0,0.0,0,0.0,0.0,0.004,0.007297297297297298,0.009027027027027026,0.56,0.09421621621621622,0.0,0.37333333333333335,0.0
2025-02-01,0.004,0.56,0.09421621621621622,0,0.6766666666666667,0.0,0.005891891891891892,0.005297297297297298,0.007297297297297298,2.1,0.6523243243243243,0.0,0.0,0.0
2025-02-02,0.005891891891891892,2.1,0.6523243243243243,2,3.4766666666666666,0.5173000000000001,0.00837837837837838,0.004,0.005297297297297298,0.7,0.18010810810810812,0.0,0.6766666666666667,0.0
2025-02-03,0.00837837837837838,0.7,0.18010810810810812,1,1.2366666666666666,0.09240000000000001,0.006594594594594594,0.005891891891891892,0.004,0.035,0.021945945945945945,2.0,3.4766666666666666,0.5173000000000001
2025-02-04,0.006594594594594594,0.035,0.021945945945945945,0,0.13999999999999999,0.0,0.00691891891891892,0.00837837837837838,0.005891891891891892,0.385,0.126,1.0,1.2366666666666666,0.09240000000000001
2025-02-05,0.00691891891891892,0.385,0.126,1,0.7700000000000001,0.07700000000000001,0.013567567567567567,0.006594594594594594,0.00837837837837838,3.92,0.7692432432432432,0.0,0.13999999999999999,0.0
2025-02-06,0.013567567567567567,3.92,0.7692432432432432,4,4.2,0.6895,0.012,0.00691891891891892,0.006594594594594594,0.0,0.003027027027027027,1.0,0.7700000000000001,0.07700000000000001
2025-02-07,0.012,0.0,0.003027027027027027,0,0.023333333333333334,0.0,0.014864864864864864,0.013567567567567567,0.00691891891891892,3.64,0.8494594594594594,4.0,4.2,0.6895
2025-02-08,0.014864864864864864,3.64,0.8494594594594594,5,3.8733333333333335,0.74935,0.024324324324324322,0.012,0.013567567567567567,1.33,0.5391891891891892,0.0,0.023333333333333334,0.0
2025-02-09,0.024324324324324322,1.33,0.5391891891891892,2,3.8033333333333332,0.45080000000000003,0.023945945945945943,0.014864864864864864,0.012,0.0,0.007945945945945946,5.0,3.8733333333333335,0.74935
2025-02-10,0.023945945945945943,0.0,0.007945945945945946,0,0.06999999999999999,0.0,0.023027027027027025,0.024324324324324322,0.014864864864864864,0.875,0.20394594594594595,2.0,3.8033333333333332,0.45080000000000003
2025-02-11,0.023027027027027025,0.875,0.20394594594594595,1,1.0266666666666666,0.0798,0.0327027027027027,0.023945945945945943,0.024324324324324322,3.29,0.9417837837837837,0.0,0.06999999999999999,0.0
2025-02-12,0.0327027027027027,3.29,0.9417837837837837,4,4.083333333333333,0.8379,0.03367567567567568,0.023027027027027025,0.023945945945945943,0.63,0.18540540540540537,1.0,1.0266666666666666,0.0798
2025-02-13,0.03367567567567568,0.63,0.18540540540540537,1,1.0033333333333332,0.07,0.027729729729729726,0.0327027027027027,0.023027027027027025,1.0150000000000001,0.3772432432432432,4.0,4.083333333333333,0.8379
2025-02-14,0.027729729729729726,1.0150000000000001,0.3772432432432432,2,1.7033333333333334,0.29295000000000004,0.029945945945945948,0.03367567567567568,0.0327027027027027,2.065,0.6269729729729729,1.0,1.0033333333333332,0.07
2025-02-15,0.029945945945945948,2.065,0.6269729729729729,4,2.5433333333333334,0.49665000000000004,0.03329729729729729,0.027729729729729726,0.03367567567567568,0.21,0.3783783783783784,2.0,1.7033333333333334,0.29295000000000004
2025-02-16,0.03329729729729729,0.21,0.3783783783783784,1,2.776666666666667,0.3164,0.028432432432432427,0.029945945945945948,0.027729729729729726,0.0,0.029513513513513515,4.0,2.5433333333333334,0.49665000000000004
2025-02-17,0.028432432432432427,0.0,0.029513513513513515,0,0.13999999999999999,0.0,0.025837837837837833,0.03329729729729729,0.029945945945945948,0.0,0.004918918918918919,1.0,2.776666666666667,0.3164
2025-02-18,0.025837837837837833,0.0,0.004918918918918919,0,0.023333333333333334,0.0,0.026324324324324324,0.028432432432432427,0.03329729729729729,0.035,0.04010810810810811,0.0,0.13999999999999999,0.0
2025-02-19,0.026324324324324324,0.035,0.04010810810810811,0,0.25666666666666665,0.0,0.027405405405405408,0.025837837837837833,0.028432432432432427,0.63,0.15854054054054054,0.0,0.023333333333333334,0.0
2025-02-20,0.027405405405405408,0.63,0.15854054054054054,1,0.7933333333333333,0.0504,0.02745945945945946,0.026324324324324324,0.025837837837837833,0.0,0.2115135135135135,0.0,0.25666666666666665,0.0
2025-02-21,0.02745945945945946,0.0,0.2115135135135135,1,1.0033333333333332,0.19565,0.024864864864864864,0.027405405405405408,0.026324324324324324,0.0,0.0,1.0,0.7933333333333333,0.0504
2025-02-22,0.024864864864864864,0.0,0.0,0,0.0,0.0,0.023297297297297296,0.02745945945945946,0.027405405405405408,0.0,0.0,1.0,1.0033333333333332,0.19565
2025-02-23,0.023297297297297296,0.0,0.0,0,0.0,0.0,0.01772972972972973,0.024864864864864864,0.02745945945945946,0.0,0.0,0.0,0.0,0.0
2025-02-24,0.01772972972972973,0.0,0.0,0,0.0,0.0,0.010054054054054054,0.023297297297297296,0.024864864864864864,0.0,0.0,0.0,0.0,0.0
2025-02-25,0.010054054054054054,0.0,0.0,0,0.0,0.0,0.005135135135135136,0.01772972972972973,0.023297297297297296,0.0,0.12713513513513514,0.0,0.0,0.0
2025-02-26,0.005135135135135136,0.0,0.12713513513513514,1,0.49,0.1176,0.0029729729729729725,0.010054054054054054,0.01772972972972973,0.0,0.003027027027027027,0.0,0.0,0.0
2025-02-27,0.0029729729729729725,0.0,0.003027027027027027,0,0.023333333333333334,0.0,0.001297297297297297,0.005135135135135136,0.010054054054054054,0.0,0.0,1.0,0.49,0.1176
2025-02-28,0.001297297297297297,0.0,0.0,0,0.0,0.0,0.0008648648648648649,0.0029729729729729725,0.005135135135135136,0.0,0.0,0.0,0.023333333333333334,0.0
2025-03-01,0.0008648648648648649,0.0,0.0,0,0.0,0.0,0.00043243243243243243,0.001297297297297297,0.0029729729729729725,0.0,0.0,0.0,0.0,0.0
2025-03-02,0.00043243243243243243,0.0,0.0,0,0.0,0.0,0.00043243243243243243,0.0008648648648648649,0.001297297297297297,0.315,0.1048108108108108,0.0,0.0,0.0
2025-03-03,0.00043243243243243243,0.315,0.1048108108108108,0,0.44333333333333336,0.0,0.0008108108108108108,0.00043243243243243243,0.0008648648648648649,0.385,0.17064864864864865,0.0,0.0,0.0
2025-03-04,0.0008108108108108108,0.385,0.17064864864864865,1,1.2833333333333334,0.1078,0.004216216216216217,0.00043243243243243243,0.00043243243243243243,0.49,0.6303783783783784,0.0,0.44333333333333336,0.0
2025-03-05,0.004216216216216217,0.49,0.6303783783783784,1,5.133333333333334,0.5047,0.0034054054054054052,0.0008108108108108108,0.00043243243243243243,0.0,0.12297297297297297,1.0,1.2833333333333334,0.1078
2025-03-06,0.0034054054054054052,0.0,0.12297297297297297,1,0.5833333333333334,0.11375,0.004972972972972973,0.004216216216216217,0.0008108108108108108,0.665,0.24481081081081085,1.0,5.133333333333334,0.5047
2025-03-07,0.004972972972972973,0.665,0.24481081081081085,2,1.0266666666666666,0.22645000000000004,0.003891891891891892,0.0034054054054054052,0.004216216216216217,0.0,0.0,1.0,0.5833333333333334,0.11375
2025-03-08,0.003891891891891892,0.0,0.0,0,0.0,0.0,0.003135135135135135,0.004972972972972973,0.0034054054054054052,0.0,0.0,2.0,1.0266666666666666,0.22645000000000004
2025-03-09,0.003135135135135135,0.0,0.0,0,0.0,0.0,0.0015135135135135136,0.003891891891891892,0.004972972972972973,0.0,0.0,0.0,0.0,0.0
2025-03-10,0.0015135135135135136,0.0,0.0,0,0.0,0.0,0.0003783783783783784,0.003135135135135135,0.003891891891891892,0.0,0.0,0.0,0.0,0.0
2025-03-11,0.0003783783783783784,0.0,0.0,0,0.0,0.0,0.0003783783783783784,0.0015135135135135136,0.003135135135135135,0.0,0.0,0.0,0.0,0.0
2025-03-12,0.0003783783783783784,0.0,0.0,0,0.0,0.0,0.0003783783783783784,0.0003783783783783784,0.0015135135135135136,0.035,0.04464864864864865,0.0,0.0,0.0
2025-03-13,0.0003783783783783784,0.035,0.04464864864864865,0,0.28,0.0,0.0,0.0003783783783783784,0.0003783783783783784,0.21,0.08891891891891891,0.0,0.0,0.0
2025-03-14,0.0,0.21,0.08891891891891891,0,0.44333333333333336,0.0,0.0,0.0003783783783783784,0.0003783783783783784,0.035,0.11086486486486487,0.0,0.28,0.0
2025-03-15,0.0,0.035,0.11086486486486487,1,0.6766666666666666,0.098,0.002594594594594594,0.0,0.0003783783783783784,0.21,0.5002162162162161,0.0,0.44333333333333336,0.0
2025-03-16,0.002594594594594594,0.21,0.5002162162162161,1,2.0066666666666664,0.44799999999999995,0.002594594594594594,0.0,0.0,0.0,0.007567567567567568,1.0,0.6766666666666666,0.098
2025-03-17,0.002594594594594594,0.0,0.007567567567567568,0,0.04666666666666667,0.0,0.0008648648648648649,0.002594594594594594,0.0,0.245,0.0892972972972973,1.0,2.0066666666666664,0.44799999999999995
2025-03-18,0.0008648648648648649,0.245,0.0892972972972973,0,0.46666666666666673,0.0,0.0007027027027027027,0.002594594594594594,0.002594594594594594,0.105,0.08664864864864864,0.0,0.04666666666666667,0.0
2025-03-19,0.0007027027027027027,0.105,0.08664864864864864,1,0.44333333333333336,0.0728,0.003297297297297297,0.0008648648648648649,0.002594594594594594,0.0,0.29664864864864865,0.0,0.46666666666666673,0.0
2025-03-20,0.003297297297297297,0.0,0.29664864864864865,1,1.1433333333333333,0.27440000000000003,0.0017297297297297297,0.0007027027027027027,0.0008648648648648649,0.0,0.0,1.0,0.44333333333333336,0.0728
2025-03-21,0.0017297297297297297,0.0,0.0,0,0.0,0.0,0.0008648648648648649,0.003297297297297297,0.0007027027027027027,0.0,0.0,1.0,1.1433333333333333,0.27440000000000003
2025-03-22,0.0008648648648648649,0.0,0.0,0,0.0,0.0,0.0,0.0017297297297297297,0.003297297297297297,0.0,0.0,0.0,0.0,0.0
2025-03-23,0.0,0.0,0.0,0,0.0,0.0,0.0,0.0008648648648648649,0.0017297297297297297,0.0,0.00908108108108108,0.0,0.0,0.0
2025-03-24,0.0,0.0,0.00908108108108108,0,0.06999999999999999,0.0,0.0,0.0,0.0008648648648648649,0.0,0.0,0.0,0.0,0.0
2025-03-25,0.0,0.0,0.0,0,0.0,0.0,0.0,0.0,0.0,0.0,0.030270270270270266,0.0,0.06999999999999999,0.0
2025-03-26,0.0,0.0,0.030270270270270266,0,0.11666666666666665,0.0,0.0,0.0,0.0,0.0,0.003027027027027027,0.0,0.0,0.0
2025-03-27,0.0,0.0,0.003027027027027027,0,0.023333333333333334,0.0,0.0,0.0,0.0,0.0,0.030270270270270266,0.0,0.11666666666666665,0.0
2025-03-28,0.0,0.0,0.030270270270270266,0,0.2333333333333333,0.0,0.0,0.0,0.0,0.0,0.0,0.0,0.023333333333333334,0.0
2025-03-29,0.0,0.0,0.0,0,0.0,0.0,0.0029189189189189188,0.0,0.0,1.015,0.32275675675675675,0.0,0.2333333333333333,0.0
2025-03-30,0.0029189189189189188,1.015,0.32275675675675675,2,1.843333333333333,0.29855,0.0022162162162162164,0.0,0.0,0.0,0.0,0.0,0.0,0.0
2025-03-31,0.0022162162162162164,0.0,0.0,0,0.0,0.0,0.001891891891891892,0.0029189189189189188,0.0,0.455,0.22816216216216217,2.0,1.843333333333333,0.29855
2025-04-01,0.001891891891891892,0.455,0.22816216216216217,1,1.75,0.1519,0.0022702702702702706,0.0022162162162162164,0.0029189189189189188,0.14,0.054864864864864867,0.0,0.0,0.0
2025-04-02,0.0022702702702702706,0.14,0.054864864864864867,0,0.42,0.0,0.003027027027027027,0.001891891891891892,0.0022162162162162164,0.07,0.07454054054054053,1.0,1.75,0.1519
2025-04-03,0.003027027027027027,0.07,0.07454054054054053,0,0.37333333333333335,0.0,0.0018378378378378379,0.0022702702702702706,0.001891891891891892,0.0,0.04427027027027027,0.0,0.42,0.0
2025-04-04,0.0018378378378378379,0.0,0.04427027027027027,0,0.21,0.0,0.0014594594594594594,0.003027027027027027,0.0022702702702702706,0.0,0.004918918918918919,0.0,0.37333333333333335,0.0
2025-04-05,0.0014594594594594594,0.0,0.004918918918918919,0,0.023333333333333334,0.0,0.0003783783783783784,0.0018378378378378379,0.003027027027027027,0.0,0.0,0.0,0.21,0.0
2025-04-06,0.0003783783783783784,0.0,0.0,0,0.0,0.0,0.0003783783783783784,0.0014594594594594594,0.0018378378378378379,0.105,0.03632432432432432,0.0,0.023333333333333334,0.0
2025-04-07,0.0003783783783783784,0.105,0.03632432432432432,0,0.21,0.0,0.0003783783783783784,0.0003783783783783784,0.0014594594594594594,0.0,0.0,0.0,0.0,0.0
2025-04-08,0.0003783783783783784,0.0,0.0,0,0.0,0.0,0.0,0.0003783783783783784,0.0003783783783783784,0.0,0.0,0.0,0.21,0.0
2025-04-09,0.0,0.0,0.0,0,0.0,0.0,0.0,0.0003783783783783784,0.0003783783783783784,0.0,0.0,0.0,0.0,0.0
2025-04-10,0.0,0.0,0.0,0,0.0,0.0,0.00043243243243243243,0.0,0.0003783783783783784,0.0,0.03632432432432432,0.0,0.0,0.0
2025-04-11,0.00043243243243243243,0.0,0.03632432432432432,0,0.27999999999999997,0.0,0.002108108108108108,0.0,0.0,1.085,0.43475675675675673,0.0,0.0,0.0
2025-04-12,0.002108108108108108,1.085,0.43475675675675673,2,3.3833333333333333,0.38535,0.0016756756756756755,0.00043243243243243243,0.0,0.0,0.0,0.0,0.27999999999999997,0.0
2025-04-13,0.0016756756756756755,0.0,0.0,0,0.0,0.0,0.00043243243243243243,0.002108108108108108,0.00043243243243243243,0.0,0.04427027027027027,2.0,3.3833333333333333,0.38535
2025-04-14,0.00043243243243243243,0.0,0.04427027027027027,0,0.21,0.0,0.0,0.0016756756756756755,0.002108108108108108,0.0,0.0,0.0,0.0,0.0
2025-04-15,0.0,0.0,0.0,0,0.0,0.0,0.0,0.00043243243243243243,0.0016756756756756755,0.0,0.0,0.0,0.21,0.0
2025-04-16,0.0,0.0,0.0,0,0.0,0.0,0.0,0.0,0.00043243243243243243,0.0,0.0,0.0,0.0,0.0
2025-04-17,0.0,0.0,0.0,0,0.0,0.0,0.0007027027027027027,0.0,0.0,0.0,0.1278918918918919,0.0,0.0,0.0
2025-04-18,0.0007027027027027027,0.0,0.1278918918918919,1,0.6066666666666667,0.1183,0.0014054054054054054,0.0,0.0,0.0,0.0,0.0,0.0,0.0
2025-04-19,0.0014054054054054054,0.0,0.0,0,0.0,0.0,0.0007027027027027027,0.0007027027027027027,0.0,0.0,0.0,1.0,0.6066666666666667,0.1183
2025-04-20,0.0007027027027027027,0.0,0.0,0,0.0,0.0,0.0,0.0014054054054054054,0.0007027027027027027,0.0,0.0,0.0,0.0,0.0
2025-04-21,0.0,0.0,0.0,0,0.0,0.0,0.0,0.0007027027027027027,0.0014054054054054054,0.0,0.0,0.0,0.0,0.0
2025-04-22,0.0,0.0,0.0,0,0.0,0.0,0.0,0.0,0.0007027027027027027,0.0,0.0,0.0,0.0,0.0
2025-04-23,0.0,0.0,0.0,0,0.0,0.0,0.0,0.0,0.0,0.0,0.0,0.0,0.0,0.0
2025-04-24,0.0,0.0,0.0,0,0.0,0.0,0.0,0.0,0.0,0.0,0.0,0.0,0.0,0.0
2025-04-25,0.0,0.0,0.0,0,0.0,0.0,0.0,0.0,0.0,0.0,0.0,0.0,0.0,0.0
2025-04-26,0.0,0.0,0.0,0,0.0,0.0,0.0,0.0,0.0,0.0,0.0,0.0,0.0,0.0
2025-04-27,0.0,0.0,0.0,0,0.0,0.0,0.0,0.0,0.0,0.0,0.0,0.0,0.0,0.0
2025-04-28,0.0,0.0,0.0,0,0.0,0.0,0.0,0.0,0.0,0.0,0.0,0.0,0.0,0.0
2025-04-29,0.0,0.0,0.0,0,0.0,0.0,0.0,0.0,0.0,0.0,0.0,0.0,0.0,0.0
2025-04-30,0.0,0.0,0.0,0,0.0,0.0,0.0,0.0,0.0,0.0,0.0,0.0,0.0,0.0
2025-05-01,0.0,0.0,0.0,0,0.0,0.0,0.0,0.0,0.0,0.0,0.0,0.0,0.0,0.0
2025-05-02,0.0,0.0,0.0,0,0.0,0.0,0.0,0.0,0.0,0.0,0.0,0.0,0.0,0.0
2025-05-03,0.0,0.0,0.0,0,0.0,0.0,0.0,0.0,0.0,0.0,0.0,0.0,0.0,0.0
2025-05-04,0.0,0.0,0.0,0,0.0,0.0,0.0,0.0,0.0,0.0,0.0,0.0,0.0,0.0
2025-05-05,0.0,0.0,0.0,0,0.0,0.0,0.0,0.0,0.0,0.0,0.0,0.0,0.0,0.0
2025-05-06,0.0,0.0,0.0,0,0.0,0.0,0.0,0.0,0.0,0.0,0.0,0.0,0.0,0.0
2025-05-07,0.0,0.0,0.0,0,0.0,0.0,0.0,0.0,0.0,0.0,0.0,0.0,0.0,0.0
2025-05-08,0.0,0.0,0.0,0,0.0,0.0,0.0,0.0,0.0,0.0,0.0,0.0,0.0,0.0
2025-05-09,0.0,0.0,0.0,0,0.0,0.0,0.0,0.0,0.0,0.0,0.0,0.0,0.0,0.0
2025-05-10,0.0,0.0,0.0,0,0.0,0.0,0.0,0.0,0.0,0.0,0.0,0.0,0.0,0.0
2025-05-11,0.0,0.0,0.0,0,0.0,0.0,0.0,0.0,0.0,0.0,0.0,0.0,0.0,0.0
2025-05-12,0.0,0.0,0.0,0,0.0,0.0,0.0,0.0,0.0,0.0,0.0,0.0,0.0,0.0
2025-05-13,0.0,0.0,0.0,0,0.0,0.0,0.0,0.0,0.0,0.0,0.0,0.0,0.0,0.0
2025-05-14,0.0,0.0,0.0,0,0.0,0.0,0.0,0.0,0.0,0.0,0.0,0.0,0.0,0.0
2025-05-15,0.0,0.0,0.0,0,0.0,0.0,0.0,0.0,0.0,0.0,0.0,0.0,0.0,0.0
2025-05-16,0.0,0.0,0.0,0,0.0,0.0,0.0,0.0,0.0,0.0,0.0,0.0,0.0,0.0
2025-05-17,0.0,0.0,0.0,0,0.0,0.0,0.0,0.0,0.0,0.0,0.0,0.0,0.0,0.0
2025-05-18,0.0,0.0,0.0,0,0.0,0.0,0.0,0.0,0.0,0.0,0.0,0.0,0.0,0.0
2025-05-19,0.0,0.0,0.0,0,0.0,0.0,0.0,0.0,0.0,0.0,0.0,0.0,0.0,0.0
2025-05-20,0.0,0.0,0.0,0,0.0,0.0,0.0,0.0,0.0,0.0,0.0,0.0,0.0,0.0
2025-05-21,0.0,0.0,0.0,0,0.0,0.0,0.0,0.0,0.0,0.0,0.0,0.0,0.0,0.0
2025-05-22,0.0,0.0,0.0,0,0.0,0.0,0.0,0.0,0.0,0.0,0.0,0.0,0.0,0.0
2025-05-23,0.0,0.0,0.0,0,0.0,0.0,0.0,0.0,0.0,0.0,0.0,0.0,0.0,0.0
2025-05-24,0.0,0.0,0.0,0,0.0,0.0,0.0,0.0,0.0,0.0,0.0,0.0,0.0,0.0
2025-05-25,0.0,0.0,0.0,0,0.0,0.0,0.0,0.0,0.0,0.0,0.0,0.0,0.0,0.0
2025-05-26,0.0,0.0,0.0,0,0.0,0.0,0.0,0.0,0.0,0.0,0.0,0.0,0.0,0.0
2025-05-27,0.0,0.0,0.0,0,0.0,0.0,0.0,0.0,0.0,0.0,0.0,0.0,0.0,0.0
2025-05-28,0.0,0.0,0.0,0,0.0,0.0,0.0,0.0,0.0,0.0,0.0,0.0,0.0,0.0
2025-05-29,0.0,0.0,0.0,0,0.0,0.0,0.0,0.0,0.0,0.0,0.0,0.0,0.0,0.0
2025-05-30,0.0,0.0,0.0,0,0.0,0.0,0.0,0.0,0.0,0.0,0.0,0.0,0.0,0.0
2025-05-31,0.0,0.0,0.0,0,0.0,0.0,0.0,0.0,0.0,0.0,0.0,0.0,0.0,0.0
2025-06-01,0.0,0.0,0.0,0,0.0,0.0,0.0,0.0,0.0,0.0,0.0,0.0,0.0,0.0
2025-06-02,0.0,0.0,0.0,0,0.0,0.0,0.0,0.0,0.0,0.0,0.0,0.0,0.0,0.0
2025-06-03,0.0,0.0,0.0,0,0.0,0.0,0.0,0.0,0.0,0.0,0.0,0.0,0.0,0.0
2025-06-04,0.0,0.0,0.0,0,0.0,0.0,0.0,0.0,0.0,0.0,0.0,0.0,0.0,0.0
2025-06-05,0.0,0.0,0.0,0,0.0,0.0,0.0,0.0,0.0,0.0,0.0,0.0,0.0,0.0
2025-06-06,0.0,0.0,0.0,0,0.0,0.0,0.0,0.0,0.0,0.0,0.0,0.0,0.0,0.0
2025-06-07,0.0,0.0,0.0,0,0.0,0.0,0.0,0.0,0.0,0.0,0.0,0.0,0.0,0.0
2025-06-08,0.0,0.0,0.0,0,0.0,0.0,0.0,0.0,0.0,0.0,0.0,0.0,0.0,0.0
2025-06-09,0.0,0.0,0.0,0,0.0,0.0,0.0,0.0,0.0,0.0,0.0,0.0,0.0,0.0
2025-06-10,0.0,0.0,0.0,0,0.0,0.0,0.0,0.0,0.0,0.0,0.0,0.0,0.0,0.0
2025-06-11,0.0,0.0,0.0,0,0.0,0.0,0.0,0.0,0.0,0.0,0.0,0.0,0.0,0.0
2025-06-12,0.0,0.0,0.0,0,0.0,0.0,0.0,0.0,0.0,0.0,0.0,0.0,0.0,0.0
2025-06-13,0.0,0.0,0.0,0,0.0,0.0,0.0,0.0,0.0,0.0,0.0,0.0,0.0,0.0
2025-06-14,0.0,0.0,0.0,0,0.0,0.0,0.0,0.0,0.0,0.0,0.0,0.0,0.0,0.0
2025-06-15,0.0,0.0,0.0,0,0.0,0.0,0.0,0.0,0.0,0.0,0.0,0.0,0.0,0.0
2025-06-16,0.0,0.0,0.0,0,0.0,0.0,0.0,0.0,0.0,0.0,0.0,0.0,0.0,0.0
2025-06-17,0.0,0.0,0.0,0,0.0,0.0,0.0,0.0,0.0,0.0,0.0,0.0,0.0,0.0
2025-06-18,0.0,0.0,0.0,0,0.0,0.0,0.0,0.0,0.0,0.0,0.0,0.0,0.0,0.0
2025-06-19,0.0,0.0,0.0,0,0.0,0.0,0.0,0.0,0.0,0.0,0.0,0.0,0.0,0.0
2025-06-20,0.0,0.0,0.0,0,0.0,0.0,0.0,0.0,0.0,0.0,0.0,0.0,0.0,0.0
2025-06-21,0.0,0.0,0.0,0,0.0,0.0,0.0,0.0,0.0,0.0,0.0,0.0,0.0,0.0
2025-06-22,0.0,0.0,0.0,0,0.0,0.0,0.0,0.0,0.0,0.0,0.0,0.0,0.0,0.0
2025-06-23,0.0,0.0,0.0,0,0.0,0.0,0.0,0.0,0.0,0.0,0.0,0.0,0.0,0.0
2025-06-24,0.0,0.0,0.0,0,0.0,0.0,0.0,0.0,0.0,0.0,0.0,0.0,0.0,0.0
2025-06-25,0.0,0.0,0.0,0,0.0,0.0,0.0,0.0,0.0,0.0,0.0,0.0,0.0,0.0
2025-06-26,0.0,0.0,0.0,0,0.0,0.0,0.0,0.0,0.0,0.0,0.0,0.0,0.0,0.0
2025-06-27,0.0,0.0,0.0,0,0.0,0.0,0.0,0.0,0.0,0.0,0.0,0.0,0.0,0.0
2025-06-28,0.0,0.0,0.0,0,0.0,0.0,0.0,0.0,0.0,0.0,0.0,0.0,0.0,0.0
2025-06-29,0.0,0.0,0.0,0,0.0,0.0,0.0,0.0,0.0,0.0,0.0,0.0,0.0,0.0
2025-06-30,0.0,0.0,0.0,0,0.0,0.0,0.0,0.0,0.0,0.0,0.0,0.0,0.0,0.0
2025-07-01,0.0,0.0,0.0,0,0.0,0.0,0.0,0.0,0.0,0.0,0.0,0.0,0.0,0.0
2025-07-02,0.0,0.0,0.0,0,0.0,0.0,0.0,0.0,0.0,0.0,0.0,0.0,0.0,0.0
2025-07-03,0.0,0.0,0.0,0,0.0,0.0,0.0,0.0,0.0,0.0,0.0,0.0,0.0,0.0
2025-07-04,0.0,0.0,0.0,0,0.0,0.0,0.0,0.0,0.0,0.0,0.0,0.0,0.0,0.0
2025-07-05,0.0,0.0,0.0,0,0.0,0.0,0.0,0.0,0.0,0.0,0.0,0.0,0.0,0.0
2025-07-06,0.0,0.0,0.0,0,0.0,0.0,0.0,0.0,0.0,0.0,0.0,0.0,0.0,0.0
2025-07-07,0.0,0.0,0.0,0,0.0,0.0,0.0,0.0,0.0,0.0,0.0,0.0,0.0,0.0
2025-07-08,0.0,0.0,0.0,0,0.0,0.0,0.0,0.0,0.0,0.0,0.0,0.0,0.0,0.0
2025-07-09,0.0,0.0,0.0,0,0.0,0.0,0.0,0.0,0.0,0.0,0.0,0.0,0.0,0.0
2025-07-10,0.0,0.0,0.0,0,0.0,0.0,0.0,0.0,0.0,0.0,0.0,0.0,0.0,0.0
2025-07-11,0.0,0.0,0.0,0,0.0,0.0,0.0,0.0,0.0,0.0,0.0,0.0,0.0,0.0
2025-07-12,0.0,0.0,0.0,0,0.0,0.0,0.0,0.0,0.0,0.0,0.0,0.0,0.0,0.0
2025-07-13,0.0,0.0,0.0,0,0.0,0.0,0.0,0.0,0.0,0.0,0.0,0.0,0.0,0.0
2025-07-14,0.0,0.0,0.0,0,0.0,0.0,0.0,0.0,0.0,0.0,0.0,0.0,0.0,0.0
2025-07-15,0.0,0.0,0.0,0,0.0,0.0,0.0,0.0,0.0,0.0,0.0,0.0,0.0,0.0
2025-07-16,0.0,0.0,0.0,0,0.0,0.0,0.0,0.0,0.0,0.0,0.0,0.0,0.0,0.0
2025-07-17,0.0,0.0,0.0,0,0.0,0.0,0.0,0.0,0.0,0.0,0.0,0.0,0.0,0.0
2025-07-18,0.0,0.0,0.0,0,0.0,0.0,0.0,0.0,0.0,0.0,0.0,0.0,0.0,0.0
2025-07-19,0.0,0.0,0.0,0,0.0,0.0,0.0,0.0,0.0,0.0,0.0,0.0,0.0,0.0
2025-07-20,0.0,0.0,0.0,0,0.0,0.0,0.0,0.0,0.0,0.0,0.0,0.0,0.0,0.0
2025-07-21,0.0,0.0,0.0,0,0.0,0.0,0.0,0.0,0.0,0.0,0.0,0.0,0.0,0.0
2025-07-22,0.0,0.0,0.0,0,0.0,0.0,0.0,0.0,0.0,0.0,0.0,0.0,0.0,0.0
2025-07-23,0.0,0.0,0.0,0,0.0,0.0,0.0,0.0,0.0,0.0,0.0,0.0,0.0,0.0
2025-07-24,0.0,0.0,0.0,0,0.0,0.0,0.0,0.0,0.0,0.0,0.0,0.0,0.0,0.0
2025-07-25,0.0,0.0,0.0,0,0.0,0.0,0.0,0.0,0.0,0.0,0.0,0.0,0.0,0.0
2025-07-26,0.0,0.0,0.0,0,0.0,0.0,0.0,0.0,0.0,0.0,0.0,0.0,0.0,0.0
2025-07-27,0.0,0.0,0.0,0,0.0,0.0,0.0,0.0,0.0,0.0,0.0,0.0,0.0,0.0
2025-07-28,0.0,0.0,0.0,0,0.0,0.0,0.0,0.0,0.0,0.0,0.0,0.0,0.0,0.0
2025-07-29,0.0,0.0,0.0,0,0.0,0.0,0.0,0.0,0.0,0.0,0.0,0.0,0.0,0.0
2025-07-30,0.0,0.0,0.0,0,0.0,0.0,0.0,0.0,0.0,0.0,0.0,0.0,0.0,0.0
2025-07-31,0.0,0.0,0.0,0,0.0,0.0,0.0,0.0,0.0,0.0,0.0,0.0,0.0,0.0
2025-08-01,0.0,0.0,0.0,0,0.0,0.0,0.0,0.0,0.0,0.0,0.0,0.0,0.0,0.0
2025-08-02,0.0,0.0,0.0,0,0.0,0.0,0.0,0.0,0.0,0.0,0.0,0.0,0.0,0.0
2025-08-03,0.0,0.0,0.0,0,0.0,0.0,0.0,0.0,0.0,0.0,0.0,0.0,0.0,0.0
2025-08-04,0.0,0.0,0.0,0,0.0,0.0,0.0,0.0,0.0,0.0,0.0,0.0,0.0,0.0
2025-08-05,0.0,0.0,0.0,0,0.0,0.0,0.0,0.0,0.0,0.0,0.0,0.0,0.0,0.0
2025-08-06,0.0,0.0,0.0,0,0.0,0.0,0.0,0.0,0.0,0.0,0.0,0.0,0.0,0.0
2025-08-07,0.0,0.0,0.0,0,0.0,0.0,0.0,0.0,0.0,0.0,0.0,0.0,0.0,0.0
2025-08-08,0.0,0.0,0.0,0,0.0,0.0,0.0,0.0,0.0,0.0,0.0,0.0,0.0,0.0
2025-08-09,0.0,0.0,0.0,0,0.0,0.0,0.0,0.0,0.0,0.0,0.0,0.0,0.0,0.0
2025-08-10,0.0,0.0,0.0,0,0.0,0.0,0.0,0.0,0.0,0.0,0.0,0.0,0.0,0.0
2025-08-11,0.0,0.0,0.0,0,0.0,0.0,0.0,0.0,0.0,0.0,0.0,0.0,0.0,0.0
2025-08-12,0.0,0.0,0.0,0,0.0,0.0,0.0,0.0,0.0,0.0,0.0,0.0,0.0,0.0
2025-08-13,0.0,0.0,0.0,0,0.0,0.0,0.0,0.0,0.0,0.0,0.0,0.0,0.0,0.0
2025-08-14,0.0,0.0,0.0,0,0.0,0.0,0.0,0.0,0.0,0.0,0.0,0.0,0.0,0.0
2025-08-15,0.0,0.0,0.0,0,0.0,0.0,0.0,0.0,0.0,0.0,0.0,0.0,0.0,0.0
2025-08-16,0.0,0.0,0.0,0,0.0,0.0,0.0,0.0,0.0,0.0,0.0,0.0,0.0,0.0
2025-08-17,0.0,0.0,0.0,0,0.0,0.0,0.0,0.0,0.0,0.0,0.0,0.0,0.0,0.0
2025-08-18,0.0,0.0,0.0,0,0.0,0.0,0.0,0.0,0.0,0.0,0.0,0.0,0.0,0.0
2025-08-19,0.0,0.0,0.0,0,0.0,0.0,0.0,0.0,0.0,0.0,0.0,0.0,0.0,0.0
2025-08-20,0.0,0.0,0.0,0,0.0,0.0,0.0,0.0,0.0,0.0,0.0,0.0,0.0,0.0
2025-08-21,0.0,0.0,0.0,0,0.0,0.0,0.0,0.0,0.0,0.0,0.0,0.0,0.0,0.0
2025-08-22,0.0,0.0,0.0,0,0.0,0.0,0.0,0.0,0.0,0.0,0.0,0.0,0.0,0.0
2025-08-23,0.0,0.0,0.0,0,0.0,0.0,0.0,0.0,0.0,0.0,0.0,0.0,0.0,0.0
2025-08-24,0.0,0.0,0.0,0,0.0,0.0,0.0,0.0,0.0,0.0,0.0,0.0,0.0,0.0
2025-08-25,0.0,0.0,0.0,0,0.0,0.0,0.0,0.0,0.0,0.0,0.0,0.0,0.0,0.0
2025-08-26,0.0,0.0,0.0,0,0.0,0.0,0.0,0.0,0.0,0.0,0.0,0.0,0.0,0.0
2025-08-27,0.0,0.0,0.0,0,0.0,0.0,0.0,0.0,0.0,0.0,0.0,0.0,0.0,0.0
2025-08-28,0.0,0.0,0.0,0,0.0,0.0,0.0,0.0,0.0,0.0,0.0,0.0,0.0,0.0
2025-08-29,0.0,0.0,0.0,0,0.0,0.0,0.0,0.0,0.0,0.0,0.0,0.0,0.0,0.0
2025-08-30,0.0,0.0,0.0,0,0.0,0.0,0.0,0.0,0.0,0.0,0.0,0.0,0.0,0.0
2025-08-31,0.0,0.0,0.0,0,0.0,0.0,0.0,0.0,0.0,0.0,0.0,0.0,0.0,0.0
2025-09-01,0.0,0.0,0.0,0,0.0,0.0,0.0,0.0,0.0,0.0,0.0,0.0,0.0,0.0
2025-09-02,0.0,0.0,0.0,0,0.0,0.0,0.0,0.0,0.0,0.0,0.0,0.0,0.0,0.0
2025-09-03,0.0,0.0,0.0,0,0.0,0.0,0.0,0.0,0.0,0.0,0.0,0.0,0.0,0.0
2025-09-04,0.0,0.0,0.0,0,0.0,0.0,0.0,0.0,0.0,0.0,0.0,0.0,0.0,0.0
2025-09-05,0.0,0.0,0.0,0,0.0,0.0,0.0,0.0,0.0,0.0,0.0,0.0,0.0,0.0
2025-09-06,0.0,0.0,0.0,0,0.0,0.0,0.0,0.0,0.0,0.0,0.0,0.0,0.0,0.0
2025-09-07,0.0,0.0,0.0,0,0.0,0.0,0.0,0.0,0.0,0.0,0.0,0.0,0.0,0.0
2025-09-08,0.0,0.0,0.0,0,0.0,0.0,0.0,0.0,0.0,0.0,0.0,0.0,0.0,0.0
2025-09-09,0.0,0.0,0.0,0,0.0,0.0,0.0,0.0,0.0,0.0,0.0,0.0,0.0,0.0
2025-09-10,0.0,0.0,0.0,0,0.0,0.0,0.0,0.0,0.0,0.0,0.0,0.0,0.0,0.0
2025-09-11,0.0,0.0,0.0,0,0.0,0.0,0.0,0.0,0.0,0.0,0.0,0.0,0.0,0.0
2025-09-12,0.0,0.0,0.0,0,0.0,0.0,0.0,0.0,0.0,0.0,0.0,0.0,0.0,0.0
2025-09-13,0.0,0.0,0.0,0,0.0,0.0,0.0,0.0,0.0,0.0,0.0,0.0,0.0,0.0
2025-09-14,0.0,0.0,0.0,0,0.0,0.0,0.0,0.0,0.0,0.0,0.0,0.0,0.0,0.0
2025-09-15,0.0,0.0,0.0,0,0.0,0.0,0.0,0.0,0.0,0.0,0.0,0.0,0.0,0.0
2025-09-16,0.0,0.0,0.0,0,0.0,0.0,0.0,0.0,0.0,0.0,0.0,0.0,0.0,0.0
2025-09-17,0.0,0.0,0.0,0,0.0,0.0,0.0,0.0,0.0,0.0,0.0,0.0,0.0,0.0
2025-09-18,0.0,0.0,0.0,0,0.0,0.0,0.0,0.0,0.0,0.0,0.0,0.0,0.0,0.0
2025-09-19,0.0,0.0,0.0,0,0.0,0.0,0.0,0.0,0.0,0.0,0.0,0.0,0.0,0.0
2025-09-20,0.0,0.0,0.0,0,0.0,0.0,0.0,0.0,0.0,0.0,0.0,0.0,0.0,0.0
2025-09-21,0.0,0.0,0.0,0,0.0,0.0,0.0,0.0,0.0,0.0,0.0,0.0,0.0,0.0
2025-09-22,0.0,0.0,0.0,0,0.0,0.0,0.0,0.0,0.0,0.0,0.0,0.0,0.0,0.0
2025-09-23,0.0,0.0,0.0,0,0.0,0.0,0.0,0.0,0.0,0.0,0.0,0.0,0.0,0.0
2025-09-24,0.0,0.0,0.0,0,0.0,0.0,0.0,0.0,0.0,0.0,0.0,0.0,0.0,0.0
2025-09-25,0.0,0.0,0.0,0,0.0,0.0,0.0,0.0,0.0,0.0,0.0,0.0,0.0,0.0
2025-09-26,0.0,0.0,0.0,0,0.0,0.0,0.0,0.0,0.0,0.0,0.0,0.0,0.0,0.0
2025-09-27,0.0,0.0,0.0,0,0.0,0.0,0.0,0.0,0.0,0.0,0.0,0.0,0.0,0.0
2025-09-28,0.0,0.0,0.0,0,0.0,0.0,0.0,0.0,0.0,0.0,0.0,0.0,0.0,0.0
2025-09-29,0.0,0.0,0.0,0,0.0,0.0,0.0,0.0,0.0,0.0,0.0,0.0,0.0,0.0
2025-09-30,0.0,0.0,0.0,0,0.0,0.0,0.0,0.0,0.0,0.0,0.0,0.0,0.0,0.0
2025-10-01,0.0,0.0,0.0,0,0.0,0.0,0.0,0.0,0.0,0.0,0.0,0.0,0.0,0.0
2025-10-02,0.0,0.0,0.0,0,0.0,0.0,0.0,0.0,0.0,0.0,0.0,0.0,0.0,0.0
2025-10-03,0.0,0.0,0.0,0,0.0,0.0,0.0,0.0,0.0,0.0,0.0,0.0,0.0,0.0
2025-10-04,0.0,0.0,0.0,0,0.0,0.0,0.0,0.0,0.0,0.0,0.0,0.0,0.0,0.0
2025-10-05,0.0,0.0,0.0,0,0.0,0.0,0.0,0.0,0.0,0.0,0.049189189189189186,0.0,0.0,0.0
2025-10-06,0.0,0.0,0.049189189189189186,0,0.2333333333333333,0.0,0.0,0.0,0.0,0.0,0.0,0.0,0.0,0.0
2025-10-07,0.0,0.0,0.0,0,0.0,0.0,0.0,0.0,0.0,0.0,0.0,0.0,0.2333333333333333,0.0
2025-10-08,0.0,0.0,0.0,0,0.0,0.0,0.0,0.0,0.0,0.0,0.0,0.0,0.0,0.0
2025-10-09,0.0,0.0,0.0,0,0.0,0.0,0.0,0.0,0.0,0.0,0.0,0.0,0.0,0.0
2025-10-10,0.0,0.0,0.0,0,0.0,0.0,0.0,0.0,0.0,0.0,0.0,0.0,0.0,0.0
2025-10-11,0.0,0.0,0.0,0,0.0,0.0,0.0,0.0,0.0,0.0,0.0,0.0,0.0,0.0
2025-10-12,0.0,0.0,0.0,0,0.0,0.0,0.0,0.0,0.0,0.0,0.0,0.0,0.0,0.0
2025-10-13,0.0,0.0,0.0,0,0.0,0.0,0.0,0.0,0.0,0.0,0.0,0.0,0.0,0.0
2025-10-14,0.0,0.0,0.0,0,0.0,0.0,0.0,0.0,0.0,0.0,0.0,0.0,0.0,0.0
2025-10-15,0.0,0.0,0.0,0,0.0,0.0,0.0,0.0,0.0,0.0,0.0,0.0,0.0,0.0
2025-10-16,0.0,0.0,0.0,0,0.0,0.0,0.0,0.0,0.0,0.0,0.0,0.0,0.0,0.0
2025-10-17,0.0,0.0,0.0,0,0.0,0.0,0.0,0.0,0.0,0.0,0.0,0.0,0.0,0.0
2025-10-18,0.0,0.0,0.0,0,0.0,0.0,0.0,0.0,0.0,0.0,0.0,0.0,0.0,0.0
2025-10-19,0.0,0.0,0.0,0,0.0,0.0,0.0,0.0,0.0,0.0,0.0,0.0,0.0,0.0
2025-10-20,0.0,0.0,0.0,0,0.0,0.0,0.0,0.0,0.0,0.0,0.0,0.0,0.0,0.0
2025-10-21,0.0,0.0,0.0,0,0.0,0.0,0.0,0.0,0.0,0.0,0.0,0.0,0.0,0.0
2025-10-22,0.0,0.0,0.0,0,0.0,0.0,0.0,0.0,0.0,0.0,0.0,0.0,0.0,0.0
2025-10-23,0.0,0.0,0.0,0,0.0,0.0,0.0,0.0,0.0,0.0,0.0,0.0,0.0,0.0
2025-10-24,0.0,0.0,0.0,0,0.0,0.0,0.0,0.0,0.0,0.0,0.0,0.0,0.0,0.0
2025-10-25,0.0,0.0,0.0,0,0.0,0.0,0.0,0.0,0.0,0.0,0.0,0.0,0.0,0.0
2025-10-26,0.0,0.0,0.0,0,0.0,0.0,0.0,0.0,0.0,0.0,0.0,0.0,0.0,0.0
2025-10-27,0.0,0.0,0.0,0,0.0,0.0,0.0,0.0,0.0,0.0,0.0,0.0,0.0,0.0
2025-10-28,0.0,0.0,0.0,0,0.0,0.0,0.0,0.0,0.0,0.0,0.0,0.0,0.0,0.0
2025-10-29,0.0,0.0,0.0,0,0.0,0.0,0.0,0.0,0.0,0.0,0.0,0.0,0.0,0.0
2025-10-30,0.0,0.0,0.0,0,0.0,0.0,0.0,0.0,0.0,0.0,0.0,0.0,0.0,0.0
2025-10-31,0.0,0.0,0.0,0,0.0,0.0,0.0,0.0,0.0,0.0,0.0,0.0,0.0,0.0
2025-11-01,0.0,0.0,0.0,0,0.0,0.0,0.0,0.0,0.0,0.0,0.0,0.0,0.0,0.0
2025-11-02,0.0,0.0,0.0,0,0.0,0.0,0.0,0.0,0.0,0.0,0.0,0.0,0.0,0.0
2025-11-03,0.0,0.0,0.0,0,0.0,0.0,0.0,0.0,0.0,0.0,0.0,0.0,0.0,0.0
2025-11-04,0.0,0.0,0.0,0,0.0,0.0,0.0,0.0,0.0,0.0,0.0,0.0,0.0,0.0
2025-11-05,0.0,0.0,0.0,0,0.0,0.0,0.0,0.0,0.0,0.0,0.0,0.0,0.0,0.0
2025-11-06,0.0,0.0,0.0,0,0.0,0.0,0.0,0.0,0.0,0.0,0.0,0.0,0.0,0.0
2025-11-07,0.0,0.0,0.0,0,0.0,0.0,0.0,0.0,0.0,0.0,0.0,0.0,0.0,0.0
2025-11-08,0.0,0.0,0.0,0,0.0,0.0,0.0017297297297297297,0.0,0.0,0.21,0.24594594594594593,0.0,0.0,0.0
2025-11-09,0.0017297297297297297,0.21,0.24594594594594593,1,1.0266666666666666,0.21280000000000002,0.0034594594594594594,0.0,0.0,0.07,0.17027027027027025,0.0,0.0,0.0
2025-11-10,0.0034594594594594594,0.07,0.17027027027027025,1,0.6766666666666666,0.1512,0.0029729729729729725,0.0017297297297297297,0.0,0.45499999999999996,0.07945945945945945,1.0,1.0266666666666666,0.21280000000000002
2025-11-11,0.0029729729729729725,0.45499999999999996,0.07945945945945945,0,0.5833333333333334,0.0,0.0017297297297297297,0.0034594594594594594,0.0017297297297297297,0.0,0.0,1.0,0.6766666666666666,0.1512
2025-11-12,0.0017297297297297297,0.0,0.0,0,0.0,0.0,0.0,0.0029729729729729725,0.0034594594594594594,0.0,0.0,0.0,0.5833333333333334,0.0
2025-11-13,0.0,0.0,0.0,0,0.0,0.0,0.0,0.0017297297297297297,0.0029729729729729725,0.0,0.0,0.0,0.0,0.0
2025-11-14,0.0,0.0,0.0,0,0.0,0.0,0.0,0.0,0.0017297297297297297,0.0,0.0,0.0,0.0,0.0
2025-11-15,0.0,0.0,0.0,0,0.0,0.0,0.0,0.0,0.0,0.0,0.0,0.0,0.0,0.0
2025-11-16,0.0,0.0,0.0,0,0.0,0.0,0.0,0.0,0.0,0.0,0.0,0.0,0.0,0.0
2025-11-17,0.0,0.0,0.0,0,0.0,0.0,0.0008648648648648649,0.0,0.0,0.07,0.07794594594594594,0.0,0.0,0.0
2025-11-18,0.0008648648648648649,0.07,0.07794594594594594,0,0.32666666666666666,0.0,0.0,0.0,0.0,0.07,0.035567567567567564,0.0,0.0,0.0
2025-11-19,0.0,0.07,0.035567567567567564,0,0.27999999999999997,0.0,0.0,0.0008648648648648649,0.0,0.0,0.0,0.0,0.32666666666666666,0.0
2025-11-20,0.0,0.0,0.0,0,0.0,0.0,0.0,0.0,0.0008648648648648649,0.0,0.0,0.0,0.27999999999999997,0.0
2025-11-21,0.0,0.0,0.0,0,0.0,0.0,0.0,0.0,0.0,0.0,0.0,0.0,0.0,0.0
2025-11-22,0.0,0.0,0.0,0,0.0,0.0,0.0,0.0,0.0,0.0,0.021189189189189186,0.0,0.0,0.0
2025-11-23,0.0,0.0,0.021189189189189186,0,0.16333333333333333,0.0,0.0,0.0,0.0,0.0,0.0,0.0,0.0,0.0
2025-11-24,0.0,0.0,0.0,0,0.0,0.0,0.0,0.0,0.0,0.0,0.0,0.0,0.16333333333333333,0.0
2025-11-25,0.0,0.0,0.0,0,0.0,0.0,0.0022702702702702706,0.0,0.0,0.0,0.16951351351351354,0.0,0.0,0.0
2025-11-26,0.0022702702702702706,0.0,0.16951351351351354,1,1.4933333333333334,0.15680000000000002,0.002648648648648649,0.0,0.0,0.0,0.006054054054054054,0.0,0.0,0.0
2025-11-27,0.002648648648648649,0.0,0.006054054054054054,0,0.023333333333333334,0.0,0.003027027027027027,0.0022702702702702706,0.0,0.0,0.003027027027027027,1.0,1.4933333333333334,0.15680000000000002
2025-11-28,0.003027027027027027,0.0,0.003027027027027027,0,0.023333333333333334,0.0,0.016486486486486488,0.002648648648648649,0.0022702702702702706,3.535,1.2573513513513515,0.0,0.023333333333333334,0.0
2025-11-29,0.016486486486486488,3.535,1.2573513513513515,2,6.066666666666666,1.1158000000000001,0.023189189189189188,0.003027027027027027,0.002648648648648649,1.1199999999999999,0.3473513513513513,0.0,0.023333333333333334,0.0
2025-11-30,0.023189189189189188,1.1199999999999999,0.3473513513513513,2,1.75,0.31675,0.022702702702702703,0.016486486486486488,0.003027027027027027,0.21,0.1872972972972973,2.0,6.066666666666666,1.1158000000000001
2025-12-01,0.022702702702702703,0.21,0.1872972972972973,1,0.7699999999999999,0.1512,0.02162162162162162,0.023189189189189188,0.016486486486486488,0.14,0.08437837837837837,2.0,1.75,0.31675
2025-12-02,0.02162162162162162,0.14,0.08437837837837837,0,0.37333333333333335,0.0,0.026486486486486487,0.022702702702702703,0.023189189189189188,0.875,0.6054054054054054,1.0,0.7699999999999999,0.1512
2025-12-03,0.026486486486486487,0.875,0.6054054054054054,1,2.8000000000000003,0.43225,0.02394594594594595,0.02162162162162162,0.022702702702702703,0.035,0.007189189189189191,0.0,0.37333333333333335,0.0
2025-12-04,0.02394594594594595,0.035,0.007189189189189191,0,0.04666666666666667,0.0,0.021891891891891894,0.026486486486486487,0.02162162162162162,0.0,0.06621621621621622,1.0,2.8000000000000003,0.43225
2025-12-05,0.021891891891891894,0.0,0.06621621621621622,1,0.5833333333333334,0.061250000000000006,0.0207027027027027,0.02394594594594595,0.026486486486486487,0.175,0.042,0.0,0.04666666666666667,0.0
2025-12-06,0.0207027027027027,0.175,0.042,0,0.21,0.0,0.026918918918918917,0.021891891891891894,0.02394594594594595,0.07,0.5198918918918919,1.0,0.5833333333333334,0.061250000000000006
2025-12-07,0.026918918918918917,0.07,0.5198918918918919,1,2.03,0.47600000000000003,0.02589189189189189,0.0207027027027027,0.021891891891891894,0.07,0.07302702702702704,0.0,0.21,0.0
2025-12-08,0.02589189189189189,0.07,0.07302702702702704,1,0.5833333333333334,0.05635000000000001,0.025837837837837836,0.026918918918918917,0.0207027027027027,0.315,0.2875675675675676,1.0,2.03,0.47600000000000003
2025-12-09,0.025837837837837836,0.315,0.2875675675675676,1,2.263333333333333,0.2156,0.024162162162162163,0.02589189189189189,0.026918918918918917,0.245,0.10443243243243243,1.0,0.5833333333333334,0.05635000000000001
2025-12-10,0.024162162162162163,0.245,0.10443243243243243,1,0.7233333333333333,0.058800000000000005,0.015513513513513514,0.025837837837837836,0.02589189189189189,0.0,0.005297297297297298,1.0,2.263333333333333,0.2156
2025-12-11,0.015513513513513514,0.0,0.005297297297297298,0,0.04666666666666667,0.0,0.012918918918918918,0.024162162162162163,0.025837837837837836,0.0,0.010594594594594596,1.0,0.7233333333333333,0.058800000000000005
2025-12-12,0.012918918918918918,0.0,0.010594594594594596,0,0.09333333333333334,0.0,0.012054054054054054,0.015513513513513514,0.024162162162162163,0.455,0.09232432432432433,0.0,0.04666666666666667,0.0
2025-12-13,0.012054054054054054,0.455,0.09232432432432433,0,0.49000000000000005,0.0,0.021837837837837836,0.012918918918918918,0.015513513513513514,5.8100000000000005,1.015945945945946,0.0,0.09333333333333334,0.0
2025-12-14,0.021837837837837836,5.8100000000000005,1.015945945945946,3,6.72,0.9397500000000001,0.019945945945945946,0.012054054054054054,0.012918918918918918,0.0,0.002648648648648649,0.0,0.49000000000000005,0.0
2025-12-15,0.019945945945945946,0.0,0.002648648648648649,0,0.023333333333333334,0.0,0.01886486486486487,0.021837837837837836,0.012054054054054054,0.0,0.0,3.0,6.72,0.9397500000000001
2025-12-16,0.01886486486486487,0.0,0.0,0,0.0,0.0,0.014864864864864866,0.019945945945945946,0.021837837837837836,0.0,0.0,0.0,0.023333333333333334,0.0
2025-12-17,0.014864864864864866,0.0,0.0,0,0.0,0.0,0.011675675675675677,0.01886486486486487,0.019945945945945946,0.385,0.10670270270270271,0.0,0.0,0.0
2025-12-18,0.011675675675675677,0.385,0.10670270270270271,1,0.77,0.0539,0.006162162162162163,0.014864864864864866,0.01886486486486487,0.245,0.04464864864864865,0.0,0.0,0.0
2025-12-19,0.006162162162162163,0.245,0.04464864864864865,0,0.3033333333333333,0.0,0.0046486486486486496,0.011675675675675677,0.014864864864864866,0.0,0.007945945945945946,1.0,0.77,0.0539
2025-12-20,0.0046486486486486496,0.0,0.007945945945945946,0,0.06999999999999999,0.0,0.00427027027027027,0.006162162162162163,0.011675675675675677,0.0,0.0,0.0,0.3033333333333333,0.0
2025-12-21,0.00427027027027027,0.0,0.0,0,0.0,0.0,0.00427027027027027,0.0046486486486486496,0.006162162162162163,0.035,0.014,0.0,0.06999999999999999,0.0
2025-12-22,0.00427027027027027,0.035,0.014,0,0.09333333333333334,0.0,0.006162162162162163,0.00427027027027027,0.0046486486486486496,1.225,0.2258918918918919,0.0,0.0,0.0
2025-12-23,0.006162162162162163,1.225,0.2258918918918919,2,1.7266666666666666,0.16275,0.0035135135135135136,0.00427027027027027,0.00427027027027027,0.0,0.030270270270270266,0.0,0.09333333333333334,0.0
2025-12-24,0.0035135135135135136,0.0,0.030270270270270266,0,0.2333333333333333,0.0,0.0023243243243243248,0.006162162162162163,0.00427027027027027,0.0,0.0,2.0,1.7266666666666666,0.16275
2025-12-25,0.0023243243243243248,0.0,0.0,0,0.0,0.0,0.0065945945945945945,0.0035135135135135136,0.006162162162162163,3.255,0.659135135135135,0.0,0.2333333333333333,0.0
2025-12-26,0.0065945945945945945,3.255,0.659135135135135,3,4.1066666666666665,0.5985,0.013297297297297297,0.0023243243243243248,0.0035135135135135136,3.01,0.5297297297297296,0.0,0.0,0.0
2025-12-27,0.013297297297297297,3.01,0.5297297297297296,3,3.6633333333333327,0.49,0.015405405405405408,0.0065945945945945945,0.0023243243243243248,0.525,0.3624864864864865,3.0,4.1066666666666665,0.5985
2025-12-28,0.015405405405405408,0.525,0.3624864864864865,2,2.893333333333333,0.33530000000000004,0.017675675675675673,0.013297297297297297,0.0065945945945945945,0.56,0.17670270270270272,3.0,3.6633333333333327,0.49
2025-12-29,0.017675675675675673,0.56,0.17670270270270272,2,0.8866666666666666,0.15995,0.01027027027027027,0.015405405405405408,0.013297297297297297,0.525,0.16686486486486485,2.0,2.893333333333333,0.33530000000000004
2025-12-30,0.01027027027027027,0.525,0.16686486486486485,2,0.84,0.15435,0.009135135135135137,0.017675675675675673,0.015405405405405408,0.665,0.17594594594594595,2.0,0.8866666666666666,0.15995
2025-12-31,0.009135135135135137,0.665,0.17594594594594595,2,0.9800000000000001,0.16275,0.012810810810810811,0.01027027027027027,0.017675675675675673,1.0150000000000001,0.25124324324324326,2.0,0.84,0.15435
2026-01-01,0.012810810810810811,1.0150000000000001,0.25124324324324326,2,1.2833333333333334,0.1358,0.009729729729729731,0.009135135135135137,0.01027027027027027,0.14,0.028756756756756763,2.0,0.9800000000000001,0.16275
2026-01-02,0.009729729729729731,0.14,0.028756756756756763,0,0.18666666666666668,0.0,0.009729729729729731,0.012810810810810811,0.009135135135135137,0.0,0.005297297297297298,2.0,1.2833333333333334,0.1358
2026-01-03,0.009729729729729731,0.0,0.005297297297297298,0,0.04666666666666667,0.0,0.009297297297297299,0.009729729729729731,0.012810810810810811,0.14,0.0385945945945946,0.0,0.18666666666666668,0.0
2026-01-04,0.009297297297297299,0.14,0.0385945945945946,0,0.28,0.0,0.008864864864864866,0.009729729729729731,0.009729729729729731,0.17500000000000002,0.05372972972972974,0.0,0.04666666666666667,0.0
2026-01-05,0.008864864864864866,0.17500000000000002,0.05372972972972974,0,0.3033333333333334,0.0,0.007513513513513513,0.009297297297297299,0.009729729729729731,0.175,0.055999999999999994,0.0,0.28,0.0
2026-01-06,0.007513513513513513,0.175,0.055999999999999994,0,0.3499999999999999,0.0,0.0045945945945945945,0.008864864864864866,0.009297297297297299,0.14,0.03481081081081082,0.0,0.3033333333333334,0.0
2026-01-07,0.0045945945945945945,0.14,0.03481081081081082,0,0.2333333333333333,0.0,0.005243243243243243,0.007513513513513513,0.008864864864864866,0.0,0.182,0.0,0.3499999999999999,0.0
2026-01-08,0.005243243243243243,0.0,0.182,1,0.8633333333333333,0.16835,0.004432432432432433,0.0045945945945945945,0.007513513513513513,0.035,0.03708108108108108,0.0,0.2333333333333333,0.0
2026-01-09,0.004432432432432433,0.035,0.03708108108108108,0,0.18666666666666668,0.0,0.005297297297297298,0.005243243243243243,0.0045945945945945945,0.35,0.13545945945945945,1.0,0.8633333333333333,0.16835
2026-01-10,0.005297297297297298,0.35,0.13545945945945945,1,0.6533333333333333,0.1008,0.00545945945945946,0.004432432432432433,0.005243243243243243,0.0,0.012108108108108109,0.0,0.18666666666666668,0.0
2026-01-11,0.00545945945945946,0.0,0.012108108108108109,0,0.04666666666666667,0.0,0.00545945945945946,0.005297297297297298,0.004432432432432433,0.0,0.0,1.0,0.6533333333333333,0.1008
2026-01-12,0.00545945945945946,0.0,0.0,0,0.0,0.0,0.0030810810810810814,0.00545945945945946,0.005297297297297298,0.14,0.06659459459459459,0.0,0.04666666666666667,0.0
2026-01-13,0.0030810810810810814,0.14,0.06659459459459459,0,0.42,0.0,0.004108108108108108,0.00545945945945946,0.00545945945945946,0.0,0.26637837837837836,0.0,0.0,0.0
2026-01-14,0.004108108108108108,0.0,0.26637837837837836,1,1.0266666666666666,0.2464,0.0037297297297297295,0.0030810810810810814,0.00545945945945946,0.0,0.010594594594594596,0.0,0.42,0.0
2026-01-15,0.0037297297297297295,0.0,0.010594594594594596,0,0.09333333333333334,0.0,0.006216216216216216,0.004108108108108108,0.0030810810810810814,0.91,0.3011891891891892,1.0,1.0266666666666666,0.2464
2026-01-16,0.006216216216216216,0.91,0.3011891891891892,2,1.4933333333333334,0.27405,0.010162162162162163,0.0037297297297297295,0.004108108108108108,1.5050000000000001,0.3954054054054054,0.0,0.09333333333333334,0.0
2026-01-17,0.010162162162162163,1.5050000000000001,0.3954054054054054,2,2.03,0.2338,0.015837837837837838,0.006216216216216216,0.0037297297297297295,6.09,1.053027027027027,2.0,1.4933333333333334,0.27405
2026-01-18,0.015837837837837838,6.09,1.053027027027027,4,6.183333333333334,0.8795499999999999,0.01745945945945946,0.010162162162162163,0.006216216216216216,1.12,0.3344864864864865,2.0,2.03,0.2338
2026-01-19,0.01745945945945946,1.12,0.3344864864864865,2,2.0066666666666664,0.2604,0.012864864864864866,0.015837837837837838,0.010162162162162163,0.0,0.007945945945945946,4.0,6.183333333333334,0.8795499999999999
2026-01-20,0.012864864864864866,0.0,0.007945945945945946,0,0.06999999999999999,0.0,0.01172972972972973,0.01745945945945946,0.015837837837837838,0.805,0.1956216216216216,2.0,2.0066666666666664,0.2604
2026-01-21,0.01172972972972973,0.805,0.1956216216216216,2,1.05,0.16975,0.011675675675675675,0.012864864864864866,0.01745945945945946,0.14,0.06545945945945945,0.0,0.06999999999999999,0.0
2026-01-22,0.011675675675675675,0.14,0.06545945945945945,0,0.25666666666666665,0.0,0.008810810810810811,0.01172972972972973,0.012864864864864866,0.0,0.014756756756756757,2.0,1.05,0.16975
2026-01-23,0.008810810810810811,0.0,0.014756756756756757,0,0.06999999999999999,0.0,0.010108108108108109,0.011675675675675675,0.01172972972972973,0.245,0.07756756756756755,0.0,0.25666666666666665,0.0
2026-01-24,0.010108108108108109,0.245,0.07756756756756755,0,0.32666666666666666,0.0,0.049297297297297295,0.008810810810810811,0.011675675675675675,17.465,3.1617297297297293,0.0,0.06999999999999999,0.0
2026-01-25,0.049297297297297295,17.465,3.1617297297297293,5,18.94666666666667,2.87,0.05124324324324324,0.010108108108108109,0.008810810810810811,0.175,0.3821621621621622,0.0,0.32666666666666666,0.0
2026-01-26,0.05124324324324324,0.175,0.3821621621621622,1,2.893333333333334,0.3332,0.046108108108108115,0.049297297297297295,0.010108108108108109,0.035,0.017783783783783782,5.0,18.94666666666667,2.87
2026-01-27,0.046108108108108115,0.035,0.017783783783783782,0,0.13999999999999999,0.0,0.04178378378378378,0.05124324324324324,0.049297297297297295,0.0,0.0,1.0,2.893333333333334,0.3332
2026-01-28,0.04178378378378378,0.0,0.0,0,0.0,0.0,0.03762162162162162,0.046108108108108115,0.05124324324324324,0.0,0.0,0.0,0.13999999999999999,0.0
2026-01-29,0.03762162162162162,0.0,0.0,0,0.0,0.0,0.03875675675675676,0.04178378378378378,0.046108108108108115,0.0,0.13318918918918918,0.0,0.0,0.0
2026-01-30,0.03875675675675676,0.0,0.13318918918918918,1,0.5133333333333333,0.1232,0.044108108108108106,0.03762162162162162,0.04178378378378378,0.315,0.4654054054054053,0.0,0.0,0.0
2026-01-31,0.044108108108108106,0.315,0.4654054054054053,1,2.963333333333333,0.3717,0.04686486486486486,0.03875675675675676,0.03762162162162162,0.105,0.11881081081081082,1.0,0.5133333333333333,0.1232
2026-02-01,0.04686486486486486,0.105,0.11881081081081082,1,1.0266666666666666,0.10045000000000001,0.04324324324324324,0.044108108108108106,0.03875675675675676,0.0,0.006054054054054054,1.0,2.963333333333333,0.3717
2026-02-02,0.04324324324324324,0.0,0.006054054054054054,0,0.023333333333333334,0.0,0.037189189189189197,0.04686486486486486,0.044108108108108106,0.0,0.06394594594594595,1.0,1.0266666666666666,0.10045000000000001
2026-02-03,0.037189189189189197,0.0,0.06394594594594595,0,0.30333333333333334,0.0,0.03405405405405405,0.04324324324324324,0.04686486486486486,0.0,0.0,0.0,0.023333333333333334,0.0
2026-02-04,0.03405405405405405,0.0,0.0,0,0.0,0.0,0.03394594594594595,0.037189189189189197,0.04324324324324324,0.0,0.04237837837837837,0.0,0.30333333333333334,0.0
2026-02-05,0.03394594594594595,0.0,0.04237837837837837,0,0.16333333333333333,0.0,0.03394594594594595,0.03405405405405405,0.037189189189189197,0.175,0.19864864864864867,0.0,0.0,0.0
2026-02-06,0.03394594594594595,0.175,0.19864864864864867,1,0.8166666666666668,0.168,0.030756756756756754,0.03394594594594595,0.03405405405405405,0.56,0.19637837837837838,0.0,0.16333333333333333,0.0
2026-02-07,0.030756756756756754,0.56,0.19637837837837838,1,1.4000000000000001,0.1232,0.02962162162162162,0.03394594594594595,0.03394594594594595,0.0,0.048432432432432435,1.0,0.8166666666666668,0.168
2026-02-08,0.02962162162162162,0.0,0.048432432432432435,0,0.18666666666666668,0.0,0.027891891891891892,0.030756756756756754,0.03394594594594595,0.0,0.0,1.0,1.4000000000000001,0.1232
2026-02-09,0.027891891891891892,0.0,0.0,0,0.0,0.0,0.02551351351351351,0.02962162162162162,0.030756756756756754,0.0,0.03935135135135135,0.0,0.18666666666666668,0.0
2026-02-10,0.02551351351351351,0.0,0.03935135135135135,0,0.30333333333333334,0.0,0.02556756756756757,0.027891891891891892,0.02962162162162162,0.0,0.05751351351351352,0.0,0.0,0.0
2026-02-11,0.02556756756756757,0.0,0.05751351351351352,1,0.44333333333333336,0.053200000000000004,0.023243243243243245,0.02551351351351351,0.027891891891891892,0.0,0.0,0.0,0.30333333333333334,0.0
2026-02-12,0.023243243243243245,0.0,0.0,0,0.0,0.0,0.019945945945945943,0.02556756756756757,0.02551351351351351,0.0,0.0,1.0,0.44333333333333336,0.053200000000000004
2026-02-13,0.019945945945945943,0.0,0.0,0,0.0,0.0,0.019513513513513513,0.023243243243243245,0.02556756756756757,0.0,0.005297297297297298,0.0,0.0,0.0
2026-02-14,0.019513513513513513,0.0,0.005297297297297298,0,0.04666666666666667,0.0,0.016216216216216217,0.019945945945945943,0.023243243243243245,0.21,0.04578378378378378,0.0,0.0,0.0
2026-02-15,0.016216216216216217,0.21,0.04578378378378378,0,0.3033333333333333,0.0,0.015837837837837838,0.019513513513513513,0.019945945945945943,0.9099999999999999,0.1801081081081081,0.0,0.04666666666666667,0.0
2026-02-16,0.015837837837837838,0.9099999999999999,0.1801081081081081,2,1.1666666666666667,0.1596,0.015297297297297298,0.016216216216216217,0.019513513513513513,0.0,0.1362162162162162,0.0,0.3033333333333333,0.0
2026-02-17,0.015297297297297298,0.0,0.1362162162162162,1,0.84,0.126,0.014702702702702703,0.015837837837837838,0.016216216216216217,3.15,0.6190270270270269,2.0,1.1666666666666667,0.1596
2026-02-18,0.014702702702702703,3.15,0.6190270270270269,3,4.2700000000000005,0.5726,0.018270270270270273,0.015297297297297298,0.015837837837837838,1.925,0.518,1.0,0.84,0.126
2026-02-19,0.018270270270270273,1.925,0.518,2,3.4533333333333336,0.43820000000000003,0.015405405405405404,0.014702702702702703,0.015297297297297298,0.28,0.6107027027027027,3.0,4.2700000000000005,0.5726
2026-02-20,0.015405405405405404,0.28,0.6107027027027027,1,4.573333333333333,0.5264,0.015405405405405404,0.018270270270270273,0.014702702702702703,0.175,0.1014054054054054,2.0,3.4533333333333336,0.43820000000000003
2026-02-21,0.015405405405405404,0.175,0.1014054054054054,1,0.6533333333333333,0.0644,0.02027027027027027,0.015405405405405404,0.018270270270270273,4.48,0.9187027027027027,1.0,4.573333333333333,0.5264
2026-02-22,0.02027027027027027,4.48,0.9187027027027027,2,5.856666666666666,0.8106,0.06886486486486486,0.015405405405405404,0.015405405405405404,15.995000000000001,2.661135135135135,1.0,0.6533333333333333,0.0644
2026-02-23,0.06886486486486486,15.995000000000001,2.661135135135135,3,17.966666666666665,2.46155,0.07091891891891892,0.02027027027027027,0.015405405405405404,0.07,0.03821621621621622,2.0,5.856666666666666,0.8106
2026-02-24,0.07091891891891892,0.07,0.03821621621621622,0,0.3033333333333334,0.0,0.0674054054054054,0.06886486486486486,0.02027027027027027,1.085,0.16383783783783784,3.0,17.966666666666665,2.46155
2026-02-25,0.0674054054054054,1.085,0.16383783783783784,3,1.12,0.15155000000000002,0.05972972972972972,0.07091891891891892,0.06886486486486486,0.07,0.05145945945945946,0.0,0.3033333333333334,0.0
2026-02-26,0.05972972972972972,0.07,0.05145945945945946,0,0.35000000000000003,0.0,0.04902702702702703,0.0674054054054054,0.07091891891891892,0.0,0.0,3.0,1.12,0.15155000000000002
2026-02-27,0.04902702702702703,0.0,0.0,0,0.0,0.0,0.03886486486486486,0.05972972972972972,0.0674054054054054,0.0,0.029135135135135135,0.0,0.35000000000000003,0.0
2026-02-28,0.03886486486486486,0.0,0.029135135135135135,0,0.25666666666666665,0.0,0.03027027027027027,0.04902702702702703,0.05972972972972972,0.17500000000000002,0.05145945945945946,0.0,0.0,0.0
2026-03-01,0.03027027027027027,0.17500000000000002,0.05145945945945946,0,0.3966666666666667,0.0,0.023783783783783784,0.03886486486486486,0.04902702702702703,0.0,0.0,0.0,0.25666666666666665,0.0
2026-03-02,0.023783783783783784,0.0,0.0,0,0.0,0.0,0.02410810810810811,0.03027027027027027,0.03886486486486486,1.295,0.29664864864864865,0.0,0.3966666666666667,0.0
2026-03-03,0.02410810810810811,1.295,0.29664864864864865,2,2.0533333333333332,0.2016,0.019567567567567563,0.023783783783783784,0.03027027027027027,0.0,0.0,0.0,0.0,0.0
2026-03-04,0.019567567567567563,0.0,0.0,0,0.0,0.0,0.015081081081081079,0.02410810810810811,0.023783783783783784,0.0,0.0,2.0,2.0533333333333332,0.2016
2026-03-05,0.015081081081081079,0.0,0.0,0,0.0,0.0,0.014756756756756759,0.019567567567567563,0.02410810810810811,1.4,0.7949729729729729,0.0,0.0,0.0
2026-03-06,0.014756756756756759,1.4,0.7949729729729729,2,4.13,0.73535,0.014216216216216214,0.015081081081081079,0.019567567567567563,0.105,0.04654054054054054,0.0,0.0,0.0
2026-03-07,0.014216216216216214,0.105,0.04654054054054054,0,0.35000000000000003,0.0,0.007513513513513512,0.014756756756756759,0.015081081081081079,0.0,0.0,2.0,4.13,0.73535
2026-03-08,0.007513513513513512,0.0,0.0,0,0.0,0.0,0.00043243243243243243,0.014216216216216214,0.014756756756756759,0.0,0.003783783783783784,0.0,0.35000000000000003,0.0
2026-03-09,0.00043243243243243243,0.0,0.003783783783783784,0,0.023333333333333334,0.0,0.0,0.007513513513513512,0.014216216216216214,0.14,0.046918918918918924,0.0,0.0,0.0
2026-03-10,0.0,0.14,0.046918918918918924,0,0.37333333333333335,0.0,0.0023243243243243243,0.00043243243243243243,0.007513513513513512,1.05,0.2512432432432432,0.0,0.023333333333333334,0.0
2026-03-11,0.0023243243243243243,1.05,0.2512432432432432,2,1.4933333333333332,0.1652,0.0011891891891891893,0.0,0.00043243243243243243,0.665,0.17556756756756756,0.0,0.37333333333333335,0.0
2026-03-12,0.0011891891891891893,0.665,0.17556756756756756,1,1.2366666666666666,0.0833,0.008270270270270271,0.0023243243243243243,0.0,1.4,0.9762162162162165,2.0,1.4933333333333332,0.1652
2026-03-13,0.008270270270270271,1.4,0.9762162162162165,2,6.300000000000001,0.8760500000000002,0.00718918918918919,0.0011891891891891893,0.0023243243243243243,0.9099999999999999,0.27054054054054055,1.0,1.2366666666666666,0.0833
2026-03-14,0.00718918918918919,0.9099999999999999,0.27054054054054055,1,1.843333333333333,0.12985000000000002,0.008756756756756757,0.008270270270270271,0.0011891891891891893,0.98,0.818810810810811,2.0,6.300000000000001,0.8760500000000002
2026-03-15,0.008756756756756757,0.98,0.818810810810811,2,6.603333333333334,0.7294000000000002,0.012054054054054054,0.00718918918918919,0.008270270270270271,0.245,0.36854054054054053,1.0,1.843333333333333,0.12985000000000002
2026-03-16,0.012054054054054054,0.245,0.36854054054054053,1,1.4233333333333336,0.3024,0.009405405405405404,0.008756756756756757,0.00718918918918919,0.0,0.034432432432432436,2.0,6.603333333333334,0.7294000000000002
2026-03-17,0.009405405405405404,0.0,0.034432432432432436,0,0.30333333333333334,0.0,0.009405405405405404,0.012054054054054054,0.008756756756756757,0.175,0.05562162162162161,1.0,1.4233333333333336,0.3024
2026-03-18,0.009405405405405404,0.175,0.05562162162162161,0,0.27999999999999997,0.0,0.005297297297297298,0.009405405405405404,0.012054054054054054,0.0,0.0,0.0,0.30333333333333334,0.0
2026-03-19,0.005297297297297298,0.0,0.0,0,0.0,0.0,0.0015135135135135136,0.009405405405405404,0.009405405405405404,0.0,0.0,0.0,0.27999999999999997,0.0
2026-03-20,0.0015135135135135136,0.0,0.0,0,0.0,0.0,0.0,0.005297297297297298,0.009405405405405404,0.0,0.0,0.0,0.0,0.0
2026-03-21,0.0,0.0,0.0,0,0.0,0.0,0.0,0.0015135135135135136,0.005297297297297298,0.0,0.004540540540540541,0.0,0.0,0.0
2026-03-22,0.0,0.0,0.004540540540540541,0,0.023333333333333334,0.0,0.0017297297297297297,0.0,0.0015135135135135136,0.0,0.1846486486486486,0.0,0.0,0.0
2026-03-23,0.0017297297297297297,0.0,0.1846486486486486,1,1.4233333333333331,0.17079999999999998,0.00043243243243243243,0.0,0.0,0.0,0.01816216216216216,0.0,0.023333333333333334,0.0
2026-03-24,0.00043243243243243243,0.0,0.01816216216216216,0,0.13999999999999999,0.0,0.0,0.0017297297297297297,0.0,0.0,0.0,1.0,1.4233333333333331,0.17079999999999998
2026-03-25,0.0,0.0,0.0,0,0.0,0.0,0.0,0.00043243243243243243,0.0017297297297297297,0.0,0.0,0.0,0.13999999999999999,0.0
2026-03-26,0.0,0.0,0.0,0,0.0,0.0,0.0,0.0,0.00043243243243243243,0.0,0.0,0.0,0.0,0.0
2026-03-27,0.0,0.0,0.0,0,0.0,0.0,0.0,0.0,0.0,0.0,0.006054054054054054,0.0,0.0,0.0
2026-03-28,0.0,0.0,0.006054054054054054,0,0.04666666666666667,0.0,0.0,0.0,0.0,0.0,0.0,0.0,0.0,0.0
2026-03-29,0.0,0.0,0.0,0,0.0,0.0,0.0,0.0,0.0,0.0,0.0,0.0,0.04666666666666667,0.0
2026-03-30,0.0,0.0,0.0,0,0.0,0.0,0.0,0.0,0.0,0.0,0.0,0.0,0.0,0.0
2026-03-31,0.0,0.0,0.0,0,0.0,0.0,0.0,0.0,0.0,0.0,0.015891891891891892,0.0,0.0,0.0
2026-04-01,0.0,0.0,0.015891891891891892,0,0.13999999999999999,0.0,0.0007567567567567568,0.0,0.0,0.0,0.034432432432432436,0.0,0.0,0.0
2026-04-02,0.0007567567567567568,0.0,0.034432432432432436,0,0.30333333333333334,0.0,0.0,0.0,0.0,0.0,0.0,0.0,0.13999999999999999,0.0
2026-04-03,0.0,0.0,0.0,0,0.0,0.0,0.0,0.0007567567567567568,0.0,0.0,0.021189189189189193,0.0,0.30333333333333334,0.0
2026-04-04,0.0,0.0,0.021189189189189193,0,0.18666666666666668,0.0,0.0,0.0,0.0007567567567567568,0.0,0.02383783783783784,0.0,0.0,0.0
2026-04-05,0.0,0.0,0.02383783783783784,0,0.21,0.0,0.0,0.0,0.0,0.0,0.0,0.0,0.18666666666666668,0.0
2026-04-06,0.0,0.0,0.0,0,0.0,0.0,0.0,0.0,0.0,0.0,0.012108108108108109,0.0,0.21,0.0
2026-04-07,0.0,0.0,0.012108108108108109,0,0.09333333333333334,0.0,0.0,0.0,0.0,0.0,0.0,0.0,0.0,0.0
2026-04-08,0.0,0.0,0.0,0,0.0,0.0,0.0,0.0,0.0,0.0,0.0,0.0,0.09333333333333334,0.0
2026-04-09,0.0,0.0,0.0,0,0.0,0.0,0.0,0.0,0.0,0.0,0.0,0.0,0.0,0.0
2026-04-10,0.0,0.0,0.0,0,0.0,0.0,0.0,0.0,0.0,0.0,0.0,0.0,0.0,0.0
2026-04-11,0.0,0.0,0.0,0,0.0,0.0,0.0,0.0,0.0,0.0,0.0,0.0,0.0,0.0
2026-04-12,0.0,0.0,0.0,0,0.0,0.0,0.0,0.0,0.0,0.0,0.0,0.0,0.0,0.0
2026-04-13,0.0,0.0,0.0,0,0.0,0.0,0.0,0.0,0.0,0.0,0.0,0.0,0.0,0.0
2026-04-14,0.0,0.0,0.0,0,0.0,0.0,0.0,0.0,0.0,0.0,0.05297297297297297,0.0,0.0,0.0
2026-04-15,0.0,0.0,0.05297297297297297,0,0.32666666666666666,0.0,0.003783783783783784,0.0,0.0,0.0,0.08324324324324325,0.0,0.0,0.0
2026-04-16,0.003783783783783784,0.0,0.08324324324324325,1,0.5133333333333333,0.07700000000000001,0.0007027027027027027,0.0,0.0,0.0,0.2115135135135135,0.0,0.32666666666666666,0.0
2026-04-17,0.0007027027027027027,0.0,0.2115135135135135,1,1.0033333333333332,0.19565,0.0007027027027027027,0.003783783783783784,0.0,0.0,0.0,1.0,0.5133333333333333,0.07700000000000001
2026-04-18,0.0007027027027027027,0.0,0.0,0,0.0,0.0,0.0,0.0007027027027027027,0.003783783783783784,0.0,0.006054054054054054,1.0,1.0033333333333332,0.19565
2026-04-19,0.0,0.0,0.006054054054054054,0,0.023333333333333334,0.0,0.0,0.0007027027027027027,0.0007027027027027027,0.0,0.0,0.0,0.0,0.0
2026-04-20,0.0,0.0,0.0,0,0.0,0.0,0.0,0.0,0.0007027027027027027,0.0,0.0,0.0,0.023333333333333334,0.0
2026-04-21,0.0,0.0,0.0,0,0.0,0.0,0.0,0.0,0.0,0.0,0.0,0.0,0.0,0.0
2026-04-22,0.0,0.0,0.0,0,0.0,0.0,0.0,0.0,0.0,0.0,0.0,0.0,0.0,0.0
2026-04-23,0.0,0.0,0.0,0,0.0,0.0,0.0,0.0,0.0,0.0,0.0,0.0,0.0,0.0
2026-04-24,0.0,0.0,0.0,0,0.0,0.0,0.0,0.0,0.0,0.0,0.0,0.0,0.0,0.0
2026-04-25,0.0,0.0,0.0,0,0.0,0.0,0.0,0.0,0.0,0.0,0.0,0.0,0.0,0.0
2026-04-26,0.0,0.0,0.0,0,0.0,0.0,0.0,0.0,0.0,0.0,0.0,0.0,0.0,0.0
2026-04-27,0.0,0.0,0.0,0,0.0,0.0,0.002108108108108108,0.0,0.0,0.0,0.25086486486486487,0.0,0.0,0.0
2026-04-28,0.002108108108108108,0.0,0.25086486486486487,1,1.19,0.23205,0.0,0.0,0.0,0.0,0.0,0.0,0.0,0.0
2026-04-29,0.0,0.0,0.0,0,0.0,0.0,0.0,0.002108108108108108,0.0,0.035,0.029135135135135135,1.0,1.19,0.23205
2026-04-30,0.0,0.035,0.029135135135135135,0,0.11666666666666668,0.0,0.0,0.0,0.002108108108108108,0.0,0.0,0.0,0.0,0.0
2026-05-01,0.0,0.0,0.0,0,0.0,0.0,0.0,0.0,0.0,0.0,0.0,0.0,0.11666666666666668,0.0
2026-05-02,0.0,0.0,0.0,0,0.0,0.0,0.0,0.0,0.0,0.0,0.0,0.0,0.0,0.0
2026-05-03,0.0,0.0,0.0,0,0.0,0.0,0.0,0.0,0.0,0.0,0.0,0.0,0.0,0.0
2026-05-04,0.0,0.0,0.0,0,0.0,0.0,0.0007027027027027027,0.0,0.0,0.0,0.11805405405405406,0.0,0.0,0.0
2026-05-05,0.0007027027027027027,0.0,0.11805405405405406,1,0.5599999999999999,0.1092,0.0035135135135135136,0.0,0.0,0.0,0.6443783783783783,0.0,0.0,0.0
2026-05-06,0.0035135135135135136,0.0,0.6443783783783783,1,3.0566666666666666,0.59605,0.002108108108108108,0.0007027027027027027,0.0,0.0,0.0,1.0,0.5599999999999999,0.1092
2026-05-07,0.002108108108108108,0.0,0.0,0,0.0,0.0,0.0,0.0035135135135135136,0.0007027027027027027,0.0,0.0,1.0,3.0566666666666666,0.59605
2026-05-08,0.0,0.0,0.0,0,0.0,0.0,0.0,0.002108108108108108,0.0035135135135135136,0.0,0.0,0.0,0.0,0.0
2026-05-09,0.0,0.0,0.0,0,0.0,0.0,0.0,0.0,0.002108108108108108,0.0,0.0,0.0,0.0,0.0
2026-05-10,0.0,0.0,0.0,0,0.0,0.0,0.0,0.0,0.0,0.0,0.0,0.0,0.0,0.0
2026-05-11,0.0,0.0,0.0,0,0.0,0.0,0.0,0.0,0.0,0.0,0.0,0.0,0.0,0.0
2026-05-12,0.0,0.0,0.0,0,0.0,0.0,0.0,0.0,0.0,0.0,0.0,0.0,0.0,0.0
2026-05-13,0.0,0.0,0.0,0,0.0,0.0,0.0,0.0,0.0,0.0,0.0,0.0,0.0,0.0
2026-05-14,0.0,0.0,0.0,0,0.0,0.0,0.0,0.0,0.0,0.0,0.0,0.0,0.0,0.0
2026-05-15,0.0,0.0,0.0,0,0.0,0.0,0.0,0.0,0.0,0.0,0.0,0.0,0.0,0.0
2026-05-16,0.0,0.0,0.0,0,0.0,0.0,0.0,0.0,0.0,0.0,0.0,0.0,0.0,0.0
2026-05-17,0.0,0.0,0.0,0,0.0,0.0,0.0,0.0,0.0,0.0,0.0,0.0,0.0,0.0
2026-05-18,0.0,0.0,0.0,0,0.0,0.0,0.0,0.0,0.0,0.0,0.0,0.0,0.0,0.0
2026-05-19,0.0,0.0,0.0,0,0.0,0.0,0.0,0.0,0.0,0.0,0.0,0.0,0.0,0.0
2026-05-20,0.0,0.0,0.0,0,0.0,0.0,0.0,0.0,0.0,0.0,0.0,0.0,0.0,0.0
2026-05-21,0.0,0.0,0.0,0,0.0,0.0,0.0,0.0,0.0,0.0,0.0,0.0,0.0,0.0
2026-05-22,0.0,0.0,0.0,0,0.0,0.0,0.0,0.0,0.0,0.0,0.0,0.0,0.0,0.0
2026-05-23,0.0,0.0,0.0,0,0.0,0.0,0.0,0.0,0.0,0.0,0.0,0.0,0.0,0.0
2026-05-24,0.0,0.0,0.0,0,0.0,0.0,0.0,0.0,0.0,0.0,0.0,0.0,0.0,0.0
2026-05-25,0.0,0.0,0.0,0,0.0,0.0,0.0,0.0,0.0,0.0,0.0,0.0,0.0,0.0
2026-05-26,0.0,0.0,0.0,0,0.0,0.0,0.0,0.0,0.0,0.0,0.0,0.0,0.0,0.0
2026-05-27,0.0,0.0,0.0,0,0.0,0.0,0.0,0.0,0.0,0.0,0.0,0.0,0.0,0.0
2026-05-28,0.0,0.0,0.0,0,0.0,0.0,0.0,0.0,0.0,0.0,0.0,0.0,0.0,0.0
2026-05-29,0.0,0.0,0.0,0,0.0,0.0,0.0,0.0,0.0,0.0,0.0,0.0,0.0,0.0
2026-05-30,0.0,0.0,0.0,0,0.0,0.0,0.0,0.0,0.0,0.0,0.0,0.0,0.0,0.0
2026-05-31,0.0,0.0,0.0,0,0.0,0.0,0.0,0.0,0.0,0.0,0.0,0.0,0.0,0.0
2026-06-01,0.0,0.0,0.0,0,0.0,0.0,0.0,0.0,0.0,0.0,0.0,0.0,0.0,0.0
2026-06-02,0.0,0.0,0.0,0,0.0,0.0,0.0,0.0,0.0,0.0,0.0,0.0,0.0,0.0
2026-06-03,0.0,0.0,0.0,0,0.0,0.0,0.0,0.0,0.0,0.0,0.0,0.0,0.0,0.0
2026-06-04,0.0,0.0,0.0,0,0.0,0.0,0.0,0.0,0.0,0.0,0.0,0.0,0.0,0.0
2026-06-05,0.0,0.0,0.0,0,0.0,0.0,0.0,0.0,0.0,0.0,0.0,0.0,0.0,0.0
2026-06-06,0.0,0.0,0.0,0,0.0,0.0,0.0,0.0,0.0,0.0,0.0,0.0,0.0,0.0
2026-06-07,0.0,0.0,0.0,0,0.0,0.0,0.0,0.0,0.0,0.0,0.0,0.0,0.0,0.0
2026-06-08,0.0,0.0,0.0,0,0.0,0.0,0.0,0.0,0.0,0.0,0.0,0.0,0.0,0.0
2026-06-09,0.0,0.0,0.0,0,0.0,0.0,0.0,0.0,0.0,0.0,0.0,0.0,0.0,0.0
2026-06-10,0.0,0.0,0.0,0,0.0,0.0,0.0,0.0,0.0,0.0,0.0,0.0,0.0,0.0
2026-06-11,0.0,0.0,0.0,0,0.0,0.0,0.0,0.0,0.0,0.0,0.0,0.0,0.0,0.0
2026-06-12,0.0,0.0,0.0,0,0.0,0.0,0.0,0.0,0.0,0.0,0.0,0.0,0.0,0.0
2026-06-13,0.0,0.0,0.0,0,0.0,0.0,0.0,0.0,0.0,0.0,0.0,0.0,0.0,0.0
2026-06-14,0.0,0.0,0.0,0,0.0,0.0,0.0,0.0,0.0,0.0,0.0,0.0,0.0,0.0
2026-06-15,0.0,0.0,0.0,0,0.0,0.0,0.0,0.0,0.0,0.0,0.0,0.0,0.0,0.0
2026-06-16,0.0,0.0,0.0,0,0.0,0.0,0.0,0.0,0.0,0.0,0.0,0.0,0.0,0.0
2026-06-17,0.0,0.0,0.0,0,0.0,0.0,0.0,0.0,0.0,0.0,0.0,0.0,0.0,0.0
2026-06-18,0.0,0.0,0.0,0,0.0,0.0,0.0,0.0,0.0,0.0,0.0,0.0,0.0,0.0
2026-06-19,0.0,0.0,0.0,0,0.0,0.0,0.0,0.0,0.0,0.0,0.0,0.0,0.0,0.0
2026-06-20,0.0,0.0,0.0,0,0.0,0.0,0.0,0.0,0.0,0.0,0.0,0.0,0.0,0.0
2026-06-21,0.0,0.0,0.0,0,0.0,0.0,0.0,0.0,0.0,0.0,0.0,0.0,0.0,0.0
2026-06-22,0.0,0.0,0.0,0,0.0,0.0,0.0,0.0,0.0,0.0,0.0,0.0,0.0,0.0
2026-06-23,0.0,0.0,0.0,0,0.0,0.0,0.0,0.0,0.0,0.0,0.0,0.0,0.0,0.0
2026-06-24,0.0,0.0,0.0,0,0.0,0.0,0.0,0.0,0.0,0.0,0.0,0.0,0.0,0.0
2026-06-25,0.0,0.0,0.0,0,0.0,0.0,0.0,0.0,0.0,0.0,0.0,0.0,0.0,0.0
2026-06-26,0.0,0.0,0.0,0,0.0,0.0,0.0,0.0,0.0,0.0,0.0,0.0,0.0,0.0
2026-06-27,0.0,0.0,0.0,0,0.0,0.0,0.0,0.0,0.0,0.0,0.0,0.0,0.0,0.0
2026-06-28,0.0,0.0,0.0,0,0.0,0.0,0.0,0.0,0.0,0.0,0.0,0.0,0.0,0.0
2026-06-29,0.0,0.0,0.0,0,0.0,0.0,0.0,0.0,0.0,0.0,0.0,0.0,0.0,0.0
2026-06-30,0.0,0.0,0.0,0,0.0,0.0,0.0,0.0,0.0,0.0,0.0,0.0,0.0,0.0
2026-07-01,0.0,0.0,0.0,0,0.0,0.0,0.0,0.0,0.0,0.0,0.0,0.0,0.0,0.0
2026-07-02,0.0,0.0,0.0,0,0.0,0.0,0.0,0.0,0.0,0.0,0.0,0.0,0.0,0.0
2026-07-03,0.0,0.0,0.0,0,0.0,0.0,0.0,0.0,0.0,0.0,0.0,0.0,0.0,0.0
2026-07-04,0.0,0.0,0.0,0,0.0,0.0,0.0,0.0,0.0,0.0,0.0,0.0,0.0,0.0
2026-07-05,0.0,0.0,0.0,0,0.0,0.0,0.0,0.0,0.0,0.0,0.0,0.0,0.0,0.0
2026-07-06,0.0,0.0,0.0,0,0.0,0.0,0.0,0.0,0.0,0.0,0.0,0.0,0.0,0.0
2026-07-07,0.0,0.0,0.0,0,0.0,0.0,0.0,0.0,0.0,0.0,0.0,0.0,0.0,0.0
2026-07-08,0.0,0.0,0.0,0,0.0,0.0,0.0,0.0,0.0,0.0,0.0,0.0,0.0,0.0
2026-07-09,0.0,0.0,0.0,0,0.0,0.0,0.0,0.0,0.0,0.0,0.0,0.0,0.0,0.0
2026-07-10,0.0,0.0,0.0,0,0.0,0.0,0.0,0.0,0.0,0.0,0.0,0.0,0.0,0.0
2026-07-11,0.0,0.0,0.0,0,0.0,0.0,0.0,0.0,0.0,0.0,0.0,0.0,0.0,0.0
2026-07-12,0.0,0.0,0.0,0,0.0,0.0,0.0,0.0,0.0,0.0,0.0,0.0,0.0,0.0
2026-07-13,0.0,0.0,0.0,0,0.0,0.0,0.0,0.0,0.0,0.0,0.0,0.0,0.0,0.0
2026-07-14,0.0,0.0,0.0,0,0.0,0.0,0.0,0.0,0.0,0.0,0.0,0.0,0.0,0.0
2026-07-15,0.0,0.0,0.0,0,0.0,0.0,0.0,0.0,0.0,0.0,0.0,0.0,0.0,0.0
2026-07-16,0.0,0.0,0.0,0,0.0,0.0,0.0,0.0,0.0,0.0,0.0,0.0,0.0,0.0
2026-07-17,0.0,0.0,0.0,0,0.0,0.0,0.0,0.0,0.0,0.0,0.0,0.0,0.0,0.0
2026-07-18,0.0,0.0,0.0,0,0.0,0.0,0.0,0.0,0.0,0.0,0.0,0.0,0.0,0.0
2026-07-19,0.0,0.0,0.0,0,0.0,0.0,0.0,0.0,0.0,0.0,0.0,0.0,0.0,0.0
2026-07-20,0.0,0.0,0.0,0,0.0,0.0,0.0,0.0,0.0,0.0,0.0,0.0,0.0,0.0
2026-07-21,0.0,0.0,0.0,0,0.0,0.0,0.0,0.0,0.0,0.0,0.0,0.0,0.0,0.0
2026-07-22,0.0,0.0,0.0,0,0.0,0.0,0.0,0.0,0.0,0.0,0.0,0.0,0.0,0.0
2026-07-23,0.0,0.0,0.0,0,0.0,0.0,0.0,0.0,0.0,0.0,0.0,0.0,0.0,0.0
2026-07-24,0.0,0.0,0.0,0,0.0,0.0,0.0,0.0,0.0,0.0,0.0,0.0,0.0,0.0
2026-07-25,0.0,0.0,0.0,0,0.0,0.0,0.0,0.0,0.0,0.0,0.0,0.0,0.0,0.0
2026-07-26,0.0,0.0,0.0,0,0.0,0.0,0.0,0.0,0.0,0.0,0.0,0.0,0.0,0.0
2026-07-27,0.0,0.0,0.0,0,0.0,0.0,0.0,0.0,0.0,0.0,0.0,0.0,0.0,0.0
2026-07-28,0.0,0.0,0.0,0,0.0,0.0,0.0,0.0,0.0,0.0,0.0,0.0,0.0,0.0
2026-07-29,0.0,0.0,0.0,0,0.0,0.0,0.0,0.0,0.0,0.0,0.0,0.0,0.0,0.0
2026-07-30,0.0,0.0,0.0,0,0.0,0.0,0.0,0.0,0.0,0.0,0.0,0.0,0.0,0.0
2026-07-31,0.0,0.0,0.0,0,0.0,0.0,0.0,0.0,0.0,0.0,0.0,0.0,0.0,0.0
2026-08-01,0.0,0.0,0.0,0,0.0,0.0,0.0,0.0,0.0,0.0,0.0,0.0,0.0,0.0
2026-08-02,0.0,0.0,0.0,0,0.0,0.0,0.0,0.0,0.0,0.0,0.0,0.0,0.0,0.0
2026-08-03,0.0,0.0,0.0,0,0.0,0.0,0.0,0.0,0.0,0.0,0.0,0.0,0.0,0.0
2026-08-04,0.0,0.0,0.0,0,0.0,0.0,0.0,0.0,0.0,0.0,0.0,0.0,0.0,0.0
2026-08-05,0.0,0.0,0.0,0,0.0,0.0,0.0,0.0,0.0,0.0,0.0,0.0,0.0,0.0
2026-08-06,0.0,0.0,0.0,0,0.0,0.0,0.0,0.0,0.0,0.0,0.0,0.0,0.0,0.0
2026-08-07,0.0,0.0,0.0,0,0.0,0.0,0.0,0.0,0.0,0.0,0.0,0.0,0.0,0.0
2026-08-08,0.0,0.0,0.0,0,0.0,0.0,0.0,0.0,0.0,0.0,0.0,0.0,0.0,0.0
2026-08-09,0.0,0.0,0.0,0,0.0,0.0,0.0,0.0,0.0,0.0,0.0,0.0,0.0,0.0
2026-08-10,0.0,0.0,0.0,0,0.0,0.0,0.0,0.0,0.0,0.0,0.0,0.0,0.0,0.0
2026-08-11,0.0,0.0,0.0,0,0.0,0.0,0.0,0.0,0.0,0.0,0.0,0.0,0.0,0.0
2026-08-12,0.0,0.0,0.0,0,0.0,0.0,0.0,0.0,0.0,0.0,0.0,0.0,0.0,0.0
2026-08-13,0.0,0.0,0.0,0,0.0,0.0,0.0,0.0,0.0,0.0,0.0,0.0,0.0,0.0
2026-08-14,0.0,0.0,0.0,0,0.0,0.0,0.0,0.0,0.0,0.0,0.0,0.0,0.0,0.0
2026-08-15,0.0,0.0,0.0,0,0.0,0.0,0.0,0.0,0.0,0.0,0.0,0.0,0.0,0.0
2026-08-16,0.0,0.0,0.0,0,0.0,0.0,0.0,0.0,0.0,0.0,0.0,0.0,0.0,0.0
2026-08-17,0.0,0.0,0.0,0,0.0,0.0,0.0,0.0,0.0,0.0,0.0,0.0,0.0,0.0
2026-08-18,0.0,0.0,0.0,0,0.0,0.0,0.0,0.0,0.0,0.0,0.0,0.0,0.0,0.0
2026-08-19,0.0,0.0,0.0,0,0.0,0.0,0.0,0.0,0.0,0.0,0.0,0.0,0.0,0.0
2026-08-20,0.0,0.0,0.0,0,0.0,0.0,0.0,0.0,0.0,0.0,0.0,0.0,0.0,0.0
2026-08-21,0.0,0.0,0.0,0,0.0,0.0,0.0,0.0,0.0,0.0,0.0,0.0,0.0,0.0
2026-08-22,0.0,0.0,0.0,0,0.0,0.0,0.0,0.0,0.0,0.0,0.0,0.0,0.0,0.0
2026-08-23,0.0,0.0,0.0,0,0.0,0.0,0.0,0.0,0.0,0.0,0.0,0.0,0.0,0.0
2026-08-24,0.0,0.0,0.0,0,0.0,0.0,0.0,0.0,0.0,0.0,0.0,0.0,0.0,0.0
2026-08-25,0.0,0.0,0.0,0,0.0,0.0,0.0,0.0,0.0,0.0,0.0,0.0,0.0,0.0
2026-08-26,0.0,0.0,0.0,0,0.0,0.0,0.0,0.0,0.0,0.0,0.0,0.0,0.0,0.0
2026-08-27,0.0,0.0,0.0,0,0.0,0.0,0.0,0.0,0.0,0.0,0.0,0.0,0.0,0.0
2026-08-28,0.0,0.0,0.0,0,0.0,0.0,0.0,0.0,0.0,0.0,0.0,0.0,0.0,0.0
2026-08-29,0.0,0.0,0.0,0,0.0,0.0,0.0,0.0,0.0,0.0,0.0,0.0,0.0,0.0
2026-08-30,0.0,0.0,0.0,0,0.0,0.0,0.0,0.0,0.0,0.0,0.0,0.0,0.0,0.0
2026-08-31,0.0,0.0,0.0,0,0.0,0.0,0.0,0.0,0.0,0.0,0.0,0.0,0.0,0.0
2026-09-01,0.0,0.0,0.0,0,0.0,0.0,0.0,0.0,0.0,0.0,0.0,0.0,0.0,0.0
2026-09-02,0.0,0.0,0.0,0,0.0,0.0,0.0,0.0,0.0,0.0,0.0,0.0,0.0,0.0
2026-09-03,0.0,0.0,0.0,0,0.0,0.0,0.0,0.0,0.0,0.0,0.0,0.0,0.0,0.0
2026-09-04,0.0,0.0,0.0,0,0.0,0.0,0.0,0.0,0.0,0.0,0.0,0.0,0.0,0.0
2026-09-05,0.0,0.0,0.0,0,0.0,0.0,0.0,0.0,0.0,0.0,0.0,0.0,0.0,0.0
2026-09-06,0.0,0.0,0.0,0,0.0,0.0,0.0,0.0,0.0,0.0,0.0,0.0,0.0,0.0
2026-09-07,0.0,0.0,0.0,0,0.0,0.0,0.0,0.0,0.0,0.0,0.0,0.0,0.0,0.0
2026-09-08,0.0,0.0,0.0,0,0.0,0.0,0.0,0.0,0.0,0.0,0.0,0.0,0.0,0.0
2026-09-09,0.0,0.0,0.0,0,0.0,0.0,0.0,0.0,0.0,0.0,0.0,0.0,0.0,0.0
2026-09-10,0.0,0.0,0.0,0,0.0,0.0,0.0,0.0,0.0,0.0,0.0,0.0,0.0,0.0
2026-09-11,0.0,0.0,0.0,0,0.0,0.0,0.0,0.0,0.0,0.0,0.0,0.0,0.0,0.0
2026-09-12,0.0,0.0,0.0,0,0.0,0.0,0.0,0.0,0.0,0.0,0.0,0.0,0.0,0.0
2026-09-13,0.0,0.0,0.0,0,0.0,0.0,0.0,0.0,0.0,0.0,0.0,0.0,0.0,0.0
2026-09-14,0.0,0.0,0.0,0,0.0,0.0,0.0,0.0,0.0,0.0,0.0,0.0,0.0,0.0
2026-09-15,0.0,0.0,0.0,0,0.0,0.0,0.0,0.0,0.0,0.0,0.0,0.0,0.0,0.0
2026-09-16,0.0,0.0,0.0,0,0.0,0.0,0.0,0.0,0.0,0.0,0.0,0.0,0.0,0.0
2026-09-17,0.0,0.0,0.0,0,0.0,0.0,0.0,0.0,0.0,0.0,0.0,0.0,0.0,0.0
2026-09-18,0.0,0.0,0.0,0,0.0,0.0,0.0,0.0,0.0,0.0,0.0,0.0,0.0,0.0
2026-09-19,0.0,0.0,0.0,0,0.0,0.0,0.0,0.0,0.0,0.0,0.0,0.0,0.0,0.0
2026-09-20,0.0,0.0,0.0,0,0.0,0.0,0.0,0.0,0.0,0.0,0.0,0.0,0.0,0.0
2026-09-21,0.0,0.0,0.0,0,0.0,0.0,0.0,0.0,0.0,0.0,0.0,0.0,0.0,0.0
2026-09-22,0.0,0.0,0.0,0,0.0,0.0,0.0,0.0,0.0,0.0,0.0,0.0,0.0,0.0
2026-09-23,0.0,0.0,0.0,0,0.0,0.0,0.0,0.0,0.0,0.0,0.0,0.0,0.0,0.0
2026-09-24,0.0,0.0,0.0,0,0.0,0.0,0.0,0.0,0.0,0.0,0.0,0.0,0.0,0.0
2026-09-25,0.0,0.0,0.0,0,0.0,0.0,0.0,0.0,0.0,0.0,0.0,0.0,0.0,0.0
2026-09-26,0.0,0.0,0.0,0,0.0,0.0,0.0,0.0,0.0,0.0,0.0,0.0,0.0,0.0
2026-09-27,0.0,0.0,0.0,0,0.0,0.0,0.0,0.0,0.0,0.0,0.0,0.0,0.0,0.0
2026-09-28,0.0,0.0,0.0,0,0.0,0.0,0.0,0.0,0.0,0.0,0.0,0.0,0.0,0.0
2026-09-29,0.0,0.0,0.0,0,0.0,0.0,0.0,0.0,0.0,0.0,0.0,0.0,0.0,0.0
2026-09-30,0.0,0.0,0.0,0,0.0,0.0,0.0,0.0,0.0,0.0,0.0,0.0,0.0,0.0
2026-10-01,0.0,0.0,0.0,0,0.0,0.0,0.0,0.0,0.0,0.0,0.0,0.0,0.0,0.0
2026-10-02,0.0,0.0,0.0,0,0.0,0.0,0.0,0.0,0.0,0.0,0.0,0.0,0.0,0.0
2026-10-03,0.0,0.0,0.0,0,0.0,0.0,0.0,0.0,0.0,0.0,0.0,0.0,0.0,0.0
2026-10-04,0.0,0.0,0.0,0,0.0,0.0,0.0,0.0,0.0,0.0,0.0,0.0,0.0,0.0
2026-10-05,0.0,0.0,0.0,0,0.0,0.0,0.0,0.0,0.0,0.0,0.0,0.0,0.0,0.0
2026-10-06,0.0,0.0,0.0,0,0.0,0.0,0.0,0.0,0.0,0.0,0.0,0.0,0.0,0.0
2026-10-07,0.0,0.0,0.0,0,0.0,0.0,0.0,0.0,0.0,0.0,0.0,0.0,0.0,0.0
2026-10-08,0.0,0.0,0.0,0,0.0,0.0,0.0,0.0,0.0,0.0,0.0,0.0,0.0,0.0
2026-10-09,0.0,0.0,0.0,0,0.0,0.0,0.0,0.0,0.0,0.0,0.0,0.0,0.0,0.0
2026-10-10,0.0,0.0,0.0,0,0.0,0.0,0.0,0.0,0.0,0.0,0.0,0.0,0.0,0.0
2026-10-11,0.0,0.0,0.0,0,0.0,0.0,0.0,0.0,0.0,0.0,0.0,0.0,0.0,0.0
2026-10-12,0.0,0.0,0.0,0,0.0,0.0,0.0,0.0,0.0,0.0,0.0,0.0,0.0,0.0
2026-10-13,0.0,0.0,0.0,0,0.0,0.0,0.0,0.0,0.0,0.0,0.0,0.0,0.0,0.0
2026-10-14,0.0,0.0,0.0,0,0.0,0.0,0.0,0.0,0.0,0.0,0.04427027027027027,0.0,0.0,0.0
2026-10-15,0.0,0.0,0.04427027027027027,0,0.21,0.0,,0.0,0.0,,,0.0,0.0,0.0
